dir	path_in_images_prep	source	in_corpus	nline	staff	source_url
夜曲 歌曲类 钢琴伴奏谱__jianpucn-112766	images-prep/jay-chou/夜曲 歌曲类 钢琴伴奏谱__jianpucn-112766	jianpucn-112766	0	162	5	
夜曲-弹唱版-巴特尔__jianpucn-102923	images-prep/jay-chou/夜曲-弹唱版-巴特尔__jianpucn-102923	jianpucn-102923	0	143	5	
Amani （ C调指法原版编配）__jianpucn-457211	images-prep/jianpucn-beyond/Amani （ C调指法原版编配）__jianpucn-457211	jianpucn-457211	0	58	6	
Amani指弹 （ 吉他独奏 ）__jianpucn-457321	images-prep/jianpucn-beyond/Amani指弹 （ 吉他独奏 ）__jianpucn-457321	jianpucn-457321	0	16	6	
Amani（ 乐队金曲吉他组合弹唱）__jianpucn-228387	images-prep/jianpucn-beyond/Amani（ 乐队金曲吉他组合弹唱）__jianpucn-228387	jianpucn-228387	0	18	5	
Beyond《Amani》 简单版 吉他弹唱教学__jianpucn-435398	images-prep/jianpucn-beyond/Beyond《Amani》 简单版 吉他弹唱教学__jianpucn-435398	jianpucn-435398	0	60	6	
Beyond《不再犹豫》 简单版 吉他弹唱教学__jianpucn-435399	images-prep/jianpucn-beyond/Beyond《不再犹豫》 简单版 吉他弹唱教学__jianpucn-435399	jianpucn-435399	0	55	6	
《再见理想》 中级版 吉他教学（带教学视频）__jianpucn-452246	images-prep/jianpucn-beyond/《再见理想》 中级版 吉他教学（带教学视频）__jianpucn-452246	jianpucn-452246	0	74	6	
《再见理想》 初级版 吉他教学__jianpucn-452247	images-prep/jianpucn-beyond/《再见理想》 初级版 吉他教学__jianpucn-452247	jianpucn-452247	0	70	6	
《冷雨夜》 初级简单版 吉他弹唱教学__jianpucn-446015	images-prep/jianpucn-beyond/《冷雨夜》 初级简单版 吉他弹唱教学__jianpucn-446015	jianpucn-446015	0	70	6	
《喜欢你》 吉他教学__jianpucn-431306	images-prep/jianpucn-beyond/《喜欢你》 吉他教学__jianpucn-431306	jianpucn-431306	0	60	6	
《情人》 初级简单版 吉他弹唱教学__jianpucn-446053	images-prep/jianpucn-beyond/《情人》 初级简单版 吉他弹唱教学__jianpucn-446053	jianpucn-446053	0	63	6	
《海阔天空》一把吉他最强版__jianpucn-312254	images-prep/jianpucn-beyond/《海阔天空》一把吉他最强版__jianpucn-312254	jianpucn-312254	0	46	6	
不再犹豫（G调蓝莓吉他弹唱教学版）__jianpucn-405415	images-prep/jianpucn-beyond/不再犹豫（G调蓝莓吉他弹唱教学版）__jianpucn-405415	jianpucn-405415	0	70	6	
不可一世（ 乐队金曲吉他组合弹唱）__jianpucn-228571	images-prep/jianpucn-beyond/不可一世（ 乐队金曲吉他组合弹唱）__jianpucn-228571	jianpucn-228571	0	32	6	
你知道我的迷惘（一生音乐编配版）__jianpucn-417137	images-prep/jianpucn-beyond/你知道我的迷惘（一生音乐编配版）__jianpucn-417137	jianpucn-417137	0	63	6	
光辉岁月 单吉他版__jianpucn-215561	images-prep/jianpucn-beyond/光辉岁月 单吉他版__jianpucn-215561	jianpucn-215561	0	60	6	
光辉岁月 （ C调原版编配）__jianpucn-467673	images-prep/jianpucn-beyond/光辉岁月 （ C调原版编配）__jianpucn-467673	jianpucn-467673	0	62	6	
光辉岁月 （ C调编配）__jianpucn-457418	images-prep/jianpucn-beyond/光辉岁月 （ C调编配）__jianpucn-457418	jianpucn-457418	0	61	6	
光辉岁月(女生吉他弹唱)__jianpucn-412840	images-prep/jianpucn-beyond/光辉岁月(女生吉他弹唱)__jianpucn-412840	jianpucn-412840	0	189	6	
光辉岁月吉他 —扫描版__jianpucn-234270	images-prep/jianpucn-beyond/光辉岁月吉他 —扫描版__jianpucn-234270	jianpucn-234270	0	11	4	
光辉岁月（金龙鱼编配版）__jianpucn-343195	images-prep/jianpucn-beyond/光辉岁月（金龙鱼编配版）__jianpucn-343195	jianpucn-343195	0	65	5	
冲开一切吉他 —扫描版__jianpucn-234268	images-prep/jianpucn-beyond/冲开一切吉他 —扫描版__jianpucn-234268	jianpucn-234268	0	7	4	
冷雨夜 （ C调指法原版编配）__jianpucn-470147	images-prep/jianpucn-beyond/冷雨夜 （ C调指法原版编配）__jianpucn-470147	jianpucn-470147	0	49	6	
冷雨夜( C调弹唱谱 编配)__jianpucn-444894	images-prep/jianpucn-beyond/冷雨夜( C调弹唱谱 编配)__jianpucn-444894	jianpucn-444894	0	37	7	
冷雨夜(指弹谱 吉他独奏谱)__jianpucn-444620	images-prep/jianpucn-beyond/冷雨夜(指弹谱 吉他独奏谱)__jianpucn-444620	jianpucn-444620	0	41	6	
冷雨夜（扫描版）吉他 —__jianpucn-234432	images-prep/jianpucn-beyond/冷雨夜（扫描版）吉他 —__jianpucn-234432	jianpucn-234432	0	5	5	
午夜怨曲 吉他 — （扫描谱）__jianpucn-234523	images-prep/jianpucn-beyond/午夜怨曲 吉他 — （扫描谱）__jianpucn-234523	jianpucn-234523	0	27	6	
午夜怨曲 （ C调原版编配）__jianpucn-465724	images-prep/jianpucn-beyond/午夜怨曲 （ C调原版编配）__jianpucn-465724	jianpucn-465724	0	46	6	
喜欢你（ 乐队金曲吉他组合弹唱）__jianpucn-228648	images-prep/jianpucn-beyond/喜欢你（ 乐队金曲吉他组合弹唱）__jianpucn-228648	jianpucn-228648	0	16	6	
大地 （ C调指法原版编配）__jianpucn-470461	images-prep/jianpucn-beyond/大地 （ C调指法原版编配）__jianpucn-470461	jianpucn-470461	0	51	6	
大地吉他 —扫描版__jianpucn-234269	images-prep/jianpucn-beyond/大地吉他 —扫描版__jianpucn-234269	jianpucn-234269	0	20	6	
大地（ 乐队金曲吉他组合弹唱）__jianpucn-229914	images-prep/jianpucn-beyond/大地（ 乐队金曲吉他组合弹唱）__jianpucn-229914	jianpucn-229914	0	38	6	
岁月无声 （ C调原版编配）__jianpucn-469972	images-prep/jianpucn-beyond/岁月无声 （ C调原版编配）__jianpucn-469972	jianpucn-469972	0	50	6	
岁月无声（ 乐队金曲吉他组合弹唱）__jianpucn-228073	images-prep/jianpucn-beyond/岁月无声（ 乐队金曲吉他组合弹唱）__jianpucn-228073	jianpucn-228073	0	27	7	
岁月无声（扫描谱）吉他 —__jianpucn-234524	images-prep/jianpucn-beyond/岁月无声（扫描谱）吉他 —__jianpucn-234524	jianpucn-234524	0	11	7	
总有爱 （ G调指法原版编配）__jianpucn-471589	images-prep/jianpucn-beyond/总有爱 （ G调指法原版编配）__jianpucn-471589	jianpucn-471589	0	154	14	
情人弹唱谱__jianpucn-212970	images-prep/jianpucn-beyond/情人弹唱谱__jianpucn-212970	jianpucn-212970	0	31	8	
愿我能（扫描谱）吉他 —__jianpucn-234683	images-prep/jianpucn-beyond/愿我能（扫描谱）吉他 —__jianpucn-234683	jianpucn-234683	0	22	7	
抗战二十年 （ G调原版编配）__jianpucn-471939	images-prep/jianpucn-beyond/抗战二十年 （ G调原版编配）__jianpucn-471939	jianpucn-471939	0	110	12	
无悔这一生 （ G调原版编配）__jianpucn-461979	images-prep/jianpucn-beyond/无悔这一生 （ G调原版编配）__jianpucn-461979	jianpucn-461979	0	55	8	
旧日的足迹 （ G调指法扫弦版）__jianpucn-458393	images-prep/jianpucn-beyond/旧日的足迹 （ G调指法扫弦版）__jianpucn-458393	jianpucn-458393	0	55	7	
旧日足迹 吉他 — （扫描版）__jianpucn-234433	images-prep/jianpucn-beyond/旧日足迹 吉他 — （扫描版）__jianpucn-234433	jianpucn-234433	0	24	6	
早班火车（尤克里里指弹谱）__jianpucn-414015	images-prep/jianpucn-beyond/早班火车（尤克里里指弹谱）__jianpucn-414015	jianpucn-414015	0	21	5	
昔日舞曲（ 乐队金曲吉他组合弹唱）__jianpucn-229287	images-prep/jianpucn-beyond/昔日舞曲（ 乐队金曲吉他组合弹唱）__jianpucn-229287	jianpucn-229287	0	44	6	
曾经拥有 （ A调原版编配）__jianpucn-472367	images-prep/jianpucn-beyond/曾经拥有 （ A调原版编配）__jianpucn-472367	jianpucn-472367	0	53	6	
海阔天空 原曲的钢琴部分__jianpucn-230968	images-prep/jianpucn-beyond/海阔天空 原曲的钢琴部分__jianpucn-230968	jianpucn-230968	0	156	5	
海阔天空 钢琴伴奏谱 —__jianpucn-231010	images-prep/jianpucn-beyond/海阔天空 钢琴伴奏谱 —__jianpucn-231010	jianpucn-231010	0	154	5	
海阔天空 （ D调原版编配）__jianpucn-457413	images-prep/jianpucn-beyond/海阔天空 （ D调原版编配）__jianpucn-457413	jianpucn-457413	0	77	6	
海阔天空指弹 （ G调独奏 ）__jianpucn-457586	images-prep/jianpucn-beyond/海阔天空指弹 （ G调独奏 ）__jianpucn-457586	jianpucn-457586	0	70	6	
灰色轨迹 （ G调原版编配）__jianpucn-458219	images-prep/jianpucn-beyond/灰色轨迹 （ G调原版编配）__jianpucn-458219	jianpucn-458219	0	71	6	
灰色轨迹 （ G调指法原版编配）__jianpucn-458344	images-prep/jianpucn-beyond/灰色轨迹 （ G调指法原版编配）__jianpucn-458344	jianpucn-458344	0	58	6	
灰色轨迹吉他 —扫描版__jianpucn-234333	images-prep/jianpucn-beyond/灰色轨迹吉他 —扫描版__jianpucn-234333	jianpucn-234333	0	32	6	
灰色轨迹（ 乐队金曲吉他组合弹唱）__jianpucn-228441	images-prep/jianpucn-beyond/灰色轨迹（ 乐队金曲吉他组合弹唱）__jianpucn-228441	jianpucn-228441	0	37	6	
真的爱你 单吉他版__jianpucn-215560	images-prep/jianpucn-beyond/真的爱你 单吉他版__jianpucn-215560	jianpucn-215560	0	60	6	
真的爱你 简化教学版__jianpucn-222448	images-prep/jianpucn-beyond/真的爱你 简化教学版__jianpucn-222448	jianpucn-222448	0	48	6	
真的爱你 （ C调原版编配）__jianpucn-463714	images-prep/jianpucn-beyond/真的爱你 （ C调原版编配）__jianpucn-463714	jianpucn-463714	0	41	6	
真的爱你( C调 弹唱 )__jianpucn-445041	images-prep/jianpucn-beyond/真的爱你( C调 弹唱 )__jianpucn-445041	jianpucn-445041	0	33	6	
真的爱你-ynwxpyw编配版__jianpucn-173455	images-prep/jianpucn-beyond/真的爱你-ynwxpyw编配版__jianpucn-173455	jianpucn-173455	0	3	6	
真的爱你独奏天缘音符编配版__jianpucn-174679	images-prep/jianpucn-beyond/真的爱你独奏天缘音符编配版__jianpucn-174679	jianpucn-174679	0	20	6	
真的爱你（ 乐队金曲吉他组合弹唱）__jianpucn-228223	images-prep/jianpucn-beyond/真的爱你（ 乐队金曲吉他组合弹唱）__jianpucn-228223	jianpucn-228223	0	40	6	
真的爱你（扫描谱）吉他 —__jianpucn-234685	images-prep/jianpucn-beyond/真的爱你（扫描谱）吉他 —__jianpucn-234685	jianpucn-234685	0	21	6	
谁伴我闯荡（ 乐队金曲吉他组合弹唱）__jianpucn-230519	images-prep/jianpucn-beyond/谁伴我闯荡（ 乐队金曲吉他组合弹唱）__jianpucn-230519	jianpucn-230519	0	48	6	
逝去的日子 吉他 — （扫描版）__jianpucn-234434	images-prep/jianpucn-beyond/逝去的日子 吉他 — （扫描版）__jianpucn-234434	jianpucn-234434	0	7	4	
长城（ 乐队金曲吉他组合弹唱）__jianpucn-229204	images-prep/jianpucn-beyond/长城（ 乐队金曲吉他组合弹唱）__jianpucn-229204	jianpucn-229204	0	23	6	
长城（扫描版）吉他 —__jianpucn-234181	images-prep/jianpucn-beyond/长城（扫描版）吉他 —__jianpucn-234181	jianpucn-234181	0	4	5	
阿涛指弹吉他独奏真的爱你__jianpucn-171667	images-prep/jianpucn-beyond/阿涛指弹吉他独奏真的爱你__jianpucn-171667	jianpucn-171667	0	1	6	
你的眼神 吉他类 流行__jianpucn-91225	images-prep/jianpucn-caiqin/你的眼神 吉他类 流行__jianpucn-91225	jianpucn-91225	0	43	6	
《倒带》 C调入门版( 吉他教学)__jianpucn-429773	images-prep/jianpucn-caiyilin/《倒带》 C调入门版( 吉他教学)__jianpucn-429773	jianpucn-429773	0	60	6	
《倒带》 C调初级进阶版( 吉他教学)__jianpucn-429772	images-prep/jianpucn-caiyilin/《倒带》 C调初级进阶版( 吉他教学)__jianpucn-429772	jianpucn-429772	0	57	6	
单身公害-弹唱 吉他类 流行__jianpucn-112885	images-prep/jianpucn-caiyilin/单身公害-弹唱 吉他类 流行__jianpucn-112885	jianpucn-112885	0	208	7	
台湾的心跳声 伴奏 世博会台湾馆主题曲__jianpucn-213517	images-prep/jianpucn-caiyilin/台湾的心跳声 伴奏 世博会台湾馆主题曲__jianpucn-213517	jianpucn-213517	0	144	6	
天空简单弹唱版__jianpucn-181081	images-prep/jianpucn-caiyilin/天空简单弹唱版__jianpucn-181081	jianpucn-181081	0	144	5	
布拉格广场钢琴配乐__jianpucn-216240	images-prep/jianpucn-caiyilin/布拉格广场钢琴配乐__jianpucn-216240	jianpucn-216240	0	105	5	
布拉格广场（钢琴五线谱）__jianpucn-97945	images-prep/jianpucn-caiyilin/布拉格广场（钢琴五线谱）__jianpucn-97945	jianpucn-97945	0	111	5	
日不落(吉他谱)__jianpucn-91348	images-prep/jianpucn-caiyilin/日不落(吉他谱)__jianpucn-91348	jianpucn-91348	0	60	6	
柠檬草的味道（钢琴伴奏谱）__jianpucn-313339	images-prep/jianpucn-caiyilin/柠檬草的味道（钢琴伴奏谱）__jianpucn-313339	jianpucn-313339	0	93	5	
海盗 - 弹唱版 弹唱版 -__jianpucn-231212	images-prep/jianpucn-caiyilin/海盗 - 弹唱版 弹唱版 -__jianpucn-231212	jianpucn-231212	0	125	5	
海盗 - 弹唱版__jianpucn-103270	images-prep/jianpucn-caiyilin/海盗 - 弹唱版__jianpucn-103270	jianpucn-103270	0	136	5	
冲动的惩罚-弹唱 吉他类 流行__jianpucn-112888	images-prep/jianpucn-daolang/冲动的惩罚-弹唱 吉他类 流行__jianpucn-112888	jianpucn-112888	0	106	6	
黄玫瑰 （ G调指法原版编配）__jianpucn-472153	images-prep/jianpucn-daolang/黄玫瑰 （ G调指法原版编配）__jianpucn-472153	jianpucn-472153	0	7	6	
《恰似你的温柔》（单吉他弹唱版）__jianpucn-347875	images-prep/jianpucn-denglijun/《恰似你的温柔》（单吉他弹唱版）__jianpucn-347875	jianpucn-347875	0	61	6	
《月亮代表我的心》 C调入门版 编配 猴哥吉他教学__jianpucn-439132	images-prep/jianpucn-denglijun/《月亮代表我的心》 C调入门版 编配 猴哥吉他教学__jianpucn-439132	jianpucn-439132	0	54	6	
《月亮代表我的心》 酷音小伟吉他弹唱教学吉他自学教程__jianpucn-425775	images-prep/jianpucn-denglijun/《月亮代表我的心》 酷音小伟吉他弹唱教学吉他自学教程__jianpucn-425775	jianpucn-425775	0	49	6	
世界多美丽（钢琴版）__jianpucn-236926	images-prep/jianpucn-denglijun/世界多美丽（钢琴版）__jianpucn-236926	jianpucn-236926	0	114	5	
在水一方 伴奏 带歌词__jianpucn-218755	images-prep/jianpucn-denglijun/在水一方 伴奏 带歌词__jianpucn-218755	jianpucn-218755	0	99	5	
在水一方-邓丽君-吉他谱__jianpucn-208126	images-prep/jianpucn-denglijun/在水一方-邓丽君-吉他谱__jianpucn-208126	jianpucn-208126	0	50	6	
在水一方（伴奏）__jianpucn-236784	images-prep/jianpucn-denglijun/在水一方（伴奏）__jianpucn-236784	jianpucn-236784	0	110	5	
在水一方（古典吉他独奏谱）五线谱__jianpucn-90314	images-prep/jianpucn-denglijun/在水一方（古典吉他独奏谱）五线谱__jianpucn-90314	jianpucn-90314	0	59	5	
夜来香 钢琴独奏版__jianpucn-237790	images-prep/jianpucn-denglijun/夜来香 钢琴独奏版__jianpucn-237790	jianpucn-237790	0	118	5	
小城故事（吉他独奏谱）__jianpucn-90480	images-prep/jianpucn-denglijun/小城故事（吉他独奏谱）__jianpucn-90480	jianpucn-90480	0	57	5	
忘记他 （ C调指法原版编配）__jianpucn-458622	images-prep/jianpucn-denglijun/忘记他 （ C调指法原版编配）__jianpucn-458622	jianpucn-458622	0	51	6	
我只在乎你 键盘类 钢琴__jianpucn-114502	images-prep/jianpucn-denglijun/我只在乎你 键盘类 钢琴__jianpucn-114502	jianpucn-114502	0	177	5	
我只在乎你（中音萨克斯 ）__jianpucn-424551	images-prep/jianpucn-denglijun/我只在乎你（中音萨克斯 ）__jianpucn-424551	jianpucn-424551	0	59	5	
月亮代表我的心( 编配 )__jianpucn-440743	images-prep/jianpucn-denglijun/月亮代表我的心( 编配 )__jianpucn-440743	jianpucn-440743	0	59	6	
月亮代表我的心-弹唱版__jianpucn-102836	images-prep/jianpucn-denglijun/月亮代表我的心-弹唱版__jianpucn-102836	jianpucn-102836	0	145	5	
月亮代表我的心独吉他奏谱__jianpucn-205583	images-prep/jianpucn-denglijun/月亮代表我的心独吉他奏谱__jianpucn-205583	jianpucn-205583	0	76	6	
月亮代表我的心独奏__jianpucn-213056	images-prep/jianpucn-denglijun/月亮代表我的心独奏__jianpucn-213056	jianpucn-213056	0	480	32	
月亮代表我的心独奏版__jianpucn-212730	images-prep/jianpucn-denglijun/月亮代表我的心独奏版__jianpucn-212730	jianpucn-212730	0	29	6	
漫步人生路指弹 （ 独奏 ）__jianpucn-462531	images-prep/jianpucn-denglijun/漫步人生路指弹 （ 独奏 ）__jianpucn-462531	jianpucn-462531	0	17	6	
爱的箴言--邓丽君（萨克斯谱）__jianpucn-205687	images-prep/jianpucn-denglijun/爱的箴言--邓丽君（萨克斯谱）__jianpucn-205687	jianpucn-205687	0	12	5	
独奏_阿里山的姑娘.__jianpucn-205678	images-prep/jianpucn-denglijun/独奏_阿里山的姑娘.__jianpucn-205678	jianpucn-205678	0	7	6	
甜蜜蜜-jila编配版__jianpucn-175969	images-prep/jianpucn-denglijun/甜蜜蜜-jila编配版__jianpucn-175969	jianpucn-175969	0	63	6	
甜蜜蜜尤克里里谱（ 简单版四 ）__jianpucn-458483	images-prep/jianpucn-denglijun/甜蜜蜜尤克里里谱（ 简单版四 ）__jianpucn-458483	jianpucn-458483	0	19	4	
甜蜜蜜（晓涛吉他编配版）__jianpucn-295577	images-prep/jianpucn-denglijun/甜蜜蜜（晓涛吉他编配版）__jianpucn-295577	jianpucn-295577	0	46	6	
阳里山的姑娘（线简混排弹唱谱）__jianpucn-205486	images-prep/jianpucn-denglijun/阳里山的姑娘（线简混排弹唱谱）__jianpucn-205486	jianpucn-205486	0	6	4	
雪地上的回忆（台湾伴奏版）__jianpucn-433078	images-prep/jianpucn-denglijun/雪地上的回忆（台湾伴奏版）__jianpucn-433078	jianpucn-433078	0	101	5	
A I N Y (Am)双吉他版 各种格式__jianpucn-250865	images-prep/jianpucn-dengziqi/A I N Y (Am)双吉他版 各种格式__jianpucn-250865	jianpucn-250865	0	12	6	
A I N Y （演唱会钢琴版）__jianpucn-258036	images-prep/jianpucn-dengziqi/A I N Y （演唱会钢琴版）__jianpucn-258036	jianpucn-258036	0	89	5	
《光年之外》 C调简单版（ 吉他教学）__jianpucn-427829	images-prep/jianpucn-dengziqi/《光年之外》 C调简单版（ 吉他教学）__jianpucn-427829	jianpucn-427829	0	52	6	
《光年之外》 C调精华版 G E M 高音教编配__jianpucn-424271	images-prep/jianpucn-dengziqi/《光年之外》 C调精华版 G E M 高音教编配__jianpucn-424271	jianpucn-424271	0	41	6	
《光年之外》 G调入门版 高音教编配__jianpucn-424631	images-prep/jianpucn-dengziqi/《光年之外》 G调入门版 高音教编配__jianpucn-424631	jianpucn-424631	0	47	6	
《光年之外》 G调指法中级版（ 吉他教学）__jianpucn-427830	images-prep/jianpucn-dengziqi/《光年之外》 G调指法中级版（ 吉他教学）__jianpucn-427830	jianpucn-427830	0	64	6	
《后会无期》 简单版 吉他弹唱教学__jianpucn-434870	images-prep/jianpucn-dengziqi/《后会无期》 简单版 吉他弹唱教学__jianpucn-434870	jianpucn-434870	0	64	6	
《存在》弹唱华丽精编版__jianpucn-245695	images-prep/jianpucn-dengziqi/《存在》弹唱华丽精编版__jianpucn-245695	jianpucn-245695	0	133	5	
《我要我们在一起》钢琴伴奏谱__jianpucn-248494	images-prep/jianpucn-dengziqi/《我要我们在一起》钢琴伴奏谱__jianpucn-248494	jianpucn-248494	0	87	5	
倒数 （ C调指法原版编配）__jianpucn-466732	images-prep/jianpucn-dengziqi/倒数 （ C调指法原版编配）__jianpucn-466732	jianpucn-466732	0	35	6	
偶尔 钢琴伴奏谱__jianpucn-292951	images-prep/jianpucn-dengziqi/偶尔 钢琴伴奏谱__jianpucn-292951	jianpucn-292951	0	150	5	
写不完的温柔 （ C调原版编配）__jianpucn-468814	images-prep/jianpucn-dengziqi/写不完的温柔 （ C调原版编配）__jianpucn-468814	jianpucn-468814	0	24	7	
后会无期 （ C调指法原版编配）__jianpucn-469838	images-prep/jianpucn-dengziqi/后会无期 （ C调指法原版编配）__jianpucn-469838	jianpucn-469838	0	60	6	
后会无期 （ G调指法编配）__jianpucn-468692	images-prep/jianpucn-dengziqi/后会无期 （ G调指法编配）__jianpucn-468692	jianpucn-468692	0	37	6	
后会无期 （吉他）__jianpucn-265659	images-prep/jianpucn-dengziqi/后会无期 （吉他）__jianpucn-265659	jianpucn-265659	0	7	6	
后会无期（吉他弹唱谱）__jianpucn-286380	images-prep/jianpucn-dengziqi/后会无期（吉他弹唱谱）__jianpucn-286380	jianpucn-286380	0	130	8	
喜欢你 （ C调原版编配）__jianpucn-466138	images-prep/jianpucn-dengziqi/喜欢你 （ C调原版编配）__jianpucn-466138	jianpucn-466138	0	58	6	
回忆的沙漏（弹唱版）- -__jianpucn-255999	images-prep/jianpucn-dengziqi/回忆的沙漏（弹唱版）- -__jianpucn-255999	jianpucn-255999	0	836	4	
多远都要在一起 （钢琴伴奏谱）__jianpucn-292829	images-prep/jianpucn-dengziqi/多远都要在一起 （钢琴伴奏谱）__jianpucn-292829	jianpucn-292829	0	674	6	
岩石里的花( G调 高清弹唱谱)__jianpucn-445001	images-prep/jianpucn-dengziqi/岩石里的花( G调 高清弹唱谱)__jianpucn-445001	jianpucn-445001	0	55	6	
我的秘密 （ C调原版编配）__jianpucn-465977	images-prep/jianpucn-dengziqi/我的秘密 （ C调原版编配）__jianpucn-465977	jianpucn-465977	0	35	6	
我的秘密（弹唱版）- -__jianpucn-253876	images-prep/jianpucn-dengziqi/我的秘密（弹唱版）- -__jianpucn-253876	jianpucn-253876	0	724	4	
攀登 （ C调指法简单版）__jianpucn-462817	images-prep/jianpucn-dengziqi/攀登 （ C调指法简单版）__jianpucn-462817	jianpucn-462817	0	40	6	
桃花诺 （ C调指法原版编配）__jianpucn-458125	images-prep/jianpucn-dengziqi/桃花诺 （ C调指法原版编配）__jianpucn-458125	jianpucn-458125	0	54	6	
泡沫 吉他指弹谱 —__jianpucn-256302	images-prep/jianpucn-dengziqi/泡沫 吉他指弹谱 —__jianpucn-256302	jianpucn-256302	0	69	6	
泡沫 钢琴伴奏谱 — （男声调降B调）__jianpucn-252720	images-prep/jianpucn-dengziqi/泡沫 钢琴伴奏谱 — （男声调降B调）__jianpucn-252720	jianpucn-252720	0	49	5	
泡沫 钢琴独奏谱 — （F调）__jianpucn-252721	images-prep/jianpucn-dengziqi/泡沫 钢琴独奏谱 — （F调）__jianpucn-252721	jianpucn-252721	0	44	5	
泡沫 （ C调原版编配）__jianpucn-463593	images-prep/jianpucn-dengziqi/泡沫 （ C调原版编配）__jianpucn-463593	jianpucn-463593	0	60	6	
泡沫 （ C调指法原版编配）__jianpucn-458886	images-prep/jianpucn-dengziqi/泡沫 （ C调指法原版编配）__jianpucn-458886	jianpucn-458886	0	72	6	
画 （C调指法原版编配）__jianpucn-461968	images-prep/jianpucn-dengziqi/画 （C调指法原版编配）__jianpucn-461968	jianpucn-461968	0	43	6	
画( 编配 )__jianpucn-436501	images-prep/jianpucn-dengziqi/画( 编配 )__jianpucn-436501	jianpucn-436501	0	70	6	
一剪梅 （ G调原版编配）__jianpucn-457810	images-prep/jianpucn-feiyuqing/一剪梅 （ G调原版编配）__jianpucn-457810	jianpucn-457810	0	53	6	
一剪梅 （ G调指法原版编配）__jianpucn-467311	images-prep/jianpucn-feiyuqing/一剪梅 （ G调指法原版编配）__jianpucn-467311	jianpucn-467311	0	44	6	
南屏晚钟合唱伴奏版__jianpucn-184884	images-prep/jianpucn-feiyuqing/南屏晚钟合唱伴奏版__jianpucn-184884	jianpucn-184884	0	90	5	
在水一方（心动吉他编配版）__jianpucn-282196	images-prep/jianpucn-feiyuqing/在水一方（心动吉他编配版）__jianpucn-282196	jianpucn-282196	0	94	6	
长发的女郎 弹唱版__jianpucn-213516	images-prep/jianpucn-feiyuqing/长发的女郎 弹唱版__jianpucn-213516	jianpucn-213516	0	122	5	
开门大吉 五线谱— （央视《开门大吉》主题曲）__jianpucn-226402	images-prep/jianpucn-fenghuangchuanqi/开门大吉 五线谱— （央视《开门大吉》主题曲）__jianpucn-226402	jianpucn-226402	0	116	5	
最炫民族风（蓝调版） 五线谱—__jianpucn-226902	images-prep/jianpucn-fenghuangchuanqi/最炫民族风（蓝调版） 五线谱—__jianpucn-226902	jianpucn-226902	0	142	5	
荷塘月色 钢伴弹唱__jianpucn-224140	images-prep/jianpucn-fenghuangchuanqi/荷塘月色 钢伴弹唱__jianpucn-224140	jianpucn-224140	0	102	5	
荷塘月色——弹唱完美版__jianpucn-183062	images-prep/jianpucn-fenghuangchuanqi/荷塘月色——弹唱完美版__jianpucn-183062	jianpucn-183062	0	151	5	
《莫尼山》钢琴伴奏谱__jianpucn-306637	images-prep/jianpucn-hanhong/《莫尼山》钢琴伴奏谱__jianpucn-306637	jianpucn-306637	0	97	5	
众里寻你 钢琴伴奏__jianpucn-222894	images-prep/jianpucn-hanhong/众里寻你 钢琴伴奏__jianpucn-222894	jianpucn-222894	0	82	5	
天亮了 （F调单把吉他版）__jianpucn-280374	images-prep/jianpucn-hanhong/天亮了 （F调单把吉他版）__jianpucn-280374	jianpucn-280374	0	57	6	
天路(五线谱_简谱对照)__jianpucn-51938	images-prep/jianpucn-hanhong/天路(五线谱_简谱对照)__jianpucn-51938	jianpucn-51938	0	68	5	
天路(五线谱_简谱对照)__jianpucn-52614	images-prep/jianpucn-hanhong/天路(五线谱_简谱对照)__jianpucn-52614	jianpucn-52614	0	68	5	
天路独奏__jianpucn-170882	images-prep/jianpucn-hanhong/天路独奏__jianpucn-170882	jianpucn-170882	0	4	5	
家乡（ 词曲、梦短弦音编配版）__jianpucn-270929	images-prep/jianpucn-hanhong/家乡（ 词曲、梦短弦音编配版）__jianpucn-270929	jianpucn-270929	0	61	6	
祖国不会忘记 （ C调原版编配）__jianpucn-457423	images-prep/jianpucn-hanhong/祖国不会忘记 （ C调原版编配）__jianpucn-457423	jianpucn-457423	0	47	6	
向阳而生 （ C调指法编配）__jianpucn-471999	images-prep/jianpucn-huachenyu/向阳而生 （ C调指法编配）__jianpucn-471999	jianpucn-471999	0	76	10	
好想爱这个世界啊 （ C调指法）__jianpucn-470150	images-prep/jianpucn-huachenyu/好想爱这个世界啊 （ C调指法）__jianpucn-470150	jianpucn-470150	0	6	5	
好想爱这个世界啊( C调弹唱)__jianpucn-444519	images-prep/jianpucn-huachenyu/好想爱这个世界啊( C调弹唱)__jianpucn-444519	jianpucn-444519	0	35	6	
我管你( G调弹唱谱 编配)__jianpucn-444893	images-prep/jianpucn-huachenyu/我管你( G调弹唱谱 编配)__jianpucn-444893	jianpucn-444893	0	40	6	
烟火里的尘埃( 编配)__jianpucn-437375	images-prep/jianpucn-huachenyu/烟火里的尘埃( 编配)__jianpucn-437375	jianpucn-437375	0	73	6	
疯人院( G调弹唱谱)__jianpucn-445339	images-prep/jianpucn-huachenyu/疯人院( G调弹唱谱)__jianpucn-445339	jianpucn-445339	0	37	6	
花落时相遇 （ C调原版编配）__jianpucn-466577	images-prep/jianpucn-huachenyu/花落时相遇 （ C调原版编配）__jianpucn-466577	jianpucn-466577	0	46	6	
飞行模式 （ C调原版编配）__jianpucn-466661	images-prep/jianpucn-huachenyu/飞行模式 （ C调原版编配）__jianpucn-466661	jianpucn-466661	0	58	6	
在那桃花盛开的地方 弹唱谱__jianpucn-222170	images-prep/jianpucn-jiangdawei/在那桃花盛开的地方 弹唱谱__jianpucn-222170	jianpucn-222170	0	31	5	
在那桃花盛开的地方(五线谱_简谱对照)__jianpucn-43126	images-prep/jianpucn-jiangdawei/在那桃花盛开的地方(五线谱_简谱对照)__jianpucn-43126	jianpucn-43126	0	75	5	
小桥(五线谱_简谱对照)__jianpucn-43149	images-prep/jianpucn-jiangdawei/小桥(五线谱_简谱对照)__jianpucn-43149	jianpucn-43149	0	59	5	
桃花依旧笑春风(五线谱_简谱对照)__jianpucn-44530	images-prep/jianpucn-jiangdawei/桃花依旧笑春风(五线谱_简谱对照)__jianpucn-44530	jianpucn-44530	0	55	5	
驼铃(五线谱_简谱对照)__jianpucn-42948	images-prep/jianpucn-jiangdawei/驼铃(五线谱_简谱对照)__jianpucn-42948	jianpucn-42948	0	62	5	
经典 情难枕 伴奏谱__jianpucn-213034	images-prep/jianpucn-jiangyuheng/经典 情难枕 伴奏谱__jianpucn-213034	jianpucn-213034	0	137	12	
fly away纯钢琴弹唱版__jianpucn-121799	images-prep/jianpucn-pop/fly away纯钢琴弹唱版__jianpucn-121799	jianpucn-121799	0	98	5	
丝路-简易版-弹唱 吉他类 流行__jianpucn-113128	images-prep/jianpucn-pop/丝路-简易版-弹唱 吉他类 流行__jianpucn-113128	jianpucn-113128	0	213	6	
会呼吸的痛-完全弹唱__jianpucn-122224	images-prep/jianpucn-pop/会呼吸的痛-完全弹唱__jianpucn-122224	jianpucn-122224	0	153	5	
你会不会（钢琴独奏版）__jianpucn-234407	images-prep/jianpucn-pop/你会不会（钢琴独奏版）__jianpucn-234407	jianpucn-234407	0	131	5	
情歌 余杨老师编配__jianpucn-215151	images-prep/jianpucn-pop/情歌 余杨老师编配__jianpucn-215151	jianpucn-215151	0	26	10	
情歌---余杨老师编配版__jianpucn-172539	images-prep/jianpucn-pop/情歌---余杨老师编配版__jianpucn-172539	jianpucn-172539	0	4	7	
暖暖 （ G调指法原版编配）__jianpucn-469439	images-prep/jianpucn-pop/暖暖 （ G调指法原版编配）__jianpucn-469439	jianpucn-469439	0	45	6	
最想环游的世界（钢琴伴奏谱）__jianpucn-244438	images-prep/jianpucn-pop/最想环游的世界（钢琴伴奏谱）__jianpucn-244438	jianpucn-244438	0	102	5	
问-大伟吉他教室编配版__jianpucn-190093	images-prep/jianpucn-pop/问-大伟吉他教室编配版__jianpucn-190093	jianpucn-190093	0	48	6	
乡恋 （ G调指法原版编配）__jianpucn-462644	images-prep/jianpucn-liguyi/乡恋 （ G调指法原版编配）__jianpucn-462644	jianpucn-462644	0	12	6	
我和我的祖国尤克里里谱（ C调四 ）__jianpucn-461247	images-prep/jianpucn-liguyi/我和我的祖国尤克里里谱（ C调四 ）__jianpucn-461247	jianpucn-461247	0	24	4	
我和我的祖国（弹唱谱）__jianpucn-231415	images-prep/jianpucn-liguyi/我和我的祖国（弹唱谱）__jianpucn-231415	jianpucn-231415	0	166	5	
2013春晚歌曲李健、孙俪风吹麦浪GTP吉他谱总谱分享__jianpucn-208057	images-prep/jianpucn-lijian/2013春晚歌曲李健、孙俪风吹麦浪GTP吉他谱总谱分享__jianpucn-208057	jianpucn-208057	0	763	4	
《贝加尔湖畔》 C调指法（ 编谱）__jianpucn-416400	images-prep/jianpucn-lijian/《贝加尔湖畔》 C调指法（ 编谱）__jianpucn-416400	jianpucn-416400	0	65	6	
《贝加尔湖畔》酷音小伟吉他教学__jianpucn-416619	images-prep/jianpucn-lijian/《贝加尔湖畔》酷音小伟吉他教学__jianpucn-416619	jianpucn-416619	0	60	6	
一往情深的恋人 吉他弹唱谱 —__jianpucn-231900	images-prep/jianpucn-lijian/一往情深的恋人 吉他弹唱谱 —__jianpucn-231900	jianpucn-231900	0	56	6	
传奇 （ G调指法原版编配）__jianpucn-468264	images-prep/jianpucn-lijian/传奇 （ G调指法原版编配）__jianpucn-468264	jianpucn-468264	0	41	6	
传奇( C调带前奏 吉他弹唱)__jianpucn-444978	images-prep/jianpucn-lijian/传奇( C调带前奏 吉他弹唱)__jianpucn-444978	jianpucn-444978	0	40	6	
向往-弹唱 吉他类 流行__jianpucn-113226	images-prep/jianpucn-lijian/向往-弹唱 吉他类 流行__jianpucn-113226	jianpucn-113226	0	127	7	
在每个想你的夜里 吉他弹唱谱 —__jianpucn-231930	images-prep/jianpucn-lijian/在每个想你的夜里 吉他弹唱谱 —__jianpucn-231930	jianpucn-231930	0	110	6	
异乡人 （ C调指法原版编配）__jianpucn-471590	images-prep/jianpucn-lijian/异乡人 （ C调指法原版编配）__jianpucn-471590	jianpucn-471590	0	45	6	
故乡山川 吉他弹唱谱 —__jianpucn-231536	images-prep/jianpucn-lijian/故乡山川 吉他弹唱谱 —__jianpucn-231536	jianpucn-231536	0	53	6	
故乡山川（吉他弹唱）__jianpucn-231379	images-prep/jianpucn-lijian/故乡山川（吉他弹唱）__jianpucn-231379	jianpucn-231379	0	53	6	
父亲写的散文诗 （ C调原版编配）__jianpucn-468490	images-prep/jianpucn-lijian/父亲写的散文诗 （ C调原版编配）__jianpucn-468490	jianpucn-468490	0	33	6	
父亲写的散文诗（小柒木吉他编配版）__jianpucn-413220	images-prep/jianpucn-lijian/父亲写的散文诗（小柒木吉他编配版）__jianpucn-413220	jianpucn-413220	0	49	6	
璀璨（吉他弹唱）__jianpucn-231943	images-prep/jianpucn-lijian/璀璨（吉他弹唱）__jianpucn-231943	jianpucn-231943	0	64	6	
袖手旁观 （ C调指法原版编配）__jianpucn-466855	images-prep/jianpucn-lijian/袖手旁观 （ C调指法原版编配）__jianpucn-466855	jianpucn-466855	0	50	6	
袖手旁观( 编配 )__jianpucn-442181	images-prep/jianpucn-lijian/袖手旁观( 编配 )__jianpucn-442181	jianpucn-442181	0	61	6	
贝加尔湖畔 高清吉他__jianpucn-285547	images-prep/jianpucn-lijian/贝加尔湖畔 高清吉他__jianpucn-285547	jianpucn-285547	0	62	6	
贝加尔湖畔 （ C调原版编配）__jianpucn-468149	images-prep/jianpucn-lijian/贝加尔湖畔 （ C调原版编配）__jianpucn-468149	jianpucn-468149	0	39	6	
贝加尔湖畔 （ C调简单版编配）__jianpucn-471115	images-prep/jianpucn-lijian/贝加尔湖畔 （ C调简单版编配）__jianpucn-471115	jianpucn-471115	0	46	7	
贝加尔湖畔 （ F调原版编配）__jianpucn-466415	images-prep/jianpucn-lijian/贝加尔湖畔 （ F调原版编配）__jianpucn-466415	jianpucn-466415	0	53	6	
贝加尔湖畔( C调弹唱 )__jianpucn-444515	images-prep/jianpucn-lijian/贝加尔湖畔( C调弹唱 )__jianpucn-444515	jianpucn-444515	0	40	6	
贝加尔湖畔(C调 彪叔吉他课制谱)__jianpucn-444612	images-prep/jianpucn-lijian/贝加尔湖畔(C调 彪叔吉他课制谱)__jianpucn-444612	jianpucn-444612	0	29	6	
贝加尔湖畔（ 编配版）__jianpucn-321481	images-prep/jianpucn-lijian/贝加尔湖畔（ 编配版）__jianpucn-321481	jianpucn-321481	0	55	6	
贝加尔湖畔（ 编配版）__jianpucn-347582	images-prep/jianpucn-lijian/贝加尔湖畔（ 编配版）__jianpucn-347582	jianpucn-347582	0	59	6	
贝加尔湖畔（吉他弹唱）__jianpucn-404743	images-prep/jianpucn-lijian/贝加尔湖畔（吉他弹唱）__jianpucn-404743	jianpucn-404743	0	59	6	
贝加尔湖畔（甘文编配版）__jianpucn-288372	images-prep/jianpucn-lijian/贝加尔湖畔（甘文编配版）__jianpucn-288372	jianpucn-288372	0	50	6	
车站 （ G调指法原版编配）__jianpucn-466350	images-prep/jianpucn-lijian/车站 （ G调指法原版编配）__jianpucn-466350	jianpucn-466350	0	87	6	
陀螺尤克里里谱（ F调 ）__jianpucn-458420	images-prep/jianpucn-lijian/陀螺尤克里里谱（ F调 ）__jianpucn-458420	jianpucn-458420	0	138	4	
雨后初晴 （ C调原版编配）__jianpucn-462166	images-prep/jianpucn-lijian/雨后初晴 （ C调原版编配）__jianpucn-462166	jianpucn-462166	0	49	6	
风吹麦浪 （ A调原版编配）__jianpucn-462964	images-prep/jianpucn-lijian/风吹麦浪 （ A调原版编配）__jianpucn-462964	jianpucn-462964	0	60	6	
风吹麦浪 （ C调指法简单版编配）__jianpucn-462442	images-prep/jianpucn-lijian/风吹麦浪 （ C调指法简单版编配）__jianpucn-462442	jianpucn-462442	0	6	6	
风吹麦浪尤克里里谱（ C调尤克里里弹唱谱）__jianpucn-462361	images-prep/jianpucn-lijian/风吹麦浪尤克里里谱（ C调尤克里里弹唱谱）__jianpucn-462361	jianpucn-462361	0	26	4	
风吹麦浪（吉他 ）__jianpucn-294357	images-prep/jianpucn-lijian/风吹麦浪（吉他 ）__jianpucn-294357	jianpucn-294357	0	69	6	
Always-Online （ C调原版编配）__jianpucn-468156	images-prep/jianpucn-linjunjie/Always-Online （ C调原版编配）__jianpucn-468156	jianpucn-468156	0	57	6	
JJ Lin 《裂缝中的阳光》 钢琴独奏__jianpucn-227641	images-prep/jianpucn-linjunjie/JJ Lin 《裂缝中的阳光》 钢琴独奏__jianpucn-227641	jianpucn-227641	0	121	5	
《Love you you》吉他谱by午夜编配__jianpucn-171572	images-prep/jianpucn-linjunjie/《Love you you》吉他谱by午夜编配__jianpucn-171572	jianpucn-171572	0	68	6	
《不存在的情人》 钢琴独奏__jianpucn-225442	images-prep/jianpucn-linjunjie/《不存在的情人》 钢琴独奏__jianpucn-225442	jianpucn-225442	0	130	5	
《不懂》钢琴伴奏完美版Ver1 0__jianpucn-232487	images-prep/jianpucn-linjunjie/《不懂》钢琴伴奏完美版Ver1 0__jianpucn-232487	jianpucn-232487	0	92	5	
《因你而在》by午夜编配__jianpucn-210470	images-prep/jianpucn-linjunjie/《因你而在》by午夜编配__jianpucn-210470	jianpucn-210470	0	88	6	
《弹唱》 C调版 酷音小伟吉他教学__jianpucn-408488	images-prep/jianpucn-linjunjie/《弹唱》 C调版 酷音小伟吉他教学__jianpucn-408488	jianpucn-408488	0	56	6	
《弹唱》 吉他弹唱教学__jianpucn-408284	images-prep/jianpucn-linjunjie/《弹唱》 吉他弹唱教学__jianpucn-408284	jianpucn-408284	0	61	6	
《弹唱》 吉他教学（C调指法）__jianpucn-408283	images-prep/jianpucn-linjunjie/《弹唱》 吉他教学（C调指法）__jianpucn-408283	jianpucn-408283	0	60	6	
《弹唱》G调版__jianpucn-408489	images-prep/jianpucn-linjunjie/《弹唱》G调版__jianpucn-408489	jianpucn-408489	0	58	6	
《故事细腻》吉他谱by午夜编配__jianpucn-170372	images-prep/jianpucn-linjunjie/《故事细腻》吉他谱by午夜编配__jianpucn-170372	jianpucn-170372	0	88	6	
《爱与希望》钢琴伴奏 郝氏谱__jianpucn-232136	images-prep/jianpucn-linjunjie/《爱与希望》钢琴伴奏 郝氏谱__jianpucn-232136	jianpucn-232136	0	422	7	
《背对背拥抱》 C调入门版 高音教编配__jianpucn-430934	images-prep/jianpucn-linjunjie/《背对背拥抱》 C调入门版 高音教编配__jianpucn-430934	jianpucn-430934	0	66	7	
《那些你很冒险的梦》 简单版 吉他弹唱教学__jianpucn-433516	images-prep/jianpucn-linjunjie/《那些你很冒险的梦》 简单版 吉他弹唱教学__jianpucn-433516	jianpucn-433516	0	59	6	
一千年以后 歌曲类 钢琴伴奏谱__jianpucn-112810	images-prep/jianpucn-linjunjie/一千年以后 歌曲类 钢琴伴奏谱__jianpucn-112810	jianpucn-112810	0	139	5	
一千年以后(C调弹唱 )__jianpucn-444741	images-prep/jianpucn-linjunjie/一千年以后(C调弹唱 )__jianpucn-444741	jianpucn-444741	0	6	6	
一千年以后-弹唱 吉他类 流行__jianpucn-113274	images-prep/jianpucn-linjunjie/一千年以后-弹唱 吉他类 流行__jianpucn-113274	jianpucn-113274	0	98	6	
一千年以后-弹唱版__jianpucn-101798	images-prep/jianpucn-linjunjie/一千年以后-弹唱版__jianpucn-101798	jianpucn-101798	0	110	5	
一千年以后－简易版 键盘类 钢琴__jianpucn-114706	images-prep/jianpucn-linjunjie/一千年以后－简易版 键盘类 钢琴__jianpucn-114706	jianpucn-114706	0	94	5	
一定会 （ C调原版编配）__jianpucn-457462	images-prep/jianpucn-linjunjie/一定会 （ C调原版编配）__jianpucn-457462	jianpucn-457462	0	45	8	
一定会 （ 新歌 C调指法弹唱谱）__jianpucn-457555	images-prep/jianpucn-linjunjie/一定会 （ 新歌 C调指法弹唱谱）__jianpucn-457555	jianpucn-457555	0	13	7	
一定会 （C调指法）__jianpucn-457602	images-prep/jianpucn-linjunjie/一定会 （C调指法）__jianpucn-457602	jianpucn-457602	0	45	6	
不为谁而作的歌尤克里里谱（ C调）__jianpucn-458578	images-prep/jianpucn-linjunjie/不为谁而作的歌尤克里里谱（ C调）__jianpucn-458578	jianpucn-458578	0	14	5	
不存在的情人 五线谱—__jianpucn-225514	images-prep/jianpucn-linjunjie/不存在的情人 五线谱—__jianpucn-225514	jianpucn-225514	0	128	5	
不懂-伴奏__jianpucn-121857	images-prep/jianpucn-linjunjie/不懂-伴奏__jianpucn-121857	jianpucn-121857	0	95	5	
不死之身--钢琴弹唱版__jianpucn-101955	images-prep/jianpucn-linjunjie/不死之身--钢琴弹唱版__jianpucn-101955	jianpucn-101955	0	150	5	
不流泪的机场（钢琴弹唱）__jianpucn-302902	images-prep/jianpucn-linjunjie/不流泪的机场（钢琴弹唱）__jianpucn-302902	jianpucn-302902	0	99	5	
交换余生 （ C调原版编配）__jianpucn-467030	images-prep/jianpucn-linjunjie/交换余生 （ C调原版编配）__jianpucn-467030	jianpucn-467030	0	30	6	
交换余生 （ C调指法原版编配）__jianpucn-461986	images-prep/jianpucn-linjunjie/交换余生 （ C调指法原版编配）__jianpucn-461986	jianpucn-461986	0	46	6	
以后要做的事( C调弹唱谱)__jianpucn-445875	images-prep/jianpucn-linjunjie/以后要做的事( C调弹唱谱)__jianpucn-445875	jianpucn-445875	0	33	6	
修炼爱情 （ C调原版编配）__jianpucn-463051	images-prep/jianpucn-linjunjie/修炼爱情 （ C调原版编配）__jianpucn-463051	jianpucn-463051	0	44	6	
修炼爱情 （ C调指法原版编配）__jianpucn-462862	images-prep/jianpucn-linjunjie/修炼爱情 （ C调指法原版编配）__jianpucn-462862	jianpucn-462862	0	73	6	
修炼爱情 （ C调指法编配）__jianpucn-467490	images-prep/jianpucn-linjunjie/修炼爱情 （ C调指法编配）__jianpucn-467490	jianpucn-467490	0	41	6	
修炼爱情（酷音小伟编配版）__jianpucn-349384	images-prep/jianpucn-linjunjie/修炼爱情（酷音小伟编配版）__jianpucn-349384	jianpucn-349384	0	51	6	
关键词 （ C调指法原版编配）__jianpucn-458245	images-prep/jianpucn-linjunjie/关键词 （ C调指法原版编配）__jianpucn-458245	jianpucn-458245	0	53	6	
关键词 （ G调原版编配）__jianpucn-458131	images-prep/jianpucn-linjunjie/关键词 （ G调原版编配）__jianpucn-458131	jianpucn-458131	0	58	7	
凤凰于飞尤克里里谱（ 单音四 ）__jianpucn-458359	images-prep/jianpucn-linjunjie/凤凰于飞尤克里里谱（ 单音四 ）__jianpucn-458359	jianpucn-458359	0	18	4	
原来 （ C调指法原版编配）__jianpucn-467140	images-prep/jianpucn-linjunjie/原来 （ C调指法原版编配）__jianpucn-467140	jianpucn-467140	0	32	6	
只对你说 （ C调指法原版编配）__jianpucn-471339	images-prep/jianpucn-linjunjie/只对你说 （ C调指法原版编配）__jianpucn-471339	jianpucn-471339	0	149	14	
只要有你的地方 林俊杰 C调完整版吉他谱 唯音悦制谱 晚安版 消失爱人主题曲__jianpucn-340524	images-prep/jianpucn-linjunjie/只要有你的地方 林俊杰 C调完整版吉他谱 唯音悦制谱 晚安版 消失爱人主题曲__jianpucn-340524	jianpucn-340524	0	68	6	
可惜沒如果尤克里里谱（ ukulele指弹谱）__jianpucn-462745	images-prep/jianpucn-linjunjie/可惜沒如果尤克里里谱（ ukulele指弹谱）__jianpucn-462745	jianpucn-462745	0	44	5	
可惜没如果 指弹-aoyita编配__jianpucn-279133	images-prep/jianpucn-linjunjie/可惜没如果 指弹-aoyita编配__jianpucn-279133	jianpucn-279133	0	12	6	
可惜没如果 （ C调原版编配）__jianpucn-457843	images-prep/jianpucn-linjunjie/可惜没如果 （ C调原版编配）__jianpucn-457843	jianpucn-457843	0	33	6	
可惜没如果 （ C调指法原版编配）__jianpucn-458252	images-prep/jianpucn-linjunjie/可惜没如果 （ C调指法原版编配）__jianpucn-458252	jianpucn-458252	0	71	6	
她说 （ C调原版编配）__jianpucn-470997	images-prep/jianpucn-linjunjie/她说 （ C调原版编配）__jianpucn-470997	jianpucn-470997	0	26	6	
她说 （ C调指法原版编配）__jianpucn-462960	images-prep/jianpucn-linjunjie/她说 （ C调指法原版编配）__jianpucn-462960	jianpucn-462960	0	10	6	
她说 （ G调原版编配）__jianpucn-462173	images-prep/jianpucn-linjunjie/她说 （ G调原版编配）__jianpucn-462173	jianpucn-462173	0	57	6	
她说 （ G调指法原版编配）__jianpucn-466140	images-prep/jianpucn-linjunjie/她说 （ G调指法原版编配）__jianpucn-466140	jianpucn-466140	0	45	6	
她说( 编配 )__jianpucn-441198	images-prep/jianpucn-linjunjie/她说( 编配 )__jianpucn-441198	jianpucn-441198	0	72	6	
她说- 李雪吉他音乐__jianpucn-273594	images-prep/jianpucn-linjunjie/她说- 李雪吉他音乐__jianpucn-273594	jianpucn-273594	0	22	6	
她说（尤克里里指弹谱）__jianpucn-414221	images-prep/jianpucn-linjunjie/她说（尤克里里指弹谱）__jianpucn-414221	jianpucn-414221	0	20	5	
学不会 钢琴伴奏__jianpucn-183345	images-prep/jianpucn-linjunjie/学不会 钢琴伴奏__jianpucn-183345	jianpucn-183345	0	164	5	
学不会 （ G调指法原版编配）__jianpucn-468474	images-prep/jianpucn-linjunjie/学不会 （ G调指法原版编配）__jianpucn-468474	jianpucn-468474	0	45	8	
害怕 伴奏__jianpucn-218648	images-prep/jianpucn-linjunjie/害怕 伴奏__jianpucn-218648	jianpucn-218648	0	108	5	
害怕 钢琴独奏__jianpucn-244289	images-prep/jianpucn-linjunjie/害怕 钢琴独奏__jianpucn-244289	jianpucn-244289	0	147	5	
将故事写成我们 （ G调原版编配）__jianpucn-469232	images-prep/jianpucn-linjunjie/将故事写成我们 （ G调原版编配）__jianpucn-469232	jianpucn-469232	0	10	6	
小酒窝 （ 蔡卓妍 C调原版编配）__jianpucn-468486	images-prep/jianpucn-linjunjie/小酒窝 （ 蔡卓妍 C调原版编配）__jianpucn-468486	jianpucn-468486	0	32	6	
小酒窝-捷诚吉他0810版__jianpucn-170825	images-prep/jianpucn-linjunjie/小酒窝-捷诚吉他0810版__jianpucn-170825	jianpucn-170825	0	50	6	
小酒窝（庆海吉他编配版）__jianpucn-347936	images-prep/jianpucn-linjunjie/小酒窝（庆海吉他编配版）__jianpucn-347936	jianpucn-347936	0	60	6	
巴洛克先生 钢琴总谱 五线谱—__jianpucn-226957	images-prep/jianpucn-linjunjie/巴洛克先生 钢琴总谱 五线谱—__jianpucn-226957	jianpucn-226957	0	106	5	
巴洛克先生（总谱）__jianpucn-226938	images-prep/jianpucn-linjunjie/巴洛克先生（总谱）__jianpucn-226938	jianpucn-226938	0	107	5	
当你 （ C调指法原版编配）__jianpucn-466146	images-prep/jianpucn-linjunjie/当你 （ C调指法原版编配）__jianpucn-466146	jianpucn-466146	0	66	6	
当你( 编配 )__jianpucn-437853	images-prep/jianpucn-linjunjie/当你( 编配 )__jianpucn-437853	jianpucn-437853	0	69	6	
心墙( A调 编配)__jianpucn-443897	images-prep/jianpucn-linjunjie/心墙( A调 编配)__jianpucn-443897	jianpucn-443897	0	40	7	
忘记（扫描谱）吉他 —__jianpucn-234950	images-prep/jianpucn-linjunjie/忘记（扫描谱）吉他 —__jianpucn-234950	jianpucn-234950	0	50	6	
我怀念的（八戒Hommy编配版）__jianpucn-405430	images-prep/jianpucn-linjunjie/我怀念的（八戒Hommy编配版）__jianpucn-405430	jianpucn-405430	0	26	6	
我还想她 钢琴弹唱谱 五线谱—__jianpucn-226901	images-prep/jianpucn-linjunjie/我还想她 钢琴弹唱谱 五线谱—__jianpucn-226901	jianpucn-226901	0	147	5	
我还想她（弹唱）__jianpucn-226858	images-prep/jianpucn-linjunjie/我还想她（弹唱）__jianpucn-226858	jianpucn-226858	0	157	5	
新地球 （ C调指法原版编配）__jianpucn-457859	images-prep/jianpucn-linjunjie/新地球 （ C调指法原版编配）__jianpucn-457859	jianpucn-457859	0	33	8	
无拘 （ 新歌 G调原版编配）__jianpucn-461911	images-prep/jianpucn-linjunjie/无拘 （ 新歌 G调原版编配）__jianpucn-461911	jianpucn-461911	0	10	6	
曹操 歌曲类 钢琴伴奏谱__jianpucn-112291	images-prep/jianpucn-linjunjie/曹操 歌曲类 钢琴伴奏谱__jianpucn-112291	jianpucn-112291	0	270	5	
曹操 （ G调原版编配）__jianpucn-469565	images-prep/jianpucn-linjunjie/曹操 （ G调原版编配）__jianpucn-469565	jianpucn-469565	0	38	6	
曹操 （ G调指法原版编配）__jianpucn-461301	images-prep/jianpucn-linjunjie/曹操 （ G调指法原版编配）__jianpucn-461301	jianpucn-461301	0	51	6	
曹操(钢琴谱)__jianpucn-96612	images-prep/jianpucn-linjunjie/曹操(钢琴谱)__jianpucn-96612	jianpucn-96612	0	383	10	
期待你的爱 弹唱谱 伴奏__jianpucn-218148	images-prep/jianpucn-linjunjie/期待你的爱 弹唱谱 伴奏__jianpucn-218148	jianpucn-218148	0	118	7	
期待爱尤克里里谱（ C调 ）__jianpucn-458305	images-prep/jianpucn-linjunjie/期待爱尤克里里谱（ C调 ）__jianpucn-458305	jianpucn-458305	0	13	4	
杀手-弹唱版__jianpucn-99909	images-prep/jianpucn-linjunjie/杀手-弹唱版__jianpucn-99909	jianpucn-99909	0	99	5	
林俊杰《一千年以后》 高清吉他谱__jianpucn-158395	images-prep/jianpucn-linjunjie/林俊杰《一千年以后》 高清吉他谱__jianpucn-158395	jianpucn-158395	0	60	6	
江南 吉他类 流行__jianpucn-112539	images-prep/jianpucn-linjunjie/江南 吉他类 流行__jianpucn-112539	jianpucn-112539	0	85	6	
江南 歌曲类 钢琴伴奏谱__jianpucn-112378	images-prep/jianpucn-linjunjie/江南 歌曲类 钢琴伴奏谱__jianpucn-112378	jianpucn-112378	0	137	5	
江南 （ G调原版编配）__jianpucn-467488	images-prep/jianpucn-linjunjie/江南 （ G调原版编配）__jianpucn-467488	jianpucn-467488	0	38	6	
江南 （ G调指法原版编配）__jianpucn-461300	images-prep/jianpucn-linjunjie/江南 （ G调指法原版编配）__jianpucn-461300	jianpucn-461300	0	41	8	
江南( G调精华版 编配 猴哥吉他教学)__jianpucn-434877	images-prep/jianpucn-linjunjie/江南( G调精华版 编配 猴哥吉他教学)__jianpucn-434877	jianpucn-434877	0	54	7	
江南( 吉他弹唱教学G调精华版)__jianpucn-442822	images-prep/jianpucn-linjunjie/江南( 吉他弹唱教学G调精华版)__jianpucn-442822	jianpucn-442822	0	48	7	
江南-简易版-弹唱 吉他类 流行__jianpucn-112969	images-prep/jianpucn-linjunjie/江南-简易版-弹唱 吉他类 流行__jianpucn-112969	jianpucn-112969	0	90	7	
江南－简易版 键盘类 钢琴__jianpucn-113725	images-prep/jianpucn-linjunjie/江南－简易版 键盘类 钢琴__jianpucn-113725	jianpucn-113725	0	102	5	
浪漫血液 （ C调原版编配）__jianpucn-466349	images-prep/jianpucn-linjunjie/浪漫血液 （ C调原版编配）__jianpucn-466349	jianpucn-466349	0	14	6	
爱与希望 弹唱 elva520jj版__jianpucn-218670	images-prep/jianpucn-linjunjie/爱与希望 弹唱 elva520jj版__jianpucn-218670	jianpucn-218670	0	110	5	
爱与希望 弹唱版__jianpucn-218220	images-prep/jianpucn-linjunjie/爱与希望 弹唱版__jianpucn-218220	jianpucn-218220	0	124	5	
爱笑的眼睛（原版弹唱）__jianpucn-231546	images-prep/jianpucn-linjunjie/爱笑的眼睛（原版弹唱）__jianpucn-231546	jianpucn-231546	0	116	5	
美人鱼 （ C调原版编配）__jianpucn-458002	images-prep/jianpucn-linjunjie/美人鱼 （ C调原版编配）__jianpucn-458002	jianpucn-458002	0	45	6	
美人鱼 （ C调指法原版编配）__jianpucn-467316	images-prep/jianpucn-linjunjie/美人鱼 （ C调指法原版编配）__jianpucn-467316	jianpucn-467316	0	46	6	
美人鱼－简易版 键盘类 钢琴__jianpucn-113680	images-prep/jianpucn-linjunjie/美人鱼－简易版 键盘类 钢琴__jianpucn-113680	jianpucn-113680	0	217	5	
背对背拥抱 （ C调原版编配）__jianpucn-458225	images-prep/jianpucn-linjunjie/背对背拥抱 （ C调原版编配）__jianpucn-458225	jianpucn-458225	0	63	6	
背对背拥抱-【琅琅吉他】原版编配---林俊杰__jianpucn-202207	images-prep/jianpucn-linjunjie/背对背拥抱-【琅琅吉他】原版编配---林俊杰__jianpucn-202207	jianpucn-202207	0	3	7	
背对背的拥抱尤克里里谱（ C调四 ）__jianpucn-458674	images-prep/jianpucn-linjunjie/背对背的拥抱尤克里里谱（ C调四 ）__jianpucn-458674	jianpucn-458674	0	9	4	
裹着心的光 （ C调原版编配）__jianpucn-457874	images-prep/jianpucn-linjunjie/裹着心的光 （ C调原版编配）__jianpucn-457874	jianpucn-457874	0	48	6	
谢幕 （ C调指法原版编配）__jianpucn-470472	images-prep/jianpucn-linjunjie/谢幕 （ C调指法原版编配）__jianpucn-470472	jianpucn-470472	0	45	6	
那些你很冒险的梦 钢琴独奏谱 最终完美版__jianpucn-218487	images-prep/jianpucn-linjunjie/那些你很冒险的梦 钢琴独奏谱 最终完美版__jianpucn-218487	jianpucn-218487	0	150	6	
那些你很冒险的梦（弹唱版）__jianpucn-235408	images-prep/jianpucn-linjunjie/那些你很冒险的梦（弹唱版）__jianpucn-235408	jianpucn-235408	0	144	5	
醉赤壁 （ G调指法原版编配）__jianpucn-471680	images-prep/jianpucn-linjunjie/醉赤壁 （ G调指法原版编配）__jianpucn-471680	jianpucn-471680	0	63	6	
飞云之下 （韩红 G调原版编配）__jianpucn-469233	images-prep/jianpucn-linjunjie/飞云之下 （韩红 G调原版编配）__jianpucn-469233	jianpucn-469233	0	71	8	
黑夜问白天 （ C调原版编配）__jianpucn-458394	images-prep/jianpucn-linjunjie/黑夜问白天 （ C调原版编配）__jianpucn-458394	jianpucn-458394	0	33	6	
《麻雀》 中级版 吉他弹唱教学__jianpucn-442206	images-prep/jianpucn-lironghao/《麻雀》 中级版 吉他弹唱教学__jianpucn-442206	jianpucn-442206	0	72	6	
《麻雀》 初级版 吉他弹唱教学__jianpucn-442205	images-prep/jianpucn-lironghao/《麻雀》 初级版 吉他弹唱教学__jianpucn-442205	jianpucn-442205	0	65	6	
不说 （ C调指法原版编配）__jianpucn-469332	images-prep/jianpucn-lironghao/不说 （ C调指法原版编配）__jianpucn-469332	jianpucn-469332	0	73	6	
不遗憾 （ C调指法原版编配）__jianpucn-463609	images-prep/jianpucn-lironghao/不遗憾 （ C调指法原版编配）__jianpucn-463609	jianpucn-463609	0	53	6	
模特（齐元义编配版）__jianpucn-301512	images-prep/jianpucn-lironghao/模特（齐元义编配版）__jianpucn-301512	jianpucn-301512	0	44	6	
爸爸妈妈 （ G调原版编配）__jianpucn-465243	images-prep/jianpucn-lironghao/爸爸妈妈 （ G调原版编配）__jianpucn-465243	jianpucn-465243	0	45	6	
老街 （ G调指法原版编配）__jianpucn-466339	images-prep/jianpucn-lironghao/老街 （ G调指法原版编配）__jianpucn-466339	jianpucn-466339	0	51	6	
花样年华 （ G调原版编配）__jianpucn-469236	images-prep/jianpucn-lironghao/花样年华 （ G调原版编配）__jianpucn-469236	jianpucn-469236	0	27	6	
麻雀 （ C调原版编配）__jianpucn-457427	images-prep/jianpucn-lironghao/麻雀 （ C调原版编配）__jianpucn-457427	jianpucn-457427	0	65	6	
麻雀 （ C调指法扫弦版）__jianpucn-458103	images-prep/jianpucn-lironghao/麻雀 （ C调指法扫弦版）__jianpucn-458103	jianpucn-458103	0	59	6	
麻雀(C调 彪叔吉他课制谱谱)__jianpucn-444616	images-prep/jianpucn-lironghao/麻雀(C调 彪叔吉他课制谱谱)__jianpucn-444616	jianpucn-444616	0	33	6	
17岁尤克里里谱（ 十七岁G调乌克丽丽弹唱谱）__jianpucn-462850	images-prep/jianpucn-liudehua/17岁尤克里里谱（ 十七岁G调乌克丽丽弹唱谱）__jianpucn-462850	jianpucn-462850	0	6	4	
《练习》 吉他弹唱教学G调入门版 猴哥吉他教学__jianpucn-440209	images-prep/jianpucn-liudehua/《练习》 吉他弹唱教学G调入门版 猴哥吉他教学__jianpucn-440209	jianpucn-440209	0	65	7	
为爱瘦一次 吉他类 流行__jianpucn-117718	images-prep/jianpucn-liudehua/为爱瘦一次 吉他类 流行__jianpucn-117718	jianpucn-117718	0	50	6	
再说一次我爱你 歌曲类 钢琴伴奏谱__jianpucn-112858	images-prep/jianpucn-liudehua/再说一次我爱你 歌曲类 钢琴伴奏谱__jianpucn-112858	jianpucn-112858	0	147	6	
冰雨钢琴版 南编__jianpucn-216228	images-prep/jianpucn-liudehua/冰雨钢琴版 南编__jianpucn-216228	jianpucn-216228	0	123	5	
冰雨（尤克里里指弹谱）__jianpucn-414340	images-prep/jianpucn-liudehua/冰雨（尤克里里指弹谱）__jianpucn-414340	jianpucn-414340	0	43	4	
刘德华版谢谢你的爱 单独奏__jianpucn-216227	images-prep/jianpucn-liudehua/刘德华版谢谢你的爱 单独奏__jianpucn-216227	jianpucn-216227	0	143	5	
原谅我 吉他工作室 我的特工爷爷 主题曲（ 编配）__jianpucn-341256	images-prep/jianpucn-liudehua/原谅我 吉他工作室 我的特工爷爷 主题曲（ 编配）__jianpucn-341256	jianpucn-341256	0	32	6	
回家的路 吉他弹唱__jianpucn-282519	images-prep/jianpucn-liudehua/回家的路 吉他弹唱__jianpucn-282519	jianpucn-282519	0	47	6	
回家的路（王福熠编配版）__jianpucn-310786	images-prep/jianpucn-liudehua/回家的路（王福熠编配版）__jianpucn-310786	jianpucn-310786	0	24	6	
回家真好 歌曲类 钢琴伴奏谱__jianpucn-112321	images-prep/jianpucn-liudehua/回家真好 歌曲类 钢琴伴奏谱__jianpucn-112321	jianpucn-112321	0	172	5	
忘情水（钢琴独奏）__jianpucn-236747	images-prep/jianpucn-liudehua/忘情水（钢琴独奏）__jianpucn-236747	jianpucn-236747	0	95	5	
恭喜发财尤克里里谱（ 单音四 ）__jianpucn-460134	images-prep/jianpucn-liudehua/恭喜发财尤克里里谱（ 单音四 ）__jianpucn-460134	jianpucn-460134	0	41	4	
投名状(吉他谱)__jianpucn-91135	images-prep/jianpucn-liudehua/投名状(吉他谱)__jianpucn-91135	jianpucn-91135	0	59	6	
暗里着迷 （ C调原版编配）__jianpucn-462696	images-prep/jianpucn-liudehua/暗里着迷 （ C调原版编配）__jianpucn-462696	jianpucn-462696	0	73	8	
暗里着迷 （ C调指法编配）__jianpucn-468483	images-prep/jianpucn-liudehua/暗里着迷 （ C调指法编配）__jianpucn-468483	jianpucn-468483	0	42	7	
暗里着迷 （ G调指法原版编配）__jianpucn-458188	images-prep/jianpucn-liudehua/暗里着迷 （ G调指法原版编配）__jianpucn-458188	jianpucn-458188	0	42	7	
来生缘-弹唱__jianpucn-101178	images-prep/jianpucn-liudehua/来生缘-弹唱__jianpucn-101178	jianpucn-101178	0	112	5	
爱你一万年- （C调编配版 ）__jianpucn-302109	images-prep/jianpucn-liudehua/爱你一万年- （C调编配版 ）__jianpucn-302109	jianpucn-302109	0	93	6	
爱你一万年（ 词曲、梦断弦音编配版）__jianpucn-301507	images-prep/jianpucn-liudehua/爱你一万年（ 词曲、梦断弦音编配版）__jianpucn-301507	jianpucn-301507	0	24	6	
爱火烧不尽 （ G调原版编配）__jianpucn-470141	images-prep/jianpucn-liudehua/爱火烧不尽 （ G调原版编配）__jianpucn-470141	jianpucn-470141	0	39	7	
男人哭吧不是罪（ 编配）__jianpucn-305322	images-prep/jianpucn-liudehua/男人哭吧不是罪（ 编配）__jianpucn-305322	jianpucn-305322	0	46	6	
练习 歌曲类 钢琴伴奏谱__jianpucn-112372	images-prep/jianpucn-liudehua/练习 歌曲类 钢琴伴奏谱__jianpucn-112372	jianpucn-112372	0	183	5	
练习-简易版 歌曲类 钢琴伴奏谱__jianpucn-112373	images-prep/jianpucn-liudehua/练习-简易版 歌曲类 钢琴伴奏谱__jianpucn-112373	jianpucn-112373	0	187	7	
细水长流 （ 吴京 C调原版编配）__jianpucn-467133	images-prep/jianpucn-liudehua/细水长流 （ 吴京 C调原版编配）__jianpucn-467133	jianpucn-467133	0	7	7	
你是这样的人 键盘类 钢琴__jianpucn-114717	images-prep/jianpucn-liuhuan/你是这样的人 键盘类 钢琴__jianpucn-114717	jianpucn-114717	0	166	5	
弯弯的月亮 （ G调指法简单版编配）__jianpucn-471444	images-prep/jianpucn-liuhuan/弯弯的月亮 （ G调指法简单版编配）__jianpucn-471444	jianpucn-471444	0	42	7	
为爱痴狂（ 编配）__jianpucn-303226	images-prep/jianpucn-liuruoying/为爱痴狂（ 编配）__jianpucn-303226	jianpucn-303226	0	64	6	
听说-弹唱 吉他类 流行__jianpucn-113119	images-prep/jianpucn-liuruoying/听说-弹唱 吉他类 流行__jianpucn-113119	jianpucn-113119	0	95	6	
幸福的路（钢琴五线谱）__jianpucn-97903	images-prep/jianpucn-liuruoying/幸福的路（钢琴五线谱）__jianpucn-97903	jianpucn-97903	0	107	5	
成全 （ G调原版指法原版编配）__jianpucn-469658	images-prep/jianpucn-liuruoying/成全 （ G调原版指法原版编配）__jianpucn-469658	jianpucn-469658	0	69	6	
我很好(电影《把爱找回来》吉他谱）__jianpucn-91141	images-prep/jianpucn-liuruoying/我很好(电影《把爱找回来》吉他谱）__jianpucn-91141	jianpucn-91141	0	44	6	
《漂洋过海来看你》 简单版（ 吉他教学）__jianpucn-423177	images-prep/jianpucn-pop/《漂洋过海来看你》 简单版（ 吉他教学）__jianpucn-423177	jianpucn-423177	0	63	6	
山丘 （ C调指法原版编配）__jianpucn-468568	images-prep/jianpucn-pop/山丘 （ C调指法原版编配）__jianpucn-468568	jianpucn-468568	0	73	6	
晚婚 （ C调指法原版编配）__jianpucn-467411	images-prep/jianpucn-pop/晚婚 （ C调指法原版编配）__jianpucn-467411	jianpucn-467411	0	8	6	
晚婚 （ G调原版编配）__jianpucn-457655	images-prep/jianpucn-pop/晚婚 （ G调原版编配）__jianpucn-457655	jianpucn-457655	0	58	6	
台北的红玫瑰（吉他弹唱）__jianpucn-146280	images-prep/jianpucn-pop/台北的红玫瑰（吉他弹唱）__jianpucn-146280	jianpucn-146280	0	73	6	
弹唱词（别后）（吉他弹唱）__jianpucn-146226	images-prep/jianpucn-pop/弹唱词（别后）（吉他弹唱）__jianpucn-146226	jianpucn-146226	0	56	6	
恋曲1990 （ C调原版编配）__jianpucn-468569	images-prep/jianpucn-pop/恋曲1990 （ C调原版编配）__jianpucn-468569	jianpucn-468569	0	33	6	
恋曲1990（侍书琴社编配版）__jianpucn-347548	images-prep/jianpucn-pop/恋曲1990（侍书琴社编配版）__jianpucn-347548	jianpucn-347548	0	56	6	
我所不能了解的事（吉他弹唱）__jianpucn-146281	images-prep/jianpucn-pop/我所不能了解的事（吉他弹唱）__jianpucn-146281	jianpucn-146281	0	53	6	
野百合也有春天 （ C调原版编配）__jianpucn-462440	images-prep/jianpucn-pop/野百合也有春天 （ C调原版编配）__jianpucn-462440	jianpucn-462440	0	74	6	
闪亮的日子（刘厚涛编配版）__jianpucn-277642	images-prep/jianpucn-pop/闪亮的日子（刘厚涛编配版）__jianpucn-277642	jianpucn-277642	0	33	6	
《像我这样的人》 C调扫弦版 高音教编配__jianpucn-422344	images-prep/jianpucn-maobuyi/《像我这样的人》 C调扫弦版 高音教编配__jianpucn-422344	jianpucn-422344	0	40	6	
《像我这样的人》 C调标准版吉他弹唱教学 高音教__jianpucn-422216	images-prep/jianpucn-maobuyi/《像我这样的人》 C调标准版吉他弹唱教学 高音教__jianpucn-422216	jianpucn-422216	0	41	6	
《无问》 G调入门版 高音教编配__jianpucn-423880	images-prep/jianpucn-maobuyi/《无问》 G调入门版 高音教编配__jianpucn-423880	jianpucn-423880	0	51	8	
一荤一素 （ C调原版编配）__jianpucn-466345	images-prep/jianpucn-maobuyi/一荤一素 （ C调原版编配）__jianpucn-466345	jianpucn-466345	0	48	6	
不染 （ G调指法简单版编配）__jianpucn-471005	images-prep/jianpucn-maobuyi/不染 （ G调指法简单版编配）__jianpucn-471005	jianpucn-471005	0	6	6	
东北民谣 （ G调原版编配）__jianpucn-467622	images-prep/jianpucn-maobuyi/东北民谣 （ G调原版编配）__jianpucn-467622	jianpucn-467622	0	51	6	
借 （ C调指法版编配）__jianpucn-462970	images-prep/jianpucn-maobuyi/借 （ C调指法版编配）__jianpucn-462970	jianpucn-462970	0	67	6	
借 （ G调指法简单版编配）__jianpucn-472422	images-prep/jianpucn-maobuyi/借 （ G调指法简单版编配）__jianpucn-472422	jianpucn-472422	0	38	6	
借指弹 （ 吉他独奏 ）__jianpucn-472262	images-prep/jianpucn-maobuyi/借指弹 （ 吉他独奏 ）__jianpucn-472262	jianpucn-472262	0	7	6	
像我这样的人(C调 彪叔吉他课制谱)__jianpucn-444614	images-prep/jianpucn-maobuyi/像我这样的人(C调 彪叔吉他课制谱)__jianpucn-444614	jianpucn-444614	0	23	6	
像我这样的人(指弹谱 吉他独奏谱)__jianpucn-445005	images-prep/jianpucn-maobuyi/像我这样的人(指弹谱 吉他独奏谱)__jianpucn-445005	jianpucn-445005	0	7	6	
入海 （ C调指法原版编配）__jianpucn-466406	images-prep/jianpucn-maobuyi/入海 （ C调指法原版编配）__jianpucn-466406	jianpucn-466406	0	43	6	
入海( C调弹唱谱)__jianpucn-444518	images-prep/jianpucn-maobuyi/入海( C调弹唱谱)__jianpucn-444518	jianpucn-444518	0	40	6	
入海( C调简单版 弹唱谱)__jianpucn-444986	images-prep/jianpucn-maobuyi/入海( C调简单版 弹唱谱)__jianpucn-444986	jianpucn-444986	0	43	6	
入海( 弹唱 )__jianpucn-444980	images-prep/jianpucn-maobuyi/入海( 弹唱 )__jianpucn-444980	jianpucn-444980	0	38	7	
呓语 （ C调原版编配）__jianpucn-457766	images-prep/jianpucn-maobuyi/呓语 （ C调原版编配）__jianpucn-457766	jianpucn-457766	0	46	8	
呓语 （ G调原版编配）__jianpucn-457734	images-prep/jianpucn-maobuyi/呓语 （ G调原版编配）__jianpucn-457734	jianpucn-457734	0	50	6	
呓语 （ G调指法原版编配）__jianpucn-462697	images-prep/jianpucn-maobuyi/呓语 （ G调指法原版编配）__jianpucn-462697	jianpucn-462697	0	4	6	
如果有一天我变得很有钱( G调弹唱谱)__jianpucn-445540	images-prep/jianpucn-maobuyi/如果有一天我变得很有钱( G调弹唱谱)__jianpucn-445540	jianpucn-445540	0	34	6	
家乡人 （ 周深 C调原版编配）__jianpucn-467492	images-prep/jianpucn-maobuyi/家乡人 （ 周深 C调原版编配）__jianpucn-467492	jianpucn-467492	0	607	8	
平凡的一天 （ C调原版编配）__jianpucn-468357	images-prep/jianpucn-maobuyi/平凡的一天 （ C调原版编配）__jianpucn-468357	jianpucn-468357	0	47	6	
消愁 （ G调指法原版编配）__jianpucn-469574	images-prep/jianpucn-maobuyi/消愁 （ G调指法原版编配）__jianpucn-469574	jianpucn-469574	0	62	6	
消愁 （ G调指法简单版）__jianpucn-462632	images-prep/jianpucn-maobuyi/消愁 （ G调指法简单版）__jianpucn-462632	jianpucn-462632	0	55	6	
消愁尤克里里谱（ F调带前奏 ukulele弹唱谱）__jianpucn-462953	images-prep/jianpucn-maobuyi/消愁尤克里里谱（ F调带前奏 ukulele弹唱谱）__jianpucn-462953	jianpucn-462953	0	143	4	
甘心替代你 （ C调原版编配）__jianpucn-458089	images-prep/jianpucn-maobuyi/甘心替代你 （ C调原版编配）__jianpucn-458089	jianpucn-458089	0	55	6	
盛夏 （ G调指法原版编配）__jianpucn-466847	images-prep/jianpucn-maobuyi/盛夏 （ G调指法原版编配）__jianpucn-466847	jianpucn-466847	0	60	6	
红莓花儿开 （ F调指法简易版）__jianpucn-472495	images-prep/jianpucn-maobuyi/红莓花儿开 （ F调指法简易版）__jianpucn-472495	jianpucn-472495	0	40	6	
聊聊 （ G调指法原版编配）__jianpucn-462481	images-prep/jianpucn-maobuyi/聊聊 （ G调指法原版编配）__jianpucn-462481	jianpucn-462481	0	55	6	
其实我一直想对你说(吉他谱)__jianpucn-91111	images-prep/jianpucn-pop/其实我一直想对你说(吉他谱)__jianpucn-91111	jianpucn-91111	0	61	6	
忽然之间尤克里里谱（ C调简单版）__jianpucn-461872	images-prep/jianpucn-pop/忽然之间尤克里里谱（ C调简单版）__jianpucn-461872	jianpucn-461872	0	45	4	
电台情歌 （邓超 G调指法）__jianpucn-458456	images-prep/jianpucn-pop/电台情歌 （邓超 G调指法）__jianpucn-458456	jianpucn-458456	0	52	8	
盛夏的果实（简单编配版）__jianpucn-295691	images-prep/jianpucn-pop/盛夏的果实（简单编配版）__jianpucn-295691	jianpucn-295691	0	35	6	
《有个爱你的人不容易》 吉他弹唱教学G调入门版__jianpucn-440788	images-prep/jianpucn-naying/《有个爱你的人不容易》 吉他弹唱教学G调入门版__jianpucn-440788	jianpucn-440788	0	54	6	
1874尤克里里谱（ 1874ukulele指弹四 ）__jianpucn-462832	images-prep/jianpucn-pop/1874尤克里里谱（ 1874ukulele指弹四 ）__jianpucn-462832	jianpucn-462832	0	50	6	
A promise（钢琴谱 五线谱）__jianpucn-186264	images-prep/jianpucn-pop/A promise（钢琴谱 五线谱）__jianpucn-186264	jianpucn-186264	0	104	5	
Dear U- 弹唱版__jianpucn-103720	images-prep/jianpucn-pop/Dear U- 弹唱版__jianpucn-103720	jianpucn-103720	0	132	5	
Dear U弹唱 吉他类 流行__jianpucn-112851	images-prep/jianpucn-pop/Dear U弹唱 吉他类 流行__jianpucn-112851	jianpucn-112851	0	172	6	
E-lover-弹唱版__jianpucn-103631	images-prep/jianpucn-pop/E-lover-弹唱版__jianpucn-103631	jianpucn-103631	0	152	5	
FLY AWAY -伴奏版__jianpucn-102881	images-prep/jianpucn-pop/FLY AWAY -伴奏版__jianpucn-102881	jianpucn-102881	0	145	5	
FLY AWAY钢琴谱 五线谱__jianpucn-188521	images-prep/jianpucn-pop/FLY AWAY钢琴谱 五线谱__jianpucn-188521	jianpucn-188521	0	144	5	
G大调的悲伤（钢琴弹唱）__jianpucn-302900	images-prep/jianpucn-pop/G大调的悲伤（钢琴弹唱）__jianpucn-302900	jianpucn-302900	0	85	5	
K歌之王 （ C调原版编配）__jianpucn-464810	images-prep/jianpucn-pop/K歌之王 （ C调原版编配）__jianpucn-464810	jianpucn-464810	0	65	6	
K歌之王 （ C调指法原版编配）__jianpucn-470584	images-prep/jianpucn-pop/K歌之王 （ C调指法原版编配）__jianpucn-470584	jianpucn-470584	0	43	6	
fly away纯钢琴弹唱版__jianpucn-121799	images-prep/jianpucn-pop/fly away纯钢琴弹唱版__jianpucn-121799	jianpucn-121799	0	98	5	
k歌之王-弹唱（改变自一个独奏版）__jianpucn-100736	images-prep/jianpucn-pop/k歌之王-弹唱（改变自一个独奏版）__jianpucn-100736	jianpucn-100736	0	127	5	
lonely christmas-（弹唱版）-b欣仔b版__jianpucn-100828	images-prep/jianpucn-pop/lonely christmas-（弹唱版）-b欣仔b版__jianpucn-100828	jianpucn-100828	0	107	5	
《Hey Jude》高清吉他谱__jianpucn-207835	images-prep/jianpucn-pop/《Hey Jude》高清吉他谱__jianpucn-207835	jianpucn-207835	0	59	6	
《K歌之王》 中级版（ 吉他教学）__jianpucn-450758	images-prep/jianpucn-pop/《K歌之王》 中级版（ 吉他教学）__jianpucn-450758	jianpucn-450758	0	69	6	
《K歌之王》 初级版（ 吉他教学）__jianpucn-450759	images-prep/jianpucn-pop/《K歌之王》 初级版（ 吉他教学）__jianpucn-450759	jianpucn-450759	0	66	6	
《单车》 C调简单版（ 吉他弹唱教学）__jianpucn-430146	images-prep/jianpucn-pop/《单车》 C调简单版（ 吉他弹唱教学）__jianpucn-430146	jianpucn-430146	0	64	6	
《只是太爱你》 简单版 吉他弹唱教学__jianpucn-431404	images-prep/jianpucn-pop/《只是太爱你》 简单版 吉他弹唱教学__jianpucn-431404	jianpucn-431404	0	62	6	
《天黑黑-简化版》高清吉他谱__jianpucn-208658	images-prep/jianpucn-pop/《天黑黑-简化版》高清吉他谱__jianpucn-208658	jianpucn-208658	0	63	6	
《如果这就是爱情》小霖重新编配版__jianpucn-231185	images-prep/jianpucn-pop/《如果这就是爱情》小霖重新编配版__jianpucn-231185	jianpucn-231185	0	227	7	
《开始懂了》 初级版 吉他教学__jianpucn-452146	images-prep/jianpucn-pop/《开始懂了》 初级版 吉他教学__jianpucn-452146	jianpucn-452146	0	55	6	
《浮夸》 简单版 吉他弹唱教学__jianpucn-434438	images-prep/jianpucn-pop/《浮夸》 简单版 吉他弹唱教学__jianpucn-434438	jianpucn-434438	0	68	6	
《漂洋过海来看你》 简单版（ 吉他教学）__jianpucn-423177	images-prep/jianpucn-pop/《漂洋过海来看你》 简单版（ 吉他教学）__jianpucn-423177	jianpucn-423177	0	63	6	
《画心》 C调入门版 编配 猴哥吉他教学__jianpucn-439341	images-prep/jianpucn-pop/《画心》 C调入门版 编配 猴哥吉他教学__jianpucn-439341	jianpucn-439341	0	55	6	
《盛夏的果实》 C调简单版（ 吉他教学）__jianpucn-405646	images-prep/jianpucn-pop/《盛夏的果实》 C调简单版（ 吉他教学）__jianpucn-405646	jianpucn-405646	0	44	6	
《让我留在你身边》 C转D调指法（ 编谱）__jianpucn-403455	images-prep/jianpucn-pop/《让我留在你身边》 C转D调指法（ 编谱）__jianpucn-403455	jianpucn-403455	0	69	6	
《遇见》 简单版 吉他弹唱教学__jianpucn-433265	images-prep/jianpucn-pop/《遇见》 简单版 吉他弹唱教学__jianpucn-433265	jianpucn-433265	0	61	6	
一丝不挂 （ C调原版编配）__jianpucn-457834	images-prep/jianpucn-pop/一丝不挂 （ C调原版编配）__jianpucn-457834	jianpucn-457834	0	39	6	
一颗不变心 键盘类 钢琴__jianpucn-115934	images-prep/jianpucn-pop/一颗不变心 键盘类 钢琴__jianpucn-115934	jianpucn-115934	0	2	5	
不必在乎我是谁 （ E调原版编配）__jianpucn-470802	images-prep/jianpucn-pop/不必在乎我是谁 （ E调原版编配）__jianpucn-470802	jianpucn-470802	0	76	6	
不是我不明白-(欣仔改编弹唱版)__jianpucn-101183	images-prep/jianpucn-pop/不是我不明白-(欣仔改编弹唱版)__jianpucn-101183	jianpucn-101183	0	108	5	
不要说话 （ A调原版编配）__jianpucn-463116	images-prep/jianpucn-pop/不要说话 （ A调原版编配）__jianpucn-463116	jianpucn-463116	0	2	6	
丝路 歌曲类 钢琴伴奏谱__jianpucn-112414	images-prep/jianpucn-pop/丝路 歌曲类 钢琴伴奏谱__jianpucn-112414	jianpucn-112414	0	291	6	
丝路 （ C调指法原版编配）__jianpucn-472000	images-prep/jianpucn-pop/丝路 （ C调指法原版编配）__jianpucn-472000	jianpucn-472000	0	52	13	
丝路-简易版-弹唱 吉他类 流行__jianpucn-113128	images-prep/jianpucn-pop/丝路-简易版-弹唱 吉他类 流行__jianpucn-113128	jianpucn-113128	0	213	6	
丝路—简易版 键盘类 钢琴__jianpucn-113603	images-prep/jianpucn-pop/丝路—简易版 键盘类 钢琴__jianpucn-113603	jianpucn-113603	0	103	5	
丝路（小提琴 钢琴）__jianpucn-229847	images-prep/jianpucn-pop/丝路（小提琴 钢琴）__jianpucn-229847	jianpucn-229847	0	134	5	
人来人往 （ G调指法编配）__jianpucn-461900	images-prep/jianpucn-pop/人来人往 （ G调指法编配）__jianpucn-461900	jianpucn-461900	0	67	6	
人来人往( G调 弹唱谱)__jianpucn-445897	images-prep/jianpucn-pop/人来人往( G调 弹唱谱)__jianpucn-445897	jianpucn-445897	0	46	6	
会呼吸的痛 （ G调指法）__jianpucn-457662	images-prep/jianpucn-pop/会呼吸的痛 （ G调指法）__jianpucn-457662	jianpucn-457662	0	38	6	
会呼吸的痛-完全弹唱__jianpucn-122224	images-prep/jianpucn-pop/会呼吸的痛-完全弹唱__jianpucn-122224	jianpucn-122224	0	153	5	
会呼吸的痛－梁静茹－吉他六线谱（非正式版）__jianpucn-208180	images-prep/jianpucn-pop/会呼吸的痛－梁静茹－吉他六线谱（非正式版）__jianpucn-208180	jianpucn-208180	0	51	6	
伤信-弹唱版__jianpucn-103759	images-prep/jianpucn-pop/伤信-弹唱版__jianpucn-103759	jianpucn-103759	0	122	5	
余震 （ C调指法原版编配）__jianpucn-471340	images-prep/jianpucn-pop/余震 （ C调指法原版编配）__jianpucn-471340	jianpucn-471340	0	30	7	
你会不会（钢琴独奏版）__jianpucn-234407	images-prep/jianpucn-pop/你会不会（钢琴独奏版）__jianpucn-234407	jianpucn-234407	0	131	5	
你的样子 （ C调原版编配）__jianpucn-462814	images-prep/jianpucn-pop/你的样子 （ C调原版编配）__jianpucn-462814	jianpucn-462814	0	43	6	
你的背包 （ G调指法简单版编配）__jianpucn-471195	images-prep/jianpucn-pop/你的背包 （ G调指法简单版编配）__jianpucn-471195	jianpucn-471195	0	52	6	
你看你看月亮的脸 （ C调原版编配）__jianpucn-457832	images-prep/jianpucn-pop/你看你看月亮的脸 （ C调原版编配）__jianpucn-457832	jianpucn-457832	0	37	6	
你给我听好 钢琴伴奏谱 —__jianpucn-258607	images-prep/jianpucn-pop/你给我听好 钢琴伴奏谱 —__jianpucn-258607	jianpucn-258607	0	116	5	
偏见-弹唱 吉他类 流行__jianpucn-113094	images-prep/jianpucn-pop/偏见-弹唱 吉他类 流行__jianpucn-113094	jianpucn-113094	0	105	10	
偏见-简易版-弹唱 吉他类 流行__jianpucn-113095	images-prep/jianpucn-pop/偏见-简易版-弹唱 吉他类 流行__jianpucn-113095	jianpucn-113095	0	121	6	
全世界失眠 （ C调指法）__jianpucn-457607	images-prep/jianpucn-pop/全世界失眠 （ C调指法）__jianpucn-457607	jianpucn-457607	0	3	5	
其实我一直想对你说(吉他谱)__jianpucn-91111	images-prep/jianpucn-pop/其实我一直想对你说(吉他谱)__jianpucn-91111	jianpucn-91111	0	61	6	
内疚 （ A调指法原版编配）__jianpucn-466571	images-prep/jianpucn-pop/内疚 （ A调指法原版编配）__jianpucn-466571	jianpucn-466571	0	17	6	
再唱一首（吉他弹唱）__jianpucn-232513	images-prep/jianpucn-pop/再唱一首（吉他弹唱）__jianpucn-232513	jianpucn-232513	0	57	6	
冬季到台北来看雨 独奏__jianpucn-215392	images-prep/jianpucn-pop/冬季到台北来看雨 独奏__jianpucn-215392	jianpucn-215392	0	363	11	
冬季到台北来看雨钢琴版啊南编__jianpucn-216255	images-prep/jianpucn-pop/冬季到台北来看雨钢琴版啊南编__jianpucn-216255	jianpucn-216255	0	142	5	
分分钟需要你尤克里里谱（ A调 ）__jianpucn-461883	images-prep/jianpucn-pop/分分钟需要你尤克里里谱（ A调 ）__jianpucn-461883	jianpucn-461883	0	10	4	
分手快乐尤克里里谱（ C调 ）__jianpucn-458357	images-prep/jianpucn-pop/分手快乐尤克里里谱（ C调 ）__jianpucn-458357	jianpucn-458357	0	0	5	
初级版 《可惜不是你》 吉他弹唱教学__jianpucn-442803	images-prep/jianpucn-pop/初级版 《可惜不是你》 吉他弹唱教学__jianpucn-442803	jianpucn-442803	0	65	6	
别再为他流泪--钢琴弹唱版__jianpucn-95968	images-prep/jianpucn-pop/别再为他流泪--钢琴弹唱版__jianpucn-95968	jianpucn-95968	0	132	5	
别再为他流泪伴奏__jianpucn-122007	images-prep/jianpucn-pop/别再为他流泪伴奏__jianpucn-122007	jianpucn-122007	0	123	5	
勇气 -（弹唱版）__jianpucn-103154	images-prep/jianpucn-pop/勇气 -（弹唱版）__jianpucn-103154	jianpucn-103154	0	141	5	
勇气 歌曲类 钢琴伴奏谱__jianpucn-112805	images-prep/jianpucn-pop/勇气 歌曲类 钢琴伴奏谱__jianpucn-112805	jianpucn-112805	0	167	5	
十年 歌曲类 钢琴伴奏谱__jianpucn-112416	images-prep/jianpucn-pop/十年 歌曲类 钢琴伴奏谱__jianpucn-112416	jianpucn-112416	0	189	5	
十年 钢琴弹唱__jianpucn-222226	images-prep/jianpucn-pop/十年 钢琴弹唱__jianpucn-222226	jianpucn-222226	0	90	5	
十年 钢琴版完美伴奏__jianpucn-218744	images-prep/jianpucn-pop/十年 钢琴版完美伴奏__jianpucn-218744	jianpucn-218744	0	215	5	
十年 （ C调指法简单版）__jianpucn-463043	images-prep/jianpucn-pop/十年 （ C调指法简单版）__jianpucn-463043	jianpucn-463043	0	58	6	
十年 （ G调原版编配）__jianpucn-470791	images-prep/jianpucn-pop/十年 （ G调原版编配）__jianpucn-470791	jianpucn-470791	0	45	6	
十年 （ G调指法原版编配）__jianpucn-466225	images-prep/jianpucn-pop/十年 （ G调指法原版编配）__jianpucn-466225	jianpucn-466225	0	36	6	
十年-我学钢琴__jianpucn-100893	images-prep/jianpucn-pop/十年-我学钢琴__jianpucn-100893	jianpucn-100893	0	128	5	
十年-简易版 歌曲类 钢琴伴奏谱__jianpucn-112417	images-prep/jianpucn-pop/十年-简易版 歌曲类 钢琴伴奏谱__jianpucn-112417	jianpucn-112417	0	161	5	
十年-（弹唱板）__jianpucn-100418	images-prep/jianpucn-pop/十年-（弹唱板）__jianpucn-100418	jianpucn-100418	0	151	5	
十年指弹 （ 卢家宏版独奏 ）__jianpucn-457262	images-prep/jianpucn-pop/十年指弹 （ 卢家宏版独奏 ）__jianpucn-457262	jianpucn-457262	0	40	6	
十年（中音萨克斯版）__jianpucn-421760	images-prep/jianpucn-pop/十年（中音萨克斯版）__jianpucn-421760	jianpucn-421760	0	122	5	
十年（次中音萨克斯版）__jianpucn-421761	images-prep/jianpucn-pop/十年（次中音萨克斯版）__jianpucn-421761	jianpucn-421761	0	126	5	
单恋-总谱__jianpucn-101505	images-prep/jianpucn-pop/单恋-总谱__jianpucn-101505	jianpucn-101505	0	137	5	
单恋钢琴总谱 五线谱__jianpucn-210141	images-prep/jianpucn-pop/单恋钢琴总谱 五线谱__jianpucn-210141	jianpucn-210141	0	136	5	
单车 （ G调原版编配）__jianpucn-457849	images-prep/jianpucn-pop/单车 （ G调原版编配）__jianpucn-457849	jianpucn-457849	0	39	6	
单车 （ G调指法原版编配）__jianpucn-458133	images-prep/jianpucn-pop/单车 （ G调指法原版编配）__jianpucn-458133	jianpucn-458133	0	3	5	
单车指弹 （ 吉他独奏 ）__jianpucn-457698	images-prep/jianpucn-pop/单车指弹 （ 吉他独奏 ）__jianpucn-457698	jianpucn-457698	0	32	6	
只是太爱你 （ G调指法原版编配）__jianpucn-458402	images-prep/jianpucn-pop/只是太爱你 （ G调指法原版编配）__jianpucn-458402	jianpucn-458402	0	54	6	
可 （ 薛之谦 C调原版弹唱谱）__jianpucn-458885	images-prep/jianpucn-pop/可 （ 薛之谦 C调原版弹唱谱）__jianpucn-458885	jianpucn-458885	0	5	6	
可惜不是你 单吉他__jianpucn-215173	images-prep/jianpucn-pop/可惜不是你 单吉他__jianpucn-215173	jianpucn-215173	0	395	20	
可惜不是你 歌曲类 钢琴伴奏谱__jianpucn-112375	images-prep/jianpucn-pop/可惜不是你 歌曲类 钢琴伴奏谱__jianpucn-112375	jianpucn-112375	0	192	6	
可惜不是你 （ C调原版编配）__jianpucn-457406	images-prep/jianpucn-pop/可惜不是你 （ C调原版编配）__jianpucn-457406	jianpucn-457406	0	76	6	
可惜不是你(吉他谱)__jianpucn-91108	images-prep/jianpucn-pop/可惜不是你(吉他谱)__jianpucn-91108	jianpucn-91108	0	58	6	
可惜不是你-简易版 键盘类 钢琴__jianpucn-114460	images-prep/jianpucn-pop/可惜不是你-简易版 键盘类 钢琴__jianpucn-114460	jianpucn-114460	0	125	5	
可惜不是你弹唱版__jianpucn-119014	images-prep/jianpucn-pop/可惜不是你弹唱版__jianpucn-119014	jianpucn-119014	0	134	5	
台北的红玫瑰（吉他弹唱）__jianpucn-146280	images-prep/jianpucn-pop/台北的红玫瑰（吉他弹唱）__jianpucn-146280	jianpucn-146280	0	73	6	
同类 （ D调指法编配）__jianpucn-460972	images-prep/jianpucn-pop/同类 （ D调指法编配）__jianpucn-460972	jianpucn-460972	0	19	6	
同类-弹唱 吉他类 流行__jianpucn-113177	images-prep/jianpucn-pop/同类-弹唱 吉他类 流行__jianpucn-113177	jianpucn-113177	0	177	6	
向左走向右走-弹唱 吉他类 流行__jianpucn-113225	images-prep/jianpucn-pop/向左走向右走-弹唱 吉他类 流行__jianpucn-113225	jianpucn-113225	0	85	6	
向左走向右走（钢琴伴奏谱）__jianpucn-281270	images-prep/jianpucn-pop/向左走向右走（钢琴伴奏谱）__jianpucn-281270	jianpucn-281270	0	94	5	
吻得太逼真 （ C调原版编配）__jianpucn-463038	images-prep/jianpucn-pop/吻得太逼真 （ C调原版编配）__jianpucn-463038	jianpucn-463038	0	40	6	
喜帖街 （ E调指法原版编配）__jianpucn-470468	images-prep/jianpucn-pop/喜帖街 （ E调指法原版编配）__jianpucn-470468	jianpucn-470468	0	17	6	
喜帖街（吉他弹唱谱）__jianpucn-299102	images-prep/jianpucn-pop/喜帖街（吉他弹唱谱）__jianpucn-299102	jianpucn-299102	0	71	6	
四季 （ G调指法原版编配）__jianpucn-467230	images-prep/jianpucn-pop/四季 （ G调指法原版编配）__jianpucn-467230	jianpucn-467230	0	41	6	
围城(吉他谱_版本2)__jianpucn-91145	images-prep/jianpucn-pop/围城(吉他谱_版本2)__jianpucn-91145	jianpucn-91145	0	39	6	
圣诞结 （ C调原版编配）__jianpucn-466579	images-prep/jianpucn-pop/圣诞结 （ C调原版编配）__jianpucn-466579	jianpucn-466579	0	48	6	
圣诞结 （ C调指法简单版编配）__jianpucn-471752	images-prep/jianpucn-pop/圣诞结 （ C调指法简单版编配）__jianpucn-471752	jianpucn-471752	0	48	6	
圣诞结 （ C调指法编配）__jianpucn-467629	images-prep/jianpucn-pop/圣诞结 （ C调指法编配）__jianpucn-467629	jianpucn-467629	0	85	6	
圣诞结 （ G调指法）__jianpucn-457597	images-prep/jianpucn-pop/圣诞结 （ G调指法）__jianpucn-457597	jianpucn-457597	0	45	6	
天涯海角-弹唱 吉他类 流行__jianpucn-113121	images-prep/jianpucn-pop/天涯海角-弹唱 吉他类 流行__jianpucn-113121	jianpucn-113121	0	93	6	
天黑 吉他类 流行__jianpucn-117727	images-prep/jianpucn-pop/天黑 吉他类 流行__jianpucn-117727	jianpucn-117727	0	48	6	
天黑 弹唱版 键盘类 钢琴__jianpucn-113479	images-prep/jianpucn-pop/天黑 弹唱版 键盘类 钢琴__jianpucn-113479	jianpucn-113479	0	23	5	
天黑黑 歌曲类 钢琴伴奏谱__jianpucn-112577	images-prep/jianpucn-pop/天黑黑 歌曲类 钢琴伴奏谱__jianpucn-112577	jianpucn-112577	0	124	5	
天黑黑-弹唱版__jianpucn-103707	images-prep/jianpucn-pop/天黑黑-弹唱版__jianpucn-103707	jianpucn-103707	0	116	5	
天黑黑弹唱版本__jianpucn-218343	images-prep/jianpucn-pop/天黑黑弹唱版本__jianpucn-218343	jianpucn-218343	0	115	5	
天黑黑指弹 （ 吉他独奏 ）__jianpucn-457333	images-prep/jianpucn-pop/天黑黑指弹 （ 吉他独奏 ）__jianpucn-457333	jianpucn-457333	0	13	6	
好久不见 初级进阶版 （ 吉他教学）__jianpucn-408005	images-prep/jianpucn-pop/好久不见 初级进阶版 （ 吉他教学）__jianpucn-408005	jianpucn-408005	0	75	6	
好久不见 （ C调指法原版编配）__jianpucn-458259	images-prep/jianpucn-pop/好久不见 （ C调指法原版编配）__jianpucn-458259	jianpucn-458259	0	50	6	
好久不见 （ C调指法编配）__jianpucn-471452	images-prep/jianpucn-pop/好久不见 （ C调指法编配）__jianpucn-471452	jianpucn-471452	0	11	6	
好久不见(钢琴伴奏谱 失恋33天插曲)__jianpucn-446288	images-prep/jianpucn-pop/好久不见(钢琴伴奏谱 失恋33天插曲)__jianpucn-446288	jianpucn-446288	0	108	5	
好久不见独奏__jianpucn-213559	images-prep/jianpucn-pop/好久不见独奏__jianpucn-213559	jianpucn-213559	0	198	13	
好久不见简单版 酷音小伟吉他教学__jianpucn-408273	images-prep/jianpucn-pop/好久不见简单版 酷音小伟吉他教学__jianpucn-408273	jianpucn-408273	0	65	6	
好久不见（C调初级进阶酷音小伟教学版）__jianpucn-408222	images-prep/jianpucn-pop/好久不见（C调初级进阶酷音小伟教学版）__jianpucn-408222	jianpucn-408222	0	70	6	
如果没有-总谱__jianpucn-117928	images-prep/jianpucn-pop/如果没有-总谱__jianpucn-117928	jianpucn-117928	0	134	5	
如果没有你 琅琅吉他原版__jianpucn-214272	images-prep/jianpucn-pop/如果没有你 琅琅吉他原版__jianpucn-214272	jianpucn-214272	0	19	9	
如果没有你女声弹唱版 降B调__jianpucn-218552	images-prep/jianpucn-pop/如果没有你女声弹唱版 降B调__jianpucn-218552	jianpucn-218552	0	144	5	
孤勇者 （ G调原版编配）__jianpucn-457424	images-prep/jianpucn-pop/孤勇者 （ G调原版编配）__jianpucn-457424	jianpucn-457424	0	45	6	
孤勇者 （ G调指法）__jianpucn-457471	images-prep/jianpucn-pop/孤勇者 （ G调指法）__jianpucn-457471	jianpucn-457471	0	42	6	
孤勇者 （G调原版指法）__jianpucn-457771	images-prep/jianpucn-pop/孤勇者 （G调原版指法）__jianpucn-457771	jianpucn-457771	0	47	6	
孤独患者 （ C调原版编配）__jianpucn-463050	images-prep/jianpucn-pop/孤独患者 （ C调原版编配）__jianpucn-463050	jianpucn-463050	0	41	6	
孤独患者 （ G调原版编配）__jianpucn-468356	images-prep/jianpucn-pop/孤独患者 （ G调原版编配）__jianpucn-468356	jianpucn-468356	0	75	6	
宁夏 歌曲类 钢琴伴奏谱__jianpucn-112366	images-prep/jianpucn-pop/宁夏 歌曲类 钢琴伴奏谱__jianpucn-112366	jianpucn-112366	0	160	5	
宁夏(五线谱)__jianpucn-34865	images-prep/jianpucn-pop/宁夏(五线谱)__jianpucn-34865	jianpucn-34865	0	134	5	
宁夏-弹唱 吉他类 流行__jianpucn-113040	images-prep/jianpucn-pop/宁夏-弹唱 吉他类 流行__jianpucn-113040	jianpucn-113040	0	103	6	
宁夏-简易版-弹唱 吉他类 流行__jianpucn-113041	images-prep/jianpucn-pop/宁夏-简易版-弹唱 吉他类 流行__jianpucn-113041	jianpucn-113041	0	103	6	
宁夏—简易版 键盘类 钢琴__jianpucn-113645	images-prep/jianpucn-pop/宁夏—简易版 键盘类 钢琴__jianpucn-113645	jianpucn-113645	0	109	5	
寂寞的恋人啊 （ G调原版编配）__jianpucn-458227	images-prep/jianpucn-pop/寂寞的恋人啊 （ G调原版编配）__jianpucn-458227	jianpucn-458227	0	54	6	
富士山下 （ C调原版编配）__jianpucn-457736	images-prep/jianpucn-pop/富士山下 （ C调原版编配）__jianpucn-457736	jianpucn-457736	0	40	7	
对你有感觉-弹唱版__jianpucn-101468	images-prep/jianpucn-pop/对你有感觉-弹唱版__jianpucn-101468	jianpucn-101468	0	101	5	
小手拉大手 （ C调原版编配）__jianpucn-462759	images-prep/jianpucn-pop/小手拉大手 （ C调原版编配）__jianpucn-462759	jianpucn-462759	0	49	6	
小手拉大手 （ C调指法编配）__jianpucn-467309	images-prep/jianpucn-pop/小手拉大手 （ C调指法编配）__jianpucn-467309	jianpucn-467309	0	57	6	
小薇-简易版 键盘类 钢琴__jianpucn-114593	images-prep/jianpucn-pop/小薇-简易版 键盘类 钢琴__jianpucn-114593	jianpucn-114593	0	102	5	
小薇（双吉他）__jianpucn-289213	images-prep/jianpucn-pop/小薇（双吉他）__jianpucn-289213	jianpucn-289213	0	75	6	
少年-弹唱 吉他类 流行__jianpucn-113135	images-prep/jianpucn-pop/少年-弹唱 吉他类 流行__jianpucn-113135	jianpucn-113135	0	80	8	
尘大师 （ A调指法原版编配）__jianpucn-470142	images-prep/jianpucn-pop/尘大师 （ A调指法原版编配）__jianpucn-470142	jianpucn-470142	0	37	8	
尚好的青春 （ C调原版编配）__jianpucn-463194	images-prep/jianpucn-pop/尚好的青春 （ C调原版编配）__jianpucn-463194	jianpucn-463194	0	6	6	
尚好的青春 （ G调指法编配）__jianpucn-464797	images-prep/jianpucn-pop/尚好的青春 （ G调指法编配）__jianpucn-464797	jianpucn-464797	0	4	6	
属于（吉他弹唱）__jianpucn-230044	images-prep/jianpucn-pop/属于（吉他弹唱）__jianpucn-230044	jianpucn-230044	0	53	6	
山丘 （ C调指法原版编配）__jianpucn-468568	images-prep/jianpucn-pop/山丘 （ C调指法原版编配）__jianpucn-468568	jianpucn-468568	0	73	6	
岁月如歌 （ 兄妹C调原版编配）__jianpucn-458962	images-prep/jianpucn-pop/岁月如歌 （ 兄妹C调原版编配）__jianpucn-458962	jianpucn-458962	0	2	6	
岁月如歌吉他__jianpucn-220392	images-prep/jianpucn-pop/岁月如歌吉他__jianpucn-220392	jianpucn-220392	0	124	6	
崇拜 伴奏__jianpucn-218704	images-prep/jianpucn-pop/崇拜 伴奏__jianpucn-218704	jianpucn-218704	0	78	5	
差一点(吉他谱)__jianpucn-91351	images-prep/jianpucn-pop/差一点(吉他谱)__jianpucn-91351	jianpucn-91351	0	56	6	
开始懂了 （ C调指法扫弦版）__jianpucn-462819	images-prep/jianpucn-pop/开始懂了 （ C调指法扫弦版）__jianpucn-462819	jianpucn-462819	0	70	6	
开始懂了（尤克里里弹唱谱）__jianpucn-414352	images-prep/jianpucn-pop/开始懂了（尤克里里弹唱谱）__jianpucn-414352	jianpucn-414352	0	11	4	
弹唱词（别后）（吉他弹唱）__jianpucn-146226	images-prep/jianpucn-pop/弹唱词（别后）（吉他弹唱）__jianpucn-146226	jianpucn-146226	0	56	6	
当你老了（ 演唱、刘淇铭编配版）__jianpucn-288376	images-prep/jianpucn-pop/当你老了（ 演唱、刘淇铭编配版）__jianpucn-288376	jianpucn-288376	0	44	6	
当你老了（吉他 ）__jianpucn-294899	images-prep/jianpucn-pop/当你老了（吉他 ）__jianpucn-294899	jianpucn-294899	0	69	6	
忽然之间 （ C调原版编配）__jianpucn-458390	images-prep/jianpucn-pop/忽然之间 （ C调原版编配）__jianpucn-458390	jianpucn-458390	0	50	6	
忽然之间尤克里里谱（ C调简单版）__jianpucn-461872	images-prep/jianpucn-pop/忽然之间尤克里里谱（ C调简单版）__jianpucn-461872	jianpucn-461872	0	45	4	
忽然之间（李洋编配版）__jianpucn-291504	images-prep/jianpucn-pop/忽然之间（李洋编配版）__jianpucn-291504	jianpucn-291504	0	49	5	
恋曲1990 （ C调原版编配）__jianpucn-468569	images-prep/jianpucn-pop/恋曲1990 （ C调原版编配）__jianpucn-468569	jianpucn-468569	0	33	6	
恋曲1990( D调指法)__jianpucn-445006	images-prep/jianpucn-pop/恋曲1990( D调指法)__jianpucn-445006	jianpucn-445006	0	33	6	
恋曲1990（ 编配版）__jianpucn-295568	images-prep/jianpucn-pop/恋曲1990（ 编配版）__jianpucn-295568	jianpucn-295568	0	42	6	
恋曲1990（侍书琴社编配版）__jianpucn-347548	images-prep/jianpucn-pop/恋曲1990（侍书琴社编配版）__jianpucn-347548	jianpucn-347548	0	56	6	
情歌 余杨老师编配__jianpucn-215151	images-prep/jianpucn-pop/情歌 余杨老师编配__jianpucn-215151	jianpucn-215151	0	26	10	
情歌---余杨老师编配版__jianpucn-172539	images-prep/jianpucn-pop/情歌---余杨老师编配版__jianpucn-172539	jianpucn-172539	0	4	7	
慢冷 （ A调指法原版编配）__jianpucn-461016	images-prep/jianpucn-pop/慢冷 （ A调指法原版编配）__jianpucn-461016	jianpucn-461016	0	6	5	
慢冷 （ C调指法原版编配）__jianpucn-460162	images-prep/jianpucn-pop/慢冷 （ C调指法原版编配）__jianpucn-460162	jianpucn-460162	0	23	6	
我也很想他-弹唱 吉他类 流行__jianpucn-113161	images-prep/jianpucn-pop/我也很想他-弹唱 吉他类 流行__jianpucn-113161	jianpucn-113161	0	90	6	
我从新疆来(五线谱_简谱对照)__jianpucn-44686	images-prep/jianpucn-pop/我从新疆来(五线谱_简谱对照)__jianpucn-44686	jianpucn-44686	0	53	5	
我怀念的 钢琴伴奏谱 —__jianpucn-232405	images-prep/jianpucn-pop/我怀念的 钢琴伴奏谱 —__jianpucn-232405	jianpucn-232405	0	648	4	
我怀念的 （ C调原版编配）__jianpucn-463716	images-prep/jianpucn-pop/我怀念的 （ C调原版编配）__jianpucn-463716	jianpucn-463716	0	52	6	
我怀念的（吉他 ）__jianpucn-404703	images-prep/jianpucn-pop/我怀念的（吉他 ）__jianpucn-404703	jianpucn-404703	0	79	6	
我所不能了解的事（吉他弹唱）__jianpucn-146281	images-prep/jianpucn-pop/我所不能了解的事（吉他弹唱）__jianpucn-146281	jianpucn-146281	0	53	6	
我爱你 塞北的雪（弹唱谱）__jianpucn-277575	images-prep/jianpucn-pop/我爱你 塞北的雪（弹唱谱）__jianpucn-277575	jianpucn-277575	0	41	7	
我的爱 歌曲类 钢琴伴奏谱__jianpucn-112570	images-prep/jianpucn-pop/我的爱 歌曲类 钢琴伴奏谱__jianpucn-112570	jianpucn-112570	0	154	5	
我的爱-弹唱 吉他类 流行__jianpucn-113169	images-prep/jianpucn-pop/我的爱-弹唱 吉他类 流行__jianpucn-113169	jianpucn-113169	0	94	6	
我的爱-弹唱版__jianpucn-101557	images-prep/jianpucn-pop/我的爱-弹唱版__jianpucn-101557	jianpucn-101557	0	162	5	
我走以后(吉他谱)__jianpucn-91104	images-prep/jianpucn-pop/我走以后(吉他谱)__jianpucn-91104	jianpucn-91104	0	70	6	
我走以后（约翰 汤普森 成人钢琴教程 第三册）__jianpucn-347541	images-prep/jianpucn-pop/我走以后（约翰 汤普森 成人钢琴教程 第三册）__jianpucn-347541	jianpucn-347541	0	75	5	
掌心-mt200编配版__jianpucn-177561	images-prep/jianpucn-pop/掌心-mt200编配版__jianpucn-177561	jianpucn-177561	0	95	6	
接受-弹唱 吉他类 流行__jianpucn-112968	images-prep/jianpucn-pop/接受-弹唱 吉他类 流行__jianpucn-112968	jianpucn-112968	0	192	6	
撕夜 （ G调指法原版编配）__jianpucn-457946	images-prep/jianpucn-pop/撕夜 （ G调指法原版编配）__jianpucn-457946	jianpucn-457946	0	46	6	
断点 歌曲类 钢琴伴奏谱__jianpucn-112337	images-prep/jianpucn-pop/断点 歌曲类 钢琴伴奏谱__jianpucn-112337	jianpucn-112337	0	363	5	
断点-简易版 歌曲类 钢琴伴奏谱__jianpucn-112338	images-prep/jianpucn-pop/断点-简易版 歌曲类 钢琴伴奏谱__jianpucn-112338	jianpucn-112338	0	158	6	
断点-简易版 键盘类 钢琴__jianpucn-114387	images-prep/jianpucn-pop/断点-简易版 键盘类 钢琴__jianpucn-114387	jianpucn-114387	0	129	5	
断点-简易版-弹唱 吉他类 流行__jianpucn-112932	images-prep/jianpucn-pop/断点-简易版-弹唱 吉他类 流行__jianpucn-112932	jianpucn-112932	0	105	6	
新鲜(钢伴) 歌曲类 钢琴伴奏谱__jianpucn-97634	images-prep/jianpucn-pop/新鲜(钢伴) 歌曲类 钢琴伴奏谱__jianpucn-97634	jianpucn-97634	0	49	6	
无所谓 弹唱版 键盘类 钢琴__jianpucn-113478	images-prep/jianpucn-pop/无所谓 弹唱版 键盘类 钢琴__jianpucn-113478	jianpucn-113478	0	33	5	
无条件 （ C调原版编配）__jianpucn-457491	images-prep/jianpucn-pop/无条件 （ C调原版编配）__jianpucn-457491	jianpucn-457491	0	46	6	
无条件为你(钢伴) 歌曲类 钢琴伴奏谱__jianpucn-97636	images-prep/jianpucn-pop/无条件为你(钢伴) 歌曲类 钢琴伴奏谱__jianpucn-97636	jianpucn-97636	0	81	5	
无条件（吉他弹唱谱）__jianpucn-297364	images-prep/jianpucn-pop/无条件（吉他弹唱谱）__jianpucn-297364	jianpucn-297364	0	74	6	
无能为力-弹唱 吉他类 流行__jianpucn-113235	images-prep/jianpucn-pop/无能为力-弹唱 吉他类 流行__jianpucn-113235	jianpucn-113235	0	102	6	
明天会更好 （ G调原版编配）__jianpucn-462706	images-prep/jianpucn-pop/明天会更好 （ G调原版编配）__jianpucn-462706	jianpucn-462706	0	46	6	
明天会更好-钢琴伴奏版__jianpucn-99987	images-prep/jianpucn-pop/明天会更好-钢琴伴奏版__jianpucn-99987	jianpucn-99987	0	75	5	
春秋（钢琴伴奏谱）__jianpucn-292759	images-prep/jianpucn-pop/春秋（钢琴伴奏谱）__jianpucn-292759	jianpucn-292759	0	840	4	
晚婚 （ C调指法原版编配）__jianpucn-467411	images-prep/jianpucn-pop/晚婚 （ C调指法原版编配）__jianpucn-467411	jianpucn-467411	0	8	6	
晚婚 （ G调原版编配）__jianpucn-457655	images-prep/jianpucn-pop/晚婚 （ G调原版编配）__jianpucn-457655	jianpucn-457655	0	58	6	
晚婚( G调 高清弹唱谱)__jianpucn-446222	images-prep/jianpucn-pop/晚婚( G调 高清弹唱谱)__jianpucn-446222	jianpucn-446222	0	59	6	
暖暖 （ G调指法原版编配）__jianpucn-469439	images-prep/jianpucn-pop/暖暖 （ G调指法原版编配）__jianpucn-469439	jianpucn-469439	0	45	6	
最佳损友 （ C调原版编配）__jianpucn-462808	images-prep/jianpucn-pop/最佳损友 （ C调原版编配）__jianpucn-462808	jianpucn-462808	0	47	6	
最想环游的世界 伴奏__jianpucn-218618	images-prep/jianpucn-pop/最想环游的世界 伴奏__jianpucn-218618	jianpucn-218618	0	139	5	
最想环游的世界（钢琴伴奏谱）__jianpucn-244438	images-prep/jianpucn-pop/最想环游的世界（钢琴伴奏谱）__jianpucn-244438	jianpucn-244438	0	102	5	
欢笑的日子(五线谱_简谱对照)__jianpucn-43687	images-prep/jianpucn-pop/欢笑的日子(五线谱_简谱对照)__jianpucn-43687	jianpucn-43687	0	83	5	
每天第一件事 吉他弹唱__jianpucn-223246	images-prep/jianpucn-pop/每天第一件事 吉他弹唱__jianpucn-223246	jianpucn-223246	0	60	6	
没有如果--全谱（伴奏谱）__jianpucn-95952	images-prep/jianpucn-pop/没有如果--全谱（伴奏谱）__jianpucn-95952	jianpucn-95952	0	134	5	
没有情人的情人节（刘传编配版）__jianpucn-289971	images-prep/jianpucn-pop/没有情人的情人节（刘传编配版）__jianpucn-289971	jianpucn-289971	0	57	6	
流着泪说分手独奏__jianpucn-213564	images-prep/jianpucn-pop/流着泪说分手独奏__jianpucn-213564	jianpucn-213564	0	207	11	
浮夸 （ G调指法简单版编配）__jianpucn-470998	images-prep/jianpucn-pop/浮夸 （ G调指法简单版编配）__jianpucn-470998	jianpucn-470998	0	60	6	
浮夸( 编配)__jianpucn-444504	images-prep/jianpucn-pop/浮夸( 编配)__jianpucn-444504	jianpucn-444504	0	46	6	
淘汰 钢琴弹唱谱 男声a调__jianpucn-242824	images-prep/jianpucn-pop/淘汰 钢琴弹唱谱 男声a调__jianpucn-242824	jianpucn-242824	0	60	5	
淘汰 （ G调原版编配）__jianpucn-463261	images-prep/jianpucn-pop/淘汰 （ G调原版编配）__jianpucn-463261	jianpucn-463261	0	58	6	
淘汰 （ G调指法原版编配）__jianpucn-469564	images-prep/jianpucn-pop/淘汰 （ G调指法原版编配）__jianpucn-469564	jianpucn-469564	0	44	6	
淘汰尤克里里谱（ D调带前奏尾奏）__jianpucn-460954	images-prep/jianpucn-pop/淘汰尤克里里谱（ D调带前奏尾奏）__jianpucn-460954	jianpucn-460954	0	26	6	
然后怎样 （ C调指法原版编配）__jianpucn-471744	images-prep/jianpucn-pop/然后怎样 （ C调指法原版编配）__jianpucn-471744	jianpucn-471744	0	64	6	
然后怎样（小叶歌编配版）__jianpucn-285772	images-prep/jianpucn-pop/然后怎样（小叶歌编配版）__jianpucn-285772	jianpucn-285772	0	68	6	
燕尾蝶-弹唱 吉他类 流行__jianpucn-113277	images-prep/jianpucn-pop/燕尾蝶-弹唱 吉他类 流行__jianpucn-113277	jianpucn-113277	0	100	6	
爱 （ C调指法原版编配）__jianpucn-466220	images-prep/jianpucn-pop/爱 （ C调指法原版编配）__jianpucn-466220	jianpucn-466220	0	60	6	
爱情之所以为爱情 美妙钢琴版（配乐版）__jianpucn-121924	images-prep/jianpucn-pop/爱情之所以为爱情 美妙钢琴版（配乐版）__jianpucn-121924	jianpucn-121924	0	124	5	
爱情转移 （ C调原版编配）__jianpucn-457803	images-prep/jianpucn-pop/爱情转移 （ C调原版编配）__jianpucn-457803	jianpucn-457803	0	39	7	
爱情转移(钢琴谱)__jianpucn-97077	images-prep/jianpucn-pop/爱情转移(钢琴谱)__jianpucn-97077	jianpucn-97077	0	147	5	
爱情转移尤克里里谱（ 单音四 ）__jianpucn-460946	images-prep/jianpucn-pop/爱情转移尤克里里谱（ 单音四 ）__jianpucn-460946	jianpucn-460946	0	27	4	
爱（ 演唱、纯钢琴版）__jianpucn-240209	images-prep/jianpucn-pop/爱（ 演唱、纯钢琴版）__jianpucn-240209	jianpucn-240209	0	107	5	
现象七十二变（吉他弹唱）__jianpucn-146282	images-prep/jianpucn-pop/现象七十二变（吉他弹唱）__jianpucn-146282	jianpucn-146282	0	65	6	
琅琅吉他原版编配 如果没有你---莫文蔚__jianpucn-194201	images-prep/jianpucn-pop/琅琅吉他原版编配 如果没有你---莫文蔚__jianpucn-194201	jianpucn-194201	0	10	7	
电台情歌 （邓超 G调指法）__jianpucn-458456	images-prep/jianpucn-pop/电台情歌 （邓超 G调指法）__jianpucn-458456	jianpucn-458456	0	52	8	
男声版吉他弹唱《遇见》__jianpucn-156669	images-prep/jianpucn-pop/男声版吉他弹唱《遇见》__jianpucn-156669	jianpucn-156669	0	66	6	
瘦瘦的—简易版 键盘类 钢琴__jianpucn-113605	images-prep/jianpucn-pop/瘦瘦的—简易版 键盘类 钢琴__jianpucn-113605	jianpucn-113605	0	102	5	
盛夏的果实伴奏__jianpucn-216222	images-prep/jianpucn-pop/盛夏的果实伴奏__jianpucn-216222	jianpucn-216222	0	120	5	
盛夏的果实（简单编配版）__jianpucn-295691	images-prep/jianpucn-pop/盛夏的果实（简单编配版）__jianpucn-295691	jianpucn-295691	0	35	6	
眼泪成诗 -（弹唱版）__jianpucn-103034	images-prep/jianpucn-pop/眼泪成诗 -（弹唱版）__jianpucn-103034	jianpucn-103034	0	136	5	
眼泪成诗 歌曲类 钢琴伴奏谱__jianpucn-112641	images-prep/jianpucn-pop/眼泪成诗 歌曲类 钢琴伴奏谱__jianpucn-112641	jianpucn-112641	0	338	5	
眼泪成诗－简易版 键盘类 钢琴__jianpucn-114666	images-prep/jianpucn-pop/眼泪成诗－简易版 键盘类 钢琴__jianpucn-114666	jianpucn-114666	0	261	6	
离别 吉他类 流行__jianpucn-91231	images-prep/jianpucn-pop/离别 吉他类 流行__jianpucn-91231	jianpucn-91231	0	19	6	
稳稳的幸福 （ G调原版编配）__jianpucn-470470	images-prep/jianpucn-pop/稳稳的幸福 （ G调原版编配）__jianpucn-470470	jianpucn-470470	0	52	7	
童年( G调简单版 儿歌弹唱谱)__jianpucn-445008	images-prep/jianpucn-pop/童年( G调简单版 儿歌弹唱谱)__jianpucn-445008	jianpucn-445008	0	42	6	
童年-吉他高清谱__jianpucn-208672	images-prep/jianpucn-pop/童年-吉他高清谱__jianpucn-208672	jianpucn-208672	0	98	6	
童年吉他谱 喀什怒放__jianpucn-149331	images-prep/jianpucn-pop/童年吉他谱 喀什怒放__jianpucn-149331	jianpucn-149331	0	28	6	
童年（吉他弹唱版）__jianpucn-295605	images-prep/jianpucn-pop/童年（吉他弹唱版）__jianpucn-295605	jianpucn-295605	0	36	6	
童话 -何山编配简易版__jianpucn-103118	images-prep/jianpucn-pop/童话 -何山编配简易版__jianpucn-103118	jianpucn-103118	0	116	5	
童话 唯一的原调弹唱__jianpucn-223058	images-prep/jianpucn-pop/童话 唯一的原调弹唱__jianpucn-223058	jianpucn-223058	0	114	5	
童话 完整独奏版__jianpucn-214311	images-prep/jianpucn-pop/童话 完整独奏版__jianpucn-214311	jianpucn-214311	0	46	6	
童话 （ C调指法原版编配）__jianpucn-462398	images-prep/jianpucn-pop/童话 （ C调指法原版编配）__jianpucn-462398	jianpucn-462398	0	57	6	
童话(五线谱)__jianpucn-710	images-prep/jianpucn-pop/童话(五线谱)__jianpucn-710	jianpucn-710	0	85	5	
童话(五线谱)__jianpucn-96410	images-prep/jianpucn-pop/童话(五线谱)__jianpucn-96410	jianpucn-96410	0	85	5	
童话-弹唱 吉他类 流行__jianpucn-113175	images-prep/jianpucn-pop/童话-弹唱 吉他类 流行__jianpucn-113175	jianpucn-113175	0	93	6	
童话-弹唱纯钢琴版__jianpucn-101990	images-prep/jianpucn-pop/童话-弹唱纯钢琴版__jianpucn-101990	jianpucn-101990	0	90	5	
童话-独奏__jianpucn-176779	images-prep/jianpucn-pop/童话-独奏__jianpucn-176779	jianpucn-176779	0	46	6	
童话-简易版-弹唱 吉他类 流行__jianpucn-113174	images-prep/jianpucn-pop/童话-简易版-弹唱 吉他类 流行__jianpucn-113174	jianpucn-113174	0	104	6	
童话总谱__jianpucn-102669	images-prep/jianpucn-pop/童话总谱__jianpucn-102669	jianpucn-102669	0	241	6	
童话指弹 （ 吉他独奏 ）__jianpucn-462183	images-prep/jianpucn-pop/童话指弹 （ 吉他独奏 ）__jianpucn-462183	jianpucn-462183	0	77	7	
童话（钢琴伴奏谱、欣仔记谱版）__jianpucn-283630	images-prep/jianpucn-pop/童话（钢琴伴奏谱、欣仔记谱版）__jianpucn-283630	jianpucn-283630	0	88	5	
童话－简易版 键盘类 钢琴__jianpucn-113575	images-prep/jianpucn-pop/童话－简易版 键盘类 钢琴__jianpucn-113575	jianpucn-113575	0	108	5	
第一次 （ C调指法原版编配）__jianpucn-462968	images-prep/jianpucn-pop/第一次 （ C调指法原版编配）__jianpucn-462968	jianpucn-462968	0	73	6	
第一次（弹唱版）__jianpucn-235540	images-prep/jianpucn-pop/第一次（弹唱版）__jianpucn-235540	jianpucn-235540	0	147	5	
约定 歌曲类 钢琴伴奏谱__jianpucn-112802	images-prep/jianpucn-pop/约定 歌曲类 钢琴伴奏谱__jianpucn-112802	jianpucn-112802	0	120	5	
约定 （ 周蕙 C调原版编配）__jianpucn-469105	images-prep/jianpucn-pop/约定 （ 周蕙 C调原版编配）__jianpucn-469105	jianpucn-469105	0	56	6	
约定-（弹唱版）__jianpucn-103000	images-prep/jianpucn-pop/约定-（弹唱版）__jianpucn-103000	jianpucn-103000	0	136	5	
约定-（弹唱版）__jianpucn-234206	images-prep/jianpucn-pop/约定-（弹唱版）__jianpucn-234206	jianpucn-234206	0	124	5	
约定—简易版 键盘类 钢琴__jianpucn-114747	images-prep/jianpucn-pop/约定—简易版 键盘类 钢琴__jianpucn-114747	jianpucn-114747	0	110	5	
约定独奏 风华艺校版__jianpucn-213156	images-prep/jianpucn-pop/约定独奏 风华艺校版__jianpucn-213156	jianpucn-213156	0	42	6	
终于等到你（电视剧《咱们结婚吧》片尾主题曲）（小叶歌编配版 ）__jianpucn-272182	images-prep/jianpucn-pop/终于等到你（电视剧《咱们结婚吧》片尾主题曲）（小叶歌编配版 ）__jianpucn-272182	jianpucn-272182	0	68	6	
胆小鬼 （ G调指法拍弦版）__jianpucn-466856	images-prep/jianpucn-pop/胆小鬼 （ G调指法拍弦版）__jianpucn-466856	jianpucn-466856	0	55	6	
胆小鬼 （ G调指法简单版编配）__jianpucn-471437	images-prep/jianpucn-pop/胆小鬼 （ G调指法简单版编配）__jianpucn-471437	jianpucn-471437	0	46	6	
至少还有你 弹唱版__jianpucn-99620	images-prep/jianpucn-pop/至少还有你 弹唱版__jianpucn-99620	jianpucn-99620	0	146	5	
至少还有你 男声伴奏弹唱版 《大丈夫》电视剧主题曲__jianpucn-251483	images-prep/jianpucn-pop/至少还有你 男声伴奏弹唱版 《大丈夫》电视剧主题曲__jianpucn-251483	jianpucn-251483	0	132	5	
至少还有你 （ C调原版编配）__jianpucn-466144	images-prep/jianpucn-pop/至少还有你 （ C调原版编配）__jianpucn-466144	jianpucn-466144	0	44	6	
至少还有你( C调弹唱谱)__jianpucn-445874	images-prep/jianpucn-pop/至少还有你( C调弹唱谱)__jianpucn-445874	jianpucn-445874	0	40	6	
至少还有你-緋村剑心编配弹唱版__jianpucn-102837	images-prep/jianpucn-pop/至少还有你-緋村剑心编配弹唱版__jianpucn-102837	jianpucn-102837	0	149	5	
至少还有你（吉他 ）__jianpucn-294312	images-prep/jianpucn-pop/至少还有你（吉他 ）__jianpucn-294312	jianpucn-294312	0	63	6	
花园-弹唱版__jianpucn-102264	images-prep/jianpucn-pop/花园-弹唱版__jianpucn-102264	jianpucn-102264	0	148	5	
若无其事 伴奏__jianpucn-218856	images-prep/jianpucn-pop/若无其事 伴奏__jianpucn-218856	jianpucn-218856	0	117	5	
苦瓜 （ C调指法原版编配）__jianpucn-469831	images-prep/jianpucn-pop/苦瓜 （ C调指法原版编配）__jianpucn-469831	jianpucn-469831	0	69	6	
葡萄成熟时 （ G调指法编配）__jianpucn-458167	images-prep/jianpucn-pop/葡萄成熟时 （ G调指法编配）__jianpucn-458167	jianpucn-458167	0	68	6	
蓝（吉他弹唱）__jianpucn-146223	images-prep/jianpucn-pop/蓝（吉他弹唱）__jianpucn-146223	jianpucn-146223	0	46	7	
让世界充满爱—含指法__jianpucn-122174	images-prep/jianpucn-pop/让世界充满爱—含指法__jianpucn-122174	jianpucn-122174	0	123	5	
让我留在你身边 （ C调原版编配）__jianpucn-458949	images-prep/jianpucn-pop/让我留在你身边 （ C调原版编配）__jianpucn-458949	jianpucn-458949	0	76	6	
许愿 （ 王大陆 C调原版编配）__jianpucn-467042	images-prep/jianpucn-pop/许愿 （ 王大陆 C调原版编配）__jianpucn-467042	jianpucn-467042	0	135	6	
路-简易版 键盘类 钢琴__jianpucn-114498	images-prep/jianpucn-pop/路-简易版 键盘类 钢琴__jianpucn-114498	jianpucn-114498	0	282	5	
边关情(五线谱_简谱对照)__jianpucn-44675	images-prep/jianpucn-pop/边关情(五线谱_简谱对照)__jianpucn-44675	jianpucn-44675	0	70	5	
过云雨-弹唱版__jianpucn-102625	images-prep/jianpucn-pop/过云雨-弹唱版__jianpucn-102625	jianpucn-102625	0	156	5	
过云雨（尤克里里指弹谱）__jianpucn-414017	images-prep/jianpucn-pop/过云雨（尤克里里指弹谱）__jianpucn-414017	jianpucn-414017	0	9	4	
过云雨（钢琴伴奏谱、Sunny 记谱制谱版）__jianpucn-279960	images-prep/jianpucn-pop/过云雨（钢琴伴奏谱、Sunny 记谱制谱版）__jianpucn-279960	jianpucn-279960	0	107	5	
这世界那么多人 （ G调原版编配）__jianpucn-470338	images-prep/jianpucn-pop/这世界那么多人 （ G调原版编配）__jianpucn-470338	jianpucn-470338	0	4	6	
这世界那么多人 （ G调指法）__jianpucn-458336	images-prep/jianpucn-pop/这世界那么多人 （ G调指法）__jianpucn-458336	jianpucn-458336	0	45	6	
这世界那么多人指弹 （ 独奏 ）__jianpucn-457300	images-prep/jianpucn-pop/这世界那么多人指弹 （ 独奏 ）__jianpucn-457300	jianpucn-457300	0	41	6	
逃亡 （ C调指法原版编配）__jianpucn-472002	images-prep/jianpucn-pop/逃亡 （ C调指法原版编配）__jianpucn-472002	jianpucn-472002	0	74	10	
逆光 （ G调指法原版编配）__jianpucn-471753	images-prep/jianpucn-pop/逆光 （ G调指法原版编配）__jianpucn-471753	jianpucn-471753	0	51	6	
通往爱的路途－简易版 键盘类 钢琴__jianpucn-97579	images-prep/jianpucn-pop/通往爱的路途－简易版 键盘类 钢琴__jianpucn-97579	jianpucn-97579	0	107	5	
遇见 -弹唱版__jianpucn-99954	images-prep/jianpucn-pop/遇见 -弹唱版__jianpucn-99954	jianpucn-99954	0	126	5	
遇见 歌曲类 钢琴伴奏谱__jianpucn-112803	images-prep/jianpucn-pop/遇见 歌曲类 钢琴伴奏谱__jianpucn-112803	jianpucn-112803	0	190	5	
遇见 简易独奏曲__jianpucn-215161	images-prep/jianpucn-pop/遇见 简易独奏曲__jianpucn-215161	jianpucn-215161	0	51	5	
遇见- （钢琴弹唱版-G）__jianpucn-224658	images-prep/jianpucn-pop/遇见- （钢琴弹唱版-G）__jianpucn-224658	jianpucn-224658	0	106	5	
遇见-适合男生弹唱版__jianpucn-11013	images-prep/jianpucn-pop/遇见-适合男生弹唱版__jianpucn-11013	jianpucn-11013	0	47	6	
遇见指弹 （ 吉他独奏 ）__jianpucn-462400	images-prep/jianpucn-pop/遇见指弹 （ 吉他独奏 ）__jianpucn-462400	jianpucn-462400	0	34	6	
遇见（尤克里里指弹谱）__jianpucn-414341	images-prep/jianpucn-pop/遇见（尤克里里指弹谱）__jianpucn-414341	jianpucn-414341	0	61	6	
遇见（钢琴伴奏谱）__jianpucn-340355	images-prep/jianpucn-pop/遇见（钢琴伴奏谱）__jianpucn-340355	jianpucn-340355	0	82	5	
遥望 键盘类 钢琴__jianpucn-114659	images-prep/jianpucn-pop/遥望 键盘类 钢琴__jianpucn-114659	jianpucn-114659	0	139	5	
都是你 - 弹唱版 弹唱版 -__jianpucn-234895	images-prep/jianpucn-pop/都是你 - 弹唱版 弹唱版 -__jianpucn-234895	jianpucn-234895	0	170	5	
都是你 - 弹唱版__jianpucn-103110	images-prep/jianpucn-pop/都是你 - 弹唱版__jianpucn-103110	jianpucn-103110	0	190	5	
都是你 歌曲类 钢琴伴奏谱__jianpucn-112279	images-prep/jianpucn-pop/都是你 歌曲类 钢琴伴奏谱__jianpucn-112279	jianpucn-112279	0	147	5	
都是你-简易版 键盘类 钢琴__jianpucn-114389	images-prep/jianpucn-pop/都是你-简易版 键盘类 钢琴__jianpucn-114389	jianpucn-114389	0	232	5	
都是你（夏江编配版）__jianpucn-280078	images-prep/jianpucn-pop/都是你（夏江编配版）__jianpucn-280078	jianpucn-280078	0	98	5	
酷爱 （ C调指法原版编配）__jianpucn-471874	images-prep/jianpucn-pop/酷爱 （ C调指法原版编配）__jianpucn-471874	jianpucn-471874	0	49	7	
野百合也有春天 （ C调原版编配）__jianpucn-462440	images-prep/jianpucn-pop/野百合也有春天 （ C调原版编配）__jianpucn-462440	jianpucn-462440	0	74	6	
长江之歌 （ G调指法原版编配）__jianpucn-471193	images-prep/jianpucn-pop/长江之歌 （ G调指法原版编配）__jianpucn-471193	jianpucn-471193	0	9	6	
闪亮的日子（刘厚涛编配版）__jianpucn-277642	images-prep/jianpucn-pop/闪亮的日子（刘厚涛编配版）__jianpucn-277642	jianpucn-277642	0	33	6	
问-大伟吉他教室编配版__jianpucn-190093	images-prep/jianpucn-pop/问-大伟吉他教室编配版__jianpucn-190093	jianpucn-190093	0	48	6	
阴天尤克里里谱（ C调带前奏版）__jianpucn-461012	images-prep/jianpucn-pop/阴天尤克里里谱（ C调带前奏版）__jianpucn-461012	jianpucn-461012	0	163	4	
阴天快乐 （ G调原版编配）__jianpucn-461293	images-prep/jianpucn-pop/阴天快乐 （ G调原版编配）__jianpucn-461293	jianpucn-461293	0	55	6	
阴天快乐尤克里里谱（ F调带前奏）__jianpucn-462147	images-prep/jianpucn-pop/阴天快乐尤克里里谱（ F调带前奏）__jianpucn-462147	jianpucn-462147	0	131	6	
阿猫阿狗 （ G调指法编配）__jianpucn-463123	images-prep/jianpucn-pop/阿猫阿狗 （ G调指法编配）__jianpucn-463123	jianpucn-463123	0	5	6	
陀飞轮 （ C调原版编配）__jianpucn-457830	images-prep/jianpucn-pop/陀飞轮 （ C调原版编配）__jianpucn-457830	jianpucn-457830	0	48	6	
陪你度过漫长岁月尤克里里谱（ G调尤克里里弹唱谱）__jianpucn-461006	images-prep/jianpucn-pop/陪你度过漫长岁月尤克里里谱（ G调尤克里里弹唱谱）__jianpucn-461006	jianpucn-461006	0	5	4	
陪你度过漫长岁月（杨鑫编配版）__jianpucn-348528	images-prep/jianpucn-pop/陪你度过漫长岁月（杨鑫编配版）__jianpucn-348528	jianpucn-348528	0	47	6	
陳奕迅 - 孤獨探戈 (伴奏) 孤獨探戈 (伴奏) -__jianpucn-234424	images-prep/jianpucn-pop/陳奕迅 - 孤獨探戈 (伴奏) 孤獨探戈 (伴奏) -__jianpucn-234424	jianpucn-234424	0	130	7	
陳奕迅 孤獨探戈 伴奏__jianpucn-218949	images-prep/jianpucn-pop/陳奕迅 孤獨探戈 伴奏__jianpucn-218949	jianpucn-218949	0	133	7	
隐形人（钢琴伴奏谱）__jianpucn-289416	images-prep/jianpucn-pop/隐形人（钢琴伴奏谱）__jianpucn-289416	jianpucn-289416	0	98	5	
风中有朵雨做的云（钢琴伴奏谱）__jianpucn-287922	images-prep/jianpucn-pop/风中有朵雨做的云（钢琴伴奏谱）__jianpucn-287922	jianpucn-287922	0	167	8	
风雨同路 吉他弹唱__jianpucn-223089	images-prep/jianpucn-pop/风雨同路 吉他弹唱__jianpucn-223089	jianpucn-223089	0	62	6	
鬼迷心窍 （ C调原版编配）__jianpucn-463179	images-prep/jianpucn-pop/鬼迷心窍 （ C调原版编配）__jianpucn-463179	jianpucn-463179	0	55	6	
黑暗中漫舞 （ G调指法编配）__jianpucn-467882	images-prep/jianpucn-pop/黑暗中漫舞 （ G调指法编配）__jianpucn-467882	jianpucn-467882	0	16	6	
Colorful Days-弹唱 吉他类 流行__jianpucn-112852	images-prep/jianpucn-pushu/Colorful Days-弹唱 吉他类 流行__jianpucn-112852	jianpucn-112852	0	76	6	
New BOY-弹唱 吉他类 流行__jianpucn-112849	images-prep/jianpucn-pushu/New BOY-弹唱 吉他类 流行__jianpucn-112849	jianpucn-112849	0	154	6	
New-Boy （ C调指法扫弦版）__jianpucn-466575	images-prep/jianpucn-pushu/New-Boy （ C调指法扫弦版）__jianpucn-466575	jianpucn-466575	0	37	6	
《平凡之路》双吉他精华版__jianpucn-428467	images-prep/jianpucn-pushu/《平凡之路》双吉他精华版__jianpucn-428467	jianpucn-428467	0	91	6	
《平凡之路》完整吉他弹唱谱__jianpucn-266379	images-prep/jianpucn-pushu/《平凡之路》完整吉他弹唱谱__jianpucn-266379	jianpucn-266379	0	95	6	
《平凡之路》简单版 （ 吉他弹唱教学）__jianpucn-429511	images-prep/jianpucn-pushu/《平凡之路》简单版 （ 吉他弹唱教学）__jianpucn-429511	jianpucn-429511	0	66	6	
《平凡之路》（单吉他弹唱版）__jianpucn-348421	images-prep/jianpucn-pushu/《平凡之路》（单吉他弹唱版）__jianpucn-348421	jianpucn-348421	0	63	6	
且听风吟-弹唱 吉他类 流行__jianpucn-113086	images-prep/jianpucn-pushu/且听风吟-弹唱 吉他类 流行__jianpucn-113086	jianpucn-113086	0	57	6	
九月-弹唱 吉他类 流行__jianpucn-112963	images-prep/jianpucn-pushu/九月-弹唱 吉他类 流行__jianpucn-112963	jianpucn-112963	0	54	6	
傲慢的上校-弹唱 吉他类 流行__jianpucn-112839	images-prep/jianpucn-pushu/傲慢的上校-弹唱 吉他类 流行__jianpucn-112839	jianpucn-112839	0	114	6	
傻子才悲伤-弹唱 吉他类 流行__jianpucn-113136	images-prep/jianpucn-pushu/傻子才悲伤-弹唱 吉他类 流行__jianpucn-113136	jianpucn-113136	0	75	7	
她在睡梦中-弹唱 吉他类 流行__jianpucn-112967	images-prep/jianpucn-pushu/她在睡梦中-弹唱 吉他类 流行__jianpucn-112967	jianpucn-112967	0	74	6	
平凡之路 （ A调原版编配）__jianpucn-457399	images-prep/jianpucn-pushu/平凡之路 （ A调原版编配）__jianpucn-457399	jianpucn-457399	0	86	6	
平凡之路 （ G调指法原版编配）__jianpucn-469328	images-prep/jianpucn-pushu/平凡之路 （ G调指法原版编配）__jianpucn-469328	jianpucn-469328	0	63	6	
平凡之路指弹 （ 吉他独奏 ）__jianpucn-457640	images-prep/jianpucn-pushu/平凡之路指弹 （ 吉他独奏 ）__jianpucn-457640	jianpucn-457640	0	44	6	
平凡之路（ 原版）（ 韩寒词 曲、卢家兴编配）__jianpucn-265412	images-prep/jianpucn-pushu/平凡之路（ 原版）（ 韩寒词 曲、卢家兴编配）__jianpucn-265412	jianpucn-265412	0	83	6	
平凡之路（吉他 ）__jianpucn-293973	images-prep/jianpucn-pushu/平凡之路（吉他 ）__jianpucn-293973	jianpucn-293973	0	68	6	
平凡之路（白健平编配版）__jianpucn-279374	images-prep/jianpucn-pushu/平凡之路（白健平编配版）__jianpucn-279374	jianpucn-279374	0	49	6	
朴树【那些花儿】原版伴奏__jianpucn-209106	images-prep/jianpucn-pushu/朴树【那些花儿】原版伴奏__jianpucn-209106	jianpucn-209106	0	885	4	
来不及-弹唱 吉他类 流行__jianpucn-113016	images-prep/jianpucn-pushu/来不及-弹唱 吉他类 流行__jianpucn-113016	jianpucn-113016	0	73	7	
生如夏花( 编配 )__jianpucn-437861	images-prep/jianpucn-pushu/生如夏花( 编配 )__jianpucn-437861	jianpucn-437861	0	59	6	
生如夏花-弹唱 吉他类 流行__jianpucn-113132	images-prep/jianpucn-pushu/生如夏花-弹唱 吉他类 流行__jianpucn-113132	jianpucn-113132	0	150	6	
白桦林 独奏__jianpucn-215230	images-prep/jianpucn-pushu/白桦林 独奏__jianpucn-215230	jianpucn-215230	0	56	6	
白桦林-弹唱 吉他类 流行__jianpucn-112898	images-prep/jianpucn-pushu/白桦林-弹唱 吉他类 流行__jianpucn-112898	jianpucn-112898	0	56	6	
白桦林（吉他独奏谱）五线谱__jianpucn-90528	images-prep/jianpucn-pushu/白桦林（吉他独奏谱）五线谱__jianpucn-90528	jianpucn-90528	0	36	5	
那些花儿 指弹独奏__jianpucn-215169	images-prep/jianpucn-pushu/那些花儿 指弹独奏__jianpucn-215169	jianpucn-215169	0	114	9	
那些花儿 （ C调指法简单版编配）__jianpucn-462581	images-prep/jianpucn-pushu/那些花儿 （ C调指法简单版编配）__jianpucn-462581	jianpucn-462581	0	43	6	
那些花儿 （ G调原版编配）__jianpucn-457481	images-prep/jianpucn-pushu/那些花儿 （ G调原版编配）__jianpucn-457481	jianpucn-457481	0	67	6	
那些花儿-弹唱 吉他类 流行__jianpucn-113051	images-prep/jianpucn-pushu/那些花儿-弹唱 吉他类 流行__jianpucn-113051	jianpucn-113051	0	157	6	
那些花儿（ 编配版）__jianpucn-295573	images-prep/jianpucn-pushu/那些花儿（ 编配版）__jianpucn-295573	jianpucn-295573	0	55	6	
一场游戏一场梦 吉他类 流行__jianpucn-117689	images-prep/jianpucn-qiqin/一场游戏一场梦 吉他类 流行__jianpucn-117689	jianpucn-117689	0	32	6	
外面的世界-独奏-猪都笑了编配版__jianpucn-170531	images-prep/jianpucn-qiqin/外面的世界-独奏-猪都笑了编配版__jianpucn-170531	jianpucn-170531	0	26	6	
夜夜夜夜 （ G调指法原版编配）__jianpucn-469566	images-prep/jianpucn-qiqin/夜夜夜夜 （ G调指法原版编配）__jianpucn-469566	jianpucn-469566	0	50	6	
月亮代表我的心—简易版 键盘类 钢琴__jianpucn-97356	images-prep/jianpucn-qiqin/月亮代表我的心—简易版 键盘类 钢琴__jianpucn-97356	jianpucn-97356	0	103	5	
火车快开 （ C调指法原版编配）__jianpucn-472205	images-prep/jianpucn-qiqin/火车快开 （ C调指法原版编配）__jianpucn-472205	jianpucn-472205	0	16	8	
你会明白 弹唱版 键盘类 钢琴__jianpucn-113482	images-prep/jianpucn-qiyu/你会明白 弹唱版 键盘类 钢琴__jianpucn-113482	jianpucn-113482	0	42	5	
梦田 （ 潘越云 C调指法原版编配）__jianpucn-471269	images-prep/jianpucn-qiyu/梦田 （ 潘越云 C调指法原版编配）__jianpucn-471269	jianpucn-471269	0	53	7	
Bar Street吉他__jianpucn-220377	images-prep/jianpucn-renxianqi/Bar Street吉他__jianpucn-220377	jianpucn-220377	0	0	12	
任贤齐【老张的歌】伴奏谱+间奏（GTP）__jianpucn-175431	images-prep/jianpucn-renxianqi/任贤齐【老张的歌】伴奏谱+间奏（GTP）__jianpucn-175431	jianpucn-175431	0	874	5	
你愿意 我愿意吉他__jianpucn-220381	images-prep/jianpucn-renxianqi/你愿意 我愿意吉他__jianpucn-220381	jianpucn-220381	0	103	12	
再出发吉他__jianpucn-220379	images-prep/jianpucn-renxianqi/再出发吉他__jianpucn-220379	jianpucn-220379	0	20	7	
再见黄鹤楼吉他__jianpucn-220378	images-prep/jianpucn-renxianqi/再见黄鹤楼吉他__jianpucn-220378	jianpucn-220378	0	0	7	
原版双吉他__jianpucn-203018	images-prep/jianpucn-renxianqi/原版双吉他__jianpucn-203018	jianpucn-203018	0	139	11	
好聚好散吉他__jianpucn-220380	images-prep/jianpucn-renxianqi/好聚好散吉他__jianpucn-220380	jianpucn-220380	0	55	11	
春天花会开 （ G调原版编配）__jianpucn-469103	images-prep/jianpucn-renxianqi/春天花会开 （ G调原版编配）__jianpucn-469103	jianpucn-469103	0	33	6	
死不了原版双吉他__jianpucn-210110	images-prep/jianpucn-renxianqi/死不了原版双吉他__jianpucn-210110	jianpucn-210110	0	139	11	
活着吉他__jianpucn-220383	images-prep/jianpucn-renxianqi/活着吉他__jianpucn-220383	jianpucn-220383	0	28	14	
浪花一朵朵 吉他里里谱 乌克丽丽其他__jianpucn-254143	images-prep/jianpucn-renxianqi/浪花一朵朵 吉他里里谱 乌克丽丽其他__jianpucn-254143	jianpucn-254143	0	8	6	
睡到12点吉他__jianpucn-220382	images-prep/jianpucn-renxianqi/睡到12点吉他__jianpucn-220382	jianpucn-220382	0	176	13	
《越人歌》钢琴伴奏谱__jianpucn-347386	images-prep/jianpucn-songzuying/《越人歌》钢琴伴奏谱__jianpucn-347386	jianpucn-347386	0	136	6	
兵哥哥(五线谱_简谱对照)__jianpucn-60398	images-prep/jianpucn-songzuying/兵哥哥(五线谱_简谱对照)__jianpucn-60398	jianpucn-60398	0	74	5	
好日子 钢琴版__jianpucn-219647	images-prep/jianpucn-songzuying/好日子 钢琴版__jianpucn-219647	jianpucn-219647	0	142	5	
好日子(五线谱_简谱对照)__jianpucn-43666	images-prep/jianpucn-songzuying/好日子(五线谱_简谱对照)__jianpucn-43666	jianpucn-43666	0	56	5	
好日子(五线谱_简谱对照)__jianpucn-60591	images-prep/jianpucn-songzuying/好日子(五线谱_简谱对照)__jianpucn-60591	jianpucn-60591	0	56	5	
爱我中华—含指法__jianpucn-122172	images-prep/jianpucn-songzuying/爱我中华—含指法__jianpucn-122172	jianpucn-122172	0	118	5	
福如东海 五线谱 简谱__jianpucn-56432	images-prep/jianpucn-songzuying/福如东海 五线谱 简谱__jianpucn-56432	jianpucn-56432	0	64	5	
美丽的心情 钢琴 —__jianpucn-228573	images-prep/jianpucn-songzuying/美丽的心情 钢琴 —__jianpucn-228573	jianpucn-228573	0	96	5	
长大后我就成了你（MIDI总谱）__jianpucn-118099	images-prep/jianpucn-songzuying/长大后我就成了你（MIDI总谱）__jianpucn-118099	jianpucn-118099	0	113	5	
E-lover-弹唱版__jianpucn-103631	images-prep/jianpucn-pop/E-lover-弹唱版__jianpucn-103631	jianpucn-103631	0	152	5	
《Hey Jude》高清吉他谱__jianpucn-207835	images-prep/jianpucn-pop/《Hey Jude》高清吉他谱__jianpucn-207835	jianpucn-207835	0	59	6	
《天黑黑-简化版》高清吉他谱__jianpucn-208658	images-prep/jianpucn-pop/《天黑黑-简化版》高清吉他谱__jianpucn-208658	jianpucn-208658	0	63	6	
《开始懂了》 初级版 吉他教学__jianpucn-452146	images-prep/jianpucn-pop/《开始懂了》 初级版 吉他教学__jianpucn-452146	jianpucn-452146	0	55	6	
《遇见》 简单版 吉他弹唱教学__jianpucn-433265	images-prep/jianpucn-pop/《遇见》 简单版 吉他弹唱教学__jianpucn-433265	jianpucn-433265	0	61	6	
同类 （ D调指法编配）__jianpucn-460972	images-prep/jianpucn-pop/同类 （ D调指法编配）__jianpucn-460972	jianpucn-460972	0	19	6	
同类-弹唱 吉他类 流行__jianpucn-113177	images-prep/jianpucn-pop/同类-弹唱 吉他类 流行__jianpucn-113177	jianpucn-113177	0	177	6	
天黑黑 歌曲类 钢琴伴奏谱__jianpucn-112577	images-prep/jianpucn-pop/天黑黑 歌曲类 钢琴伴奏谱__jianpucn-112577	jianpucn-112577	0	124	5	
天黑黑-弹唱版__jianpucn-103707	images-prep/jianpucn-pop/天黑黑-弹唱版__jianpucn-103707	jianpucn-103707	0	116	5	
天黑黑弹唱版本__jianpucn-218343	images-prep/jianpucn-pop/天黑黑弹唱版本__jianpucn-218343	jianpucn-218343	0	115	5	
天黑黑指弹 （ 吉他独奏 ）__jianpucn-457333	images-prep/jianpucn-pop/天黑黑指弹 （ 吉他独奏 ）__jianpucn-457333	jianpucn-457333	0	13	6	
尚好的青春 （ C调原版编配）__jianpucn-463194	images-prep/jianpucn-pop/尚好的青春 （ C调原版编配）__jianpucn-463194	jianpucn-463194	0	6	6	
尚好的青春 （ G调指法编配）__jianpucn-464797	images-prep/jianpucn-pop/尚好的青春 （ G调指法编配）__jianpucn-464797	jianpucn-464797	0	4	6	
开始懂了 （ C调指法扫弦版）__jianpucn-462819	images-prep/jianpucn-pop/开始懂了 （ C调指法扫弦版）__jianpucn-462819	jianpucn-462819	0	70	6	
开始懂了（尤克里里弹唱谱）__jianpucn-414352	images-prep/jianpucn-pop/开始懂了（尤克里里弹唱谱）__jianpucn-414352	jianpucn-414352	0	11	4	
我也很想他-弹唱 吉他类 流行__jianpucn-113161	images-prep/jianpucn-pop/我也很想他-弹唱 吉他类 流行__jianpucn-113161	jianpucn-113161	0	90	6	
我怀念的 钢琴伴奏谱 —__jianpucn-232405	images-prep/jianpucn-pop/我怀念的 钢琴伴奏谱 —__jianpucn-232405	jianpucn-232405	0	648	4	
我怀念的 （ C调原版编配）__jianpucn-463716	images-prep/jianpucn-pop/我怀念的 （ C调原版编配）__jianpucn-463716	jianpucn-463716	0	52	6	
我怀念的（吉他 ）__jianpucn-404703	images-prep/jianpucn-pop/我怀念的（吉他 ）__jianpucn-404703	jianpucn-404703	0	79	6	
我的爱 歌曲类 钢琴伴奏谱__jianpucn-112570	images-prep/jianpucn-pop/我的爱 歌曲类 钢琴伴奏谱__jianpucn-112570	jianpucn-112570	0	154	5	
我的爱-弹唱 吉他类 流行__jianpucn-113169	images-prep/jianpucn-pop/我的爱-弹唱 吉他类 流行__jianpucn-113169	jianpucn-113169	0	94	6	
我的爱-弹唱版__jianpucn-101557	images-prep/jianpucn-pop/我的爱-弹唱版__jianpucn-101557	jianpucn-101557	0	162	5	
男声版吉他弹唱《遇见》__jianpucn-156669	images-prep/jianpucn-pop/男声版吉他弹唱《遇见》__jianpucn-156669	jianpucn-156669	0	66	6	
眼泪成诗 -（弹唱版）__jianpucn-103034	images-prep/jianpucn-pop/眼泪成诗 -（弹唱版）__jianpucn-103034	jianpucn-103034	0	136	5	
眼泪成诗 歌曲类 钢琴伴奏谱__jianpucn-112641	images-prep/jianpucn-pop/眼泪成诗 歌曲类 钢琴伴奏谱__jianpucn-112641	jianpucn-112641	0	338	5	
眼泪成诗－简易版 键盘类 钢琴__jianpucn-114666	images-prep/jianpucn-pop/眼泪成诗－简易版 键盘类 钢琴__jianpucn-114666	jianpucn-114666	0	261	6	
逃亡 （ C调指法原版编配）__jianpucn-472002	images-prep/jianpucn-pop/逃亡 （ C调指法原版编配）__jianpucn-472002	jianpucn-472002	0	74	10	
逆光 （ G调指法原版编配）__jianpucn-471753	images-prep/jianpucn-pop/逆光 （ G调指法原版编配）__jianpucn-471753	jianpucn-471753	0	51	6	
遇见 -弹唱版__jianpucn-99954	images-prep/jianpucn-pop/遇见 -弹唱版__jianpucn-99954	jianpucn-99954	0	126	5	
遇见 歌曲类 钢琴伴奏谱__jianpucn-112803	images-prep/jianpucn-pop/遇见 歌曲类 钢琴伴奏谱__jianpucn-112803	jianpucn-112803	0	190	5	
遇见 简易独奏曲__jianpucn-215161	images-prep/jianpucn-pop/遇见 简易独奏曲__jianpucn-215161	jianpucn-215161	0	51	5	
遇见- （钢琴弹唱版-G）__jianpucn-224658	images-prep/jianpucn-pop/遇见- （钢琴弹唱版-G）__jianpucn-224658	jianpucn-224658	0	106	5	
遇见-适合男生弹唱版__jianpucn-11013	images-prep/jianpucn-pop/遇见-适合男生弹唱版__jianpucn-11013	jianpucn-11013	0	47	6	
遇见指弹 （ 吉他独奏 ）__jianpucn-462400	images-prep/jianpucn-pop/遇见指弹 （ 吉他独奏 ）__jianpucn-462400	jianpucn-462400	0	34	6	
遇见（尤克里里指弹谱）__jianpucn-414341	images-prep/jianpucn-pop/遇见（尤克里里指弹谱）__jianpucn-414341	jianpucn-414341	0	61	6	
遇见（钢琴伴奏谱）__jianpucn-340355	images-prep/jianpucn-pop/遇见（钢琴伴奏谱）__jianpucn-340355	jianpucn-340355	0	82	5	
隐形人（钢琴伴奏谱）__jianpucn-289416	images-prep/jianpucn-pop/隐形人（钢琴伴奏谱）__jianpucn-289416	jianpucn-289416	0	98	5	
军港之夜 吉他独奏谱（五线谱）__jianpucn-90668	images-prep/jianpucn-suxiaoming/军港之夜 吉他独奏谱（五线谱）__jianpucn-90668	jianpucn-90668	0	69	5	
军港之夜 吉他类 流行__jianpucn-91235	images-prep/jianpucn-suxiaoming/军港之夜 吉他类 流行__jianpucn-91235	jianpucn-91235	0	58	6	
干杯朋友 （ D调原版编配）__jianpucn-457880	images-prep/jianpucn-tianzhen/干杯朋友 （ D调原版编配）__jianpucn-457880	jianpucn-457880	0	45	6	
月牙泉 （ F调指法原版编配）__jianpucn-472072	images-prep/jianpucn-tianzhen/月牙泉 （ F调指法原版编配）__jianpucn-472072	jianpucn-472072	0	13	6	
野花( A调弹唱谱)__jianpucn-444520	images-prep/jianpucn-tianzhen/野花( A调弹唱谱)__jianpucn-444520	jianpucn-444520	0	4	6	
其实你不懂我的心 吉他独奏谱 —__jianpucn-250787	images-prep/jianpucn-tongange/其实你不懂我的心 吉他独奏谱 —__jianpucn-250787	jianpucn-250787	0	54	6	
忘不了 键盘类 钢琴__jianpucn-115962	images-prep/jianpucn-tongange/忘不了 键盘类 钢琴__jianpucn-115962	jianpucn-115962	0	1	5	
乱世佳人—原版 键盘类 钢琴__jianpucn-114554	images-prep/jianpucn-twins/乱世佳人—原版 键盘类 钢琴__jianpucn-114554	jianpucn-114554	0	283	5	
我很想爱他—简易版 键盘类 钢琴__jianpucn-97545	images-prep/jianpucn-twins/我很想爱他—简易版 键盘类 钢琴__jianpucn-97545	jianpucn-97545	0	128	5	
星光游乐园-弹唱 吉他类 流行__jianpucn-113220	images-prep/jianpucn-twins/星光游乐园-弹唱 吉他类 流行__jianpucn-113220	jianpucn-113220	0	113	7	
瓶中沙-弹唱 吉他类 流行__jianpucn-113092	images-prep/jianpucn-twins/瓶中沙-弹唱 吉他类 流行__jianpucn-113092	jianpucn-113092	0	116	8	
眼红红 独奏曲__jianpucn-215241	images-prep/jianpucn-twins/眼红红 独奏曲__jianpucn-215241	jianpucn-215241	0	11	6	
眼红红-(原版钢琴)__jianpucn-101334	images-prep/jianpucn-twins/眼红红-(原版钢琴)__jianpucn-101334	jianpucn-101334	0	141	5	
莫斯科没有眼泪 歌曲类 钢琴伴奏谱__jianpucn-112369	images-prep/jianpucn-twins/莫斯科没有眼泪 歌曲类 钢琴伴奏谱__jianpucn-112369	jianpucn-112369	0	141	5	
莫斯科没有眼泪-弹唱 吉他类 流行__jianpucn-113057	images-prep/jianpucn-twins/莫斯科没有眼泪-弹唱 吉他类 流行__jianpucn-113057	jianpucn-113057	0	99	7	
莫期科没有眼泪（下一站天后）—简易版 键盘类 钢琴__jianpucn-113654	images-prep/jianpucn-twins/莫期科没有眼泪（下一站天后）—简易版 键盘类 钢琴__jianpucn-113654	jianpucn-113654	0	78	5	
风筝与风 键盘类 钢琴__jianpucn-114378	images-prep/jianpucn-twins/风筝与风 键盘类 钢琴__jianpucn-114378	jianpucn-114378	0	137	5	
《勇敢的心》 C调入门版 编配 猴哥吉他教学__jianpucn-439633	images-prep/jianpucn-wangfeng/《勇敢的心》 C调入门版 编配 猴哥吉他教学__jianpucn-439633	jianpucn-439633	0	56	6	
《北京爱情故事》主题曲《北京北京》吉他谱__jianpucn-189836	images-prep/jianpucn-wangfeng/《北京爱情故事》主题曲《北京北京》吉他谱__jianpucn-189836	jianpucn-189836	0	60	6	
《当我想你的时候》 G调入门版 编配 猴哥吉他教学__jianpucn-440017	images-prep/jianpucn-wangfeng/《当我想你的时候》 G调入门版 编配 猴哥吉他教学__jianpucn-440017	jianpucn-440017	0	53	7	
《怒放的生命》 C调精华版 编配 猴哥吉他教学__jianpucn-439722	images-prep/jianpucn-wangfeng/《怒放的生命》 C调精华版 编配 猴哥吉他教学__jianpucn-439722	jianpucn-439722	0	57	6	
《硬币》 吉他弹唱教学C调入门版__jianpucn-441346	images-prep/jianpucn-wangfeng/《硬币》 吉他弹唱教学C调入门版__jianpucn-441346	jianpucn-441346	0	65	6	
亲爱的今夜你在哪里 C调 韩凛吉他工作室（韩凛原版编配）__jianpucn-318315	images-prep/jianpucn-wangfeng/亲爱的今夜你在哪里 C调 韩凛吉他工作室（韩凛原版编配）__jianpucn-318315	jianpucn-318315	0	32	6	
亲爱的今夜你在哪里 F调 韩凛吉他工作室 （韩凛原版编配）__jianpucn-318314	images-prep/jianpucn-wangfeng/亲爱的今夜你在哪里 F调 韩凛吉他工作室 （韩凛原版编配）__jianpucn-318314	jianpucn-318314	0	33	6	
你是我心爱的姑娘（中音萨克斯版）__jianpucn-421758	images-prep/jianpucn-wangfeng/你是我心爱的姑娘（中音萨克斯版）__jianpucn-421758	jianpucn-421758	0	95	5	
你是我心爱的姑娘（吉他六线谱）__jianpucn-145772	images-prep/jianpucn-wangfeng/你是我心爱的姑娘（吉他六线谱）__jianpucn-145772	jianpucn-145772	0	73	6	
你是我心爱的姑娘（次中音萨克斯版）__jianpucn-421759	images-prep/jianpucn-wangfeng/你是我心爱的姑娘（次中音萨克斯版）__jianpucn-421759	jianpucn-421759	0	95	5	
光明 （ E调原版带solo编配）__jianpucn-458215	images-prep/jianpucn-wangfeng/光明 （ E调原版带solo编配）__jianpucn-458215	jianpucn-458215	0	86	6	
光明-tx129413编配版__jianpucn-188696	images-prep/jianpucn-wangfeng/光明-tx129413编配版__jianpucn-188696	jianpucn-188696	0	72	6	
再见青春（ 编配版）__jianpucn-347601	images-prep/jianpucn-wangfeng/再见青春（ 编配版）__jianpucn-347601	jianpucn-347601	0	43	6	
北京北京（小白编配、午夜制谱版）__jianpucn-308923	images-prep/jianpucn-wangfeng/北京北京（小白编配、午夜制谱版）__jianpucn-308923	jianpucn-308923	0	242	12	
在雨中 （ F调指法原版编配）__jianpucn-458132	images-prep/jianpucn-wangfeng/在雨中 （ F调指法原版编配）__jianpucn-458132	jianpucn-458132	0	70	6	
在雨中( F调弹唱谱)__jianpucn-446219	images-prep/jianpucn-wangfeng/在雨中( F调弹唱谱)__jianpucn-446219	jianpucn-446219	0	31	6	
存在- (喀什怒放编配版 )__jianpucn-231945	images-prep/jianpucn-wangfeng/存在- (喀什怒放编配版 )__jianpucn-231945	jianpucn-231945	0	94	6	
当我想你的时候( 吉他弹唱教学G调入门版)__jianpucn-443244	images-prep/jianpucn-wangfeng/当我想你的时候( 吉他弹唱教学G调入门版)__jianpucn-443244	jianpucn-443244	0	49	7	
当我想你的时候(弹唱伴奏谱)__jianpucn-446361	images-prep/jianpucn-wangfeng/当我想你的时候(弹唱伴奏谱)__jianpucn-446361	jianpucn-446361	0	130	5	
彼岸（高清吉他六线谱）__jianpucn-145775	images-prep/jianpucn-wangfeng/彼岸（高清吉他六线谱）__jianpucn-145775	jianpucn-145775	0	61	6	
我像梦一样自由( 编配 )__jianpucn-441199	images-prep/jianpucn-wangfeng/我像梦一样自由( 编配 )__jianpucn-441199	jianpucn-441199	0	77	6	
汪峰 像梦一样自由 吉他谱 卢家兴__jianpucn-208345	images-prep/jianpucn-wangfeng/汪峰 像梦一样自由 吉他谱 卢家兴__jianpucn-208345	jianpucn-208345	0	74	6	
生来彷徨 （ G调指法原版编配）__jianpucn-462643	images-prep/jianpucn-wangfeng/生来彷徨 （ G调指法原版编配）__jianpucn-462643	jianpucn-462643	0	52	12	
硬币（原版 、 编配制谱）__jianpucn-317224	images-prep/jianpucn-wangfeng/硬币（原版 、 编配制谱）__jianpucn-317224	jianpucn-317224	0	50	6	
花火（吉他 ）__jianpucn-296502	images-prep/jianpucn-wangfeng/花火（吉他 ）__jianpucn-296502	jianpucn-296502	0	88	6	
西班牙箱琴 （ C调指法编配）__jianpucn-461902	images-prep/jianpucn-wangfeng/西班牙箱琴 （ C调指法编配）__jianpucn-461902	jianpucn-461902	0	54	6	
觉醒(吉他弹唱谱)__jianpucn-90899	images-prep/jianpucn-wangfeng/觉醒(吉他弹唱谱)__jianpucn-90899	jianpucn-90899	0	83	8	
谢谢（ 编配版）__jianpucn-301954	images-prep/jianpucn-wangfeng/谢谢（ 编配版）__jianpucn-301954	jianpucn-301954	0	71	6	
青春 （ G调指法原版编配）__jianpucn-468491	images-prep/jianpucn-wangfeng/青春 （ G调指法原版编配）__jianpucn-468491	jianpucn-468491	0	45	7	
风筝完美弹唱谱__jianpucn-216704	images-prep/jianpucn-wangfeng/风筝完美弹唱谱__jianpucn-216704	jianpucn-216704	0	105	5	
飞得更高( G调弹唱谱 扫弦版)__jianpucn-445887	images-prep/jianpucn-wangfeng/飞得更高( G调弹唱谱 扫弦版)__jianpucn-445887	jianpucn-445887	0	57	6	
飞得更高（ 词曲、弦心距编配版）__jianpucn-283708	images-prep/jianpucn-wangfeng/飞得更高（ 词曲、弦心距编配版）__jianpucn-283708	jianpucn-283708	0	61	6	
飞得更高（ 词曲、王超编配版）__jianpucn-347931	images-prep/jianpucn-wangfeng/飞得更高（ 词曲、王超编配版）__jianpucn-347931	jianpucn-347931	0	63	6	
飞的更高-弹唱 吉他类 流行__jianpucn-112929	images-prep/jianpucn-wangfeng/飞的更高-弹唱 吉他类 流行__jianpucn-112929	jianpucn-112929	0	84	6	
《五月天-时光机》高清吉他谱__jianpucn-208526	images-prep/jianpucn-wuyuetian/《五月天-时光机》高清吉他谱__jianpucn-208526	jianpucn-208526	0	65	6	
《我不愿让你一个人》 简单版 吉他弹唱教学__jianpucn-437227	images-prep/jianpucn-wuyuetian/《我不愿让你一个人》 简单版 吉他弹唱教学__jianpucn-437227	jianpucn-437227	0	66	6	
《温柔_》原版编配-五月天__jianpucn-208460	images-prep/jianpucn-wuyuetian/《温柔_》原版编配-五月天__jianpucn-208460	jianpucn-208460	0	82	6	
为你写下这首情歌 （ C调指法）__jianpucn-467134	images-prep/jianpucn-wuyuetian/为你写下这首情歌 （ C调指法）__jianpucn-467134	jianpucn-467134	0	9	6	
为你写下这首情歌 （ G调指法）__jianpucn-467143	images-prep/jianpucn-wuyuetian/为你写下这首情歌 （ G调指法）__jianpucn-467143	jianpucn-467143	0	14	6	
人生海海（王一编配版）__jianpucn-292176	images-prep/jianpucn-wuyuetian/人生海海（王一编配版）__jianpucn-292176	jianpucn-292176	0	57	6	
仓颉 （ C调指法原版编配）__jianpucn-470586	images-prep/jianpucn-wuyuetian/仓颉 （ C调指法原版编配）__jianpucn-470586	jianpucn-470586	0	80	6	
伤心的人别听慢歌 怪兽电吉他演奏-优化版本__jianpucn-471016	images-prep/jianpucn-wuyuetian/伤心的人别听慢歌 怪兽电吉他演奏-优化版本__jianpucn-471016	jianpucn-471016	0	34	6	
倔强 （ G调指法扫弦版）__jianpucn-465981	images-prep/jianpucn-wuyuetian/倔强 （ G调指法扫弦版）__jianpucn-465981	jianpucn-465981	0	42	6	
倔强-弹唱 吉他类 流行__jianpucn-112961	images-prep/jianpucn-wuyuetian/倔强-弹唱 吉他类 流行__jianpucn-112961	jianpucn-112961	0	102	6	
倔强（钢琴弹唱）__jianpucn-240599	images-prep/jianpucn-wuyuetian/倔强（钢琴弹唱）__jianpucn-240599	jianpucn-240599	0	132	5	
后来的我们 （ G调原版编配）__jianpucn-460969	images-prep/jianpucn-wuyuetian/后来的我们 （ G调原版编配）__jianpucn-460969	jianpucn-460969	0	53	6	
夜访吸血鬼 纯钢琴演奏版__jianpucn-214078	images-prep/jianpucn-wuyuetian/夜访吸血鬼 纯钢琴演奏版__jianpucn-214078	jianpucn-214078	0	100	5	
天使 （ C调指法扫弦版编配）__jianpucn-470595	images-prep/jianpucn-wuyuetian/天使 （ C调指法扫弦版编配）__jianpucn-470595	jianpucn-470595	0	68	6	
天使( C调弹唱谱)__jianpucn-445890	images-prep/jianpucn-wuyuetian/天使( C调弹唱谱)__jianpucn-445890	jianpucn-445890	0	45	6	
天使（阿信词 怪兽曲、Allen编配版）__jianpucn-229279	images-prep/jianpucn-wuyuetian/天使（阿信词 怪兽曲、Allen编配版）__jianpucn-229279	jianpucn-229279	0	59	6	
如烟 吉他谱__jianpucn-165731	images-prep/jianpucn-wuyuetian/如烟 吉他谱__jianpucn-165731	jianpucn-165731	0	102	6	
志明与春娇 （ C调指法原版编配）__jianpucn-470681	images-prep/jianpucn-wuyuetian/志明与春娇 （ C调指法原版编配）__jianpucn-470681	jianpucn-470681	0	68	6	
恋爱ING （ C调原版编配）__jianpucn-462752	images-prep/jianpucn-wuyuetian/恋爱ING （ C调原版编配）__jianpucn-462752	jianpucn-462752	0	37	6	
恋爱ING( C调指法 编配 )__jianpucn-436538	images-prep/jianpucn-wuyuetian/恋爱ING( C调指法 编配 )__jianpucn-436538	jianpucn-436538	0	51	6	
恒星的恒心-弹唱-b欣仔b版__jianpucn-100980	images-prep/jianpucn-wuyuetian/恒星的恒心-弹唱-b欣仔b版__jianpucn-100980	jianpucn-100980	0	84	5	
我又初恋了( G调弹唱)__jianpucn-443758	images-prep/jianpucn-wuyuetian/我又初恋了( G调弹唱)__jianpucn-443758	jianpucn-443758	0	45	6	
拥抱 （ C调指法原版编配）__jianpucn-469573	images-prep/jianpucn-wuyuetian/拥抱 （ C调指法原版编配）__jianpucn-469573	jianpucn-469573	0	66	6	
时光机- （纯钢琴弹唱版）__jianpucn-232465	images-prep/jianpucn-wuyuetian/时光机- （纯钢琴弹唱版）__jianpucn-232465	jianpucn-232465	0	113	5	
时光机（甘文编配版）__jianpucn-290392	images-prep/jianpucn-wuyuetian/时光机（甘文编配版）__jianpucn-290392	jianpucn-290392	0	59	6	
星空 （ D调指法原版编配）__jianpucn-471693	images-prep/jianpucn-wuyuetian/星空 （ D调指法原版编配）__jianpucn-471693	jianpucn-471693	0	57	6	
星空尤克里里谱（ F调带前奏版）__jianpucn-461942	images-prep/jianpucn-wuyuetian/星空尤克里里谱（ F调带前奏版）__jianpucn-461942	jianpucn-461942	0	157	4	
温柔 （ G调指法原版编配）__jianpucn-466848	images-prep/jianpucn-wuyuetian/温柔 （ G调指法原版编配）__jianpucn-466848	jianpucn-466848	0	80	6	
温柔-(纯钢琴伴奏)__jianpucn-101332	images-prep/jianpucn-wuyuetian/温柔-(纯钢琴伴奏)__jianpucn-101332	jianpucn-101332	0	108	5	
玫瑰少年 （蔡依林 G调指法）__jianpucn-457490	images-prep/jianpucn-wuyuetian/玫瑰少年 （蔡依林 G调指法）__jianpucn-457490	jianpucn-457490	0	58	6	
知足 歌曲类 钢琴伴奏谱__jianpucn-112857	images-prep/jianpucn-wuyuetian/知足 歌曲类 钢琴伴奏谱__jianpucn-112857	jianpucn-112857	0	125	5	
知足 （ C调指法原版编配）__jianpucn-466668	images-prep/jianpucn-wuyuetian/知足 （ C调指法原版编配）__jianpucn-466668	jianpucn-466668	0	62	6	
知足 （ C调指法编配）__jianpucn-463331	images-prep/jianpucn-wuyuetian/知足 （ C调指法编配）__jianpucn-463331	jianpucn-463331	0	75	6	
知足-弹唱版__jianpucn-103430	images-prep/jianpucn-wuyuetian/知足-弹唱版__jianpucn-103430	jianpucn-103430	0	149	5	
知足-纯正钢琴版__jianpucn-101054	images-prep/jianpucn-wuyuetian/知足-纯正钢琴版__jianpucn-101054	jianpucn-101054	0	125	5	
知足尤克里里谱（ C调简单版）__jianpucn-462460	images-prep/jianpucn-wuyuetian/知足尤克里里谱（ C调简单版）__jianpucn-462460	jianpucn-462460	0	23	4	
知足尤克里里谱（ 简单版四 ）__jianpucn-458935	images-prep/jianpucn-wuyuetian/知足尤克里里谱（ 简单版四 ）__jianpucn-458935	jianpucn-458935	0	8	4	
知足指弹 （ 吉他独奏 ）__jianpucn-457593	images-prep/jianpucn-wuyuetian/知足指弹 （ 吉他独奏 ）__jianpucn-457593	jianpucn-457593	0	3	6	
知足指弹 （ 简单版独奏 ）__jianpucn-457391	images-prep/jianpucn-wuyuetian/知足指弹 （ 简单版独奏 ）__jianpucn-457391	jianpucn-457391	0	9	6	
知足（幸福编配版）__jianpucn-347031	images-prep/jianpucn-wuyuetian/知足（幸福编配版）__jianpucn-347031	jianpucn-347031	0	71	5	
私奔到月球尤克里里谱（ G调扫弦版）__jianpucn-461941	images-prep/jianpucn-wuyuetian/私奔到月球尤克里里谱（ G调扫弦版）__jianpucn-461941	jianpucn-461941	0	10	5	
突然好想你 原版独奏 指弹__jianpucn-221278	images-prep/jianpucn-wuyuetian/突然好想你 原版独奏 指弹__jianpucn-221278	jianpucn-221278	0	3	7	
突然好想你 （ C调原版弹唱谱）__jianpucn-458613	images-prep/jianpucn-wuyuetian/突然好想你 （ C调原版弹唱谱）__jianpucn-458613	jianpucn-458613	0	50	6	
突然好想你- （指弹独奏 ）__jianpucn-293587	images-prep/jianpucn-wuyuetian/突然好想你- （指弹独奏 ）__jianpucn-293587	jianpucn-293587	0	63	6	
突然好想你_独奏__jianpucn-170223	images-prep/jianpucn-wuyuetian/突然好想你_独奏__jianpucn-170223	jianpucn-170223	0	774	4	
终于结束的起点 （ C调原版编配）__jianpucn-468032	images-prep/jianpucn-wuyuetian/终于结束的起点 （ C调原版编配）__jianpucn-468032	jianpucn-468032	0	47	10	
终于结束的起点指弹 （ 独奏 ）__jianpucn-462499	images-prep/jianpucn-wuyuetian/终于结束的起点指弹 （ 独奏 ）__jianpucn-462499	jianpucn-462499	0	20	5	
能用的 倔强 五月天 总谱__jianpucn-39234	images-prep/jianpucn-wuyuetian/能用的 倔强 五月天 总谱__jianpucn-39234	jianpucn-39234	0	3	6	
让我照顾你-弹唱 吉他类 流行__jianpucn-113080	images-prep/jianpucn-wuyuetian/让我照顾你-弹唱 吉他类 流行__jianpucn-113080	jianpucn-113080	0	78	6	
《丑八怪》 C调标准高清版 高音教编配__jianpucn-422456	images-prep/jianpucn-xuezhiqian/《丑八怪》 C调标准高清版 高音教编配__jianpucn-422456	jianpucn-422456	0	41	6	
《丑八怪》 G调入门高清版 高音教编配__jianpucn-422544	images-prep/jianpucn-xuezhiqian/《丑八怪》 G调入门高清版 高音教编配__jianpucn-422544	jianpucn-422544	0	42	6	
《刚刚好》超原版超好听酷音小伟吉他教学__jianpucn-349630	images-prep/jianpucn-xuezhiqian/《刚刚好》超原版超好听酷音小伟吉他教学__jianpucn-349630	jianpucn-349630	0	66	6	
《天份》 C调入门版 高音教编配__jianpucn-425159	images-prep/jianpucn-xuezhiqian/《天份》 C调入门版 高音教编配__jianpucn-425159	jianpucn-425159	0	37	7	
《天份》 D调精华版 高音教编配__jianpucn-425161	images-prep/jianpucn-xuezhiqian/《天份》 D调精华版 高音教编配__jianpucn-425161	jianpucn-425161	0	37	6	
《暧昧》 C调 酷音小伟吉他教学__jianpucn-414111	images-prep/jianpucn-xuezhiqian/《暧昧》 C调 酷音小伟吉他教学__jianpucn-414111	jianpucn-414111	0	68	6	
《暧昧》 C调指法 完美弹唱版（ 吉他教学）__jianpucn-413966	images-prep/jianpucn-xuezhiqian/《暧昧》 C调指法 完美弹唱版（ 吉他教学）__jianpucn-413966	jianpucn-413966	0	70	6	
《演员》 原版A调 及教学视频（ 编配）__jianpucn-313835	images-prep/jianpucn-xuezhiqian/《演员》 原版A调 及教学视频（ 编配）__jianpucn-313835	jianpucn-313835	0	60	6	
《演员》 原版C调轻松弹唱（ 编谱）__jianpucn-314180	images-prep/jianpucn-xuezhiqian/《演员》 原版C调轻松弹唱（ 编谱）__jianpucn-314180	jianpucn-314180	0	64	6	
《绅士》G转A调指法（ 吉他教学）__jianpucn-346863	images-prep/jianpucn-xuezhiqian/《绅士》G转A调指法（ 吉他教学）__jianpucn-346863	jianpucn-346863	0	64	6	
《耗尽》 初级简单版 吉他弹唱教学__jianpucn-448642	images-prep/jianpucn-xuezhiqian/《耗尽》 初级简单版 吉他弹唱教学__jianpucn-448642	jianpucn-448642	0	77	6	
《耗尽》 初级进阶带教学视频（ 吉他弹唱教学）__jianpucn-448643	images-prep/jianpucn-xuezhiqian/《耗尽》 初级进阶带教学视频（ 吉他弹唱教学）__jianpucn-448643	jianpucn-448643	0	79	6	
下雨了 （ G调指法编配）__jianpucn-466666	images-prep/jianpucn-xuezhiqian/下雨了 （ G调指法编配）__jianpucn-466666	jianpucn-466666	0	55	6	
不爱我 （ G调指法简单版）__jianpucn-458342	images-prep/jianpucn-xuezhiqian/不爱我 （ G调指法简单版）__jianpucn-458342	jianpucn-458342	0	38	6	
丑八怪 C调 及教学（ 吉他教学）__jianpucn-320318	images-prep/jianpucn-xuezhiqian/丑八怪 C调 及教学（ 吉他教学）__jianpucn-320318	jianpucn-320318	0	61	6	
丑八怪 （酷音小伟吉他教学）__jianpucn-320313	images-prep/jianpucn-xuezhiqian/丑八怪 （酷音小伟吉他教学）__jianpucn-320313	jianpucn-320313	0	60	6	
丑八怪（吉他 ）__jianpucn-346605	images-prep/jianpucn-xuezhiqian/丑八怪（吉他 ）__jianpucn-346605	jianpucn-346605	0	57	6	
丑八怪（高音教编配版）__jianpucn-422405	images-prep/jianpucn-xuezhiqian/丑八怪（高音教编配版）__jianpucn-422405	jianpucn-422405	0	36	6	
你还要我怎样 （ C调原版编配）__jianpucn-470475	images-prep/jianpucn-xuezhiqian/你还要我怎样 （ C调原版编配）__jianpucn-470475	jianpucn-470475	0	46	6	
你还要我怎样（酷音小伟编配版）__jianpucn-348494	images-prep/jianpucn-xuezhiqian/你还要我怎样（酷音小伟编配版）__jianpucn-348494	jianpucn-348494	0	59	6	
像风一样 （ C调指法编配）__jianpucn-463269	images-prep/jianpucn-xuezhiqian/像风一样 （ C调指法编配）__jianpucn-463269	jianpucn-463269	0	60	6	
其实 （ C调指法原版编配）__jianpucn-466405	images-prep/jianpucn-xuezhiqian/其实 （ C调指法原版编配）__jianpucn-466405	jianpucn-466405	0	47	6	
几个你 （ C调指法原版编配）__jianpucn-470583	images-prep/jianpucn-xuezhiqian/几个你 （ C调指法原版编配）__jianpucn-470583	jianpucn-470583	0	67	6	
几个你 （ G调原版编配）__jianpucn-457801	images-prep/jianpucn-xuezhiqian/几个你 （ G调原版编配）__jianpucn-457801	jianpucn-457801	0	48	6	
可 （ 张靓颖 C调指法原版编配）__jianpucn-458122	images-prep/jianpucn-xuezhiqian/可 （ 张靓颖 C调指法原版编配）__jianpucn-458122	jianpucn-458122	0	45	6	
天外来物 （ G调原版编配）__jianpucn-461018	images-prep/jianpucn-xuezhiqian/天外来物 （ G调原版编配）__jianpucn-461018	jianpucn-461018	0	48	6	
天外来物 （ G调指法编配）__jianpucn-465721	images-prep/jianpucn-xuezhiqian/天外来物 （ G调指法编配）__jianpucn-465721	jianpucn-465721	0	26	6	
我好像在哪见过你（吉他 ）__jianpucn-401999	images-prep/jianpucn-xuezhiqian/我好像在哪见过你（吉他 ）__jianpucn-401999	jianpucn-401999	0	58	6	
方圆几里 薛之谦 C调简单版吉他谱 唯音悦制谱__jianpucn-405687	images-prep/jianpucn-xuezhiqian/方圆几里 薛之谦 C调简单版吉他谱 唯音悦制谱__jianpucn-405687	jianpucn-405687	0	77	6	
方圆几里 （ C调原版编配）__jianpucn-466422	images-prep/jianpucn-xuezhiqian/方圆几里 （ C调原版编配）__jianpucn-466422	jianpucn-466422	0	56	6	
无数 （ C调指法原版编配）__jianpucn-467135	images-prep/jianpucn-xuezhiqian/无数 （ C调指法原版编配）__jianpucn-467135	jianpucn-467135	0	25	6	
暧昧 （ C调指法简单版编配）__jianpucn-469974	images-prep/jianpucn-xuezhiqian/暧昧 （ C调指法简单版编配）__jianpucn-469974	jianpucn-469974	0	47	7	
木偶人 （ G调指法原版编配）__jianpucn-469572	images-prep/jianpucn-xuezhiqian/木偶人 （ G调指法原版编配）__jianpucn-469572	jianpucn-469572	0	46	6	
木偶人(原声独奏)__jianpucn-436746	images-prep/jianpucn-xuezhiqian/木偶人(原声独奏)__jianpucn-436746	jianpucn-436746	0	77	5	
木偶人尤克里里谱（ 尤克里里单音指弹谱）__jianpucn-462466	images-prep/jianpucn-xuezhiqian/木偶人尤克里里谱（ 尤克里里单音指弹谱）__jianpucn-462466	jianpucn-462466	0	26	4	
来日方长 （ 黄龄 G调原版编配）__jianpucn-462654	images-prep/jianpucn-xuezhiqian/来日方长 （ 黄龄 G调原版编配）__jianpucn-462654	jianpucn-462654	0	45	6	
洛城 （ C调原版编配）__jianpucn-457798	images-prep/jianpucn-xuezhiqian/洛城 （ C调原版编配）__jianpucn-457798	jianpucn-457798	0	53	6	
演员（酷音小伟编配）__jianpucn-313839	images-prep/jianpucn-xuezhiqian/演员（酷音小伟编配）__jianpucn-313839	jianpucn-313839	0	59	6	
爱的期限（钢琴弹唱）__jianpucn-302722	images-prep/jianpucn-xuezhiqian/爱的期限（钢琴弹唱）__jianpucn-302722	jianpucn-302722	0	101	5	
狐狸( G调指法 弹唱 )__jianpucn-445550	images-prep/jianpucn-xuezhiqian/狐狸( G调指法 弹唱 )__jianpucn-445550	jianpucn-445550	0	34	7	
笑场 （ G调指法原版编配）__jianpucn-466231	images-prep/jianpucn-xuezhiqian/笑场 （ G调指法原版编配）__jianpucn-466231	jianpucn-466231	0	52	6	
绅士 （ G调指法原版编配）__jianpucn-461958	images-prep/jianpucn-xuezhiqian/绅士 （ G调指法原版编配）__jianpucn-461958	jianpucn-461958	0	67	6	
背过手尤克里里谱（ C调带前奏版）__jianpucn-458664	images-prep/jianpucn-xuezhiqian/背过手尤克里里谱（ C调带前奏版）__jianpucn-458664	jianpucn-458664	0	5	4	
认真的雪 （ C调原版编配）__jianpucn-462999	images-prep/jianpucn-xuezhiqian/认真的雪 （ C调原版编配）__jianpucn-462999	jianpucn-462999	0	51	6	
违背的青春 （ C调指法）__jianpucn-457600	images-prep/jianpucn-xuezhiqian/违背的青春 （ C调指法）__jianpucn-457600	jianpucn-457600	0	42	6	
（ C调原版编配）__jianpucn-461035	images-prep/jianpucn-xuezhiqian/（ C调原版编配）__jianpucn-461035	jianpucn-461035	0	39	6	
城里的月光 歌曲类 钢琴伴奏谱__jianpucn-112288	images-prep/jianpucn-xumeijing/城里的月光 歌曲类 钢琴伴奏谱__jianpucn-112288	jianpucn-112288	0	176	5	
放你在心里(辵辵弹唱版)__jianpucn-176120	images-prep/jianpucn-xumeijing/放你在心里(辵辵弹唱版)__jianpucn-176120	jianpucn-176120	0	737	5	
阳光总在风雨后-简易版 键盘类 钢琴__jianpucn-114663	images-prep/jianpucn-xumeijing/阳光总在风雨后-简易版 键盘类 钢琴__jianpucn-114663	jianpucn-114663	0	102	5	
《故乡》 简单版 吉他弹唱教学__jianpucn-440838	images-prep/jianpucn-xuwei/《故乡》 简单版 吉他弹唱教学__jianpucn-440838	jianpucn-440838	0	65	6	
《旅行》 C调初级版 吉他教学__jianpucn-452616	images-prep/jianpucn-xuwei/《旅行》 C调初级版 吉他教学__jianpucn-452616	jianpucn-452616	0	75	6	
《曾经的你》 初级简单版 吉他弹唱教学__jianpucn-446635	images-prep/jianpucn-xuwei/《曾经的你》 初级简单版 吉他弹唱教学__jianpucn-446635	jianpucn-446635	0	71	6	
《蓝莲花》 中级版 吉他弹唱教学__jianpucn-432424	images-prep/jianpucn-xuwei/《蓝莲花》 中级版 吉他弹唱教学__jianpucn-432424	jianpucn-432424	0	68	6	
《蓝莲花》 简单版 吉他弹唱教学__jianpucn-432425	images-prep/jianpucn-xuwei/《蓝莲花》 简单版 吉他弹唱教学__jianpucn-432425	jianpucn-432425	0	72	6	
像风一样自由 （ C调原版编配）__jianpucn-466663	images-prep/jianpucn-xuwei/像风一样自由 （ C调原版编配）__jianpucn-466663	jianpucn-466663	0	49	6	
喝茶去-弹唱 吉他类 流行__jianpucn-112924	images-prep/jianpucn-xuwei/喝茶去-弹唱 吉他类 流行__jianpucn-112924	jianpucn-112924	0	87	6	
完美生活 （ C调原版编配）__jianpucn-457783	images-prep/jianpucn-xuwei/完美生活 （ C调原版编配）__jianpucn-457783	jianpucn-457783	0	46	6	
家 （ D调原版指法编配）__jianpucn-457837	images-prep/jianpucn-xuwei/家 （ D调原版指法编配）__jianpucn-457837	jianpucn-457837	0	48	6	
我思念的城市 吉他__jianpucn-220565	images-prep/jianpucn-xuwei/我思念的城市 吉他__jianpucn-220565	jianpucn-220565	0	95	6	
故乡（精准吉他前奏 侍书琴社编配）__jianpucn-347579	images-prep/jianpucn-xuwei/故乡（精准吉他前奏 侍书琴社编配）__jianpucn-347579	jianpucn-347579	0	61	6	
旅行 （ D调原版编配）__jianpucn-467127	images-prep/jianpucn-xuwei/旅行 （ D调原版编配）__jianpucn-467127	jianpucn-467127	0	39	6	
旅行 （ D调指法原版编配）__jianpucn-466224	images-prep/jianpucn-xuwei/旅行 （ D调指法原版编配）__jianpucn-466224	jianpucn-466224	0	51	6	
旅行 （ G调指法原版编配）__jianpucn-463178	images-prep/jianpucn-xuwei/旅行 （ G调指法原版编配）__jianpucn-463178	jianpucn-463178	0	54	6	
旅行 （ G调指法简单版编配）__jianpucn-469973	images-prep/jianpucn-xuwei/旅行 （ G调指法简单版编配）__jianpucn-469973	jianpucn-469973	0	54	6	
旅行-弹唱 吉他类 流行__jianpucn-113003	images-prep/jianpucn-xuwei/旅行-弹唱 吉他类 流行__jianpucn-113003	jianpucn-113003	0	109	6	
旅行－完整版 吉他谱 弹唱谱__jianpucn-191122	images-prep/jianpucn-xuwei/旅行－完整版 吉他谱 弹唱谱__jianpucn-191122	jianpucn-191122	0	25	5	
时光 （ C调指法原版编配）__jianpucn-471595	images-prep/jianpucn-xuwei/时光 （ C调指法原版编配）__jianpucn-471595	jianpucn-471595	0	71	6	
星空 （ G调指法扫弦版）__jianpucn-467487	images-prep/jianpucn-xuwei/星空 （ G调指法扫弦版）__jianpucn-467487	jianpucn-467487	0	62	6	
星空（加入单吉他前奏间奏 侍书琴社编配）__jianpucn-347580	images-prep/jianpucn-xuwei/星空（加入单吉他前奏间奏 侍书琴社编配）__jianpucn-347580	jianpucn-347580	0	60	6	
星空（吉他 ）__jianpucn-293594	images-prep/jianpucn-xuwei/星空（吉他 ）__jianpucn-293594	jianpucn-293594	0	71	6	
晴朗 （ G调指法扫弦版编配）__jianpucn-462648	images-prep/jianpucn-xuwei/晴朗 （ G调指法扫弦版编配）__jianpucn-462648	jianpucn-462648	0	75	6	
曾经的你 （ D调原版编配）__jianpucn-466659	images-prep/jianpucn-xuwei/曾经的你 （ D调原版编配）__jianpucn-466659	jianpucn-466659	0	50	6	
曾经的你 （ E调指法原版编配）__jianpucn-458333	images-prep/jianpucn-xuwei/曾经的你 （ E调指法原版编配）__jianpucn-458333	jianpucn-458333	0	52	6	
每一刻都是崭新的 （ F调指法）__jianpucn-458457	images-prep/jianpucn-xuwei/每一刻都是崭新的 （ F调指法）__jianpucn-458457	jianpucn-458457	0	47	6	
漫步( 编配 )__jianpucn-436499	images-prep/jianpucn-xuwei/漫步( 编配 )__jianpucn-436499	jianpucn-436499	0	72	6	
生活不止眼前的苟且（杨鑫编配版）__jianpucn-348529	images-prep/jianpucn-xuwei/生活不止眼前的苟且（杨鑫编配版）__jianpucn-348529	jianpucn-348529	0	55	6	
礼物 （ D调指法原版编配）__jianpucn-467630	images-prep/jianpucn-xuwei/礼物 （ D调指法原版编配）__jianpucn-467630	jianpucn-467630	0	50	6	
第三极（ 编配版）__jianpucn-316118	images-prep/jianpucn-xuwei/第三极（ 编配版）__jianpucn-316118	jianpucn-316118	0	35	6	
美丽的女人（吉他弹唱）__jianpucn-230039	images-prep/jianpucn-xuwei/美丽的女人（吉他弹唱）__jianpucn-230039	jianpucn-230039	0	68	6	
蓝莲花 （ C调双吉他版）__jianpucn-457484	images-prep/jianpucn-xuwei/蓝莲花 （ C调双吉他版）__jianpucn-457484	jianpucn-457484	0	55	6	
蓝莲花 （ C调指法简单版编配）__jianpucn-463615	images-prep/jianpucn-xuwei/蓝莲花 （ C调指法简单版编配）__jianpucn-463615	jianpucn-463615	0	62	6	
蓝莲花- 阿涛指弹吉他谱__jianpucn-171821	images-prep/jianpucn-xuwei/蓝莲花- 阿涛指弹吉他谱__jianpucn-171821	jianpucn-171821	0	45	6	
蓝莲花-独奏__jianpucn-173225	images-prep/jianpucn-xuwei/蓝莲花-独奏__jianpucn-173225	jianpucn-173225	0	25	6	
蓝莲花吉他独奏版__jianpucn-132533	images-prep/jianpucn-xuwei/蓝莲花吉他独奏版__jianpucn-132533	jianpucn-132533	0	59	6	
许巍《故乡》吉他谱 喀什怒放__jianpucn-149233	images-prep/jianpucn-xuwei/许巍《故乡》吉他谱 喀什怒放__jianpucn-149233	jianpucn-149233	0	51	6	
那一年 （ C调原版编配）__jianpucn-457659	images-prep/jianpucn-xuwei/那一年 （ C调原版编配）__jianpucn-457659	jianpucn-457659	0	36	6	
青鸟II（高清吉他六线谱）__jianpucn-145776	images-prep/jianpucn-xuwei/青鸟II（高清吉他六线谱）__jianpucn-145776	jianpucn-145776	0	93	6	
东方的太阳东方的月亮(五线谱_简谱对照)__jianpucn-44771	images-prep/jianpucn-yanweiwen/东方的太阳东方的月亮(五线谱_简谱对照)__jianpucn-44771	jianpucn-44771	0	89	5	
为祖国守岁(五线谱_简谱对照)__jianpucn-43835	images-prep/jianpucn-yanweiwen/为祖国守岁(五线谱_简谱对照)__jianpucn-43835	jianpucn-43835	0	59	5	
想家的时候(五线谱_简谱对照)__jianpucn-43816	images-prep/jianpucn-yanweiwen/想家的时候(五线谱_简谱对照)__jianpucn-43816	jianpucn-43816	0	71	5	
说句心里话(五线谱_简谱对照)__jianpucn-42650	images-prep/jianpucn-yanweiwen/说句心里话(五线谱_简谱对照)__jianpucn-42650	jianpucn-42650	0	61	5	
阳光路上伴奏正谱__jianpucn-158082	images-prep/jianpucn-yanweiwen/阳光路上伴奏正谱__jianpucn-158082	jianpucn-158082	0	22	6	
我可以抱你吗吉他__jianpucn-220386	images-prep/jianpucn-zhanghuimei/我可以抱你吗吉他__jianpucn-220386	jianpucn-220386	0	7	7	
站在高岗上独奏版__jianpucn-175904	images-prep/jianpucn-zhanghuimei/站在高岗上独奏版__jianpucn-175904	jianpucn-175904	0	828	5	
血腥爱情故事 （ G调原版编配）__jianpucn-471943	images-prep/jianpucn-zhanghuimei/血腥爱情故事 （ G调原版编配）__jianpucn-471943	jianpucn-471943	0	83	12	
《我的中国心》钢琴弹唱版__jianpucn-235393	images-prep/jianpucn-zhangmingmin/《我的中国心》钢琴弹唱版__jianpucn-235393	jianpucn-235393	0	139	5	
一剪梅 吉他独奏谱（五线谱）__jianpucn-90641	images-prep/jianpucn-zhangmingmin/一剪梅 吉他独奏谱（五线谱）__jianpucn-90641	jianpucn-90641	0	59	5	
我的中国心 （ C调原版编配）__jianpucn-468694	images-prep/jianpucn-zhangmingmin/我的中国心 （ C调原版编配）__jianpucn-468694	jianpucn-468694	0	56	6	
从开始到现在 弹唱版 键盘类 钢琴__jianpucn-113489	images-prep/jianpucn-zhangxinzhe/从开始到现在 弹唱版 键盘类 钢琴__jianpucn-113489	jianpucn-113489	0	35	5	
信仰 （ G调指法原版编配）__jianpucn-458229	images-prep/jianpucn-zhangxinzhe/信仰 （ G调指法原版编配）__jianpucn-458229	jianpucn-458229	0	54	6	
白月光尤克里里谱（ F调带前奏版）__jianpucn-458426	images-prep/jianpucn-zhangxinzhe/白月光尤克里里谱（ F调带前奏版）__jianpucn-458426	jianpucn-458426	0	113	4	
白月光－简易版 键盘类 钢琴__jianpucn-115266	images-prep/jianpucn-zhangxinzhe/白月光－简易版 键盘类 钢琴__jianpucn-115266	jianpucn-115266	0	225	5	
《一千个伤心的理由》 G调入门版 编配 猴哥吉他教学__jianpucn-439994	images-prep/jianpucn-zhangxueyou/《一千个伤心的理由》 G调入门版 编配 猴哥吉他教学__jianpucn-439994	jianpucn-439994	0	53	6	
《如果这都不算爱》 C调入门版 编配 猴哥吉他教学__jianpucn-439207	images-prep/jianpucn-zhangxueyou/《如果这都不算爱》 C调入门版 编配 猴哥吉他教学__jianpucn-439207	jianpucn-439207	0	57	6	
《情网》吉他六线谱—至尊宝编配版本__jianpucn-143619	images-prep/jianpucn-zhangxueyou/《情网》吉他六线谱—至尊宝编配版本__jianpucn-143619	jianpucn-143619	0	45	6	
《遥远的她》 简单版 吉他弹唱教学__jianpucn-431588	images-prep/jianpucn-zhangxueyou/《遥远的她》 简单版 吉他弹唱教学__jianpucn-431588	jianpucn-431588	0	61	6	
一千个伤心的理由 弹唱__jianpucn-218664	images-prep/jianpucn-zhangxueyou/一千个伤心的理由 弹唱__jianpucn-218664	jianpucn-218664	0	95	5	
一千个伤心的理由（金龙鱼编配版）__jianpucn-342831	images-prep/jianpucn-zhangxueyou/一千个伤心的理由（金龙鱼编配版）__jianpucn-342831	jianpucn-342831	0	85	5	
一路上有你 歌曲类 钢琴伴奏谱__jianpucn-112812	images-prep/jianpucn-zhangxueyou/一路上有你 歌曲类 钢琴伴奏谱__jianpucn-112812	jianpucn-112812	0	334	5	
不想失去你（吉他弹唱）__jianpucn-231641	images-prep/jianpucn-zhangxueyou/不想失去你（吉他弹唱）__jianpucn-231641	jianpucn-231641	0	74	6	
二分之一的幸福(《吻别 歌曲改编的钢琴曲》)__jianpucn-419919	images-prep/jianpucn-zhangxueyou/二分之一的幸福(《吻别 歌曲改编的钢琴曲》)__jianpucn-419919	jianpucn-419919	0	31	5	
偷心 吉他类 流行__jianpucn-117721	images-prep/jianpucn-zhangxueyou/偷心 吉他类 流行__jianpucn-117721	jianpucn-117721	0	3	5	
又十年 （ C调指法原版编配）__jianpucn-468269	images-prep/jianpucn-zhangxueyou/又十年 （ C调指法原版编配）__jianpucn-468269	jianpucn-468269	0	62	12	
天黑黑（）弹唱谱__jianpucn-231865	images-prep/jianpucn-zhangxueyou/天黑黑（）弹唱谱__jianpucn-231865	jianpucn-231865	0	113	5	
她来听我的演唱会（齐元义编配版）__jianpucn-343055	images-prep/jianpucn-zhangxueyou/她来听我的演唱会（齐元义编配版）__jianpucn-343055	jianpucn-343055	0	48	6	
如果爱 歌曲类 钢琴伴奏谱__jianpucn-112362	images-prep/jianpucn-zhangxueyou/如果爱 歌曲类 钢琴伴奏谱__jianpucn-112362	jianpucn-112362	0	130	5	
如果爱-简易版-弹唱 吉他类 流行__jianpucn-113138	images-prep/jianpucn-zhangxueyou/如果爱-简易版-弹唱 吉他类 流行__jianpucn-113138	jianpucn-113138	0	55	7	
寂寞的男人(《吻别 歌曲改编的钢琴曲》)__jianpucn-419921	images-prep/jianpucn-zhangxueyou/寂寞的男人(《吻别 歌曲改编的钢琴曲》)__jianpucn-419921	jianpucn-419921	0	44	5	
心如刀割(《吻别 歌曲改编的钢琴曲》)__jianpucn-419931	images-prep/jianpucn-zhangxueyou/心如刀割(《吻别 歌曲改编的钢琴曲》)__jianpucn-419931	jianpucn-419931	0	66	5	
心碎了无痕(《吻别 歌曲改编的钢琴曲》)__jianpucn-419932	images-prep/jianpucn-zhangxueyou/心碎了无痕(《吻别 歌曲改编的钢琴曲》)__jianpucn-419932	jianpucn-419932	0	32	5	
忘了哭-弹唱 吉他类 流行__jianpucn-113171	images-prep/jianpucn-zhangxueyou/忘了哭-弹唱 吉他类 流行__jianpucn-113171	jianpucn-113171	0	162	6	
慢慢 （ C调原版编配）__jianpucn-462707	images-prep/jianpucn-zhangxueyou/慢慢 （ C调原版编配）__jianpucn-462707	jianpucn-462707	0	42	6	
我真的受伤了 （ G调原版编配）__jianpucn-466230	images-prep/jianpucn-zhangxueyou/我真的受伤了 （ G调原版编配）__jianpucn-466230	jianpucn-466230	0	112	8	
我真的受伤了尤克里里谱（ C调四 ）__jianpucn-461877	images-prep/jianpucn-zhangxueyou/我真的受伤了尤克里里谱（ C调四 ）__jianpucn-461877	jianpucn-461877	0	11	4	
我真的受伤了独奏__jianpucn-213538	images-prep/jianpucn-zhangxueyou/我真的受伤了独奏__jianpucn-213538	jianpucn-213538	0	190	11	
月半弯(《吻别 歌曲改编的钢琴曲》)__jianpucn-419935	images-prep/jianpucn-zhangxueyou/月半弯(《吻别 歌曲改编的钢琴曲》)__jianpucn-419935	jianpucn-419935	0	44	5	
楼上来的声音 吉他类 流行__jianpucn-91229	images-prep/jianpucn-zhangxueyou/楼上来的声音 吉他类 流行__jianpucn-91229	jianpucn-91229	0	12	6	
深海(《吻别 歌曲改编的钢琴曲》)__jianpucn-419927	images-prep/jianpucn-zhangxueyou/深海(《吻别 歌曲改编的钢琴曲》)__jianpucn-419927	jianpucn-419927	0	55	5	
眼泪（黄国伦词曲、彼岸吉他编配曲）__jianpucn-290401	images-prep/jianpucn-zhangxueyou/眼泪（黄国伦词曲、彼岸吉他编配曲）__jianpucn-290401	jianpucn-290401	0	55	6	
祝福(《吻别 歌曲改编的钢琴曲》)__jianpucn-419936	images-prep/jianpucn-zhangxueyou/祝福(《吻别 歌曲改编的钢琴曲》)__jianpucn-419936	jianpucn-419936	0	44	5	
祝福-弹唱版__jianpucn-102601	images-prep/jianpucn-zhangxueyou/祝福-弹唱版__jianpucn-102601	jianpucn-102601	0	181	5	
祝福（晓涛编配版）__jianpucn-295628	images-prep/jianpucn-zhangxueyou/祝福（晓涛编配版）__jianpucn-295628	jianpucn-295628	0	42	6	
祝福（钢琴伴奏谱）（丁晓雯词 郭子曲、车路遥配伴奏）__jianpucn-280083	images-prep/jianpucn-zhangxueyou/祝福（钢琴伴奏谱）（丁晓雯词 郭子曲、车路遥配伴奏）__jianpucn-280083	jianpucn-280083	0	110	5	
离人 （ C调指法原版编配）__jianpucn-462436	images-prep/jianpucn-zhangxueyou/离人 （ C调指法原版编配）__jianpucn-462436	jianpucn-462436	0	37	6	
还是觉得你最好 （ C调指法）__jianpucn-462477	images-prep/jianpucn-zhangxueyou/还是觉得你最好 （ C调指法）__jianpucn-462477	jianpucn-462477	0	14	6	
遥远的她 （ C调指法原版编配）__jianpucn-470992	images-prep/jianpucn-zhangxueyou/遥远的她 （ C调指法原版编配）__jianpucn-470992	jianpucn-470992	0	52	6	
饿狼传说尤克里里谱（ C调尤克里里弹唱谱）__jianpucn-462461	images-prep/jianpucn-zhangxueyou/饿狼传说尤克里里谱（ C调尤克里里弹唱谱）__jianpucn-462461	jianpucn-462461	0	64	4	
黑白画映-弹唱 吉他类 流行__jianpucn-112923	images-prep/jianpucn-zhangxueyou/黑白画映-弹唱 吉他类 流行__jianpucn-112923	jianpucn-112923	0	171	6	
吉祥颂(五线谱_简谱对照)__jianpucn-44819	images-prep/jianpucn-zhangye/吉祥颂(五线谱_简谱对照)__jianpucn-44819	jianpucn-44819	0	66	5	
大海 （ A调指法原版编配）__jianpucn-469231	images-prep/jianpucn-zhangyusheng/大海 （ A调指法原版编配）__jianpucn-469231	jianpucn-469231	0	59	6	
大海C调吉他谱__jianpucn-156843	images-prep/jianpucn-zhangyusheng/大海C调吉他谱__jianpucn-156843	jianpucn-156843	0	68	6	
我期待 弹唱版__jianpucn-218499	images-prep/jianpucn-zhangyusheng/我期待 弹唱版__jianpucn-218499	jianpucn-218499	0	149	5	
A promise（钢琴谱 五线谱）__jianpucn-186264	images-prep/jianpucn-pop/A promise（钢琴谱 五线谱）__jianpucn-186264	jianpucn-186264	0	104	5	
G大调的悲伤（钢琴弹唱）__jianpucn-302900	images-prep/jianpucn-pop/G大调的悲伤（钢琴弹唱）__jianpucn-302900	jianpucn-302900	0	85	5	
《如果这就是爱情》小霖重新编配版__jianpucn-231185	images-prep/jianpucn-pop/《如果这就是爱情》小霖重新编配版__jianpucn-231185	jianpucn-231185	0	227	7	
《画心》 C调入门版 编配 猴哥吉他教学__jianpucn-439341	images-prep/jianpucn-pop/《画心》 C调入门版 编配 猴哥吉他教学__jianpucn-439341	jianpucn-439341	0	55	6	
可 （ 薛之谦 C调原版弹唱谱）__jianpucn-458885	images-prep/jianpucn-pop/可 （ 薛之谦 C调原版弹唱谱）__jianpucn-458885	jianpucn-458885	0	5	6	
围城(吉他谱_版本2)__jianpucn-91145	images-prep/jianpucn-pop/围城(吉他谱_版本2)__jianpucn-91145	jianpucn-91145	0	39	6	
我走以后(吉他谱)__jianpucn-91104	images-prep/jianpucn-pop/我走以后(吉他谱)__jianpucn-91104	jianpucn-91104	0	70	6	
我走以后（约翰 汤普森 成人钢琴教程 第三册）__jianpucn-347541	images-prep/jianpucn-pop/我走以后（约翰 汤普森 成人钢琴教程 第三册）__jianpucn-347541	jianpucn-347541	0	75	5	
终于等到你（电视剧《咱们结婚吧》片尾主题曲）（小叶歌编配版 ）__jianpucn-272182	images-prep/jianpucn-pop/终于等到你（电视剧《咱们结婚吧》片尾主题曲）（小叶歌编配版 ）__jianpucn-272182	jianpucn-272182	0	68	6	
《寂寞沙洲冷》 G调入门版 编配 猴哥吉他教学__jianpucn-439559	images-prep/jianpucn-zhouchuanxiong/《寂寞沙洲冷》 G调入门版 编配 猴哥吉他教学__jianpucn-439559	jianpucn-439559	0	55	6	
全网首发【赋别曲】吉他伴奏谱__jianpucn-191604	images-prep/jianpucn-zhouchuanxiong/全网首发【赋别曲】吉他伴奏谱__jianpucn-191604	jianpucn-191604	0	6	6	
寂寞沙洲冷-简易版-弹唱 吉他类 流行__jianpucn-112973	images-prep/jianpucn-zhouchuanxiong/寂寞沙洲冷-简易版-弹唱 吉他类 流行__jianpucn-112973	jianpucn-112973	0	64	6	
黄昏（吉他 ）__jianpucn-304176	images-prep/jianpucn-zhouchuanxiong/黄昏（吉他 ）__jianpucn-304176	jianpucn-304176	0	77	6	
《让我欢喜让我忧》 中级版 带弹唱示范 编谱__jianpucn-473246	images-prep/jianpucn-zhouhuajian/《让我欢喜让我忧》 中级版 带弹唱示范 编谱__jianpucn-473246	jianpucn-473246	0	55	6	
上上签-认证谱吉他谱( 六线谱)__jianpucn-94419	images-prep/jianpucn-zhouhuajian/上上签-认证谱吉他谱( 六线谱)__jianpucn-94419	jianpucn-94419	0	34	6	
亲亲我的宝贝-jilai编配版__jianpucn-171455	images-prep/jianpucn-zhouhuajian/亲亲我的宝贝-jilai编配版__jianpucn-171455	jianpucn-171455	0	36	6	
亲亲我的宝贝（纪来编配版）__jianpucn-300626	images-prep/jianpucn-zhouhuajian/亲亲我的宝贝（纪来编配版）__jianpucn-300626	jianpucn-300626	0	85	6	
其实不想走 吉他类 流行__jianpucn-91222	images-prep/jianpucn-zhouhuajian/其实不想走 吉他类 流行__jianpucn-91222	jianpucn-91222	0	37	6	
明天我要嫁给你 吉他类 流行__jianpucn-91227	images-prep/jianpucn-zhouhuajian/明天我要嫁给你 吉他类 流行__jianpucn-91227	jianpucn-91227	0	3	6	
明天我要嫁给你（吉他 ）__jianpucn-297796	images-prep/jianpucn-zhouhuajian/明天我要嫁给你（吉他 ）__jianpucn-297796	jianpucn-297796	0	64	7	
最真的梦 吉他类 流行__jianpucn-117680	images-prep/jianpucn-zhouhuajian/最真的梦 吉他类 流行__jianpucn-117680	jianpucn-117680	0	41	6	
最真的梦 （ C调原版编配）__jianpucn-457960	images-prep/jianpucn-zhouhuajian/最真的梦 （ C调原版编配）__jianpucn-457960	jianpucn-457960	0	41	6	
真心英雄 吉他类 流行__jianpucn-117681	images-prep/jianpucn-zhouhuajian/真心英雄 吉他类 流行__jianpucn-117681	jianpucn-117681	0	7	6	
真心英雄(总谱之一、华尔兹)__jianpucn-59752	images-prep/jianpucn-zhouhuajian/真心英雄(总谱之一、华尔兹)__jianpucn-59752	jianpucn-59752	0	28	6	
真心英雄(总谱之二、华尔兹)__jianpucn-59748	images-prep/jianpucn-zhouhuajian/真心英雄(总谱之二、华尔兹)__jianpucn-59748	jianpucn-59748	0	62	5	
让我欢喜让我忧 （ C调指法）__jianpucn-467407	images-prep/jianpucn-zhouhuajian/让我欢喜让我忧 （ C调指法）__jianpucn-467407	jianpucn-467407	0	79	6	
让我欢喜让我忧-伴奏__jianpucn-102787	images-prep/jianpucn-zhouhuajian/让我欢喜让我忧-伴奏__jianpucn-102787	jianpucn-102787	0	128	5	
难念的经 （ C调指法原版编配）__jianpucn-469967	images-prep/jianpucn-zhouhuajian/难念的经 （ C调指法原版编配）__jianpucn-469967	jianpucn-469967	0	60	6	
风笑痴 吉他类 流行__jianpucn-91266	images-prep/jianpucn-zhouhuajian/风笑痴 吉他类 流行__jianpucn-91266	jianpucn-91266	0	44	6	
风雨无阻（ukulele弹唱谱）__jianpucn-304749	images-prep/jianpucn-zhouhuajian/风雨无阻（ukulele弹唱谱）__jianpucn-304749	jianpucn-304749	0	40	4	
Jay《黑色毛衣》演奏谱 -蓝的调编配版__jianpucn-103001	images-prep/jianpucn-zhoujielun/Jay《黑色毛衣》演奏谱 -蓝的调编配版__jianpucn-103001	jianpucn-103001	0	121	5	
MOJITO( C调弹唱谱)__jianpucn-445036	images-prep/jianpucn-zhoujielun/MOJITO( C调弹唱谱)__jianpucn-445036	jianpucn-445036	0	42	6	
Mojito （ C调指法原版编配）__jianpucn-471754	images-prep/jianpucn-zhoujielun/Mojito （ C调指法原版编配）__jianpucn-471754	jianpucn-471754	0	63	6	
《mojito》 中级版 吉他弹唱教学（ 编谱）__jianpucn-445125	images-prep/jianpucn-zhoujielun/《mojito》 中级版 吉他弹唱教学（ 编谱）__jianpucn-445125	jianpucn-445125	0	74	6	
《mojito》 初级简单版 吉他弹唱教学（ 编谱）__jianpucn-445126	images-prep/jianpucn-zhoujielun/《mojito》 初级简单版 吉他弹唱教学（ 编谱）__jianpucn-445126	jianpucn-445126	0	75	6	
《不能说的秘密》笛子钢琴合奏__jianpucn-106451	images-prep/jianpucn-zhoujielun/《不能说的秘密》笛子钢琴合奏__jianpucn-106451	jianpucn-106451	0	56	5	
《哎呦~不错嘛!》周杰伦钢琴大串烧__jianpucn-181257	images-prep/jianpucn-zhoujielun/《哎呦~不错嘛!》周杰伦钢琴大串烧__jianpucn-181257	jianpucn-181257	0	98	5	
《最伟大的作品》 中级版带前奏间奏尾奏 吉他教学（带教学视频）__jianpucn-452343	images-prep/jianpucn-zhoujielun/《最伟大的作品》 中级版带前奏间奏尾奏 吉他教学（带教学视频）__jianpucn-452343	jianpucn-452343	0	60	7	
《最伟大的作品》 初级版 吉他教学__jianpucn-452344	images-prep/jianpucn-zhoujielun/《最伟大的作品》 初级版 吉他教学__jianpucn-452344	jianpucn-452344	0	48	6	
《等你下课》 C调入门高清版 高音教编配__jianpucn-422913	images-prep/jianpucn-zhoujielun/《等你下课》 C调入门高清版 高音教编配__jianpucn-422913	jianpucn-422913	0	41	6	
《等你下课》 G调标准高清版 高音教编配__jianpucn-422898	images-prep/jianpucn-zhoujielun/《等你下课》 G调标准高清版 高音教编配__jianpucn-422898	jianpucn-422898	0	40	6	
《算什么男人》 初级版 吉他教学__jianpucn-450912	images-prep/jianpucn-zhoujielun/《算什么男人》 初级版 吉他教学__jianpucn-450912	jianpucn-450912	0	72	6	
《红颜如霜》 中级版 吉他教学__jianpucn-452482	images-prep/jianpucn-zhoujielun/《红颜如霜》 中级版 吉他教学__jianpucn-452482	jianpucn-452482	0	73	6	
《红颜如霜》 初级版 吉他教学__jianpucn-452483	images-prep/jianpucn-zhoujielun/《红颜如霜》 初级版 吉他教学__jianpucn-452483	jianpucn-452483	0	74	6	
《说好不哭》 中级版 吉他弹唱教学__jianpucn-438264	images-prep/jianpucn-zhoujielun/《说好不哭》 中级版 吉他弹唱教学__jianpucn-438264	jianpucn-438264	0	65	6	
《说好不哭》 初级版 吉他弹唱教学__jianpucn-438263	images-prep/jianpucn-zhoujielun/《说好不哭》 初级版 吉他弹唱教学__jianpucn-438263	jianpucn-438263	0	67	6	
《还在流浪》 中级版 吉他教学__jianpucn-452407	images-prep/jianpucn-zhoujielun/《还在流浪》 中级版 吉他教学__jianpucn-452407	jianpucn-452407	0	79	6	
《退后》 简单版 吉他弹唱教学__jianpucn-436629	images-prep/jianpucn-zhoujielun/《退后》 简单版 吉他弹唱教学__jianpucn-436629	jianpucn-436629	0	63	6	
《错过的烟火》 C调初级版 吉他教学__jianpucn-452525	images-prep/jianpucn-zhoujielun/《错过的烟火》 C调初级版 吉他教学__jianpucn-452525	jianpucn-452525	0	72	6	
《错过的烟火》原版 G调中级版 吉他教学__jianpucn-452524	images-prep/jianpucn-zhoujielun/《错过的烟火》原版 G调中级版 吉他教学__jianpucn-452524	jianpucn-452524	0	74	6	
《黑色毛衣》 初级简单版 吉他弹唱教学__jianpucn-448632	images-prep/jianpucn-zhoujielun/《黑色毛衣》 初级简单版 吉他弹唱教学__jianpucn-448632	jianpucn-448632	0	74	6	
【琅琅吉他】给我一首歌的时间---周杰伦__jianpucn-172533	images-prep/jianpucn-zhoujielun/【琅琅吉他】给我一首歌的时间---周杰伦__jianpucn-172533	jianpucn-172533	0	11	9	
一路向北 （ C调指法编配）__jianpucn-468261	images-prep/jianpucn-zhoujielun/一路向北 （ C调指法编配）__jianpucn-468261	jianpucn-468261	0	34	6	
一路向北 （ D调指法编配）__jianpucn-469659	images-prep/jianpucn-zhoujielun/一路向北 （ D调指法编配）__jianpucn-469659	jianpucn-469659	0	23	6	
一路向北-弹唱 吉他类 流行__jianpucn-113275	images-prep/jianpucn-zhoujielun/一路向北-弹唱 吉他类 流行__jianpucn-113275	jianpucn-113275	0	94	10	
一路向北—简易版 键盘类 钢琴__jianpucn-97395	images-prep/jianpucn-zhoujielun/一路向北—简易版 键盘类 钢琴__jianpucn-97395	jianpucn-97395	0	126	5	
一路向北指弹 （ 简单版独奏 ）__jianpucn-457633	images-prep/jianpucn-zhoujielun/一路向北指弹 （ 简单版独奏 ）__jianpucn-457633	jianpucn-457633	0	20	6	
七里香 歌曲类 钢琴伴奏谱__jianpucn-112365	images-prep/jianpucn-zhoujielun/七里香 歌曲类 钢琴伴奏谱__jianpucn-112365	jianpucn-112365	0	133	5	
七里香 （ C调指法原版编配）__jianpucn-470260	images-prep/jianpucn-zhoujielun/七里香 （ C调指法原版编配）__jianpucn-470260	jianpucn-470260	0	31	7	
七里香 （ C调指法编配）__jianpucn-470995	images-prep/jianpucn-zhoujielun/七里香 （ C调指法编配）__jianpucn-470995	jianpucn-470995	0	8	6	
七里香-弹唱 吉他类 流行__jianpucn-113089	images-prep/jianpucn-zhoujielun/七里香-弹唱 吉他类 流行__jianpucn-113089	jianpucn-113089	0	136	7	
七里香独奏__jianpucn-200562	images-prep/jianpucn-zhoujielun/七里香独奏__jianpucn-200562	jianpucn-200562	0	52	13	
七里香－简易版 键盘类 钢琴__jianpucn-114755	images-prep/jianpucn-zhoujielun/七里香－简易版 键盘类 钢琴__jianpucn-114755	jianpucn-114755	0	132	5	
不爱我就拉倒 （ C调指法编配）__jianpucn-458529	images-prep/jianpucn-zhoujielun/不爱我就拉倒 （ C调指法编配）__jianpucn-458529	jianpucn-458529	0	53	6	
不能说的秘密 （ G调原版编配）__jianpucn-470460	images-prep/jianpucn-zhoujielun/不能说的秘密 （ G调原版编配）__jianpucn-470460	jianpucn-470460	0	32	6	
不能说的秘密-弹唱-緋村剑心版__jianpucn-99588	images-prep/jianpucn-zhoujielun/不能说的秘密-弹唱-緋村剑心版__jianpucn-99588	jianpucn-99588	0	109	5	
不能说的秘密之二 木吉他版__jianpucn-213189	images-prep/jianpucn-zhoujielun/不能说的秘密之二 木吉他版__jianpucn-213189	jianpucn-213189	0	55	6	
不能说的秘密吉他 —扫描版__jianpucn-234002	images-prep/jianpucn-zhoujielun/不能说的秘密吉他 —扫描版__jianpucn-234002	jianpucn-234002	0	39	6	
不能说的秘密指弹 （ 独奏 ）__jianpucn-457376	images-prep/jianpucn-zhoujielun/不能说的秘密指弹 （ 独奏 ）__jianpucn-457376	jianpucn-457376	0	21	5	
不该 （ 张惠妹 E调原版编配）__jianpucn-468992	images-prep/jianpucn-zhoujielun/不该 （ 张惠妹 E调原版编配）__jianpucn-468992	jianpucn-468992	0	73	6	
世界末日 （ G调指法原版编配）__jianpucn-469329	images-prep/jianpucn-zhoujielun/世界末日 （ G调指法原版编配）__jianpucn-469329	jianpucn-469329	0	41	6	
世界末日-弹唱版__jianpucn-102677	images-prep/jianpucn-zhoujielun/世界末日-弹唱版__jianpucn-102677	jianpucn-102677	0	145	5	
世界末日-弹唱版__jianpucn-103703	images-prep/jianpucn-zhoujielun/世界末日-弹唱版__jianpucn-103703	jianpucn-103703	0	125	5	
东风破-我为Jay狂编配版__jianpucn-102955	images-prep/jianpucn-zhoujielun/东风破-我为Jay狂编配版__jianpucn-102955	jianpucn-102955	0	131	5	
东风破－简易版 键盘类 钢琴__jianpucn-113800	images-prep/jianpucn-zhoujielun/东风破－简易版 键盘类 钢琴__jianpucn-113800	jianpucn-113800	0	102	5	
串联弹唱周杰伦三首歌曲__jianpucn-182967	images-prep/jianpucn-zhoujielun/串联弹唱周杰伦三首歌曲__jianpucn-182967	jianpucn-182967	0	162	5	
乌克丽丽 （ C调指法扫弦版）__jianpucn-470799	images-prep/jianpucn-zhoujielun/乌克丽丽 （ C调指法扫弦版）__jianpucn-470799	jianpucn-470799	0	50	6	
伽蓝雨 烟花易冷 独奏__jianpucn-207881	images-prep/jianpucn-zhoujielun/伽蓝雨 烟花易冷 独奏__jianpucn-207881	jianpucn-207881	0	5	6	
你听得到 （ G调指法编配）__jianpucn-458048	images-prep/jianpucn-zhoujielun/你听得到 （ G调指法编配）__jianpucn-458048	jianpucn-458048	0	5	5	
你好吗 爵士钢琴__jianpucn-222043	images-prep/jianpucn-zhoujielun/你好吗 爵士钢琴__jianpucn-222043	jianpucn-222043	0	119	5	
倒影 （ G调指法原版编配）__jianpucn-458451	images-prep/jianpucn-zhoujielun/倒影 （ G调指法原版编配）__jianpucn-458451	jianpucn-458451	0	46	6	
借口 歌曲类 钢琴伴奏谱__jianpucn-112376	images-prep/jianpucn-zhoujielun/借口 歌曲类 钢琴伴奏谱__jianpucn-112376	jianpucn-112376	0	111	6	
借口-弹唱 吉他类 流行__jianpucn-112965	images-prep/jianpucn-zhoujielun/借口-弹唱 吉他类 流行__jianpucn-112965	jianpucn-112965	0	92	6	
兰亭序 （ C调指法原版编配）__jianpucn-470264	images-prep/jianpucn-zhoujielun/兰亭序 （ C调指法原版编配）__jianpucn-470264	jianpucn-470264	0	41	6	
分裂 （ C调指法原版编配）__jianpucn-471189	images-prep/jianpucn-zhoujielun/分裂 （ C调指法原版编配）__jianpucn-471189	jianpucn-471189	0	60	6	
千里之外-弹唱-windtsao版__jianpucn-101788	images-prep/jianpucn-zhoujielun/千里之外-弹唱-windtsao版__jianpucn-101788	jianpucn-101788	0	183	5	
千里之外-弹唱__jianpucn-101868	images-prep/jianpucn-zhoujielun/千里之外-弹唱__jianpucn-101868	jianpucn-101868	0	124	5	
千里之外（巴特尔编配）__jianpucn-239051	images-prep/jianpucn-zhoujielun/千里之外（巴特尔编配）__jianpucn-239051	jianpucn-239051	0	72	5	
半岛铁盒 （ D调原版编配）__jianpucn-468258	images-prep/jianpucn-zhoujielun/半岛铁盒 （ D调原版编配）__jianpucn-468258	jianpucn-468258	0	47	6	
半岛铁盒( 原版编配 弹唱谱)__jianpucn-445009	images-prep/jianpucn-zhoujielun/半岛铁盒( 原版编配 弹唱谱)__jianpucn-445009	jianpucn-445009	0	15	6	
反方向的钟 （ G调指法原版编配）__jianpucn-471334	images-prep/jianpucn-zhoujielun/反方向的钟 （ G调指法原版编配）__jianpucn-471334	jianpucn-471334	0	41	6	
发如雪 歌曲类 钢琴伴奏谱__jianpucn-112336	images-prep/jianpucn-zhoujielun/发如雪 歌曲类 钢琴伴奏谱__jianpucn-112336	jianpucn-112336	0	338	5	
发如雪-总谱__jianpucn-100697	images-prep/jianpucn-zhoujielun/发如雪-总谱__jianpucn-100697	jianpucn-100697	0	205	5	
发如雪-简易版 键盘类 钢琴__jianpucn-114384	images-prep/jianpucn-zhoujielun/发如雪-简易版 键盘类 钢琴__jianpucn-114384	jianpucn-114384	0	105	5	
吉他可以这样玩 大笨钟__jianpucn-222734	images-prep/jianpucn-zhoujielun/吉他可以这样玩 大笨钟__jianpucn-222734	jianpucn-222734	0	32	6	
听妈妈的话-弹唱-试听版__jianpucn-101794	images-prep/jianpucn-zhoujielun/听妈妈的话-弹唱-试听版__jianpucn-101794	jianpucn-101794	0	109	5	
听妈妈的话-米尼钢琴版__jianpucn-101821	images-prep/jianpucn-zhoujielun/听妈妈的话-米尼钢琴版__jianpucn-101821	jianpucn-101821	0	114	5	
告白气球 （ G调指法原版编配）__jianpucn-469443	images-prep/jianpucn-zhoujielun/告白气球 （ G调指法原版编配）__jianpucn-469443	jianpucn-469443	0	17	6	
周杰伦《明明就》原版A调吉他谱__jianpucn-163683	images-prep/jianpucn-zhoujielun/周杰伦《明明就》原版A调吉他谱__jianpucn-163683	jianpucn-163683	0	43	6	
周杰伦【大笨钟】六线谱C调指法新手简单版__jianpucn-208313	images-prep/jianpucn-zhoujielun/周杰伦【大笨钟】六线谱C调指法新手简单版__jianpucn-208313	jianpucn-208313	0	69	5	
周杰伦彩虹 完美弹唱版__jianpucn-213185	images-prep/jianpucn-zhoujielun/周杰伦彩虹 完美弹唱版__jianpucn-213185	jianpucn-213185	0	756	4	
周杰伦最新力作 十二新作 之明明就 纯钢琴版__jianpucn-214127	images-prep/jianpucn-zhoujielun/周杰伦最新力作 十二新作 之明明就 纯钢琴版__jianpucn-214127	jianpucn-214127	0	109	5	
回到过去 -（弹唱）__jianpucn-103239	images-prep/jianpucn-zhoujielun/回到过去 -（弹唱）__jianpucn-103239	jianpucn-103239	0	144	5	
回到过去 （ C调原版编配）__jianpucn-457547	images-prep/jianpucn-zhoujielun/回到过去 （ C调原版编配）__jianpucn-457547	jianpucn-457547	0	39	6	
回到过去 （ C调指法原版编配）__jianpucn-462861	images-prep/jianpucn-zhoujielun/回到过去 （ C调指法原版编配）__jianpucn-462861	jianpucn-462861	0	20	6	
回到过去 （ G调原版编配）__jianpucn-457809	images-prep/jianpucn-zhoujielun/回到过去 （ G调原版编配）__jianpucn-457809	jianpucn-457809	0	3	5	
回到过去-独奏__jianpucn-173023	images-prep/jianpucn-zhoujielun/回到过去-独奏__jianpucn-173023	jianpucn-173023	0	54	6	
夜曲 歌曲类 钢琴伴奏谱__jianpucn-112766	images-prep/jay-chou/夜曲 歌曲类 钢琴伴奏谱__jianpucn-112766	jianpucn-112766	0	162	5	
夜曲 （ G调指法原版编配）__jianpucn-469561	images-prep/jianpucn-zhoujielun/夜曲 （ G调指法原版编配）__jianpucn-469561	jianpucn-469561	0	37	6	
夜曲-弹唱版-巴特尔__jianpucn-102923	images-prep/jay-chou/夜曲-弹唱版-巴特尔__jianpucn-102923	jianpucn-102923	0	143	5	
夜曲－简易版 键盘类 钢琴__jianpucn-114711	images-prep/jianpucn-zhoujielun/夜曲－简易版 键盘类 钢琴__jianpucn-114711	jianpucn-114711	0	83	5	
夜的第七章-（双钢琴合奏版）再加一把小吉他__jianpucn-101305	images-prep/jianpucn-zhoujielun/夜的第七章-（双钢琴合奏版）再加一把小吉他__jianpucn-101305	jianpucn-101305	0	169	5	
天台的月光 吴凌云版 完整钢琴版__jianpucn-226178	images-prep/jianpucn-zhoujielun/天台的月光 吴凌云版 完整钢琴版__jianpucn-226178	jianpucn-226178	0	113	5	
天台的月光 钢琴独奏谱 五线谱— （鸠玖独奏版、带指法）__jianpucn-226074	images-prep/jianpucn-zhoujielun/天台的月光 钢琴独奏谱 五线谱— （鸠玖独奏版、带指法）__jianpucn-226074	jianpucn-226074	0	121	5	
天台的月光（吴凌云完整钢琴版） 五线谱—__jianpucn-226187	images-prep/jianpucn-zhoujielun/天台的月光（吴凌云完整钢琴版） 五线谱—__jianpucn-226187	jianpucn-226187	0	128	5	
妈妈的话-（完美总谱版——专心制谱）__jianpucn-101294	images-prep/jianpucn-zhoujielun/妈妈的话-（完美总谱版——专心制谱）__jianpucn-101294	jianpucn-101294	0	157	5	
安静 伴奏谱__jianpucn-214242	images-prep/jianpucn-zhoujielun/安静 伴奏谱__jianpucn-214242	jianpucn-214242	0	122	6	
安静 歌曲类 钢琴伴奏谱__jianpucn-112297	images-prep/jianpucn-zhoujielun/安静 歌曲类 钢琴伴奏谱__jianpucn-112297	jianpucn-112297	0	167	6	
安静 （ C调指法原版编配）__jianpucn-470152	images-prep/jianpucn-zhoujielun/安静 （ C调指法原版编配）__jianpucn-470152	jianpucn-470152	0	18	6	
安静 （ G调原版编配）__jianpucn-471447	images-prep/jianpucn-zhoujielun/安静 （ G调原版编配）__jianpucn-471447	jianpucn-471447	0	46	6	
安静-简易版 键盘类 钢琴__jianpucn-114299	images-prep/jianpucn-zhoujielun/安静-简易版 键盘类 钢琴__jianpucn-114299	jianpucn-114299	0	125	5	
安静The One演唱会版（总谱）__jianpucn-103542	images-prep/jianpucn-zhoujielun/安静The One演唱会版（总谱）__jianpucn-103542	jianpucn-103542	0	148	5	
将来的歌（钢琴谱）__jianpucn-210146	images-prep/jianpucn-zhoujielun/将来的歌（钢琴谱）__jianpucn-210146	jianpucn-210146	0	187	6	
小雨写立可白（尤克里里指弹谱）__jianpucn-414174	images-prep/jianpucn-zhoujielun/小雨写立可白（尤克里里指弹谱）__jianpucn-414174	jianpucn-414174	0	49	5	
屋顶-（弹唱版）__jianpucn-102385	images-prep/jianpucn-zhoujielun/屋顶-（弹唱版）__jianpucn-102385	jianpucn-102385	0	127	5	
彩虹 独奏__jianpucn-137253	images-prep/jianpucn-zhoujielun/彩虹 独奏__jianpucn-137253	jianpucn-137253	0	15	5	
彩虹- 完美弹唱版- Withered首发__jianpucn-172664	images-prep/jianpucn-zhoujielun/彩虹- 完美弹唱版- Withered首发__jianpucn-172664	jianpucn-172664	0	66	6	
彩虹-(弹唱版)05895464__jianpucn-237944	images-prep/jianpucn-zhoujielun/彩虹-(弹唱版)05895464__jianpucn-237944	jianpucn-237944	0	106	5	
彩虹（指弹独奏）__jianpucn-346449	images-prep/jianpucn-zhoujielun/彩虹（指弹独奏）__jianpucn-346449	jianpucn-346449	0	18	6	
彩虹－周杰伦（单吉他独奏）__jianpucn-171937	images-prep/jianpucn-zhoujielun/彩虹－周杰伦（单吉他独奏）__jianpucn-171937	jianpucn-171937	0	28	6	
情画-弹唱版__jianpucn-102437	images-prep/jianpucn-zhoujielun/情画-弹唱版__jianpucn-102437	jianpucn-102437	0	117	5	
我不配 （ G调原版编配）__jianpucn-457873	images-prep/jianpucn-zhoujielun/我不配 （ G调原版编配）__jianpucn-457873	jianpucn-457873	0	46	8	
我是如此相信 （ C调原版编配）__jianpucn-471073	images-prep/jianpucn-zhoujielun/我是如此相信 （ C调原版编配）__jianpucn-471073	jianpucn-471073	0	37	6	
我的地盘 伴奏__jianpucn-103746	images-prep/jianpucn-zhoujielun/我的地盘 伴奏__jianpucn-103746	jianpucn-103746	0	112	7	
我的地盘-赵一民编配版__jianpucn-177592	images-prep/jianpucn-zhoujielun/我的地盘-赵一民编配版__jianpucn-177592	jianpucn-177592	0	11	9	
我落泪情绪零碎 （ G调原版编配）__jianpucn-470798	images-prep/jianpucn-zhoujielun/我落泪情绪零碎 （ G调原版编配）__jianpucn-470798	jianpucn-470798	0	4	6	
我落泪情绪零碎 （ G调指法）__jianpucn-468034	images-prep/jianpucn-zhoujielun/我落泪情绪零碎 （ G调指法）__jianpucn-468034	jianpucn-468034	0	52	6	
手写的从前 （ C调原版编配）__jianpucn-457429	images-prep/jianpucn-zhoujielun/手写的从前 （ C调原版编配）__jianpucn-457429	jianpucn-457429	0	54	6	
手写的从前 （ C调指法原版编配）__jianpucn-471689	images-prep/jianpucn-zhoujielun/手写的从前 （ C调指法原版编配）__jianpucn-471689	jianpucn-471689	0	3	6	
手写的从前 （ C调指法编配）__jianpucn-457818	images-prep/jianpucn-zhoujielun/手写的从前 （ C调指法编配）__jianpucn-457818	jianpucn-457818	0	42	6	
搁浅 歌曲类 钢琴伴奏谱__jianpucn-112332	images-prep/jianpucn-zhoujielun/搁浅 歌曲类 钢琴伴奏谱__jianpucn-112332	jianpucn-112332	0	172	5	
搁浅 （ C调指法编配）__jianpucn-471436	images-prep/jianpucn-zhoujielun/搁浅 （ C调指法编配）__jianpucn-471436	jianpucn-471436	0	53	6	
断了的弦( 编配)__jianpucn-440655	images-prep/jianpucn-zhoujielun/断了的弦( 编配)__jianpucn-440655	jianpucn-440655	0	71	6	
断了的弦-（总谱版）__jianpucn-103221	images-prep/jianpucn-zhoujielun/断了的弦-（总谱版）__jianpucn-103221	jianpucn-103221	0	186	5	
晴天指弹 （ 卢家宏版独奏 ）__jianpucn-457701	images-prep/jianpucn-zhoujielun/晴天指弹 （ 卢家宏版独奏 ）__jianpucn-457701	jianpucn-457701	0	8	6	
晴天（唯音悦编配版）__jianpucn-316035	images-prep/jianpucn-zhoujielun/晴天（唯音悦编配版）__jianpucn-316035	jianpucn-316035	0	62	6	
暗斗-总谱__jianpucn-101180	images-prep/jianpucn-zhoujielun/暗斗-总谱__jianpucn-101180	jianpucn-101180	0	164	5	
最伟大的作品 （ G调指法编配）__jianpucn-458253	images-prep/jianpucn-zhoujielun/最伟大的作品 （ G调指法编配）__jianpucn-458253	jianpucn-458253	0	38	6	
最长的电影 弹唱版 Wind Chou__jianpucn-215142	images-prep/jianpucn-zhoujielun/最长的电影 弹唱版 Wind Chou__jianpucn-215142	jianpucn-215142	0	156	5	
杰伦的说了再见（真情独奏版）__jianpucn-181387	images-prep/jianpucn-zhoujielun/杰伦的说了再见（真情独奏版）__jianpucn-181387	jianpucn-181387	0	108	5	
浪漫手机-总谱版__jianpucn-100902	images-prep/jianpucn-zhoujielun/浪漫手机-总谱版__jianpucn-100902	jianpucn-100902	0	199	5	
深蓝色的情书－简易版 键盘类 钢琴__jianpucn-113608	images-prep/jianpucn-zhoujielun/深蓝色的情书－简易版 键盘类 钢琴__jianpucn-113608	jianpucn-113608	0	105	5	
灰色空间－简易版 键盘类 钢琴__jianpucn-113734	images-prep/jianpucn-zhoujielun/灰色空间－简易版 键盘类 钢琴__jianpucn-113734	jianpucn-113734	0	157	5	
烟花易冷 吉他弹唱谱 — （彼岸编配版）__jianpucn-231962	images-prep/jianpucn-zhoujielun/烟花易冷 吉他弹唱谱 — （彼岸编配版）__jianpucn-231962	jianpucn-231962	0	52	6	
烟花易冷 吉他独奏谱 —__jianpucn-255001	images-prep/jianpucn-zhoujielun/烟花易冷 吉他独奏谱 —__jianpucn-255001	jianpucn-255001	0	53	6	
烟花易冷（吉他弹唱）__jianpucn-231940	images-prep/jianpucn-zhoujielun/烟花易冷（吉他弹唱）__jianpucn-231940	jianpucn-231940	0	52	6	
爱情废材（尤克里里弹唱谱）__jianpucn-413892	images-prep/jianpucn-zhoujielun/爱情废材（尤克里里弹唱谱）__jianpucn-413892	jianpucn-413892	0	59	4	
爱情废柴 （ A调原版编配）__jianpucn-457551	images-prep/jianpucn-zhoujielun/爱情废柴 （ A调原版编配）__jianpucn-457551	jianpucn-457551	0	1	6	
爱情废柴 （ C调指法原版编配）__jianpucn-462758	images-prep/jianpucn-zhoujielun/爱情废柴 （ C调指法原版编配）__jianpucn-462758	jianpucn-462758	0	45	6	
爱我别走-弹唱 吉他类 流行__jianpucn-112842	images-prep/jianpucn-zhoujielun/爱我别走-弹唱 吉他类 流行__jianpucn-112842	jianpucn-112842	0	52	6	
爱的飞行日记尤克里里谱（ G调四 ）__jianpucn-460143	images-prep/jianpucn-zhoujielun/爱的飞行日记尤克里里谱（ G调四 ）__jianpucn-460143	jianpucn-460143	0	25	4	
爱的飞行日记尤克里里谱（ G调扫弦版）__jianpucn-458309	images-prep/jianpucn-zhoujielun/爱的飞行日记尤克里里谱（ G调扫弦版）__jianpucn-458309	jianpucn-458309	0	55	4	
爷爷泡的茶 （ D调原版编配）__jianpucn-462579	images-prep/jianpucn-zhoujielun/爷爷泡的茶 （ D调原版编配）__jianpucn-462579	jianpucn-462579	0	73	6	
珊瑚海 弹唱版__jianpucn-218844	images-prep/jianpucn-zhoujielun/珊瑚海 弹唱版__jianpucn-218844	jianpucn-218844	0	147	5	
珊瑚海—简易版 键盘类 钢琴__jianpucn-113612	images-prep/jianpucn-zhoujielun/珊瑚海—简易版 键盘类 钢琴__jianpucn-113612	jianpucn-113612	0	127	5	
珊瑚海简单改编钢琴__jianpucn-216285	images-prep/jianpucn-zhoujielun/珊瑚海简单改编钢琴__jianpucn-216285	jianpucn-216285	0	126	5	
甜甜的 带和弦独奏版__jianpucn-214276	images-prep/jianpucn-zhoujielun/甜甜的 带和弦独奏版__jianpucn-214276	jianpucn-214276	0	142	11	
稻香 （ A调原版编配）__jianpucn-470676	images-prep/jianpucn-zhoujielun/稻香 （ A调原版编配）__jianpucn-470676	jianpucn-470676	0	69	6	
等你下课 （ G调原版编配）__jianpucn-458531	images-prep/jianpucn-zhoujielun/等你下课 （ G调原版编配）__jianpucn-458531	jianpucn-458531	0	50	6	
等你下课 （ G调指法原版编配）__jianpucn-468363	images-prep/jianpucn-zhoujielun/等你下课 （ G调指法原版编配）__jianpucn-468363	jianpucn-468363	0	52	6	
简单爱-简易版-弹唱 吉他类 流行__jianpucn-112971	images-prep/jianpucn-zhoujielun/简单爱-简易版-弹唱 吉他类 流行__jianpucn-112971	jianpucn-112971	0	91	7	
粉色海洋 （ G调指法编配）__jianpucn-458948	images-prep/jianpucn-zhoujielun/粉色海洋 （ G调指法编配）__jianpucn-458948	jianpucn-458948	0	49	6	
粉色海洋 （G调原版编配 新歌）__jianpucn-458606	images-prep/jianpucn-zhoujielun/粉色海洋 （G调原版编配 新歌）__jianpucn-458606	jianpucn-458606	0	53	8	
红颜如霜 （ G调指法原版编配）__jianpucn-458463	images-prep/jianpucn-zhoujielun/红颜如霜 （ G调指法原版编配）__jianpucn-458463	jianpucn-458463	0	49	6	
红颜如霜 （G调原版指法）__jianpucn-458611	images-prep/jianpucn-zhoujielun/红颜如霜 （G调原版指法）__jianpucn-458611	jianpucn-458611	0	35	6	
纽约地铁 （ C调原版编配）__jianpucn-462119	images-prep/jianpucn-zhoujielun/纽约地铁 （ C调原版编配）__jianpucn-462119	jianpucn-462119	0	36	6	
自我催眠（ 弹唱版）__jianpucn-245745	images-prep/jianpucn-zhoujielun/自我催眠（ 弹唱版）__jianpucn-245745	jianpucn-245745	0	154	5	
花海 （ G调指法编配）__jianpucn-470596	images-prep/jianpucn-zhoujielun/花海 （ G调指法编配）__jianpucn-470596	jianpucn-470596	0	34	6	
英雄之歌 五线谱— （《天台》电影原声带）__jianpucn-226403	images-prep/jianpucn-zhoujielun/英雄之歌 五线谱— （《天台》电影原声带）__jianpucn-226403	jianpucn-226403	0	122	5	
菊花台 吉他谱__jianpucn-90898	images-prep/jianpucn-zhoujielun/菊花台 吉他谱__jianpucn-90898	jianpucn-90898	0	152	6	
菊花台-(带唱弹唱版05895464)__jianpucn-234484	images-prep/jianpucn-zhoujielun/菊花台-(带唱弹唱版05895464)__jianpucn-234484	jianpucn-234484	0	594	4	
菊花台-(弹唱)--简易__jianpucn-101022	images-prep/jianpucn-zhoujielun/菊花台-(弹唱)--简易__jianpucn-101022	jianpucn-101022	0	162	5	
菊花台-(弹唱)__jianpucn-100857	images-prep/jianpucn-zhoujielun/菊花台-(弹唱)__jianpucn-100857	jianpucn-100857	0	161	5	
菊花台-zhanglei7781编配版__jianpucn-171533	images-prep/jianpucn-zhoujielun/菊花台-zhanglei7781编配版__jianpucn-171533	jianpucn-171533	0	131	6	
菊花台-《黄金甲》首映弹唱__jianpucn-100539	images-prep/jianpucn-zhoujielun/菊花台-《黄金甲》首映弹唱__jianpucn-100539	jianpucn-100539	0	112	5	
菊花台尤克里里谱（ 菊花台尤克里里指弹谱）__jianpucn-462836	images-prep/jianpucn-zhoujielun/菊花台尤克里里谱（ 菊花台尤克里里指弹谱）__jianpucn-462836	jianpucn-462836	0	5	4	
蒲公英的约定( 编配 )__jianpucn-437860	images-prep/jianpucn-zhoujielun/蒲公英的约定( 编配 )__jianpucn-437860	jianpucn-437860	0	57	6	
蒲公英的约定指弹 （ 独奏 ）__jianpucn-457635	images-prep/jianpucn-zhoujielun/蒲公英的约定指弹 （ 独奏 ）__jianpucn-457635	jianpucn-457635	0	29	6	
说了再见 （ C调指法原版编配）__jianpucn-470687	images-prep/jianpucn-zhoujielun/说了再见 （ C调指法原版编配）__jianpucn-470687	jianpucn-470687	0	39	6	
说好不哭(吉他弹唱教学G调标准版)__jianpucn-438011	images-prep/jianpucn-zhoujielun/说好不哭(吉他弹唱教学G调标准版)__jianpucn-438011	jianpucn-438011	0	34	6	
说好的幸福呢-（猫猫仔单吉他版）__jianpucn-200273	images-prep/jianpucn-zhoujielun/说好的幸福呢-（猫猫仔单吉他版）__jianpucn-200273	jianpucn-200273	0	64	6	
说好的幸福呢（弹唱）__jianpucn-234658	images-prep/jianpucn-zhoujielun/说好的幸福呢（弹唱）__jianpucn-234658	jianpucn-234658	0	145	5	
超人不会飞（钢琴谱）__jianpucn-133390	images-prep/jianpucn-zhoujielun/超人不会飞（钢琴谱）__jianpucn-133390	jianpucn-133390	0	110	5	
轨迹 弹唱版__jianpucn-103793	images-prep/jianpucn-zhoujielun/轨迹 弹唱版__jianpucn-103793	jianpucn-103793	0	137	5	
轨迹 （ G调指法原版编配）__jianpucn-471507	images-prep/jianpucn-zhoujielun/轨迹 （ G调指法原版编配）__jianpucn-471507	jianpucn-471507	0	36	6	
还在流浪 （ C调中级版弹唱谱）__jianpucn-458612	images-prep/jianpucn-zhoujielun/还在流浪 （ C调中级版弹唱谱）__jianpucn-458612	jianpucn-458612	0	54	6	
还在流浪 （ C调原版弹唱谱）__jianpucn-458455	images-prep/jianpucn-zhoujielun/还在流浪 （ C调原版弹唱谱）__jianpucn-458455	jianpucn-458455	0	50	7	
还在流浪 （ C调指法原版编配）__jianpucn-458449	images-prep/jianpucn-zhoujielun/还在流浪 （ C调指法原版编配）__jianpucn-458449	jianpucn-458449	0	0	5	
退后 吉他弹唱__jianpucn-223377	images-prep/jianpucn-zhoujielun/退后 吉他弹唱__jianpucn-223377	jianpucn-223377	0	72	6	
退后 （ C调指法原版编配）__jianpucn-470677	images-prep/jianpucn-zhoujielun/退后 （ C调指法原版编配）__jianpucn-470677	jianpucn-470677	0	73	6	
退后-弹唱-05895464版__jianpucn-101789	images-prep/jianpucn-zhoujielun/退后-弹唱-05895464版__jianpucn-101789	jianpucn-101789	0	107	5	
退后-弹唱-52498190版__jianpucn-101504	images-prep/jianpucn-zhoujielun/退后-弹唱-52498190版__jianpucn-101504	jianpucn-101504	0	135	5	
退后-弹唱巴特尔版__jianpucn-101342	images-prep/jianpucn-zhoujielun/退后-弹唱巴特尔版__jianpucn-101342	jianpucn-101342	0	135	5	
都要微笑好吗（钢琴独奏）__jianpucn-244995	images-prep/jianpucn-zhoujielun/都要微笑好吗（钢琴独奏）__jianpucn-244995	jianpucn-244995	0	124	5	
金曲奖杰伦宇豪双钢琴曲（单钢琴谱）__jianpucn-197860	images-prep/jianpucn-zhoujielun/金曲奖杰伦宇豪双钢琴曲（单钢琴谱）__jianpucn-197860	jianpucn-197860	0	115	8	
错过的烟火 （ G调指法编配）__jianpucn-458453	images-prep/jianpucn-zhoujielun/错过的烟火 （ G调指法编配）__jianpucn-458453	jianpucn-458453	0	42	6	
阳光宅男 （ C调指法扫弦版编配）__jianpucn-470592	images-prep/jianpucn-zhoujielun/阳光宅男 （ C调指法扫弦版编配）__jianpucn-470592	jianpucn-470592	0	40	6	
阳光宅男尤克里里谱（ C调四 ）__jianpucn-462547	images-prep/jianpucn-zhoujielun/阳光宅男尤克里里谱（ C调四 ）__jianpucn-462547	jianpucn-462547	0	43	4	
青花瓷-zhanglei7781编配版__jianpucn-201522	images-prep/jianpucn-zhoujielun/青花瓷-zhanglei7781编配版__jianpucn-201522	jianpucn-201522	0	82	6	
青花瓷完善弹唱版__jianpucn-192697	images-prep/jianpucn-zhoujielun/青花瓷完善弹唱版__jianpucn-192697	jianpucn-192697	0	82	6	
魔术先生 钢琴弹唱谱__jianpucn-218154	images-prep/jianpucn-zhoujielun/魔术先生 钢琴弹唱谱__jianpucn-218154	jianpucn-218154	0	107	6	
魔杰座 说好的幸福呢 伴奏谱__jianpucn-218388	images-prep/jianpucn-zhoujielun/魔杰座 说好的幸福呢 伴奏谱__jianpucn-218388	jianpucn-218388	0	112	5	
黑色幽默 歌曲类 钢琴伴奏谱__jianpucn-112327	images-prep/jianpucn-zhoujielun/黑色幽默 歌曲类 钢琴伴奏谱__jianpucn-112327	jianpucn-112327	0	168	6	
黑色幽默- （C调弹唱版）__jianpucn-230283	images-prep/jianpucn-zhoujielun/黑色幽默- （C调弹唱版）__jianpucn-230283	jianpucn-230283	0	140	5	
默（尤克里里弹唱谱、《中国好声音》纯享版）__jianpucn-414353	images-prep/jianpucn-zhoujielun/默（尤克里里弹唱谱、《中国好声音》纯享版）__jianpucn-414353	jianpucn-414353	0	64	8	
My-Only （ G调指法编配）__jianpucn-457778	images-prep/jianpucn-zhoushen/My-Only （ G调指法编配）__jianpucn-457778	jianpucn-457778	0	40	6	
人是 （ C调指法原版编配）__jianpucn-467220	images-prep/jianpucn-zhoushen/人是 （ C调指法原版编配）__jianpucn-467220	jianpucn-467220	0	34	6	
光亮 （ G调指法原版编配）__jianpucn-466150	images-prep/jianpucn-zhoushen/光亮 （ G调指法原版编配）__jianpucn-466150	jianpucn-466150	0	16	8	
大鱼 （ C调指法原版编配）__jianpucn-458258	images-prep/jianpucn-zhoushen/大鱼 （ C调指法原版编配）__jianpucn-458258	jianpucn-458258	0	45	6	
大鱼指弹 （ C调吉他独奏 ）__jianpucn-457592	images-prep/jianpucn-zhoushen/大鱼指弹 （ C调吉他独奏 ）__jianpucn-457592	jianpucn-457592	0	20	6	
大鱼指弹 （ 吉他独奏 ）__jianpucn-457394	images-prep/jianpucn-zhoushen/大鱼指弹 （ 吉他独奏 ）__jianpucn-457394	jianpucn-457394	0	13	6	
望 （ C调指法原版编配）__jianpucn-462105	images-prep/jianpucn-zhoushen/望 （ C调指法原版编配）__jianpucn-462105	jianpucn-462105	0	38	7	
梅香如故 （ 毛不易 D调原版编配）__jianpucn-469436	images-prep/jianpucn-zhoushen/梅香如故 （ 毛不易 D调原版编配）__jianpucn-469436	jianpucn-469436	0	53	6	
花开忘忧 （ G调原版编配）__jianpucn-467223	images-prep/jianpucn-zhoushen/花开忘忧 （ G调原版编配）__jianpucn-467223	jianpucn-467223	0	27	7	
花开忘忧 （ 降B转G调指法）__jianpucn-467626	images-prep/jianpucn-zhoushen/花开忘忧 （ 降B转G调指法）__jianpucn-467626	jianpucn-467626	0	42	7	
若梦 （ G调指法原版编配）__jianpucn-468703	images-prep/jianpucn-zhoushen/若梦 （ G调指法原版编配）__jianpucn-468703	jianpucn-468703	0	14	7	
达拉崩吧 （ 双笙 C调原版编配）__jianpucn-469444	images-prep/jianpucn-zhoushen/达拉崩吧 （ 双笙 C调原版编配）__jianpucn-469444	jianpucn-469444	0	50	6	
青花瓷带和弦、五线谱简谱_周杰伦演唱_方文山_周杰伦词曲__jianpujia-405035	images-prep/jianpujia-583/青花瓷带和弦、五线谱简谱_周杰伦演唱_方文山_周杰伦词曲__jianpujia-405035	jianpujia-405035	0	102	5	
爱情转移钢琴简谱_陈奕迅演唱__jianpujia-252723	images-prep/jianpujia-art315/爱情转移钢琴简谱_陈奕迅演唱__jianpujia-252723	jianpujia-252723	0	0	5	
恋曲1990（吉他谱）__qupu123-240671	images-prep/qupu123-1990/恋曲1990（吉他谱）__qupu123-240671	qupu123-240671	0	59	6	
味道（吉他六线谱）__qupu123-219429	images-prep/qupu123-bench/味道（吉他六线谱）__qupu123-219429	qupu123-219429	0	65	6	
BEYOND 不再犹豫 吉他谱（无限延音编配）__qupu123-368573	images-prep/qupu123-beyond/BEYOND 不再犹豫 吉他谱（无限延音编配）__qupu123-368573	qupu123-368573	0	58	6	
BEYOND 交织千个心 吉他谱（无限延音编配）__qupu123-368574	images-prep/qupu123-beyond/BEYOND 交织千个心 吉他谱（无限延音编配）__qupu123-368574	qupu123-368574	0	68	6	
BEYOND 你知道我的迷惘 吉他谱（无限延音编配）__qupu123-368580	images-prep/qupu123-beyond/BEYOND 你知道我的迷惘 吉他谱（无限延音编配）__qupu123-368580	qupu123-368580	0	53	6	
BEYOND 冷雨夜 吉他谱（无限延音编配）__qupu123-368491	images-prep/qupu123-beyond/BEYOND 冷雨夜 吉他谱（无限延音编配）__qupu123-368491	qupu123-368491	0	64	6	
BEYOND 大地 吉他谱（无限延音编配）__qupu123-368572	images-prep/qupu123-beyond/BEYOND 大地 吉他谱（无限延音编配）__qupu123-368572	qupu123-368572	0	57	6	
BEYOND 情人 吉他谱（无限延音编配）__qupu123-368576	images-prep/qupu123-beyond/BEYOND 情人 吉他谱（无限延音编配）__qupu123-368576	qupu123-368576	0	33	6	
BEYOND 旧日的足迹 吉他谱（无限延音编配）__qupu123-368575	images-prep/qupu123-beyond/BEYOND 旧日的足迹 吉他谱（无限延音编配）__qupu123-368575	qupu123-368575	0	47	6	
BEYOND 旧日的足迹 吉他谱（无限延音编配）__qupu123-368663	images-prep/qupu123-beyond/BEYOND 旧日的足迹 吉他谱（无限延音编配）__qupu123-368663	qupu123-368663	0	47	6	
BEYOND 昔日舞曲 吉他谱（无限延音编配）__qupu123-368582	images-prep/qupu123-beyond/BEYOND 昔日舞曲 吉他谱（无限延音编配）__qupu123-368582	qupu123-368582	0	54	6	
BEYOND 灰色轨迹 吉他谱（无限延音编配）__qupu123-368571	images-prep/qupu123-beyond/BEYOND 灰色轨迹 吉他谱（无限延音编配）__qupu123-368571	qupu123-368571	0	60	6	
BEYOND 逝去日子 吉他谱（无限延音编配）__qupu123-368581	images-prep/qupu123-beyond/BEYOND 逝去日子 吉他谱（无限延音编配）__qupu123-368581	qupu123-368581	0	60	6	
BEYOND 逝去日子 吉他谱（无限延音编配）__qupu123-368664	images-prep/qupu123-beyond/BEYOND 逝去日子 吉他谱（无限延音编配）__qupu123-368664	qupu123-368664	0	60	6	
BEYOND 长城 吉他谱（无限延音编配）__qupu123-368583	images-prep/qupu123-beyond/BEYOND 长城 吉他谱（无限延音编配）__qupu123-368583	qupu123-368583	0	57	6	
BEYOND《海阔天空》简化版超清谱 老歌大叔吉他教室出品__qupu123-342890	images-prep/qupu123-beyond/BEYOND《海阔天空》简化版超清谱 老歌大叔吉他教室出品__qupu123-342890	qupu123-342890	0	63	6	
Beyond - Amani 吉他谱（无限延音编配）__qupu123-368489	images-prep/qupu123-beyond/Beyond - Amani 吉他谱（无限延音编配）__qupu123-368489	qupu123-368489	0	63	6	
Beyond the Memory - July（钢琴谱）__qupu123-352139	images-prep/qupu123-beyond/Beyond the Memory - July（钢琴谱）__qupu123-352139	qupu123-352139	0	132	5	
Beyond 光辉岁月 吉他谱（无限延音编配）__qupu123-368490	images-prep/qupu123-beyond/Beyond 光辉岁月 吉他谱（无限延音编配）__qupu123-368490	qupu123-368490	0	67	6	
Beyond 海阔天空 吉他谱（无限延音编配）__qupu123-351736	images-prep/qupu123-beyond/Beyond 海阔天空 吉他谱（无限延音编配）__qupu123-351736	qupu123-351736	0	57	6	
Beyond 真的爱你 吉他谱（无限延音编配）__qupu123-354578	images-prep/qupu123-beyond/Beyond 真的爱你 吉他谱（无限延音编配）__qupu123-354578	qupu123-354578	0	50	6	
Beyond 真的爱你 吉他谱（无限延音编配）__qupu123-368476	images-prep/qupu123-beyond/Beyond 真的爱你 吉他谱（无限延音编配）__qupu123-368476	qupu123-368476	0	50	6	
beyond 情人 吉他谱（无限延音编配）__qupu123-369647	images-prep/qupu123-beyond/beyond 情人 吉他谱（无限延音编配）__qupu123-369647	qupu123-369647	0	20	6	
beyond《冷雨夜》吉他谱（弦心距音乐编配）__qupu123-336309	images-prep/qupu123-beyond/beyond《冷雨夜》吉他谱（弦心距音乐编配）__qupu123-336309	qupu123-336309	0	58	6	
和平与爱 beyond（吉他谱）__qupu123-69318	images-prep/qupu123-beyond/和平与爱 beyond（吉他谱）__qupu123-69318	qupu123-69318	0	91	6	
真的爱你吉他谱六线谱（Beyond）__qupu123-69361	images-prep/qupu123-beyond/真的爱你吉他谱六线谱（Beyond）__qupu123-69361	qupu123-69361	0	70	6	
谁伴我闯荡 beyond（吉他谱）__qupu123-69326	images-prep/qupu123-beyond/谁伴我闯荡 beyond（吉他谱）__qupu123-69326	qupu123-69326	0	93	6	
《好久不见》吉他谱C调精华版 陈奕迅 高音教编配 猴哥吉他教学__qupu123-348944	images-prep/qupu123-chenyixun/《好久不见》吉他谱C调精华版 陈奕迅 高音教编配 猴哥吉他教学__qupu123-348944	qupu123-348944	0	68	6	
十年（陈奕迅演唱、钢琴弹唱版）__qupu123-21159	images-prep/qupu123-chenyixun/十年（陈奕迅演唱、钢琴弹唱版）__qupu123-21159	qupu123-21159	0	136	6	
因为爱情吉他谱六线谱（陈奕迅王菲）__qupu123-31686	images-prep/qupu123-wangfei/因为爱情吉他谱六线谱（陈奕迅王菲）__qupu123-31686	qupu123-31686	0	72	6	
好久不见 陈奕迅 吉他弹唱谱__qupu123-356800	images-prep/qupu123-chenyixun/好久不见 陈奕迅 吉他弹唱谱__qupu123-356800	qupu123-356800	0	29	6	
陀飞轮 陈奕迅（免费吉他谱）__qupu123-371433	images-prep/qupu123-hk/陀飞轮 陈奕迅（免费吉他谱）__qupu123-371433	qupu123-371433	0	74	6	
陈奕迅 K歌之王 吉他谱（无限延音编配）__qupu123-368496	images-prep/qupu123-hk/陈奕迅 K歌之王 吉他谱（无限延音编配）__qupu123-368496	qupu123-368496	0	69	6	
陈奕迅 你的背包 吉他谱（无限延音编配）__qupu123-368497	images-prep/qupu123-hk/陈奕迅 你的背包 吉他谱（无限延音编配）__qupu123-368497	qupu123-368497	0	61	6	
陈奕迅 全世界失眠 吉他谱（无限延音编配）__qupu123-368500	images-prep/qupu123-chenyixun/陈奕迅 全世界失眠 吉他谱（无限延音编配）__qupu123-368500	qupu123-368500	0	17	6	
陈奕迅 十年 吉他谱（无限延音编配）__qupu123-353170	images-prep/qupu123-chenyixun/陈奕迅 十年 吉他谱（无限延音编配）__qupu123-353170	qupu123-353170	0	31	6	
陈奕迅 好久不见 吉他谱（无限延音编配）__qupu123-346968	images-prep/qupu123-chenyixun/陈奕迅 好久不见 吉他谱（无限延音编配）__qupu123-346968	qupu123-346968	0	63	6	
陈奕迅 孤勇者 吉他谱（无限延音编配）__qupu123-369632	images-prep/qupu123-chenyixun/陈奕迅 孤勇者 吉他谱（无限延音编配）__qupu123-369632	qupu123-369632	0	55	6	
陈奕迅 富士山下 吉他谱（无限延音编配）__qupu123-371991	images-prep/qupu123-hk/陈奕迅 富士山下 吉他谱（无限延音编配）__qupu123-371991	qupu123-371991	0	63	6	
陈奕迅 无条件 吉他谱（无限延音编配）__qupu123-372236	images-prep/qupu123-chenyixun/陈奕迅 无条件 吉他谱（无限延音编配）__qupu123-372236	qupu123-372236	0	50	6	
陈奕迅 浮夸 吉他谱（无限延音编配）__qupu123-368498	images-prep/qupu123-hk/陈奕迅 浮夸 吉他谱（无限延音编配）__qupu123-368498	qupu123-368498	0	75	6	
陈奕迅 淘汰 G调指法 吉他谱（无限延音编配）__qupu123-344444	images-prep/qupu123-chenyixun/陈奕迅 淘汰 G调指法 吉他谱（无限延音编配）__qupu123-344444	qupu123-344444	0	60	6	
陈奕迅 爱情转移 吉他谱（无限延音编配）__qupu123-371967	images-prep/qupu123-hk/陈奕迅 爱情转移 吉他谱（无限延音编配）__qupu123-371967	qupu123-371967	0	63	6	
陈奕迅 王菲 因为爱情 吉他谱（无限延音编配）__qupu123-368499	images-prep/qupu123-wangfei/陈奕迅 王菲 因为爱情 吉他谱（无限延音编配）__qupu123-368499	qupu123-368499	0	49	6	
陈奕迅 稳稳的幸福 吉他谱 G调指法（无限延音编配）__qupu123-347654	images-prep/qupu123-chenyixun/陈奕迅 稳稳的幸福 吉他谱 G调指法（无限延音编配）__qupu123-347654	qupu123-347654	0	58	6	
陈奕迅 让我留在你身边 吉他谱（无限延音编配）__qupu123-352148	images-prep/qupu123-chenyixun/陈奕迅 让我留在你身边 吉他谱（无限延音编配）__qupu123-352148	qupu123-352148	0	68	6	
陈奕迅《十年》考级版 老歌大叔吉他教室出品__qupu123-342655	images-prep/qupu123-chenyixun/陈奕迅《十年》考级版 老歌大叔吉他教室出品__qupu123-342655	qupu123-342655	0	61	6	
陈奕迅《好久不见》前奏版超清谱 老歌大叔吉他教室出品__qupu123-342899	images-prep/qupu123-chenyixun/陈奕迅《好久不见》前奏版超清谱 老歌大叔吉他教室出品__qupu123-342899	qupu123-342899	0	63	6	
2祖国，我为你尽情歌唱（双谱）__qupu123-312690	images-prep/qupu123-crawl/2祖国，我为你尽情歌唱（双谱）__qupu123-312690	qupu123-312690	0	8	5	
​2爱在中华（双谱）__qupu123-315402	images-prep/qupu123-crawl/​2爱在中华（双谱）__qupu123-315402	qupu123-315402	0	10	5	
​56一首桃花（双谱）（选自歌剧《再别康桥》）__qupu123-316039	images-prep/qupu123-crawl/​56一首桃花（双谱）（选自歌剧《再别康桥》）__qupu123-316039	qupu123-316039	0	13	5	
《金陵祭》选曲二首：月光（童声领唱与合唱、五线谱）__qupu123-324030	images-prep/qupu123-crawl/《金陵祭》选曲二首：月光（童声领唱与合唱、五线谱）__qupu123-324030	qupu123-324030	0	8	5	
《金陵祭》选曲二首：涅槃（五线谱）__qupu123-324032	images-prep/qupu123-crawl/《金陵祭》选曲二首：涅槃（五线谱）__qupu123-324032	qupu123-324032	0	11	5	
中国，我属于你（伊彬配伴奏版、正谱）__qupu123-324155	images-prep/qupu123-crawl/中国，我属于你（伊彬配伴奏版、正谱）__qupu123-324155	qupu123-324155	0	4	5	
五线谱版二部合唱：斑鸠调__qupu123-326802	images-prep/qupu123-crawl/五线谱版二部合唱：斑鸠调__qupu123-326802	qupu123-326802	0	113	5	
五线谱版二部合唱：灯碗碗开花在窗台__qupu123-326849	images-prep/qupu123-crawl/五线谱版二部合唱：灯碗碗开花在窗台__qupu123-326849	qupu123-326849	0	72	5	
五线谱版二部合唱：红红的中国结__qupu123-326909	images-prep/qupu123-crawl/五线谱版二部合唱：红红的中国结__qupu123-326909	qupu123-326909	0	117	5	
五线谱版二重唱：中秋__qupu123-326923	images-prep/qupu123-crawl/五线谱版二重唱：中秋__qupu123-326923	qupu123-326923	0	136	5	
五线谱版二重唱：八月桂花遍地开__qupu123-326800	images-prep/qupu123-crawl/五线谱版二重唱：八月桂花遍地开__qupu123-326800	qupu123-326800	0	138	5	
五线谱版二重唱：十八岁的歌，十八岁的笑__qupu123-326928	images-prep/qupu123-crawl/五线谱版二重唱：十八岁的歌，十八岁的笑__qupu123-326928	qupu123-326928	0	73	5	
五线谱版二重唱：十大姐__qupu123-326932	images-prep/qupu123-crawl/五线谱版二重唱：十大姐__qupu123-326932	qupu123-326932	0	70	5	
五线谱版二重唱：地球啊，母亲__qupu123-326848	images-prep/qupu123-crawl/五线谱版二重唱：地球啊，母亲__qupu123-326848	qupu123-326848	0	87	5	
五线谱版二重唱：多么美__qupu123-326850	images-prep/qupu123-crawl/五线谱版二重唱：多么美__qupu123-326850	qupu123-326850	0	105	5	
五线谱版二重唱：大红旗赞__qupu123-326847	images-prep/qupu123-crawl/五线谱版二重唱：大红旗赞__qupu123-326847	qupu123-326847	0	94	5	
五线谱版二重唱：我们的八小时以外__qupu123-326917	images-prep/qupu123-crawl/五线谱版二重唱：我们的八小时以外__qupu123-326917	qupu123-326917	0	110	5	
五线谱版二重唱：摘菜调__qupu123-326922	images-prep/qupu123-crawl/五线谱版二重唱：摘菜调__qupu123-326922	qupu123-326922	0	93	5	
五线谱版二重唱：故乡恋__qupu123-326851	images-prep/qupu123-crawl/五线谱版二重唱：故乡恋__qupu123-326851	qupu123-326851	0	124	5	
五线谱版二重唱：明天的美景今天描__qupu123-326799	images-prep/qupu123-crawl/五线谱版二重唱：明天的美景今天描__qupu123-326799	qupu123-326799	0	128	5	
五线谱版二重唱：星星跟着月亮走__qupu123-326918	images-prep/qupu123-crawl/五线谱版二重唱：星星跟着月亮走__qupu123-326918	qupu123-326918	0	114	5	
五线谱版二重唱：映山红的家乡__qupu123-326920	images-prep/qupu123-crawl/五线谱版二重唱：映山红的家乡__qupu123-326920	qupu123-326920	0	114	5	
五线谱版二重唱：映山红（影片《闪闪的红星》插曲）__qupu123-326933	images-prep/qupu123-crawl/五线谱版二重唱：映山红（影片《闪闪的红星》插曲）__qupu123-326933	qupu123-326933	0	85	5	
五线谱版二重唱：欢乐的敖包会__qupu123-326910	images-prep/qupu123-crawl/五线谱版二重唱：欢乐的敖包会__qupu123-326910	qupu123-326910	0	101	5	
五线谱版二重唱：永远的马头琴__qupu123-326921	images-prep/qupu123-crawl/五线谱版二重唱：永远的马头琴__qupu123-326921	qupu123-326921	0	58	5	
五线谱版二重唱：清晨，我们踏上小道__qupu123-326916	images-prep/qupu123-crawl/五线谱版二重唱：清晨，我们踏上小道__qupu123-326916	qupu123-326916	0	60	5	
五线谱版二重唱：火箭兵的梦__qupu123-326930	images-prep/qupu123-crawl/五线谱版二重唱：火箭兵的梦__qupu123-326930	qupu123-326930	0	103	5	
五线谱版二重唱：留下一片荫凉__qupu123-326914	images-prep/qupu123-crawl/五线谱版二重唱：留下一片荫凉__qupu123-326914	qupu123-326914	0	72	5	
五线谱版二重唱：礼貌歌__qupu123-326913	images-prep/qupu123-crawl/五线谱版二重唱：礼貌歌__qupu123-326913	qupu123-326913	0	72	5	
五线谱版二重唱：祖国万岁__qupu123-326927	images-prep/qupu123-crawl/五线谱版二重唱：祖国万岁__qupu123-326927	qupu123-326927	0	157	6	
五线谱版二重唱：祖国，您听我说__qupu123-326925	images-prep/qupu123-crawl/五线谱版二重唱：祖国，您听我说__qupu123-326925	qupu123-326925	0	59	5	
五线谱版二重唱：祖国，我的太阳__qupu123-326926	images-prep/qupu123-crawl/五线谱版二重唱：祖国，我的太阳__qupu123-326926	qupu123-326926	0	110	6	
五线谱版二重唱：祝愿歌__qupu123-326924	images-prep/qupu123-crawl/五线谱版二重唱：祝愿歌__qupu123-326924	qupu123-326924	0	74	5	
五线谱版二重唱：芦花__qupu123-326931	images-prep/qupu123-crawl/五线谱版二重唱：芦花__qupu123-326931	qupu123-326931	0	109	5	
五线谱版二重唱：金梭和银梭__qupu123-326912	images-prep/qupu123-crawl/五线谱版二重唱：金梭和银梭__qupu123-326912	qupu123-326912	0	86	5	
五线谱版二重唱：钱塘问潮__qupu123-326915	images-prep/qupu123-crawl/五线谱版二重唱：钱塘问潮__qupu123-326915	qupu123-326915	0	98	5	
五线谱版二重唱：阿里阿里__qupu123-326929	images-prep/qupu123-crawl/五线谱版二重唱：阿里阿里__qupu123-326929	qupu123-326929	0	67	5	
交亲亲（五线谱）__qupu123-326911	images-prep/qupu123-crawl/交亲亲（五线谱）__qupu123-326911	qupu123-326911	0	56	5	
八声甘州（五线谱）__qupu123-322351	images-prep/qupu123-crawl/八声甘州（五线谱）__qupu123-322351	qupu123-322351	0	38	5	
兰花花（五线谱）__qupu123-323756	images-prep/qupu123-crawl/兰花花（五线谱）__qupu123-323756	qupu123-323756	0	20	5	
刚好遇见你（五线谱）__qupu123-333870	images-prep/qupu123-crawl/刚好遇见你（五线谱）__qupu123-333870	qupu123-333870	0	40	5	
勘探队之歌（五线谱）__qupu123-323390	images-prep/qupu123-crawl/勘探队之歌（五线谱）__qupu123-323390	qupu123-323390	0	18	7	
告白气球（五线谱）__qupu123-333871	images-prep/qupu123-crawl/告白气球（五线谱）__qupu123-333871	qupu123-333871	0	47	5	
哈卢拉依（五线谱）__qupu123-335893	images-prep/qupu123-crawl/哈卢拉依（五线谱）__qupu123-335893	qupu123-335893	0	123	5	
啊里罗（选自无伴奏合唱《民族风情音画集》、五线谱）__qupu123-322238	images-prep/qupu123-crawl/啊里罗（选自无伴奏合唱《民族风情音画集》、五线谱）__qupu123-322238	qupu123-322238	0	22	5	
嘚嘚调（五线谱）__qupu123-321478	images-prep/qupu123-crawl/嘚嘚调（五线谱）__qupu123-321478	qupu123-321478	0	83	5	
四季花儿（无伴奏女声合唱、五线谱）__qupu123-325155	images-prep/qupu123-crawl/四季花儿（无伴奏女声合唱、五线谱）__qupu123-325155	qupu123-325155	0	36	5	
四海（无伴奏合唱、五线谱）__qupu123-323035	images-prep/qupu123-crawl/四海（无伴奏合唱、五线谱）__qupu123-323035	qupu123-323035	0	3	5	
在死线上（四部合唱、五线谱）__qupu123-325702	images-prep/qupu123-crawl/在死线上（四部合唱、五线谱）__qupu123-325702	qupu123-325702	0	122	5	
夜空中最亮的星（五线谱）__qupu123-333873	images-prep/qupu123-crawl/夜空中最亮的星（五线谱）__qupu123-333873	qupu123-333873	0	69	6	
大母鸡下蛋（五线谱）__qupu123-328038	images-prep/qupu123-crawl/大母鸡下蛋（五线谱）__qupu123-328038	qupu123-328038	0	26	4	
太阳出来照山坳（男声重唱、五线谱）__qupu123-335907	images-prep/qupu123-crawl/太阳出来照山坳（男声重唱、五线谱）__qupu123-335907	qupu123-335907	0	41	4	
好似一对金凤凰（女声无伴奏合唱、五线谱）__qupu123-325036	images-prep/qupu123-crawl/好似一对金凤凰（女声无伴奏合唱、五线谱）__qupu123-325036	qupu123-325036	0	0	6	
妹是凤凰莫展翅（男声二重唱、五线谱）__qupu123-335885	images-prep/qupu123-crawl/妹是凤凰莫展翅（男声二重唱、五线谱）__qupu123-335885	qupu123-335885	0	6	4	
岁寒三友（柴扉词_王建曲、五线谱）__qupu123-324364	images-prep/qupu123-crawl/岁寒三友（柴扉词_王建曲、五线谱）__qupu123-324364	qupu123-324364	0	63	5	
带你去旅行（五线谱）__qupu123-333869	images-prep/qupu123-crawl/带你去旅行（五线谱）__qupu123-333869	qupu123-333869	0	61	5	
我和我的祖国（混声合唱-钢琴伴奏）__qupu123-372791	images-prep/qupu123-crawl/我和我的祖国（混声合唱-钢琴伴奏）__qupu123-372791	qupu123-372791	0	103	5	
我的家乡好（男女声对唱、五线谱）__qupu123-335900	images-prep/qupu123-crawl/我的家乡好（男女声对唱、五线谱）__qupu123-335900	qupu123-335900	0	72	5	
战士的梦想（男声组合演唱、五线谱）__qupu123-322856	images-prep/qupu123-crawl/战士的梦想（男声组合演唱、五线谱）__qupu123-322856	qupu123-322856	0	24	5	
抗日合唱（四部合唱、五线谱）__qupu123-325707	images-prep/qupu123-crawl/抗日合唱（四部合唱、五线谱）__qupu123-325707	qupu123-325707	0	90	5	
摇篮曲（瞿维词_寄明曲、五线谱）__qupu123-324255	images-prep/qupu123-crawl/摇篮曲（瞿维词_寄明曲、五线谱）__qupu123-324255	qupu123-324255	0	4	5	
摇篮曲（童声无伴奏合唱、五线谱）__qupu123-325137	images-prep/qupu123-crawl/摇篮曲（童声无伴奏合唱、五线谱）__qupu123-325137	qupu123-325137	0	45	5	
撒拉耶（五线谱）__qupu123-335896	images-prep/qupu123-crawl/撒拉耶（五线谱）__qupu123-335896	qupu123-335896	0	27	5	
故乡之恋（无伴奏合唱、五线谱）__qupu123-324362	images-prep/qupu123-crawl/故乡之恋（无伴奏合唱、五线谱）__qupu123-324362	qupu123-324362	0	29	5	
无名花（康健春词_王胜利曲_刘聪配伴奏、正谱）__qupu123-303517	images-prep/qupu123-crawl/无名花（康健春词_王胜利曲_刘聪配伴奏、正谱）__qupu123-303517	qupu123-303517	0	68	5	
春天的香花（芒市坝子调）（男声无伴奏合唱、五线谱）__qupu123-324365	images-prep/qupu123-crawl/春天的香花（芒市坝子调）（男声无伴奏合唱、五线谱）__qupu123-324365	qupu123-324365	0	50	5	
春韵（五线谱）__qupu123-321479	images-prep/qupu123-crawl/春韵（五线谱）__qupu123-321479	qupu123-321479	0	55	5	
暮色（女声四部合唱、小提琴+大提琴+钢琴伴奏）__qupu123-324923	images-prep/qupu123-crawl/暮色（女声四部合唱、小提琴+大提琴+钢琴伴奏）__qupu123-324923	qupu123-324923	0	1	6	
望妹别忘哥（同声二重唱、五线谱）__qupu123-335902	images-prep/qupu123-crawl/望妹别忘哥（同声二重唱、五线谱）__qupu123-335902	qupu123-335902	0	189	5	
果是米中生（男声重唱、五线谱）__qupu123-335906	images-prep/qupu123-crawl/果是米中生（男声重唱、五线谱）__qupu123-335906	qupu123-335906	0	72	5	
树上喜鹊叫喳喳（女声二重唱、五线谱）__qupu123-335883	images-prep/qupu123-crawl/树上喜鹊叫喳喳（女声二重唱、五线谱）__qupu123-335883	qupu123-335883	0	97	5	
森林秋歌（五线谱）__qupu123-324250	images-prep/qupu123-crawl/森林秋歌（五线谱）__qupu123-324250	qupu123-324250	0	8	5	
椰寨情歌（五线谱）__qupu123-324634	images-prep/qupu123-crawl/椰寨情歌（五线谱）__qupu123-324634	qupu123-324634	0	20	5	
沂蒙随想（童声无伴奏合唱、五线谱）__qupu123-325247	images-prep/qupu123-crawl/沂蒙随想（童声无伴奏合唱、五线谱）__qupu123-325247	qupu123-325247	0	132	5	
没敢念（女声重唱、五线谱）__qupu123-335903	images-prep/qupu123-crawl/没敢念（女声重唱、五线谱）__qupu123-335903	qupu123-335903	0	70	5	
洁白的小伞（合唱、五线谱）__qupu123-322240	images-prep/qupu123-crawl/洁白的小伞（合唱、五线谱）__qupu123-322240	qupu123-322240	0	17	5	
清平乐·晚春（五线谱）__qupu123-322239	images-prep/qupu123-crawl/清平乐·晚春（五线谱）__qupu123-322239	qupu123-322239	0	22	5	
满江红（岳飞词_段平泰曲、五线谱）__qupu123-327880	images-prep/qupu123-crawl/满江红（岳飞词_段平泰曲、五线谱）__qupu123-327880	qupu123-327880	0	39	5	
焦土抗战（二部合唱、五线谱）__qupu123-325706	images-prep/qupu123-crawl/焦土抗战（二部合唱、五线谱）__qupu123-325706	qupu123-325706	0	130	5	
父母的恩情（五线谱）__qupu123-321274	images-prep/qupu123-crawl/父母的恩情（五线谱）__qupu123-321274	qupu123-321274	0	78	5	
猴狗相抵头（三部合唱、五线谱）__qupu123-322257	images-prep/qupu123-crawl/猴狗相抵头（三部合唱、五线谱）__qupu123-322257	qupu123-322257	0	31	5	
环江米糯香（二重唱、五线谱）__qupu123-335898	images-prep/qupu123-crawl/环江米糯香（二重唱、五线谱）__qupu123-335898	qupu123-335898	0	49	5	
竹楼梦幻（五线谱）__qupu123-322030	images-prep/qupu123-crawl/竹楼梦幻（五线谱）__qupu123-322030	qupu123-322030	0	12	5	
竹楼梦幻（女声十二人无伴奏合唱、五线谱）__qupu123-324823	images-prep/qupu123-crawl/竹楼梦幻（女声十二人无伴奏合唱、五线谱）__qupu123-324823	qupu123-324823	0	34	5	
竹筒舞歌（女声合唱、五线谱）__qupu123-335890	images-prep/qupu123-crawl/竹筒舞歌（女声合唱、五线谱）__qupu123-335890	qupu123-335890	0	128	5	
羊角花开（带打击乐总谱+钢琴伴奏）__qupu123-327571	images-prep/qupu123-crawl/羊角花开（带打击乐总谱+钢琴伴奏）__qupu123-327571	qupu123-327571	0	52	5	
美丽的草原我的家（无伴奏合唱、五线谱）__qupu123-323034	images-prep/qupu123-crawl/美丽的草原我的家（无伴奏合唱、五线谱）__qupu123-323034	qupu123-323034	0	25	6	
老鸟，小鸟（五线谱）__qupu123-323387	images-prep/qupu123-crawl/老鸟，小鸟（五线谱）__qupu123-323387	qupu123-323387	0	8	5	
聚英荟萃皆栋梁（合唱、五线谱）__qupu123-335106	images-prep/qupu123-crawl/聚英荟萃皆栋梁（合唱、五线谱）__qupu123-335106	qupu123-335106	0	62	5	
背粮歌（五线谱）__qupu123-335895	images-prep/qupu123-crawl/背粮歌（五线谱）__qupu123-335895	qupu123-335895	0	84	6	
花背带（黄露瑶词_赵琳曲、五线谱）__qupu123-321386	images-prep/qupu123-crawl/花背带（黄露瑶词_赵琳曲、五线谱）__qupu123-321386	qupu123-321386	0	67	5	
草原上升起不落的太阳（男声无伴奏合唱、杜鸣心改编版、五线谱）__qupu123-324628	images-prep/qupu123-crawl/草原上升起不落的太阳（男声无伴奏合唱、杜鸣心改编版、五线谱）__qupu123-324628	qupu123-324628	0	83	6	
草原夜色美（无伴奏男声合唱、五线谱）__qupu123-332256	images-prep/qupu123-crawl/草原夜色美（无伴奏男声合唱、五线谱）__qupu123-332256	qupu123-332256	0	44	5	
草原恋（无伴奏合唱、五线谱）__qupu123-322931	images-prep/qupu123-crawl/草原恋（无伴奏合唱、五线谱）__qupu123-322931	qupu123-322931	0	1	5	
葡萄藤下（手风琴五线谱）__qupu123-377454	images-prep/qupu123-crawl/葡萄藤下（手风琴五线谱）__qupu123-377454	qupu123-377454	0	119	5	
蒙汉青年联合抗战进行曲（五线谱）__qupu123-325712	images-prep/qupu123-crawl/蒙汉青年联合抗战进行曲（五线谱）__qupu123-325712	qupu123-325712	0	118	5	
西安，西安（五线谱）__qupu123-299655	images-prep/qupu123-crawl/西安，西安（五线谱）__qupu123-299655	qupu123-299655	0	92	5	
记得那年解放来（五线谱）__qupu123-335888	images-prep/qupu123-crawl/记得那年解放来（五线谱）__qupu123-335888	qupu123-335888	0	77	6	
车水号子（陈闯词_顾子菲曲、五线谱）__qupu123-324254	images-prep/qupu123-crawl/车水号子（陈闯词_顾子菲曲、五线谱）__qupu123-324254	qupu123-324254	0	46	5	
远山晨钟（五线谱）__qupu123-322469	images-prep/qupu123-crawl/远山晨钟（五线谱）__qupu123-322469	qupu123-322469	0	27	5	
远走高飞（五线谱）__qupu123-333872	images-prep/qupu123-crawl/远走高飞（五线谱）__qupu123-333872	qupu123-333872	0	62	5	
采莲曲（五线谱）__qupu123-322352	images-prep/qupu123-crawl/采莲曲（五线谱）__qupu123-322352	qupu123-322352	0	65	5	
钢琴伴奏版二重唱：你的心牵着我的心（选自歌剧《草原之歌》）__qupu123-327043	images-prep/qupu123-crawl/钢琴伴奏版二重唱：你的心牵着我的心（选自歌剧《草原之歌》）__qupu123-327043	qupu123-327043	0	90	5	
钢琴伴奏版二重唱：依拉拉__qupu123-326919	images-prep/qupu123-crawl/钢琴伴奏版二重唱：依拉拉__qupu123-326919	qupu123-326919	0	81	5	
钢琴伴奏版二重唱：紫藤花（选自歌剧《伤逝》主题歌）__qupu123-327044	images-prep/qupu123-crawl/钢琴伴奏版二重唱：紫藤花（选自歌剧《伤逝》主题歌）__qupu123-327044	qupu123-327044	0	58	5	
长亭绪（花腔女高音+二胡+钢琴伴奏）__qupu123-333485	images-prep/qupu123-crawl/长亭绪（花腔女高音+二胡+钢琴伴奏）__qupu123-333485	qupu123-333485	0	7	4	
长刀歌——景颇族民歌主题（五线谱）__qupu123-322237	images-prep/qupu123-crawl/长刀歌——景颇族民歌主题（五线谱）__qupu123-322237	qupu123-322237	0	13	5	
长相思（白居易词_刘松林曲、五线谱）__qupu123-324157	images-prep/qupu123-crawl/长相思（白居易词_刘松林曲、五线谱）__qupu123-324157	qupu123-324157	0	36	5	
雁（蒙古民歌）（无伴奏合唱、五线谱）__qupu123-318230	images-prep/qupu123-crawl/雁（蒙古民歌）（无伴奏合唱、五线谱）__qupu123-318230	qupu123-318230	0	110	5	
雨江南（五线谱）__qupu123-323879	images-prep/qupu123-crawl/雨江南（五线谱）__qupu123-323879	qupu123-323879	0	4	5	
青白江（五线谱）__qupu123-335428	images-prep/qupu123-crawl/青白江（五线谱）__qupu123-335428	qupu123-335428	0	187	5	
颂祖国（新疆维吾尔族民歌）（五线谱）__qupu123-328318	images-prep/qupu123-crawl/颂祖国（新疆维吾尔族民歌）（五线谱）__qupu123-328318	qupu123-328318	0	42	5	
《光年之外》吉他谱G调入门版 邓紫棋 高音教编配__qupu123-336424	images-prep/qupu123-dengziqi/《光年之外》吉他谱G调入门版 邓紫棋 高音教编配__qupu123-336424	qupu123-336424	0	74	6	
《来自天堂的恶魔》吉他谱G调入门版 G.E.M.邓紫棋 高音教编配 猴哥吉他教学__qupu123-345200	images-prep/qupu123-dengziqi/《来自天堂的恶魔》吉他谱G调入门版 G.E.M.邓紫棋 高音教编配 猴哥吉他教学__qupu123-345200	qupu123-345200	0	75	7	
《泡沫》吉他谱D调精华版 邓紫棋 高音教编配__qupu123-340027	images-prep/qupu123-dengziqi/《泡沫》吉他谱D调精华版 邓紫棋 高音教编配__qupu123-340027	qupu123-340027	0	68	6	
邓紫棋 光年之外 吉他谱（无限延音编配）__qupu123-344260	images-prep/qupu123-dengziqi/邓紫棋 光年之外 吉他谱（无限延音编配）__qupu123-344260	qupu123-344260	0	75	6	
邓紫棋 光年之外小提琴谱（光年之外 小提琴五线谱）__qupu123-342615	images-prep/qupu123-dengziqi/邓紫棋 光年之外小提琴谱（光年之外 小提琴五线谱）__qupu123-342615	qupu123-342615	0	91	5	
邓紫棋 句号 吉他谱（无限延音编配）__qupu123-354634	images-prep/qupu123-dengziqi/邓紫棋 句号 吉他谱（无限延音编配）__qupu123-354634	qupu123-354634	0	70	6	
邓紫棋 后会无期 吉他谱（无限延音编配）__qupu123-348531	images-prep/qupu123-dengziqi/邓紫棋 后会无期 吉他谱（无限延音编配）__qupu123-348531	qupu123-348531	0	17	6	
邓紫棋 喜欢你 吉他谱（无限延音编配）__qupu123-350379	images-prep/qupu123-dengziqi/邓紫棋 喜欢你 吉他谱（无限延音编配）__qupu123-350379	qupu123-350379	0	68	6	
邓紫棋 多远都要在一起 吉他谱（无限延音编配）__qupu123-355174	images-prep/qupu123-dengziqi/邓紫棋 多远都要在一起 吉他谱（无限延音编配）__qupu123-355174	qupu123-355174	0	101	6	
邓紫棋 来自天堂的魔鬼 吉他谱（无限延音编配）__qupu123-345332	images-prep/qupu123-dengziqi/邓紫棋 来自天堂的魔鬼 吉他谱（无限延音编配）__qupu123-345332	qupu123-345332	0	76	6	
邓紫棋 泡沫 吉他谱（无限延音编配）__qupu123-352619	images-prep/qupu123-dengziqi/邓紫棋 泡沫 吉他谱（无限延音编配）__qupu123-352619	qupu123-352619	0	70	6	
邓紫棋 画 吉他谱（无限延音编配）__qupu123-349050	images-prep/qupu123-dengziqi/邓紫棋 画 吉他谱（无限延音编配）__qupu123-349050	qupu123-349050	0	66	6	
邓紫棋《画》指弹吉他谱 G调图片六线谱__qupu123-351149	images-prep/qupu123-dengziqi/邓紫棋《画》指弹吉他谱 G调图片六线谱__qupu123-351149	qupu123-351149	0	71	6	
孙楠韩红 美丽的神话 吉他谱（无限延音编配）__qupu123-368676	images-prep/qupu123-hanhong/孙楠韩红 美丽的神话 吉他谱（无限延音编配）__qupu123-368676	qupu123-368676	0	63	6	
祖国不会忘记 韩红 吉他谱（无限延音编配）__qupu123-372257	images-prep/qupu123-hanhong/祖国不会忘记 韩红 吉他谱（无限延音编配）__qupu123-372257	qupu123-372257	0	64	6	
49-21-La Vie en Rose -Bb- 五线谱（SMOOTH JAZZ - The Best of Harm__qupu123-363111	images-prep/qupu123-hk/49-21-La Vie en Rose -Bb- 五线谱（SMOOTH JAZZ - The Best of Harm__qupu123-363111	qupu123-363111	0	110	5	
BEYOND 不再犹豫 吉他谱（无限延音编配）__qupu123-368573	images-prep/qupu123-beyond/BEYOND 不再犹豫 吉他谱（无限延音编配）__qupu123-368573	qupu123-368573	0	58	6	
BEYOND 旧日的足迹 吉他谱（无限延音编配）__qupu123-368575	images-prep/qupu123-beyond/BEYOND 旧日的足迹 吉他谱（无限延音编配）__qupu123-368575	qupu123-368575	0	47	6	
BEYOND 旧日的足迹 吉他谱（无限延音编配）__qupu123-368663	images-prep/qupu123-beyond/BEYOND 旧日的足迹 吉他谱（无限延音编配）__qupu123-368663	qupu123-368663	0	47	6	
BEYOND 灰色轨迹 吉他谱（无限延音编配）__qupu123-368571	images-prep/qupu123-beyond/BEYOND 灰色轨迹 吉他谱（无限延音编配）__qupu123-368571	qupu123-368571	0	60	6	
Beyond - Amani 吉他谱（无限延音编配）__qupu123-368489	images-prep/qupu123-beyond/Beyond - Amani 吉他谱（无限延音编配）__qupu123-368489	qupu123-368489	0	63	6	
C 小调中提琴独奏随想曲 Op.55__qupu123-367581	images-prep/qupu123-hk/C 小调中提琴独奏随想曲 Op.55__qupu123-367581	qupu123-367581	0	125	5	
一丝不挂（免费吉他谱）__qupu123-371743	images-prep/qupu123-hk/一丝不挂（免费吉他谱）__qupu123-371743	qupu123-371743	0	77	6	
一生中最爱（吉他弹唱谱）__qupu123-209020	images-prep/qupu123-hk/一生中最爱（吉他弹唱谱）__qupu123-209020	qupu123-209020	0	204	12	
一生何求（吉他谱）__qupu123-69331	images-prep/qupu123-hk/一生何求（吉他谱）__qupu123-69331	qupu123-69331	0	48	6	
世间始终你好（电影《美人鱼》宣传曲、双钢琴版）__qupu123-240267	images-prep/qupu123-hk/世间始终你好（电影《美人鱼》宣传曲、双钢琴版）__qupu123-240267	qupu123-240267	0	99	5	
你的背包（吉他C调高清弹唱谱）__qupu123-246987	images-prep/qupu123-hk/你的背包（吉他C调高清弹唱谱）__qupu123-246987	qupu123-246987	0	56	6	
倩女幽魂（吉他六线谱）__qupu123-231562	images-prep/qupu123-hk/倩女幽魂（吉他六线谱）__qupu123-231562	qupu123-231562	0	39	6	
匆匆那年（五线谱）__qupu123-337480	images-prep/qupu123-kw/匆匆那年（五线谱）__qupu123-337480	qupu123-337480	0	70	6	
十年（钢琴谱）__qupu123-354341	images-prep/qupu123-hk/十年（钢琴谱）__qupu123-354341	qupu123-354341	0	69	5	
可惜我是水瓶座（吉他六线谱）__qupu123-303260	images-prep/qupu123-hk/可惜我是水瓶座（吉他六线谱）__qupu123-303260	qupu123-303260	0	41	6	
听说爱情回来过（吉他谱）__qupu123-69328	images-prep/qupu123-mp031/听说爱情回来过（吉他谱）__qupu123-69328	qupu123-69328	0	75	6	
大家一起喜羊羊（《喜羊羊虎虎生威》插曲、带和弦五线谱）__qupu123-30525	images-prep/qupu123-hk/大家一起喜羊羊（《喜羊羊虎虎生威》插曲、带和弦五线谱）__qupu123-30525	qupu123-30525	0	69	5	
失恋阵线联盟（吉他六线谱）__qupu123-248341	images-prep/qupu123-hk/失恋阵线联盟（吉他六线谱）__qupu123-248341	qupu123-248341	0	77	6	
富士山下（免费吉他谱）__qupu123-373040	images-prep/qupu123-hk/富士山下（免费吉他谱）__qupu123-373040	qupu123-373040	0	65	6	
左手右手（《喜羊羊虎虎生威》插曲、带和弦五线谱）__qupu123-30526	images-prep/qupu123-hk/左手右手（《喜羊羊虎虎生威》插曲、带和弦五线谱）__qupu123-30526	qupu123-30526	0	48	5	
张学友 遥远的她 吉他谱（无限延音编配）__qupu123-368553	images-prep/qupu123-hk/张学友 遥远的她 吉他谱（无限延音编配）__qupu123-368553	qupu123-368553	0	75	6	
忘了你忘了我（免费吉他谱）__qupu123-370961	images-prep/qupu123-hk/忘了你忘了我（免费吉他谱）__qupu123-370961	qupu123-370961	0	69	6	
暧昧（五线谱）__qupu123-40423	images-prep/qupu123-hk/暧昧（五线谱）__qupu123-40423	qupu123-40423	0	99	5	
朋友（五线谱）__qupu123-354397	images-prep/qupu123-hk/朋友（五线谱）__qupu123-354397	qupu123-354397	0	62	5	
沉默是金（李维聪编配吉他谱）__qupu123-336646	images-prep/qupu123-hk/沉默是金（李维聪编配吉他谱）__qupu123-336646	qupu123-336646	0	37	6	
沉默是金（简谱&萨克斯五线谱）__qupu123-363740	images-prep/qupu123-hk/沉默是金（简谱&萨克斯五线谱）__qupu123-363740	qupu123-363740	0	95	5	
浪子心声 免费吉他谱__qupu123-370756	images-prep/qupu123-hk/浪子心声 免费吉他谱__qupu123-370756	qupu123-370756	0	57	6	
浮夸（简谱&萨克斯五线谱）__qupu123-362904	images-prep/qupu123-hk/浮夸（简谱&萨克斯五线谱）__qupu123-362904	qupu123-362904	0	91	5	
真的爱你（钢琴谱）__qupu123-354343	images-prep/qupu123-kw/真的爱你（钢琴谱）__qupu123-354343	qupu123-354343	0	63	5	
笑看风云（免费吉他谱）__qupu123-372394	images-prep/qupu123-hk/笑看风云（免费吉他谱）__qupu123-372394	qupu123-372394	0	59	6	
至少还有你（吉他谱）__qupu123-69332	images-prep/qupu123-hk/至少还有你（吉他谱）__qupu123-69332	qupu123-69332	0	46	6	
薛之谦《暧昧》吉他谱C调入门版 高音教编配 猴哥吉他教学__qupu123-350928	images-prep/qupu123-xuezhiqian/薛之谦《暧昧》吉他谱C调入门版 高音教编配 猴哥吉他教学__qupu123-350928	qupu123-350928	0	66	7	
讲不出再见（吉他六线谱）__qupu123-258123	images-prep/qupu123-hk/讲不出再见（吉他六线谱）__qupu123-258123	qupu123-258123	0	78	6	
谢安琪《喜帖街》高清吉他谱完美版（吉他六线谱）__qupu123-272212	images-prep/qupu123-hk/谢安琪《喜帖街》高清吉他谱完美版（吉他六线谱）__qupu123-272212	qupu123-272212	0	57	6	
谢谢你的爱（吉他六线谱）__qupu123-209530	images-prep/qupu123-hk/谢谢你的爱（吉他六线谱）__qupu123-209530	qupu123-209530	0	49	6	
谭咏麟《讲不出再见》高清吉他谱（吉他六线谱）__qupu123-258862	images-prep/qupu123-hk/谭咏麟《讲不出再见》高清吉他谱（吉他六线谱）__qupu123-258862	qupu123-258862	0	42	6	
遥远的她（原版吉他谱）__qupu123-268987	images-prep/qupu123-hk/遥远的她（原版吉他谱）__qupu123-268987	qupu123-268987	0	75	6	
陀飞轮 陈奕迅（免费吉他谱）__qupu123-371433	images-prep/qupu123-hk/陀飞轮 陈奕迅（免费吉他谱）__qupu123-371433	qupu123-371433	0	74	6	
陈奕迅 K歌之王 吉他谱（无限延音编配）__qupu123-368496	images-prep/qupu123-hk/陈奕迅 K歌之王 吉他谱（无限延音编配）__qupu123-368496	qupu123-368496	0	69	6	
陈奕迅 你的背包 吉他谱（无限延音编配）__qupu123-368497	images-prep/qupu123-hk/陈奕迅 你的背包 吉他谱（无限延音编配）__qupu123-368497	qupu123-368497	0	61	6	
陈奕迅 富士山下 吉他谱（无限延音编配）__qupu123-371991	images-prep/qupu123-hk/陈奕迅 富士山下 吉他谱（无限延音编配）__qupu123-371991	qupu123-371991	0	63	6	
陈奕迅 浮夸 吉他谱（无限延音编配）__qupu123-368498	images-prep/qupu123-hk/陈奕迅 浮夸 吉他谱（无限延音编配）__qupu123-368498	qupu123-368498	0	75	6	
陈奕迅 爱情转移 吉他谱（无限延音编配）__qupu123-371967	images-prep/qupu123-hk/陈奕迅 爱情转移 吉他谱（无限延音编配）__qupu123-371967	qupu123-371967	0	63	6	
一分钱（五线谱）__qupu123-235849	images-prep/qupu123-kw/一分钱（五线谱）__qupu123-235849	qupu123-235849	0	15	5	
一生有你（五线谱）__qupu123-337428	images-prep/qupu123-kw/一生有你（五线谱）__qupu123-337428	qupu123-337428	0	59	5	
七子之歌（吉他六线谱）__qupu123-209425	images-prep/qupu123-kw/七子之歌（吉他六线谱）__qupu123-209425	qupu123-209425	0	66	6	
东方红（简线）__qupu123-61158	images-prep/qupu123-kw/东方红（简线）__qupu123-61158	qupu123-61158	0	36	5	
但愿人长久（五线谱）__qupu123-353810	images-prep/qupu123-kw/但愿人长久（五线谱）__qupu123-353810	qupu123-353810	0	61	5	
但愿人长久（钢琴谱）__qupu123-354323	images-prep/qupu123-kw/但愿人长久（钢琴谱）__qupu123-354323	qupu123-354323	0	78	5	
你的样子（免费吉他谱）__qupu123-376461	images-prep/qupu123-kw/你的样子（免费吉他谱）__qupu123-376461	qupu123-376461	0	64	6	
你笑起来真好看（五线谱）__qupu123-354096	images-prep/qupu123-kw/你笑起来真好看（五线谱）__qupu123-354096	qupu123-354096	0	53	5	
儿歌（吉他六线谱）__qupu123-280569	images-prep/qupu123-kw/儿歌（吉他六线谱）__qupu123-280569	qupu123-280569	0	65	6	
分手快乐（吉他六线谱）__qupu123-273535	images-prep/qupu123-kw/分手快乐（吉他六线谱）__qupu123-273535	qupu123-273535	0	52	6	
匆匆那年（五线谱）__qupu123-337480	images-prep/qupu123-kw/匆匆那年（五线谱）__qupu123-337480	qupu123-337480	0	70	6	
十二（原版吉他谱）__qupu123-269090	images-prep/qupu123-kw/十二（原版吉他谱）__qupu123-269090	qupu123-269090	0	83	6	
南方姑娘（免费吉他谱）__qupu123-376466	images-prep/qupu123-kw/南方姑娘（免费吉他谱）__qupu123-376466	qupu123-376466	0	80	6	
同桌的你（弹唱谱）__qupu123-357131	images-prep/qupu123-kw/同桌的你（弹唱谱）__qupu123-357131	qupu123-357131	0	70	5	
听我说谢谢你（免费吉他谱）__qupu123-372858	images-prep/qupu123-kw/听我说谢谢你（免费吉他谱）__qupu123-372858	qupu123-372858	0	57	6	
外面的世界（吉他谱）__qupu123-240691	images-prep/qupu123-kw/外面的世界（吉他谱）__qupu123-240691	qupu123-240691	0	59	6	
外面的世界（吉他谱）__qupu123-69334	images-prep/qupu123-kw/外面的世界（吉他谱）__qupu123-69334	qupu123-69334	0	30	6	
夜空中最亮的星（五线谱）__qupu123-333873	images-prep/qupu123-crawl/夜空中最亮的星（五线谱）__qupu123-333873	qupu123-333873	0	69	6	
姜育恒《驿动的心》前奏版超清谱 老歌大叔吉他教室出品__qupu123-342896	images-prep/qupu123-kw/姜育恒《驿动的心》前奏版超清谱 老歌大叔吉他教室出品__qupu123-342896	qupu123-342896	0	61	6	
孤勇者（钢琴谱）__qupu123-372631	images-prep/qupu123-kw/孤勇者（钢琴谱）__qupu123-372631	qupu123-372631	0	149	5	
小半（吉他六线谱）__qupu123-260844	images-prep/qupu123-kw/小半（吉他六线谱）__qupu123-260844	qupu123-260844	0	62	6	
山丘（吉他六线谱）__qupu123-103734	images-prep/qupu123-kw/山丘（吉他六线谱）__qupu123-103734	qupu123-103734	0	75	6	
平凡之路（五线谱）__qupu123-336708	images-prep/qupu123-kw/平凡之路（五线谱）__qupu123-336708	qupu123-336708	0	68	5	
平凡之路（弹唱谱）__qupu123-357133	images-prep/qupu123-kw/平凡之路（弹唱谱）__qupu123-357133	qupu123-357133	0	24	5	
慢慢喜欢你（吉他六线谱）__qupu123-315736	images-prep/qupu123-kw/慢慢喜欢你（吉他六线谱）__qupu123-315736	qupu123-315736	0	80	6	
我的歌声里（吉他谱）__qupu123-69342	images-prep/qupu123-kw/我的歌声里（吉他谱）__qupu123-69342	qupu123-69342	0	76	6	
找朋友（吉他六线谱）__qupu123-209470	images-prep/qupu123-kw/找朋友（吉他六线谱）__qupu123-209470	qupu123-209470	0	20	6	
斑马斑马（C调带前奏间奏吉他谱、酷音小伟编谱）__qupu123-236428	images-prep/qupu123-kw/斑马斑马（C调带前奏间奏吉他谱、酷音小伟编谱）__qupu123-236428	qupu123-236428	0	55	6	
斑马斑马（吉他六线谱）__qupu123-257233	images-prep/qupu123-kw/斑马斑马（吉他六线谱）__qupu123-257233	qupu123-257233	0	60	6	
斑马斑马（吉他六线谱）__qupu123-324125	images-prep/qupu123-kw/斑马斑马（吉他六线谱）__qupu123-324125	qupu123-324125	0	57	6	
曾经的你（免费吉他谱）__qupu123-376469	images-prep/qupu123-kw/曾经的你（免费吉他谱）__qupu123-376469	qupu123-376469	0	42	6	
曾经的你（吉他六线谱）__qupu123-227512	images-prep/qupu123-kw/曾经的你（吉他六线谱）__qupu123-227512	qupu123-227512	0	65	6	
李白（吉他六线谱）__qupu123-223456	images-prep/qupu123-kw/李白（吉他六线谱）__qupu123-223456	qupu123-223456	0	59	6	
杨宗纬《洋葱》吉他谱C调入门版 猴哥吉他教学 高音教编配__qupu123-343432	images-prep/qupu123-kw/杨宗纬《洋葱》吉他谱C调入门版 猴哥吉他教学 高音教编配__qupu123-343432	qupu123-343432	0	56	6	
模特（吉他六线谱）__qupu123-210087	images-prep/qupu123-kw/模特（吉他六线谱）__qupu123-210087	qupu123-210087	0	54	6	
欧若拉（五线谱）__qupu123-354211	images-prep/qupu123-kw/欧若拉（五线谱）__qupu123-354211	qupu123-354211	0	70	5	
欧若拉（钢琴谱）__qupu123-354219	images-prep/qupu123-kw/欧若拉（钢琴谱）__qupu123-354219	qupu123-354219	0	62	5	
没那么简单（吉他六线谱）__qupu123-29767	images-prep/qupu123-kw/没那么简单（吉他六线谱）__qupu123-29767	qupu123-29767	0	76	6	
泸沽湖（吉他谱）__qupu123-366826	images-prep/qupu123-kw/泸沽湖（吉他谱）__qupu123-366826	qupu123-366826	0	69	6	
洋葱吉他谱六线谱（杨宗纬）__qupu123-69365	images-prep/qupu123-kw/洋葱吉他谱六线谱（杨宗纬）__qupu123-69365	qupu123-69365	0	68	6	
理想（吉他六线谱）__qupu123-230396	images-prep/qupu123-kw/理想（吉他六线谱）__qupu123-230396	qupu123-230396	0	73	6	
真的爱你（钢琴谱）__qupu123-354343	images-prep/qupu123-kw/真的爱你（钢琴谱）__qupu123-354343	qupu123-354343	0	63	5	
童话（五线谱）__qupu123-353771	images-prep/qupu123-kw/童话（五线谱）__qupu123-353771	qupu123-353771	0	47	5	
老鼠爱大米（吉他六线谱）__qupu123-209407	images-prep/qupu123-kw/老鼠爱大米（吉他六线谱）__qupu123-209407	qupu123-209407	0	62	6	
走在乡间的小路上（钢琴弹唱、荆乐霞编配版）__qupu123-92248	images-prep/qupu123-kw/走在乡间的小路上（钢琴弹唱、荆乐霞编配版）__qupu123-92248	qupu123-92248	0	129	5	
越过山丘（吉他六线谱）__qupu123-292223	images-prep/qupu123-kw/越过山丘（吉他六线谱）__qupu123-292223	qupu123-292223	0	43	6	
追光者（钢琴五线谱）__qupu123-346945	images-prep/qupu123-kw/追光者（钢琴五线谱）__qupu123-346945	qupu123-346945	0	69	5	
那些花儿（吉他六线谱）__qupu123-257241	images-prep/qupu123-kw/那些花儿（吉他六线谱）__qupu123-257241	qupu123-257241	0	46	6	
陈粒 小半 吉他谱（无限延音编配）__qupu123-353969	images-prep/qupu123-kw/陈粒 小半 吉他谱（无限延音编配）__qupu123-353969	qupu123-353969	0	32	6	
青春（吉他六线谱）__qupu123-209216	images-prep/qupu123-kw/青春（吉他六线谱）__qupu123-209216	qupu123-209216	0	61	6	
李健 假如爱有天意 吉他谱（无限延音编配）__qupu123-341454	images-prep/qupu123-lijian/李健 假如爱有天意 吉他谱（无限延音编配）__qupu123-341454	qupu123-341454	0	73	6	
李健 异乡人 吉他谱（无限延音编配）__qupu123-347938	images-prep/qupu123-lijian/李健 异乡人 吉他谱（无限延音编配）__qupu123-347938	qupu123-347938	0	77	6	
李健 贝加尔湖畔 吉他谱（无限延音编配）__qupu123-341453	images-prep/qupu123-lijian/李健 贝加尔湖畔 吉他谱（无限延音编配）__qupu123-341453	qupu123-341453	0	75	6	
李健 贝加尔湖畔 吉他谱（无限延音编配）__qupu123-371976	images-prep/qupu123-lijian/李健 贝加尔湖畔 吉他谱（无限延音编配）__qupu123-371976	qupu123-371976	0	68	6	
李健 风吹麦浪 吉他谱（无限延音编配）__qupu123-346970	images-prep/qupu123-lijian/李健 风吹麦浪 吉他谱（无限延音编配）__qupu123-346970	qupu123-346970	0	61	6	
李健_齐秦 袖手旁观 吉他谱（无限延音编配）__qupu123-354004	images-prep/qupu123-lijian/李健_齐秦 袖手旁观 吉他谱（无限延音编配）__qupu123-354004	qupu123-354004	0	45	6	
李健《贝加尔湖畔》高清吉他谱（吉他弹唱）__qupu123-265949	images-prep/qupu123-lijian/李健《贝加尔湖畔》高清吉他谱（吉他弹唱）__qupu123-265949	qupu123-265949	0	162	6	
《她说》吉他谱C调入门版 林俊杰 高音教编配 猴哥吉他教学__qupu123-348894	images-prep/qupu123-linjunjie/《她说》吉他谱C调入门版 林俊杰 高音教编配 猴哥吉他教学__qupu123-348894	qupu123-348894	0	54	6	
《她说》吉他谱C调入门版 林俊杰 高音教编配 猴哥吉他教学__qupu123-348895	images-prep/qupu123-linjunjie/《她说》吉他谱C调入门版 林俊杰 高音教编配 猴哥吉他教学__qupu123-348895	qupu123-348895	0	54	6	
《爱要怎么说出口》吉他谱C调入门版 林俊杰 高音教编配__qupu123-341893	images-prep/qupu123-mp007/《爱要怎么说出口》吉他谱C调入门版 林俊杰 高音教编配__qupu123-341893	qupu123-341893	0	68	6	
《美人鱼》吉他谱C调入门版 林俊杰 高音教编配 猴哥吉他教学__qupu123-349272	images-prep/qupu123-linjunjie/《美人鱼》吉他谱C调入门版 林俊杰 高音教编配 猴哥吉他教学__qupu123-349272	qupu123-349272	0	69	6	
《背对背拥抱》吉他谱C调入门版 林俊杰 高音教编配__qupu123-340521	images-prep/qupu123-linjunjie/《背对背拥抱》吉他谱C调入门版 林俊杰 高音教编配__qupu123-340521	qupu123-340521	0	67	7	
《记得》吉他谱G调入门版 林俊杰 高音教编配 猴哥吉他教学__qupu123-349212	images-prep/qupu123-linjunjie/《记得》吉他谱G调入门版 林俊杰 高音教编配 猴哥吉他教学__qupu123-349212	qupu123-349212	0	55	6	
一定会 林俊杰 吉他谱（无限延音编配）__qupu123-372249	images-prep/qupu123-linjunjie/一定会 林俊杰 吉他谱（无限延音编配）__qupu123-372249	qupu123-372249	0	60	7	
容祖儿_林俊杰 这就是爱吗 吉他谱（无限延音编配）__qupu123-353764	images-prep/qupu123-linjunjie/容祖儿_林俊杰 这就是爱吗 吉他谱（无限延音编配）__qupu123-353764	qupu123-353764	0	72	6	
林俊杰 一千年以后 吉他谱（无限延音编配）__qupu123-368672	images-prep/qupu123-linjunjie/林俊杰 一千年以后 吉他谱（无限延音编配）__qupu123-368672	qupu123-368672	0	73	6	
林俊杰 五月天 黑暗骑士 吉他谱（无限延音编配）__qupu123-342210	images-prep/qupu123-wuyuetian/林俊杰 五月天 黑暗骑士 吉他谱（无限延音编配）__qupu123-342210	qupu123-342210	0	74	6	
林俊杰 交换余生 吉他谱（无限延音编配）__qupu123-368642	images-prep/qupu123-linjunjie/林俊杰 交换余生 吉他谱（无限延音编配）__qupu123-368642	qupu123-368642	0	48	6	
林俊杰 关键词 吉他谱（无限延音编配）__qupu123-355121	images-prep/qupu123-linjunjie/林俊杰 关键词 吉他谱（无限延音编配）__qupu123-355121	qupu123-355121	0	30	6	
林俊杰 可惜没如果 吉他谱（无限延音编配）__qupu123-353225	images-prep/qupu123-linjunjie/林俊杰 可惜没如果 吉他谱（无限延音编配）__qupu123-353225	qupu123-353225	0	49	6	
林俊杰 她说 吉他谱（无限延音编配）__qupu123-352889	images-prep/qupu123-linjunjie/林俊杰 她说 吉他谱（无限延音编配）__qupu123-352889	qupu123-352889	0	78	6	
林俊杰 将故事写成我们 吉他谱（无限延音编配）__qupu123-351949	images-prep/qupu123-linjunjie/林俊杰 将故事写成我们 吉他谱（无限延音编配）__qupu123-351949	qupu123-351949	0	78	6	
林俊杰 小酒窝 吉他谱（无限延音编配）__qupu123-368590	images-prep/qupu123-linjunjie/林俊杰 小酒窝 吉他谱（无限延音编配）__qupu123-368590	qupu123-368590	0	33	6	
林俊杰 当你 吉他谱（无限延音编配）__qupu123-350838	images-prep/qupu123-linjunjie/林俊杰 当你 吉他谱（无限延音编配）__qupu123-350838	qupu123-350838	0	68	6	
林俊杰 心墙 吉他谱（无限延音编配）__qupu123-368523	images-prep/qupu123-linjunjie/林俊杰 心墙 吉他谱（无限延音编配）__qupu123-368523	qupu123-368523	0	74	6	
林俊杰 曹操 吉他谱（无限延音编配）__qupu123-368480	images-prep/qupu123-linjunjie/林俊杰 曹操 吉他谱（无限延音编配）__qupu123-368480	qupu123-368480	0	54	6	
林俊杰 江南 吉他谱（无限延音编配）__qupu123-368589	images-prep/qupu123-linjunjie/林俊杰 江南 吉他谱（无限延音编配）__qupu123-368589	qupu123-368589	0	61	6	
林俊杰 爱笑的眼睛 吉他谱（无限延音编配）__qupu123-354633	images-prep/qupu123-linjunjie/林俊杰 爱笑的眼睛 吉他谱（无限延音编配）__qupu123-354633	qupu123-354633	0	61	6	
林俊杰 第几个一百天 吉他谱（无限延音编配）__qupu123-368641	images-prep/qupu123-linjunjie/林俊杰 第几个一百天 吉他谱（无限延音编配）__qupu123-368641	qupu123-368641	0	56	6	
林俊杰 美人鱼 吉他谱（无限延音编配）__qupu123-368696	images-prep/qupu123-linjunjie/林俊杰 美人鱼 吉他谱（无限延音编配）__qupu123-368696	qupu123-368696	0	72	6	
林俊杰 裹着心的光 吉他谱（无限延音编配）__qupu123-371994	images-prep/qupu123-linjunjie/林俊杰 裹着心的光 吉他谱（无限延音编配）__qupu123-371994	qupu123-371994	0	45	6	
林俊杰《一千年以后》吉他谱C调入门版 高音教编配 猴哥吉他教学__qupu123-350770	images-prep/qupu123-linjunjie/林俊杰《一千年以后》吉他谱C调入门版 高音教编配 猴哥吉他教学__qupu123-350770	qupu123-350770	0	69	7	
林俊杰《江南》吉他谱G调精华版 高音教编配 猴哥吉他教学__qupu123-346586	images-prep/qupu123-linjunjie/林俊杰《江南》吉他谱G调精华版 高音教编配 猴哥吉他教学__qupu123-346586	qupu123-346586	0	56	7	
林俊杰《江南》吉他谱吉他弹唱教学G调精华版 高音教__qupu123-357338	images-prep/qupu123-linjunjie/林俊杰《江南》吉他谱吉他弹唱教学G调精华版 高音教__qupu123-357338	qupu123-357338	0	52	7	
林俊杰《背对背拥抱》吉他谱吉他弹唱教学C调入门版 高音教__qupu123-350737	images-prep/qupu123-linjunjie/林俊杰《背对背拥抱》吉他谱吉他弹唱教学C调入门版 高音教__qupu123-350737	qupu123-350737	0	66	7	
刘德华 17岁 吉他谱（无限延音编配）__qupu123-341455	images-prep/qupu123-liudehua/刘德华 17岁 吉他谱（无限延音编配）__qupu123-341455	qupu123-341455	0	71	6	
《不柒》吉他谱G调精华版 毛不易 高音教编配__qupu123-337502	images-prep/qupu123-maobuyi/《不柒》吉他谱G调精华版 毛不易 高音教编配__qupu123-337502	qupu123-337502	0	47	6	
《不染》吉他谱G调精华版 毛不易 高音教编配__qupu123-337896	images-prep/qupu123-maobuyi/《不染》吉他谱G调精华版 毛不易 高音教编配__qupu123-337896	qupu123-337896	0	58	6	
《平凡的一天》-毛不易（吉他曲谱）__qupu123-363273	images-prep/qupu123-maobuyi/《平凡的一天》-毛不易（吉他曲谱）__qupu123-363273	qupu123-363273	0	7	6	
呓语 毛不易 吉他谱（无限延音编配）__qupu123-372252	images-prep/qupu123-maobuyi/呓语 毛不易 吉他谱（无限延音编配）__qupu123-372252	qupu123-372252	0	63	9	
毛不易 东北民谣 吉他谱 C调指法（无限延音编配）__qupu123-343030	images-prep/qupu123-maobuyi/毛不易 东北民谣 吉他谱 C调指法（无限延音编配）__qupu123-343030	qupu123-343030	0	61	6	
毛不易 借 吉他谱（无限延音编配）__qupu123-354176	images-prep/qupu123-maobuyi/毛不易 借 吉他谱（无限延音编配）__qupu123-354176	qupu123-354176	0	16	6	
毛不易 借 吉他谱（无限延音编配）__qupu123-372001	images-prep/qupu123-maobuyi/毛不易 借 吉他谱（无限延音编配）__qupu123-372001	qupu123-372001	0	16	6	
毛不易 像我这样的人 吉他谱（无限延音编配）__qupu123-351749	images-prep/qupu123-maobuyi/毛不易 像我这样的人 吉他谱（无限延音编配）__qupu123-351749	qupu123-351749	0	60	6	
毛不易 如果有一天我变得很有钱 吉他谱（无限延音编配）__qupu123-368528	images-prep/qupu123-maobuyi/毛不易 如果有一天我变得很有钱 吉他谱（无限延音编配）__qupu123-368528	qupu123-368528	0	31	6	
毛不易 平凡的一天 吉他谱（无限延音编配）__qupu123-368624	images-prep/qupu123-maobuyi/毛不易 平凡的一天 吉他谱（无限延音编配）__qupu123-368624	qupu123-368624	0	61	6	
毛不易 无名的人 吉他谱（无限延音编配）__qupu123-372235	images-prep/qupu123-maobuyi/毛不易 无名的人 吉他谱（无限延音编配）__qupu123-372235	qupu123-372235	0	77	6	
毛不易 消愁 吉他谱（无限延音编配）__qupu123-350830	images-prep/qupu123-maobuyi/毛不易 消愁 吉他谱（无限延音编配）__qupu123-350830	qupu123-350830	0	58	6	
毛不易—《像我这样的人》C调弹唱六线谱（彪叔吉他课）__qupu123-358765	images-prep/qupu123-maobuyi/毛不易—《像我这样的人》C调弹唱六线谱（彪叔吉他课）__qupu123-358765	qupu123-358765	0	47	6	
毛不易《二零三》吉他谱__qupu123-353063	images-prep/qupu123-maobuyi/毛不易《二零三》吉他谱__qupu123-353063	qupu123-353063	0	44	6	
被遗忘的时光（吉他六线谱）__qupu123-29770	images-prep/qupu123-mp001/被遗忘的时光（吉他六线谱）__qupu123-29770	qupu123-29770	0	60	6	
《爱要怎么说出口》吉他谱C调入门版 林俊杰 高音教编配__qupu123-341893	images-prep/qupu123-mp007/《爱要怎么说出口》吉他谱C调入门版 林俊杰 高音教编配__qupu123-341893	qupu123-341893	0	68	6	
匆匆那年（五线谱）__qupu123-337480	images-prep/qupu123-kw/匆匆那年（五线谱）__qupu123-337480	qupu123-337480	0	70	6	
真的爱你（钢琴谱）__qupu123-354343	images-prep/qupu123-kw/真的爱你（钢琴谱）__qupu123-354343	qupu123-354343	0	63	5	
外面的世界（吉他谱）__qupu123-240691	images-prep/qupu123-kw/外面的世界（吉他谱）__qupu123-240691	qupu123-240691	0	59	6	
外面的世界（吉他谱）__qupu123-69334	images-prep/qupu123-kw/外面的世界（吉他谱）__qupu123-69334	qupu123-69334	0	30	6	
夜夜夜夜（吉他谱）__qupu123-69330	images-prep/qupu123-mp021/夜夜夜夜（吉他谱）__qupu123-69330	qupu123-69330	0	45	6	
我是一只鱼 吉他谱（无限延音编配）__qupu123-372053	images-prep/qupu123-mp025/我是一只鱼 吉他谱（无限延音编配）__qupu123-372053	qupu123-372053	0	56	6	
天天想你（吉他六线谱）__qupu123-29752	images-prep/qupu123-mp026/天天想你（吉他六线谱）__qupu123-29752	qupu123-29752	0	91	6	
听说爱情回来过（吉他谱）__qupu123-69328	images-prep/qupu123-mp031/听说爱情回来过（吉他谱）__qupu123-69328	qupu123-69328	0	75	6	
征服吉他谱六线谱（袁惟仁）__qupu123-69368	images-prep/qupu123-mp032/征服吉他谱六线谱（袁惟仁）__qupu123-69368	qupu123-69368	0	71	6	
花房姑娘（吉他六线谱、简单吉他编配版）__qupu123-233284	images-prep/qupu123-mp036/花房姑娘（吉他六线谱、简单吉他编配版）__qupu123-233284	qupu123-233284	0	59	6	
飞得更高（吉他六线谱）__qupu123-291049	images-prep/qupu123-mp040/飞得更高（吉他六线谱）__qupu123-291049	qupu123-291049	0	56	6	
白桦林（吉他谱）__qupu123-240647	images-prep/qupu123-mp041/白桦林（吉他谱）__qupu123-240647	qupu123-240647	0	65	6	
我怀念的（吉他六线谱）__qupu123-265868	images-prep/qupu123-mp043/我怀念的（吉他六线谱）__qupu123-265868	qupu123-265868	0	65	6	
张韶涵 亲爱的那不是爱情 吉他谱（无限延音编配）__qupu123-352125	images-prep/qupu123-mp048/张韶涵 亲爱的那不是爱情 吉他谱（无限延音编配）__qupu123-352125	qupu123-352125	0	34	6	
爱很简单（吉他谱）__qupu123-69347	images-prep/qupu123-mp049/爱很简单（吉他谱）__qupu123-69347	qupu123-69347	0	72	6	
陶喆 爱很简单 吉他谱（无限延音编配）__qupu123-371964	images-prep/qupu123-mp049/陶喆 爱很简单 吉他谱（无限延音编配）__qupu123-371964	qupu123-371964	0	44	6	
就是爱你（吉他六线谱）__qupu123-225616	images-prep/qupu123-mp051/就是爱你（吉他六线谱）__qupu123-225616	qupu123-225616	0	60	6	
需要人陪（吉他六线谱）__qupu123-29765	images-prep/qupu123-mp055/需要人陪（吉他六线谱）__qupu123-29765	qupu123-29765	0	30	6	
剪爱（吉他六线谱）__qupu123-291052	images-prep/qupu123-mp058/剪爱（吉他六线谱）__qupu123-291052	qupu123-291052	0	15	6	
笑看风云（免费吉他谱）__qupu123-372394	images-prep/qupu123-hk/笑看风云（免费吉他谱）__qupu123-372394	qupu123-372394	0	59	6	
《为爱痴狂》吉他谱G调入门版 高音教编配 猴哥吉他教学__qupu123-352063	images-prep/qupu123-mp079/《为爱痴狂》吉他谱G调入门版 高音教编配 猴哥吉他教学__qupu123-352063	qupu123-352063	0	54	6	
刘若英 为爱痴狂 吉他谱（无限延音编配）__qupu123-352509	images-prep/qupu123-mp079/刘若英 为爱痴狂 吉他谱（无限延音编配）__qupu123-352509	qupu123-352509	0	60	6	
画心（钢琴弹唱谱）__qupu123-32681	images-prep/qupu123-mp080/画心（钢琴弹唱谱）__qupu123-32681	qupu123-32681	0	111	5	
有点甜（五线谱）__qupu123-337060	images-prep/qupu123-mp085/有点甜（五线谱）__qupu123-337060	qupu123-337060	0	70	6	
有点甜（弹唱谱）__qupu123-357288	images-prep/qupu123-mp085/有点甜（弹唱谱）__qupu123-357288	qupu123-357288	0	67	5	
有点甜（钢琴谱）__qupu123-354404	images-prep/qupu123-mp085/有点甜（钢琴谱）__qupu123-354404	qupu123-354404	0	60	5	
老男孩（吉他谱）__qupu123-240670	images-prep/qupu123-mp086/老男孩（吉他谱）__qupu123-240670	qupu123-240670	0	65	6	
时间都去哪儿了（吉他六线谱）__qupu123-97642	images-prep/qupu123-mp087/时间都去哪儿了（吉他六线谱）__qupu123-97642	qupu123-97642	0	60	8	
知心爱人（吉他六线谱）__qupu123-254272	images-prep/qupu123-mp091/知心爱人（吉他六线谱）__qupu123-254272	qupu123-254272	0	74	6	
被遗忘的时光（吉他六线谱）__qupu123-29770	images-prep/qupu123-mp001/被遗忘的时光（吉他六线谱）__qupu123-29770	qupu123-29770	0	60	6	
《算什么男人》吉他谱C调精华版 周杰伦 高音教编配 猴哥吉他教学__qupu123-348840	images-prep/qupu123-nb/《算什么男人》吉他谱C调精华版 周杰伦 高音教编配 猴哥吉他教学__qupu123-348840	qupu123-348840	0	66	6	
全是爱（弹唱谱）__qupu123-356378	images-prep/qupu123-nb/全是爱（弹唱谱）__qupu123-356378	qupu123-356378	0	69	5	
周杰伦 算什么男人 吉他谱 C调指法（无限延音编配）__qupu123-344142	images-prep/qupu123-nb/周杰伦 算什么男人 吉他谱 C调指法（无限延音编配）__qupu123-344142	qupu123-344142	0	99	6	
平凡之路（五线谱）__qupu123-336708	images-prep/qupu123-kw/平凡之路（五线谱）__qupu123-336708	qupu123-336708	0	68	5	
平凡之路（弹唱谱）__qupu123-357133	images-prep/qupu123-kw/平凡之路（弹唱谱）__qupu123-357133	qupu123-357133	0	24	5	
朋友别哭（吉他谱）__qupu123-240677	images-prep/qupu123-nb/朋友别哭（吉他谱）__qupu123-240677	qupu123-240677	0	49	6	
稻香（钢琴谱）__qupu123-354320	images-prep/qupu123-nb/稻香（钢琴谱）__qupu123-354320	qupu123-354320	0	63	5	
平凡之路（吉他谱原版）（朴树 韩寒词 朴树曲、卢家兴编配）__qupu123-110421	images-prep/qupu123-pushu/平凡之路（吉他谱原版）（朴树 韩寒词 朴树曲、卢家兴编配）__qupu123-110421	qupu123-110421	0	84	6	
朴树 平凡之路 G调指法 吉他谱（无限延音编配）__qupu123-344380	images-prep/qupu123-pushu/朴树 平凡之路 G调指法 吉他谱（无限延音编配）__qupu123-344380	qupu123-344380	0	56	6	
朴树 生如夏花 吉他谱（无限延音编配）__qupu123-350832	images-prep/qupu123-pushu/朴树 生如夏花 吉他谱（无限延音编配）__qupu123-350832	qupu123-350832	0	60	6	
朴树 那些花儿 吉他谱（无限延音编配）__qupu123-352201	images-prep/qupu123-pushu/朴树 那些花儿 吉他谱（无限延音编配）__qupu123-352201	qupu123-352201	0	31	6	
朴树《平凡之路》吉他谱（双吉他精华版）__qupu123-338556	images-prep/qupu123-pushu/朴树《平凡之路》吉他谱（双吉他精华版）__qupu123-338556	qupu123-338556	0	90	6	
送别吉他谱六线谱（朴树 ）__qupu123-77839	images-prep/qupu123-pushu/送别吉他谱六线谱（朴树 ）__qupu123-77839	qupu123-77839	0	69	6	
张叶蕾 还是分开 吉他谱（无限延音编配）__qupu123-368599	images-prep/qupu123-search/张叶蕾 还是分开 吉他谱（无限延音编配）__qupu123-368599	qupu123-368599	0	46	6	
春娇与志明 吉他谱（无限延音编配）__qupu123-371981	images-prep/qupu123-search/春娇与志明 吉他谱（无限延音编配）__qupu123-371981	qupu123-371981	0	63	6	
杨丞琳 雨爱 吉他谱（无限延音编配）__qupu123-368595	images-prep/qupu123-search/杨丞琳 雨爱 吉他谱（无限延音编配）__qupu123-368595	qupu123-368595	0	69	6	
杨丞琳 雨爱 吉他谱（无限延音编配）__qupu123-368635	images-prep/qupu123-search/杨丞琳 雨爱 吉他谱（无限延音编配）__qupu123-368635	qupu123-368635	0	69	6	
杨乃文 推开世界的门 吉他谱（无限延音编配）__qupu123-372047	images-prep/qupu123-search/杨乃文 推开世界的门 吉他谱（无限延音编配）__qupu123-372047	qupu123-372047	0	66	6	
毛不易 无名的人 吉他谱（无限延音编配）__qupu123-372235	images-prep/qupu123-maobuyi/毛不易 无名的人 吉他谱（无限延音编配）__qupu123-372235	qupu123-372235	0	77	6	
特别的人（ukulele弹唱谱）__qupu123-224640	images-prep/qupu123-search/特别的人（ukulele弹唱谱）__qupu123-224640	qupu123-224640	0	84	4	
特别的人（免费吉他谱）__qupu123-372866	images-prep/qupu123-search/特别的人（免费吉他谱）__qupu123-372866	qupu123-372866	0	68	6	
等一分钟（吉他谱）__qupu123-397329	images-prep/qupu123-search/等一分钟（吉他谱）__qupu123-397329	qupu123-397329	0	4	6	
红色高跟鞋（免费吉他谱）__qupu123-376456	images-prep/qupu123-search/红色高跟鞋（免费吉他谱）__qupu123-376456	qupu123-376456	0	59	6	
红色高跟鞋（吉他六线谱）__qupu123-212521	images-prep/qupu123-search/红色高跟鞋（吉他六线谱）__qupu123-212521	qupu123-212521	0	69	6	
越来越不懂（吉他六线谱）__qupu123-237017	images-prep/qupu123-search/越来越不懂（吉他六线谱）__qupu123-237017	qupu123-237017	0	60	6	
《愚人的国度》吉他谱C调精华版 孙燕姿 高音教编配__qupu123-340066	images-prep/qupu123-sunyanzi/《愚人的国度》吉他谱C调精华版 孙燕姿 高音教编配__qupu123-340066	qupu123-340066	0	55	6	
孙燕姿 天黑黑 吉他谱（无限延音编配）__qupu123-368486	images-prep/qupu123-sunyanzi/孙燕姿 天黑黑 吉他谱（无限延音编配）__qupu123-368486	qupu123-368486	0	69	6	
孙燕姿 遇见 男生版 吉他谱（无限延音编配）__qupu123-348856	images-prep/qupu123-sunyanzi/孙燕姿 遇见 男生版 吉他谱（无限延音编配）__qupu123-348856	qupu123-348856	0	31	6	
孙燕姿《遇见》考级版超清谱 老歌大叔吉他教室出品__qupu123-342716	images-prep/qupu123-sunyanzi/孙燕姿《遇见》考级版超清谱 老歌大叔吉他教室出品__qupu123-342716	qupu123-342716	0	67	6	
遇见 孙燕姿 吉他谱（无限延音编配）__qupu123-372253	images-prep/qupu123-sunyanzi/遇见 孙燕姿 吉他谱（无限延音编配）__qupu123-372253	qupu123-372253	0	30	6	
刚好遇见你（五线谱）__qupu123-333870	images-prep/qupu123-crawl/刚好遇见你（五线谱）__qupu123-333870	qupu123-333870	0	40	5	
告白气球（五线谱）__qupu123-333871	images-prep/qupu123-crawl/告白气球（五线谱）__qupu123-333871	qupu123-333871	0	47	5	
夜空中最亮的星（五线谱）__qupu123-333873	images-prep/qupu123-crawl/夜空中最亮的星（五线谱）__qupu123-333873	qupu123-333873	0	69	6	
带你去旅行（五线谱）__qupu123-333869	images-prep/qupu123-crawl/带你去旅行（五线谱）__qupu123-333869	qupu123-333869	0	61	5	
我是黄河的一粒沙（五线谱）__qupu123-322794	images-prep/qupu123-sweep/我是黄河的一粒沙（五线谱）__qupu123-322794	qupu123-322794	0	106	5	
时间煮雨（五线谱）__qupu123-336059	images-prep/qupu123-crawl/时间煮雨（五线谱）__qupu123-336059	qupu123-336059	0	74	5	
爱我别走（钢琴伴奏谱）__qupu123-324902	images-prep/qupu123-sweep/爱我别走（钢琴伴奏谱）__qupu123-324902	qupu123-324902	0	104	5	
秋夜（小珠词 李厚襄曲、五线谱）__qupu123-336070	images-prep/qupu123-sweep/秋夜（小珠词 李厚襄曲、五线谱）__qupu123-336070	qupu123-336070	0	93	5	
远走高飞（五线谱）__qupu123-333872	images-prep/qupu123-crawl/远走高飞（五线谱）__qupu123-333872	qupu123-333872	0	62	5	
黄昏（姚炎词 司徒容曲、五线谱）__qupu123-336072	images-prep/qupu123-sweep/黄昏（姚炎词 司徒容曲、五线谱）__qupu123-336072	qupu123-336072	0	88	5	
龙华的桃花（五线谱）__qupu123-336065	images-prep/qupu123-crawl/龙华的桃花（五线谱）__qupu123-336065	qupu123-336065	0	90	5	
红尘客栈（五线谱）__qupu123-76613	images-prep/qupu123-title/红尘客栈（五线谱）__qupu123-76613	qupu123-76613	0	162	5	
红豆（林夕词 柳重言曲、钢琴弹唱谱）__qupu123-79551	images-prep/qupu123-title/红豆（林夕词 柳重言曲、钢琴弹唱谱）__qupu123-79551	qupu123-79551	0	70	5	
《传奇》吉他谱C调精华版 李建_王菲 高音教编配__qupu123-340388	images-prep/qupu123-wangfei/《传奇》吉他谱C调精华版 李建_王菲 高音教编配__qupu123-340388	qupu123-340388	0	82	6	
《旋木》吉他谱C调精华版 王菲 高音教编配__qupu123-340406	images-prep/qupu123-wangfei/《旋木》吉他谱C调精华版 王菲 高音教编配__qupu123-340406	qupu123-340406	0	69	7	
因为爱情吉他谱六线谱（陈奕迅王菲）__qupu123-31686	images-prep/qupu123-wangfei/因为爱情吉他谱六线谱（陈奕迅王菲）__qupu123-31686	qupu123-31686	0	72	6	
王菲 匆匆那年 吉他谱 C调指法（无限延音编配）__qupu123-352944	images-prep/qupu123-wangfei/王菲 匆匆那年 吉他谱 C调指法（无限延音编配）__qupu123-352944	qupu123-352944	0	55	6	
王菲 我愿意 吉他谱（无限延音编配）__qupu123-368592	images-prep/qupu123-wangfei/王菲 我愿意 吉他谱（无限延音编配）__qupu123-368592	qupu123-368592	0	63	6	
王菲 棋子 吉他谱 C调指法（无限延音编配）__qupu123-352534	images-prep/qupu123-wangfei/王菲 棋子 吉他谱 C调指法（无限延音编配）__qupu123-352534	qupu123-352534	0	74	6	
王菲《但愿人长久》吉他谱C调入门版 高音教编配 猴哥吉他教学__qupu123-351172	images-prep/qupu123-wangfei/王菲《但愿人长久》吉他谱C调入门版 高音教编配 猴哥吉他教学__qupu123-351172	qupu123-351172	0	52	6	
王菲《我和我的祖国》吉他谱 C调弹唱六线谱__qupu123-351187	images-prep/qupu123-wangfei/王菲《我和我的祖国》吉他谱 C调弹唱六线谱__qupu123-351187	qupu123-351187	0	43	6	
王菲《流年》吉他谱C调入门版 高音教编配 猴哥吉他教学__qupu123-351008	images-prep/qupu123-wangfei/王菲《流年》吉他谱C调入门版 高音教编配 猴哥吉他教学__qupu123-351008	qupu123-351008	0	53	6	
王菲《致青春》吉他谱C调精华版 高音教编配 猴哥吉他教学__qupu123-351705	images-prep/qupu123-wangfei/王菲《致青春》吉他谱C调精华版 高音教编配 猴哥吉他教学__qupu123-351705	qupu123-351705	0	68	6	
致青春吉他谱六线谱（王菲）__qupu123-77612	images-prep/qupu123-wangfei/致青春吉他谱六线谱（王菲）__qupu123-77612	qupu123-77612	0	56	6	
陈奕迅 王菲 因为爱情 吉他谱（无限延音编配）__qupu123-368499	images-prep/qupu123-wangfei/陈奕迅 王菲 因为爱情 吉他谱（无限延音编配）__qupu123-368499	qupu123-368499	0	49	6	
《北京北京》吉他谱C调入门版 汪峰 高音教编配 猴哥吉他教学__qupu123-346714	images-prep/qupu123-wangfeng/《北京北京》吉他谱C调入门版 汪峰 高音教编配 猴哥吉他教学__qupu123-346714	qupu123-346714	0	27	6	
光明 汪峰 吉他谱 六线谱__qupu123-77610	images-prep/qupu123-wangfeng/光明 汪峰 吉他谱 六线谱__qupu123-77610	qupu123-77610	0	75	6	
当我想你的时候（吉他谱六线谱）（汪峰）__qupu123-29769	images-prep/qupu123-wangfeng/当我想你的时候（吉他谱六线谱）（汪峰）__qupu123-29769	qupu123-29769	0	55	6	
汪峰 像梦一样自由 吉他谱（无限延音编配）__qupu123-352888	images-prep/qupu123-wangfeng/汪峰 像梦一样自由 吉他谱（无限延音编配）__qupu123-352888	qupu123-352888	0	76	6	
汪峰 在雨中 吉他谱（无限延音编配）__qupu123-368539	images-prep/qupu123-wangfeng/汪峰 在雨中 吉他谱（无限延音编配）__qupu123-368539	qupu123-368539	0	70	6	
汪峰 当我想你的时候 吉他谱（无限延音编配）__qupu123-354580	images-prep/qupu123-wangfeng/汪峰 当我想你的时候 吉他谱（无限延音编配）__qupu123-354580	qupu123-354580	0	61	6	
汪峰 怒放的生命 吉他谱（无限延音编配）__qupu123-354675	images-prep/qupu123-wangfeng/汪峰 怒放的生命 吉他谱（无限延音编配）__qupu123-354675	qupu123-354675	0	61	6	
汪峰 飞的更高 吉他谱（无限延音编配）__qupu123-368538	images-prep/qupu123-wangfeng/汪峰 飞的更高 吉他谱（无限延音编配）__qupu123-368538	qupu123-368538	0	63	6	
汪峰《存在》吉他谱D调入门版 高音教编配 猴哥吉他教学__qupu123-351641	images-prep/qupu123-wangfeng/汪峰《存在》吉他谱D调入门版 高音教编配 猴哥吉他教学__qupu123-351641	qupu123-351641	0	54	6	
汪峰《当我想你的时候》吉他谱吉他弹唱教学G调入门版 高音教__qupu123-357748	images-prep/qupu123-wangfeng/汪峰《当我想你的时候》吉他谱吉他弹唱教学G调入门版 高音教__qupu123-357748	qupu123-357748	0	41	7	
汪峰《硬币》吉他谱吉他弹唱教学C调入门版 高音教__qupu123-353052	images-prep/qupu123-wangfeng/汪峰《硬币》吉他谱吉他弹唱教学C调入门版 高音教__qupu123-353052	qupu123-353052	0	64	6	
汪峰《飞得更高》考级版超清谱 老歌大叔吉他教室出品__qupu123-342895	images-prep/qupu123-wangfeng/汪峰《飞得更高》考级版超清谱 老歌大叔吉他教室出品__qupu123-342895	qupu123-342895	0	53	6	
生来彷徨吉他谱六线谱（汪峰）__qupu123-90180	images-prep/qupu123-wangfeng/生来彷徨吉他谱六线谱（汪峰）__qupu123-90180	qupu123-90180	0	44	6	
Imagine Dragons - Natural 吉他谱 梦龙乐队（无限延音编配）__qupu123-345379	images-prep/qupu123-west/Imagine Dragons - Natural 吉他谱 梦龙乐队（无限延音编配）__qupu123-345379	qupu123-345379	0	101	6	
Moon River（月亮河）【Breakfast at Tiffany's（蒂凡尼的早餐）】（BiBiPiano钢琴版__qupu123-365174	images-prep/qupu123-west/Moon River（月亮河）【Breakfast at Tiffany's（蒂凡尼的早餐）】（BiBiPiano钢琴版__qupu123-365174	qupu123-365174	0	102	5	
My heart will go on（指弹吉他谱）__qupu123-311465	images-prep/qupu123-west/My heart will go on（指弹吉他谱）__qupu123-311465	qupu123-311465	0	60	6	
Over the Rainbow（带和弦五线谱）__qupu123-193545	images-prep/qupu123-west/Over the Rainbow（带和弦五线谱）__qupu123-193545	qupu123-193545	0	26	5	
Scarborough Fair（斯卡布罗集市）（BiBiPiano钢琴版）__qupu123-365163	images-prep/qupu123-west/Scarborough Fair（斯卡布罗集市）（BiBiPiano钢琴版）__qupu123-365163	qupu123-365163	0	56	6	
Tears in heaven（吉他六线谱）__qupu123-29758	images-prep/qupu123-west/Tears in heaven（吉他六线谱）__qupu123-29758	qupu123-29758	0	95	6	
my heart will go on（钢琴谱）__qupu123-34681	images-prep/qupu123-west/my heart will go on（钢琴谱）__qupu123-34681	qupu123-34681	0	50	5	
披头士乐队 Hey Jude 吉他谱（无限延音编配）__qupu123-368532	images-prep/qupu123-west/披头士乐队 Hey Jude 吉他谱（无限延音编配）__qupu123-368532	qupu123-368532	0	47	6	
赵胤先钢琴曲谱《斯卡布罗集市Scarborough Fair》（斯卡波罗集市-钢琴启蒙基础版）__qupu123-339477	images-prep/qupu123-west/赵胤先钢琴曲谱《斯卡布罗集市Scarborough Fair》（斯卡波罗集市-钢琴启蒙基础版）__qupu123-339477	qupu123-339477	0	50	5	
赵胤先钢琴曲谱《祝你生日快乐》（HAPPY BIRTHDAY TO YOU）__qupu123-354463	images-prep/qupu123-west/赵胤先钢琴曲谱《祝你生日快乐》（HAPPY BIRTHDAY TO YOU）__qupu123-354463	qupu123-354463	0	130	5	
五月天 T1213121 吉他谱（无限延音编配）__qupu123-368542	images-prep/qupu123-wuyuetian/五月天 T1213121 吉他谱（无限延音编配）__qupu123-368542	qupu123-368542	0	59	6	
五月天 你不是真正的快乐 吉他谱（无限延音编配）__qupu123-343910	images-prep/qupu123-wuyuetian/五月天 你不是真正的快乐 吉他谱（无限延音编配）__qupu123-343910	qupu123-343910	0	62	6	
五月天 倔强 吉他谱 G调指法（无限延音编配）__qupu123-343425	images-prep/qupu123-wuyuetian/五月天 倔强 吉他谱 G调指法（无限延音编配）__qupu123-343425	qupu123-343425	0	48	6	
五月天 后青春期的诗 吉他谱（无限延音编配）__qupu123-368630	images-prep/qupu123-wuyuetian/五月天 后青春期的诗 吉他谱（无限延音编配）__qupu123-368630	qupu123-368630	0	60	6	
五月天 听不到 吉他谱（无限延音编配）__qupu123-368544	images-prep/qupu123-wuyuetian/五月天 听不到 吉他谱（无限延音编配）__qupu123-368544	qupu123-368544	0	56	6	
五月天 恋爱ING 吉他谱 C调指法（无限延音编配）__qupu123-348981	images-prep/qupu123-wuyuetian/五月天 恋爱ING 吉他谱 C调指法（无限延音编配）__qupu123-348981	qupu123-348981	0	58	6	
五月天 我不愿让你一个人 吉他谱（无限延音编配）__qupu123-341588	images-prep/qupu123-wuyuetian/五月天 我不愿让你一个人 吉他谱（无限延音编配）__qupu123-341588	qupu123-341588	0	74	6	
五月天 拥抱 吉他谱（无限延音编配）__qupu123-341456	images-prep/qupu123-wuyuetian/五月天 拥抱 吉他谱（无限延音编配）__qupu123-341456	qupu123-341456	0	59	6	
五月天 时光机 吉他谱（无限延音编配）__qupu123-346856	images-prep/qupu123-wuyuetian/五月天 时光机 吉他谱（无限延音编配）__qupu123-346856	qupu123-346856	0	61	6	
五月天 温柔 吉他谱（无限延音编配）__qupu123-341587	images-prep/qupu123-wuyuetian/五月天 温柔 吉他谱（无限延音编配）__qupu123-341587	qupu123-341587	0	60	6	
五月天 突然好想你 吉他谱（无限延音编配）__qupu123-354005	images-prep/qupu123-wuyuetian/五月天 突然好想你 吉他谱（无限延音编配）__qupu123-354005	qupu123-354005	0	74	6	
五月天《听不到》切音版超清谱 老歌大叔吉他教室出品__qupu123-342886	images-prep/qupu123-wuyuetian/五月天《听不到》切音版超清谱 老歌大叔吉他教室出品__qupu123-342886	qupu123-342886	0	59	6	
拥抱吉他谱六线谱（五月天）__qupu123-29749	images-prep/qupu123-wuyuetian/拥抱吉他谱六线谱（五月天）__qupu123-29749	qupu123-29749	0	66	6	
林俊杰 五月天 黑暗骑士 吉他谱（无限延音编配）__qupu123-342210	images-prep/qupu123-wuyuetian/林俊杰 五月天 黑暗骑士 吉他谱（无限延音编配）__qupu123-342210	qupu123-342210	0	74	6	
知足 五月天 吉他谱（无限延音编配）__qupu123-372256	images-prep/qupu123-wuyuetian/知足 五月天 吉他谱（无限延音编配）__qupu123-372256	qupu123-372256	0	59	6	
《天份》吉他谱C调入门版 薛之谦 高音教编配__qupu123-336651	images-prep/qupu123-xuezhiqian/《天份》吉他谱C调入门版 薛之谦 高音教编配__qupu123-336651	qupu123-336651	0	37	7	
《天份》吉他谱D调精华版 薛之谦 高音教编配__qupu123-336645	images-prep/qupu123-xuezhiqian/《天份》吉他谱D调精华版 薛之谦 高音教编配__qupu123-336645	qupu123-336645	0	59	6	
丑八怪 薛之谦（酷音小伟吉他教学）__qupu123-239026	images-prep/qupu123-xuezhiqian/丑八怪 薛之谦（酷音小伟吉他教学）__qupu123-239026	qupu123-239026	0	77	6	
薛之谦 丑八怪 吉他谱（无限延音编配）__qupu123-342213	images-prep/qupu123-xuezhiqian/薛之谦 丑八怪 吉他谱（无限延音编配）__qupu123-342213	qupu123-342213	0	61	6	
薛之谦 天外来物 吉他谱（无限延音编配）__qupu123-368634	images-prep/qupu123-xuezhiqian/薛之谦 天外来物 吉他谱（无限延音编配）__qupu123-368634	qupu123-368634	0	62	6	
薛之谦 彩券 吉他谱（无限延音编配）__qupu123-368633	images-prep/qupu123-xuezhiqian/薛之谦 彩券 吉他谱（无限延音编配）__qupu123-368633	qupu123-368633	0	32	6	
薛之谦 意外 吉他谱（无限延音编配）__qupu123-369669	images-prep/qupu123-xuezhiqian/薛之谦 意外 吉他谱（无限延音编配）__qupu123-369669	qupu123-369669	0	41	6	
薛之谦 慢半拍 吉他谱（无限延音编配）__qupu123-348857	images-prep/qupu123-xuezhiqian/薛之谦 慢半拍 吉他谱（无限延音编配）__qupu123-348857	qupu123-348857	0	70	6	
薛之谦 我好像在哪见过你 吉他谱（无限延音编配）__qupu123-368549	images-prep/qupu123-xuezhiqian/薛之谦 我好像在哪见过你 吉他谱（无限延音编配）__qupu123-368549	qupu123-368549	0	64	6	
薛之谦 木偶人 吉他谱（无限延音编配）__qupu123-348524	images-prep/qupu123-xuezhiqian/薛之谦 木偶人 吉他谱（无限延音编配）__qupu123-348524	qupu123-348524	0	42	6	
薛之谦 演员 吉他谱（无限延音编配）__qupu123-347808	images-prep/qupu123-xuezhiqian/薛之谦 演员 吉他谱（无限延音编配）__qupu123-347808	qupu123-347808	0	67	6	
薛之谦 狐狸 吉他谱（无限延音编配）__qupu123-368566	images-prep/qupu123-xuezhiqian/薛之谦 狐狸 吉他谱（无限延音编配）__qupu123-368566	qupu123-368566	0	63	6	
薛之谦 狐狸 吉他谱（无限延音编配）__qupu123-368594	images-prep/qupu123-xuezhiqian/薛之谦 狐狸 吉他谱（无限延音编配）__qupu123-368594	qupu123-368594	0	63	6	
薛之谦 绅士 吉他谱（无限延音编配）__qupu123-354816	images-prep/qupu123-xuezhiqian/薛之谦 绅士 吉他谱（无限延音编配）__qupu123-354816	qupu123-354816	0	78	6	
薛之谦 违背的青春 吉他谱（无限延音编配）__qupu123-372049	images-prep/qupu123-xuezhiqian/薛之谦 违背的青春 吉他谱（无限延音编配）__qupu123-372049	qupu123-372049	0	77	6	
薛之谦 陪你去流浪 吉他谱（无限延音编配）__qupu123-353520	images-prep/qupu123-xuezhiqian/薛之谦 陪你去流浪 吉他谱（无限延音编配）__qupu123-353520	qupu123-353520	0	59	6	
薛之谦《丑八怪》扫弦版超清谱 老歌大叔吉他教室出品__qupu123-342724	images-prep/qupu123-xuezhiqian/薛之谦《丑八怪》扫弦版超清谱 老歌大叔吉他教室出品__qupu123-342724	qupu123-342724	0	60	6	
薛之谦《你还要我怎样》吉他谱C调入门版 高音教编配 猴哥吉他教学__qupu123-351184	images-prep/qupu123-xuezhiqian/薛之谦《你还要我怎样》吉他谱C调入门版 高音教编配 猴哥吉他教学__qupu123-351184	qupu123-351184	0	70	6	
薛之谦《暧昧》吉他谱C调入门版 高音教编配 猴哥吉他教学__qupu123-350928	images-prep/qupu123-xuezhiqian/薛之谦《暧昧》吉他谱C调入门版 高音教编配 猴哥吉他教学__qupu123-350928	qupu123-350928	0	66	7	
《旅行》吉他谱G调精华版 许巍 高音教编配__qupu123-340326	images-prep/qupu123-xuwei/《旅行》吉他谱G调精华版 许巍 高音教编配__qupu123-340326	qupu123-340326	0	70	6	
《曾经的你》吉他谱D调精华版 许巍 高音教编配__qupu123-340118	images-prep/qupu123-xuwei/《曾经的你》吉他谱D调精华版 许巍 高音教编配__qupu123-340118	qupu123-340118	0	69	6	
一江水（器乐曲谱。许巍版）__qupu123-267654	images-prep/qupu123-xuwei/一江水（器乐曲谱。许巍版）__qupu123-267654	qupu123-267654	0	66	6	
天使 吉他谱六线谱 许巍（卢家兴编 ）__qupu123-90823	images-prep/qupu123-xuwei/天使 吉他谱六线谱 许巍（卢家兴编 ）__qupu123-90823	qupu123-90823	0	69	6	
家 许巍 （免费吉他谱）__qupu123-371497	images-prep/qupu123-xuwei/家 许巍 （免费吉他谱）__qupu123-371497	qupu123-371497	0	69	6	
执着吉他谱六线谱（许巍）__qupu123-29746	images-prep/qupu123-xuwei/执着吉他谱六线谱（许巍）__qupu123-29746	qupu123-29746	0	71	6	
许巍 故乡 吉他谱 G调指法（无限延音编配）__qupu123-343017	images-prep/qupu123-xuwei/许巍 故乡 吉他谱 G调指法（无限延音编配）__qupu123-343017	qupu123-343017	0	68	6	
许巍 旅行 吉他谱 D调指法（无限延音编配）__qupu123-345006	images-prep/qupu123-xuwei/许巍 旅行 吉他谱 D调指法（无限延音编配）__qupu123-345006	qupu123-345006	0	62	6	
许巍 时光 吉他谱（无限延音编配）__qupu123-354632	images-prep/qupu123-xuwei/许巍 时光 吉他谱（无限延音编配）__qupu123-354632	qupu123-354632	0	62	6	
许巍 曾经的你 吉他谱（无限延音编配）__qupu123-341089	images-prep/qupu123-xuwei/许巍 曾经的你 吉他谱（无限延音编配）__qupu123-341089	qupu123-341089	0	56	6	
许巍 漫步 吉他谱（无限延音编配）__qupu123-349052	images-prep/qupu123-xuwei/许巍 漫步 吉他谱（无限延音编配）__qupu123-349052	qupu123-349052	0	63	6	
许巍《星空》高清吉他谱（单吉他弹唱完美版）__qupu123-256737	images-prep/qupu123-xuwei/许巍《星空》高清吉他谱（单吉他弹唱完美版）__qupu123-256737	qupu123-256737	0	46	6	
许巍《生活不止眼前的苟且》高清吉他谱（单吉他完整弹唱）__qupu123-251356	images-prep/qupu123-xuwei/许巍《生活不止眼前的苟且》高清吉他谱（单吉他完整弹唱）__qupu123-251356	qupu123-251356	0	75	6	
许巍《礼物》吉他谱D调精华版 高音教编配 猴哥吉他教学__qupu123-350429	images-prep/qupu123-xuwei/许巍《礼物》吉他谱D调精华版 高音教编配 猴哥吉他教学__qupu123-350429	qupu123-350429	0	66	7	
许巍《蓝莲花》吉他谱C调入门版 猴哥吉他教学 高音教编配__qupu123-343203	images-prep/qupu123-xuwei/许巍《蓝莲花》吉他谱C调入门版 猴哥吉他教学 高音教编配__qupu123-343203	qupu123-343203	0	68	6	
许巍《蓝莲花》扫弦版超清谱 老歌大叔吉他教室出品__qupu123-342725	images-prep/qupu123-xuwei/许巍《蓝莲花》扫弦版超清谱 老歌大叔吉他教室出品__qupu123-342725	qupu123-342725	0	65	6	
许巍《那一年》吉他谱C调精华版 高音教编配 猴哥吉他教学__qupu123-351039	images-prep/qupu123-xuwei/许巍《那一年》吉他谱C调精华版 高音教编配 猴哥吉他教学__qupu123-351039	qupu123-351039	0	44	6	
周杰伦 夜曲 吉他谱（无限延音编配）__qupu123-368611	images-prep/qupu123-yequ/周杰伦 夜曲 吉他谱（无限延音编配）__qupu123-368611	qupu123-368611	0	47	6	
《烦恼歌》吉他谱G调精华版 张学友 高音教编配__qupu123-338447	images-prep/qupu123-zhangxueyou/《烦恼歌》吉他谱G调精华版 张学友 高音教编配__qupu123-338447	qupu123-338447	0	30	6	
张学友 一千个伤心的理由 吉他谱（无限延音编配）__qupu123-368709	images-prep/qupu123-zhangxueyou/张学友 一千个伤心的理由 吉他谱（无限延音编配）__qupu123-368709	qupu123-368709	0	72	6	
张学友 她来听我的演唱会 吉他谱（无限延音编配）__qupu123-341590	images-prep/qupu123-zhangxueyou/张学友 她来听我的演唱会 吉他谱（无限延音编配）__qupu123-341590	qupu123-341590	0	76	6	
张学友 如果这都不算爱 吉他谱（无限延音编配）__qupu123-368552	images-prep/qupu123-zhangxueyou/张学友 如果这都不算爱 吉他谱（无限延音编配）__qupu123-368552	qupu123-368552	0	69	6	
张学友 情书 吉他谱（无限延音编配）__qupu123-368708	images-prep/qupu123-zhangxueyou/张学友 情书 吉他谱（无限延音编配）__qupu123-368708	qupu123-368708	0	49	6	
张学友 我真的受伤了 吉他谱（无限延音编配）__qupu123-341092	images-prep/qupu123-zhangxueyou/张学友 我真的受伤了 吉他谱（无限延音编配）__qupu123-341092	qupu123-341092	0	59	6	
张学友 遥远的她 吉他谱（无限延音编配）__qupu123-368553	images-prep/qupu123-hk/张学友 遥远的她 吉他谱（无限延音编配）__qupu123-368553	qupu123-368553	0	75	6	
张学友《心如刀割》前奏版超清谱 老歌大叔吉他教室出品__qupu123-342891	images-prep/qupu123-zhangxueyou/张学友《心如刀割》前奏版超清谱 老歌大叔吉他教室出品__qupu123-342891	qupu123-342891	0	63	6	
《七里香》-周杰伦（吉他曲谱）__qupu123-362625	images-prep/qupu123-zhoujielun/《七里香》-周杰伦（吉他曲谱）__qupu123-362625	qupu123-362625	0	21	6	
《七里香》吉他谱C调入门版 周杰伦 高音教编配 猴哥吉他教学__qupu123-348769	images-prep/qupu123-zhoujielun/《七里香》吉他谱C调入门版 周杰伦 高音教编配 猴哥吉他教学__qupu123-348769	qupu123-348769	0	55	6	
《千里之外》吉他谱C调入门版 周杰伦 高音教编配__qupu123-341217	images-prep/qupu123-zhoujielun/《千里之外》吉他谱C调入门版 周杰伦 高音教编配__qupu123-341217	qupu123-341217	0	53	7	
《晴天》吉他谱G调精华版 周杰伦 高音教编配__qupu123-340354	images-prep/qupu123-zhoujielun/《晴天》吉他谱G调精华版 周杰伦 高音教编配__qupu123-340354	qupu123-340354	0	73	6	
《烟花易冷》吉他谱C调精华版 周杰伦 高音教编配 猴哥吉他教学__qupu123-348807	images-prep/qupu123-zhoujielun/《烟花易冷》吉他谱C调精华版 周杰伦 高音教编配 猴哥吉他教学__qupu123-348807	qupu123-348807	0	54	6	
《稻香》-周杰伦（吉他曲谱）__qupu123-361988	images-prep/qupu123-zhoujielun/《稻香》-周杰伦（吉他曲谱）__qupu123-361988	qupu123-361988	0	12	6	
《算什么男人》吉他谱C调精华版 周杰伦 高音教编配 猴哥吉他教学__qupu123-348840	images-prep/qupu123-nb/《算什么男人》吉他谱C调精华版 周杰伦 高音教编配 猴哥吉他教学__qupu123-348840	qupu123-348840	0	66	6	
《黑色毛衣》吉他谱C调入门版 周杰伦 高音教编配__qupu123-342542	images-prep/qupu123-zhoujielun/《黑色毛衣》吉他谱C调入门版 周杰伦 高音教编配__qupu123-342542	qupu123-342542	0	53	7	
可爱女人 周杰伦（吉他谱）__qupu123-69320	images-prep/qupu123-zhoujielun/可爱女人 周杰伦（吉他谱）__qupu123-69320	qupu123-69320	0	50	6	
周杰伦 Mojito 吉他谱（无限延音编配）__qupu123-368569	images-prep/qupu123-zhoujielun/周杰伦 Mojito 吉他谱（无限延音编配）__qupu123-368569	qupu123-368569	0	68	6	
周杰伦 Mojito 吉他谱（无限延音编配）__qupu123-368603	images-prep/qupu123-zhoujielun/周杰伦 Mojito 吉他谱（无限延音编配）__qupu123-368603	qupu123-368603	0	55	6	
周杰伦 一路向北 吉他谱（无限延音编配）__qupu123-352568	images-prep/qupu123-zhoujielun/周杰伦 一路向北 吉他谱（无限延音编配）__qupu123-352568	qupu123-352568	0	77	6	
周杰伦 七里香 吉他谱（无限延音编配）__qupu123-352347	images-prep/qupu123-zhoujielun/周杰伦 七里香 吉他谱（无限延音编配）__qupu123-352347	qupu123-352347	0	46	6	
周杰伦 借口 吉他谱（无限延音编配）__qupu123-368607	images-prep/qupu123-zhoujielun/周杰伦 借口 吉他谱（无限延音编配）__qupu123-368607	qupu123-368607	0	69	6	
周杰伦 反方向的钟 吉他谱（无限延音编配）__qupu123-369630	images-prep/qupu123-zhoujielun/周杰伦 反方向的钟 吉他谱（无限延音编配）__qupu123-369630	qupu123-369630	0	51	6	
周杰伦 听妈妈的话 吉他谱（无限延音编配）__qupu123-368606	images-prep/qupu123-zhoujielun/周杰伦 听妈妈的话 吉他谱（无限延音编配）__qupu123-368606	qupu123-368606	0	70	6	
周杰伦 夜曲 吉他谱（无限延音编配）__qupu123-368611	images-prep/qupu123-yequ/周杰伦 夜曲 吉他谱（无限延音编配）__qupu123-368611	qupu123-368611	0	47	6	
周杰伦 安静 吉他谱（无限延音编配）__qupu123-352405	images-prep/qupu123-zhoujielun/周杰伦 安静 吉他谱（无限延音编配）__qupu123-352405	qupu123-352405	0	58	6	
周杰伦 开不了口 吉他谱（无限延音编配）__qupu123-354673	images-prep/qupu123-zhoujielun/周杰伦 开不了口 吉他谱（无限延音编配）__qupu123-354673	qupu123-354673	0	75	6	
周杰伦 彩虹（吉他谱）__qupu123-340881	images-prep/qupu123-zhoujielun/周杰伦 彩虹（吉他谱）__qupu123-340881	qupu123-340881	0	53	6	
周杰伦 我不配 吉他谱（无限延音编配）__qupu123-369662	images-prep/qupu123-zhoujielun/周杰伦 我不配 吉他谱（无限延音编配）__qupu123-369662	qupu123-369662	0	51	6	
周杰伦 我是如此相信 吉他谱（无限延音编配）__qupu123-353322	images-prep/qupu123-zhoujielun/周杰伦 我是如此相信 吉他谱（无限延音编配）__qupu123-353322	qupu123-353322	0	47	6	
周杰伦 手写的从前 吉他谱（无限延音编配）__qupu123-352346	images-prep/qupu123-zhoujielun/周杰伦 手写的从前 吉他谱（无限延音编配）__qupu123-352346	qupu123-352346	0	71	6	
周杰伦 搁浅 吉他谱（无限延音编配）__qupu123-368605	images-prep/qupu123-zhoujielun/周杰伦 搁浅 吉他谱（无限延音编配）__qupu123-368605	qupu123-368605	0	31	6	
周杰伦 搁浅 吉他谱（无限延音编配）__qupu123-368639	images-prep/qupu123-zhoujielun/周杰伦 搁浅 吉他谱（无限延音编配）__qupu123-368639	qupu123-368639	0	31	6	
周杰伦 断了的弦 吉他谱（无限延音编配）__qupu123-352567	images-prep/qupu123-zhoujielun/周杰伦 断了的弦 吉他谱（无限延音编配）__qupu123-352567	qupu123-352567	0	69	6	
周杰伦 明明就 吉他谱（无限延音编配）__qupu123-342279	images-prep/qupu123-zhoujielun/周杰伦 明明就 吉他谱（无限延音编配）__qupu123-342279	qupu123-342279	0	69	6	
周杰伦 星晴 吉他谱（无限延音编配）__qupu123-348525	images-prep/qupu123-zhoujielun/周杰伦 星晴 吉他谱（无限延音编配）__qupu123-348525	qupu123-348525	0	59	6	
周杰伦 晴天 吉他谱 G调指法（无限延音编配）__qupu123-343426	images-prep/qupu123-zhoujielun/周杰伦 晴天 吉他谱 G调指法（无限延音编配）__qupu123-343426	qupu123-343426	0	59	6	
周杰伦 枫 吉他谱（无限延音编配）__qupu123-368604	images-prep/qupu123-zhoujielun/周杰伦 枫 吉他谱（无限延音编配）__qupu123-368604	qupu123-368604	0	54	6	
周杰伦 烟花易冷 吉他谱（无限延音编配）__qupu123-351734	images-prep/qupu123-zhoujielun/周杰伦 烟花易冷 吉他谱（无限延音编配）__qupu123-351734	qupu123-351734	0	59	6	
周杰伦 稻香 吉他谱（无限延音编配）__qupu123-349611	images-prep/qupu123-zhoujielun/周杰伦 稻香 吉他谱（无限延音编配）__qupu123-349611	qupu123-349611	0	74	6	
周杰伦 简单爱 吉他谱（无限延音编配）__qupu123-354703	images-prep/qupu123-zhoujielun/周杰伦 简单爱 吉他谱（无限延音编配）__qupu123-354703	qupu123-354703	0	59	6	
周杰伦 算什么男人 吉他谱 C调指法（无限延音编配）__qupu123-344142	images-prep/qupu123-nb/周杰伦 算什么男人 吉他谱 C调指法（无限延音编配）__qupu123-344142	qupu123-344142	0	99	6	
周杰伦 花海 吉他谱（无限延音编配）__qupu123-368487	images-prep/qupu123-zhoujielun/周杰伦 花海 吉他谱（无限延音编配）__qupu123-368487	qupu123-368487	0	59	6	
周杰伦 蒲公英的约定 吉他谱（无限延音编配）__qupu123-350833	images-prep/qupu123-zhoujielun/周杰伦 蒲公英的约定 吉他谱（无限延音编配）__qupu123-350833	qupu123-350833	0	46	6	
周杰伦 说好不哭 吉他谱 G调指法（无限延音编配）__qupu123-350924	images-prep/qupu123-zhoujielun/周杰伦 说好不哭 吉他谱 G调指法（无限延音编配）__qupu123-350924	qupu123-350924	0	31	6	
周杰伦 阳光宅男 吉他谱（无限延音编配）__qupu123-368556	images-prep/qupu123-zhoujielun/周杰伦 阳光宅男 吉他谱（无限延音编配）__qupu123-368556	qupu123-368556	0	77	6	
周杰伦 雨下一整晚 吉他谱（无限延音编配）__qupu123-369670	images-prep/qupu123-zhoujielun/周杰伦 雨下一整晚 吉他谱（无限延音编配）__qupu123-369670	qupu123-369670	0	46	6	
周杰伦 青花瓷 吉他谱（无限延音编配）__qupu123-368570	images-prep/qupu123-zhoujielun/周杰伦 青花瓷 吉他谱（无限延音编配）__qupu123-368570	qupu123-368570	0	32	6	
周杰伦 龙卷风 G调指法 吉他谱（无限延音编配）__qupu123-344554	images-prep/qupu123-zhoujielun/周杰伦 龙卷风 G调指法 吉他谱（无限延音编配）__qupu123-344554	qupu123-344554	0	46	6	
周杰伦 龙卷风（吉他谱）__qupu123-69323	images-prep/qupu123-zhoujielun/周杰伦 龙卷风（吉他谱）__qupu123-69323	qupu123-69323	0	60	6	
周杰伦《晴天》考级版 老歌大叔吉他教室出品__qupu123-342654	images-prep/qupu123-zhoujielun/周杰伦《晴天》考级版 老歌大叔吉他教室出品__qupu123-342654	qupu123-342654	0	66	6	
周杰伦《烟花易冷》吉他谱吉他弹唱教学C调精华版 高音教__qupu123-365170	images-prep/qupu123-zhoujielun/周杰伦《烟花易冷》吉他谱吉他弹唱教学C调精华版 高音教__qupu123-365170	qupu123-365170	0	54	6	
周杰伦《稻香》吉他谱G调入门版 猴哥吉他教学 高音教编配__qupu123-343508	images-prep/qupu123-zhoujielun/周杰伦《稻香》吉他谱G调入门版 猴哥吉他教学 高音教编配__qupu123-343508	qupu123-343508	0	58	6	
周杰伦《说好不哭》吉他谱 G调原版弹唱六线谱__qupu123-351018	images-prep/qupu123-zhoujielun/周杰伦《说好不哭》吉他谱 G调原版弹唱六线谱__qupu123-351018	qupu123-351018	0	44	6	
周杰伦《说好不哭》吉他谱吉他弹唱教学G调标准版 高音教__qupu123-350953	images-prep/qupu123-zhoujielun/周杰伦《说好不哭》吉他谱吉他弹唱教学G调标准版 高音教__qupu123-350953	qupu123-350953	0	55	6	
周杰伦《黑色毛衣》吉他谱吉他弹唱教学C调入门版 高音教__qupu123-351463	images-prep/qupu123-zhoujielun/周杰伦《黑色毛衣》吉他谱吉他弹唱教学C调入门版 高音教__qupu123-351463	qupu123-351463	0	52	7	
周杰伦歌曲串烧吉他曲谱__qupu123-364910	images-prep/qupu123-zhoujielun/周杰伦歌曲串烧吉他曲谱__qupu123-364910	qupu123-364910	0	9	6	
开不了口 周杰伦（吉他谱）__qupu123-69336	images-prep/qupu123-zhoujielun/开不了口 周杰伦（吉他谱）__qupu123-69336	qupu123-69336	0	74	6	
彩虹（周杰伦词曲、五线谱）__qupu123-274550	images-prep/qupu123-zhoujielun/彩虹（周杰伦词曲、五线谱）__qupu123-274550	qupu123-274550	0	63	7	
晴天-周杰伦（简化版吉他谱）__qupu123-363758	images-prep/qupu123-zhoujielun/晴天-周杰伦（简化版吉他谱）__qupu123-363758	qupu123-363758	0	72	6	
晴天（周杰伦词曲演唱、吉他六线谱）__qupu123-295006	images-prep/qupu123-zhoujielun/晴天（周杰伦词曲演唱、吉他六线谱）__qupu123-295006	qupu123-295006	0	44	6	
最伟大的作品 （周杰伦免费吉他谱）__qupu123-374108	images-prep/qupu123-zhoujielun/最伟大的作品 （周杰伦免费吉他谱）__qupu123-374108	qupu123-374108	0	68	6	
等你下课吉他谱 周杰伦 G调指法（无限延音编配）__qupu123-343684	images-prep/qupu123-zhoujielun/等你下课吉他谱 周杰伦 G调指法（无限延音编配）__qupu123-343684	qupu123-343684	0	46	6	
儿歌吉他谱_张悬C调原版弹唱谱_图片谱高清版__jianpujia-5631	images-prep/test-jianpujia/儿歌吉他谱_张悬C调原版弹唱谱_图片谱高清版__jianpujia-5631	jianpujia-5631	0	54	6	
儿歌吉他谱_张悬_这就是我想要的小日子__jianpujia-8005	images-prep/test-jianpujia/儿歌吉他谱_张悬_这就是我想要的小日子__jianpujia-8005	jianpujia-8005	0	51	6	
歌声与微笑吉他谱_儿歌_寻找不一样的童年儿歌__jianpujia-2348	images-prep/test-jianpujia/歌声与微笑吉他谱_儿歌_寻找不一样的童年儿歌__jianpujia-2348	jianpujia-2348	0	41	6	
马兰谣吉他谱_儿歌_这里是我的家，这里是我的爱__jianpujia-2368	images-prep/test-jianpujia/马兰谣吉他谱_儿歌_这里是我的家，这里是我的爱__jianpujia-2368	jianpujia-2368	0	30	6	
