file	title	source	site	artist	category	page_title
今天的我.txt	今天的我	jianpucn-156727	jianpucn	童安格		今天的我-童安格 歌谱简谱网
月亮之歌.txt	月亮之歌	jianpucn-159061	jianpucn	董文华		月亮之歌-董文华 歌谱简谱网
爱我你怕了吗.txt	爱我你怕了吗	jianpucn-176127	jianpucn	认证谱		爱我你怕了吗-认证谱 歌谱简谱网
看我七十二变_2.txt	看我七十二变	jianpucn-176286	jianpucn	赵一民版		看我七十二变-赵一民版 歌谱简谱网
原来你什么都不想要.txt	原来你什么都不想要	jianpucn-178613	jianpucn	版本二		原来你什么都不想要-版本二 歌谱简谱网
冷雨夜.txt	冷雨夜	jianpucn-192090	jianpucn	bass		冷雨夜bass 歌谱简谱网
再见理想.txt	再见理想	jianpucn-209090	jianpucn	双吉他版		再见理想-双吉他版 歌谱简谱网
大爱无疆_人间风雨情.txt	大爱无疆 人间风雨情	jianpucn-221239	jianpucn	片头曲		大爱无疆 人间风雨情 片头曲 歌谱简谱网
小城故事.txt	小城故事	jianpucn-231999	jianpucn	两版本		小城故事 两版本— 歌谱简谱网
心事知多少_3.txt	心事知多少	jianpucn-233366	jianpucn	彩谱版		心事知多少（ ） — 彩谱版 歌谱简谱网
朋友永远.txt	朋友永远	jianpucn-234350	jianpucn	董文华		朋友永远 董文华 歌谱简谱网
A_I_N_Y.txt	A I N Y	jianpucn-234441	jianpucn	邓紫棋		A I N Y（爱你） 邓紫棋 歌谱简谱网
谁伴我闯荡.txt	谁伴我闯荡	jianpucn-234520	jianpucn	Beyond		谁伴我闯荡（扫描谱） — Beyond 歌谱简谱网
喜欢你.txt	喜欢你	jianpucn-234614	jianpucn	吉他 — Beyond		喜欢你（扫描谱）吉他 — Beyond 歌谱简谱网
昔日舞曲.txt	昔日舞曲	jianpucn-234615	jianpucn	吉他 — Beyond		昔日舞曲（扫描谱）吉他 — Beyond 歌谱简谱网
再见理想_3.txt	再见理想	jianpucn-234684	jianpucn	吉他 — Beyond		再见理想（扫描谱）吉他 — Beyond 歌谱简谱网
酷爱_吉他_—.txt	酷爱 吉他 —	jianpucn-234744	jianpucn	张敬轩		酷爱 吉他 — （扫描谱） 张敬轩 歌谱简谱网
长江妈妈.txt	长江妈妈	jianpucn-234904	jianpucn	王宏伟		长江妈妈 王宏伟 歌谱简谱网
爱的呼唤.txt	爱的呼唤	jianpucn-235138	jianpucn	刘欢		爱的呼唤（电影《非常爱情》插曲） 刘欢 歌谱简谱网
入阵曲.txt	入阵曲	jianpucn-235794	jianpucn	五月天		入阵曲 五月天 歌谱简谱网
这就是你.txt	这就是你	jianpucn-236188	jianpucn	宋祖英		这就是你（电视剧《向前 向前》片尾曲） 宋祖英 歌谱简谱网
相会在日光城.txt	相会在日光城	jianpucn-236223	jianpucn	王宏伟		相会在日光城 王宏伟 歌谱简谱网
中国开起了顺风.txt	中国开起了顺风	jianpucn-236257	jianpucn	张也		中国开起了顺风 张也 歌谱简谱网
初次尝到寂寞.txt	初次尝到寂寞	jianpucn-236366	jianpucn	邓丽君		初次尝到寂寞 邓丽君 歌谱简谱网
初次尝到寂寞_2.txt	初次尝到寂寞	jianpucn-236386	jianpucn	邓丽君		初次尝到寂寞（扫描谱） — 邓丽君 歌谱简谱网
望月_—.txt	望月 —	jianpucn-236836	jianpucn	宋祖英		望月 — （莲葩园合唱团用谱） 宋祖英 歌谱简谱网
又唱_浏阳河.txt	又唱 浏阳河	jianpucn-236866	jianpucn	宋祖英		又唱 浏阳河 宋祖英 歌谱简谱网
方岩之歌.txt	方岩之歌	jianpucn-237162	jianpucn	宋祖英		方岩之歌 宋祖英 歌谱简谱网
知足人生.txt	知足人生	jianpucn-237212	jianpucn	韩磊		知足人生（电视剧《皇嫂田桂花》主题歌） 韩磊 歌谱简谱网
天地人心.txt	天地人心	jianpucn-237338	jianpucn	王宏伟		天地人心（李维福 俞轩词 印青曲） 王宏伟 歌谱简谱网
科尔沁传奇.txt	科尔沁传奇	jianpucn-237380	jianpucn	李健		科尔沁传奇 李健 歌谱简谱网
美丽的海湾_梦中的海湾.txt	美丽的海湾 梦中的海湾	jianpucn-237719	jianpucn	刘欢		美丽的海湾 梦中的海湾（又名 梦中的海湾） 刘欢 歌谱简谱网
青青河边草.txt	青青河边草	jianpucn-238491	jianpucn	高胜美		青青河边草（电视剧《青青河边草》主题曲） — 高胜美 歌谱简谱网
天地作合.txt	天地作合	jianpucn-238524	jianpucn	宋祖英		天地作合（电视剧《笑傲江湖》主题歌） 宋祖英 歌谱简谱网
锦绣中国.txt	锦绣中国	jianpucn-238779	jianpucn	宋祖英		锦绣中国 宋祖英 歌谱简谱网
小小桂花香.txt	小小桂花香	jianpucn-238948	jianpucn	殷秀梅		小小桂花香 殷秀梅 歌谱简谱网
伤了你的心的我的伤心.txt	伤了你的心的我的伤心	jianpucn-239036	jianpucn	孟庭苇		伤了你的心的我的伤心 孟庭苇 歌谱简谱网
大运河奔腾的歌.txt	大运河奔腾的歌	jianpucn-239309	jianpucn	阎维文		大运河奔腾的歌（独唱歌曲） 阎维文 歌谱简谱网
党啊_永远是我们领航的船.txt	党啊 永远是我们领航的船	jianpucn-239384	jianpucn	张也		党啊 永远是我们领航的船 张也 歌谱简谱网
呼伦贝尔哟我可爱的家乡.txt	呼伦贝尔哟我可爱的家乡	jianpucn-239429	jianpucn	殷秀梅		呼伦贝尔哟我可爱的家乡 殷秀梅 歌谱简谱网
几时再回吊脚楼.txt	几时再回吊脚楼	jianpucn-239482	jianpucn	宋祖英		几时再回吊脚楼 宋祖英 歌谱简谱网
无题_2.txt	无题	jianpucn-239508	jianpucn	杨洪基		无题（电视剧《鲁迅与许广平》片尾歌） 杨洪基 歌谱简谱网
大哥.txt	大哥	jianpucn-240093	jianpucn	韩红		大哥（电视剧《非常代价》片尾曲） 韩红 歌谱简谱网
信念_2.txt	信念	jianpucn-240100	jianpucn	宋祖英		信念（大型电视专题系列片《军旅先锋》主题歌） 宋祖英 歌谱简谱网
无论在天边无论在眼前.txt	无论在天边无论在眼前	jianpucn-240622	jianpucn	李谷一		无论在天边无论在眼前 李谷一 歌谱简谱网
哥哥撑排走丹江.txt	哥哥撑排走丹江	jianpucn-242150	jianpucn	王宏伟		哥哥撑排走丹江（电影《月月》主题曲） 王宏伟 歌谱简谱网
长江还有一支歌.txt	长江还有一支歌	jianpucn-242680	jianpucn	杨洪基		长江还有一支歌（孟敦和词 张坚曲） 杨洪基 歌谱简谱网
父亲.txt	父亲	jianpucn-242735	jianpucn	张也		父亲（毛岸青 邵华词 向东曲） 张也 歌谱简谱网
海沧之梦.txt	海沧之梦	jianpucn-242941	jianpucn	殷秀梅		海沧之梦 殷秀梅 歌谱简谱网
举杯吧朋友.txt	举杯吧朋友	jianpucn-243155	jianpucn	阎维文		举杯吧朋友 阎维文 歌谱简谱网
月夜诉情.txt	月夜诉情	jianpucn-243225	jianpucn	邓丽君		月夜诉情 邓丽君 歌谱简谱网
让花儿为你开.txt	让花儿为你开	jianpucn-243226	jianpucn	邓丽君		让花儿为你开 邓丽君 歌谱简谱网
山南山北走一回_2.txt	山南山北走一回	jianpucn-243237	jianpucn	邓丽君		山南山北走一回（庄奴词 古月曲） 邓丽君 歌谱简谱网
今日中国充满希望.txt	今日中国充满希望	jianpucn-243340	jianpucn	宋祖英		今日中国充满希望（十八集大型专题纪录片《今日中国》主题歌） 宋祖英 歌谱简谱网
相爱好往昔.txt	相爱好往昔	jianpucn-243574	jianpucn	邓丽君		相爱好往昔 邓丽君 歌谱简谱网
相爱如往昔_—.txt	相爱如往昔 —	jianpucn-243579	jianpucn	邓丽君		相爱如往昔 — 邓丽君 歌谱简谱网
花开富贵】彩谱】.txt	花开富贵】彩谱】	jianpucn-243883	jianpucn	费玉清		花开富贵】彩谱】 费玉清 歌谱简谱网
心语.txt	心语	jianpucn-244210	jianpucn	韩红		心语 韩红 歌谱简谱网
千年一回眸.txt	千年一回眸	jianpucn-244320	jianpucn	阎维文		千年一回眸 阎维文 歌谱简谱网
那年那月_那山那水.txt	那年那月 那山那水	jianpucn-244993	jianpucn	杨洪基		那年那月 那山那水（电视专题片《红色中华》主题歌） 杨洪基 歌谱简谱网
金江金梦.txt	金江金梦	jianpucn-245368	jianpucn	张也		金江金梦 张也 歌谱简谱网
万叶千声-玉楼春.txt	万叶千声-玉楼春	jianpucn-245489	jianpucn	邓丽君		万叶千声-玉楼春 — 邓丽君 歌谱简谱网
清夜悠悠.txt	清夜悠悠	jianpucn-245505	jianpucn	邓丽君		清夜悠悠（桃园忆故人） 邓丽君 歌谱简谱网
花开在心头.txt	花开在心头	jianpucn-245582	jianpucn	邓丽君		花开在心头 邓丽君 歌谱简谱网
如果我有勇气.txt	如果我有勇气	jianpucn-245591	jianpucn	邓丽君		如果我有勇气 邓丽君 歌谱简谱网
架线工之歌.txt	架线工之歌	jianpucn-245681	jianpucn	蒋大为		架线工之歌 蒋大为 歌谱简谱网
如果我有勇气_2.txt	如果我有勇气	jianpucn-245703	jianpucn	邓丽君		如果我有勇气（扫描谱） — 邓丽君 歌谱简谱网
前生有缘.txt	前生有缘	jianpucn-245753	jianpucn	邓丽君		前生有缘 — 邓丽君 歌谱简谱网
让青春年华象花一样美丽_—.txt	让青春年华象花一样美丽 —	jianpucn-245758	jianpucn	邓丽君		让青春年华象花一样美丽 — 邓丽君 歌谱简谱网
昨夜又东风.txt	昨夜又东风	jianpucn-245788	jianpucn	那英		昨夜又东风（电视剧《戊戌风云》主题歌） 那英 歌谱简谱网
横刀纵马一声吼.txt	横刀纵马一声吼	jianpucn-245789	jianpucn	杨洪基		横刀纵马一声吼（电视剧《徐海东大将》主题歌） 杨洪基 歌谱简谱网
太阳星辰.txt	太阳星辰	jianpucn-245936	jianpucn	张学友		太阳星辰 张学友 歌谱简谱网
旧梦已远.txt	旧梦已远	jianpucn-246119	jianpucn	杨洪基		旧梦已远（电视剧《千年等一回》片尾曲） 杨洪基 歌谱简谱网
相思河_—.txt	相思河 —	jianpucn-246180	jianpucn	蒋大为		相思河 — （两版本合一） 蒋大为 歌谱简谱网
蝶恋花_答李淑一.txt	蝶恋花 答李淑一	jianpucn-246531	jianpucn	李谷一		蝶恋花 答李淑一（湖南花鼓戏 ） 李谷一 歌谱简谱网
西部春暖.txt	西部春暖	jianpucn-246655	jianpucn	阎维文		西部春暖 阎维文 歌谱简谱网
同欢同乐.txt	同欢同乐	jianpucn-247897	jianpucn	王宏伟		同欢同乐 王宏伟 歌谱简谱网
老百姓奔上好前程.txt	老百姓奔上好前程	jianpucn-248058	jianpucn	蒋大为		老百姓奔上好前程 蒋大为 歌谱简谱网
槟榔河欢歌.txt	槟榔河欢歌	jianpucn-248334	jianpucn	宋祖英		槟榔河欢歌（苏庆兴词 孟庆云曲） 宋祖英 歌谱简谱网
中华民族.txt	中华民族	jianpucn-248338	jianpucn	杨洪基		中华民族（翟凤岗词 臧云飞 王锐曲） 杨洪基 歌谱简谱网
问君能有几多愁.txt	问君能有几多愁	jianpucn-248461	jianpucn	费玉清		问君能有几多愁（同名电视剧片尾曲） 费玉清 歌谱简谱网
吉祥藏历年.txt	吉祥藏历年	jianpucn-248582	jianpucn	降央卓玛		吉祥藏历年 降央卓玛 歌谱简谱网
梦姑娘.txt	梦姑娘	jianpucn-248702	jianpucn	腾格尔		梦姑娘 腾格尔 歌谱简谱网
牵蚕丝.txt	牵蚕丝	jianpucn-248847	jianpucn	蔡幸娟		牵蚕丝（电视剧《双飞雁》插曲） 蔡幸娟 歌谱简谱网
象牙舟.txt	象牙舟	jianpucn-248858	jianpucn	蔡幸娟		象牙舟 蔡幸娟 歌谱简谱网
我的母亲.txt	我的母亲	jianpucn-249101	jianpucn	降央卓玛		我的母亲（莱达布尔吉词 色斯仁其木曲） 降央卓玛 歌谱简谱网
贺新郎_别友.txt	贺新郎 别友	jianpucn-249499	jianpucn	宋祖英		贺新郎 别友（电视剧《毛泽东》插曲） 宋祖英 歌谱简谱网
情怀.txt	情怀	jianpucn-250422	jianpucn	阎维文		情怀（） 阎维文 歌谱简谱网
我爱秋莲.txt	我爱秋莲	jianpucn-250545	jianpucn	高胜美		我爱秋莲 高胜美 歌谱简谱网
天呀_蓝个英英.txt	天呀 蓝个英英	jianpucn-250695	jianpucn	阎维文		天呀 蓝个英英（音乐电视剧《郭兰英》片尾主题歌） 阎维文 歌谱简谱网
黄果树瀑布.txt	黄果树瀑布	jianpucn-250887	jianpucn	宋祖英		黄果树瀑布（） 宋祖英 歌谱简谱网
大平原.txt	大平原	jianpucn-250899	jianpucn	王宏伟		大平原 王宏伟 歌谱简谱网
情动白云边.txt	情动白云边	jianpucn-250915	jianpucn	韩磊		情动白云边 韩磊 歌谱简谱网
情系半生.txt	情系半生	jianpucn-251372	jianpucn	张学友		情系半生 张学友 歌谱简谱网
好情人.txt	好情人	jianpucn-251957	jianpucn	孟庭苇		好情人 孟庭苇 歌谱简谱网
两小无猜.txt	两小无猜	jianpucn-251958	jianpucn	孟庭苇		两小无猜 孟庭苇 歌谱简谱网
其实我还是有些在乎.txt	其实我还是有些在乎	jianpucn-251959	jianpucn	孟庭苇		其实我还是有些在乎 孟庭苇 歌谱简谱网
心的旅途.txt	心的旅途	jianpucn-251960	jianpucn	孟庭苇		心的旅途 孟庭苇 歌谱简谱网
雨过心晴.txt	雨过心晴	jianpucn-251961	jianpucn	孟庭苇		雨过心晴 孟庭苇 歌谱简谱网
紫浣花.txt	紫浣花	jianpucn-251962	jianpucn	孟庭苇		紫浣花 孟庭苇 歌谱简谱网
不让你看到我的泪.txt	不让你看到我的泪	jianpucn-251973	jianpucn	孟庭苇		不让你看到我的泪 孟庭苇 歌谱简谱网
乘风乘月乘忧去.txt	乘风乘月乘忧去	jianpucn-251974	jianpucn	孟庭苇		乘风乘月乘忧去 孟庭苇 歌谱简谱网
飞梦.txt	飞梦	jianpucn-251975	jianpucn	孟庭苇		飞梦 孟庭苇 歌谱简谱网
风_告诉我.txt	风 告诉我	jianpucn-251976	jianpucn	孟庭苇		风 告诉我 孟庭苇 歌谱简谱网
风是我回忆的方向.txt	风是我回忆的方向	jianpucn-251977	jianpucn	孟庭苇		风是我回忆的方向 孟庭苇 歌谱简谱网
风里的梦.txt	风里的梦	jianpucn-252065	jianpucn	孟庭苇		风里的梦（） 孟庭苇 歌谱简谱网
凤凰木_吉他_—.txt	凤凰木 吉他 —	jianpucn-252071	jianpucn	孟庭苇		凤凰木 吉他 — 孟庭苇 歌谱简谱网
塔克拉玛干的胡扬.txt	塔克拉玛干的胡扬	jianpucn-252174	jianpucn	王宏伟		塔克拉玛干的胡扬 王宏伟 歌谱简谱网
千年的新.txt	千年的新	jianpucn-252244	jianpucn	孟庭苇		千年的新 孟庭苇 歌谱简谱网
西海情歌.txt	西海情歌	jianpucn-252910	jianpucn	降央卓玛		西海情歌 降央卓玛 歌谱简谱网
伤心的人别听慢歌.txt	伤心的人别听慢歌	jianpucn-253033	jianpucn	五月天		伤心的人别听慢歌 五月天 歌谱简谱网
我把青春献森林_—.txt	我把青春献森林 —	jianpucn-253548	jianpucn	蒋大为		我把青春献森林 — （扫描版） 蒋大为 歌谱简谱网
心甘情愿.txt	心甘情愿	jianpucn-253676	jianpucn	阎维文		心甘情愿（） 阎维文 歌谱简谱网
大地真美.txt	大地真美	jianpucn-253693	jianpucn	蒋大为		大地真美 蒋大为 歌谱简谱网
橄榄树_2.txt	橄榄树	jianpucn-254144	jianpucn	修正版 齐豫		橄榄树-修正版 齐豫 歌谱简谱网
心里是花园.txt	心里是花园	jianpucn-254875	jianpucn	孟庭苇		心里是花园 孟庭苇 歌谱简谱网
蓝蓝的一片海.txt	蓝蓝的一片海	jianpucn-255421	jianpucn	宋祖英		蓝蓝的一片海 宋祖英 歌谱简谱网
DFP.txt	DFP	jianpucn-256294	jianpucn	周杰伦		DFP(再来一次) 周杰伦 歌谱简谱网
妈妈_祝你长寿.txt	妈妈 祝你长寿	jianpucn-256365	jianpucn	阎维文		妈妈 祝你长寿 阎维文 歌谱简谱网
骨肉情.txt	骨肉情	jianpucn-256707	jianpucn	阎维文		骨肉情 阎维文 歌谱简谱网
成州颂.txt	成州颂	jianpucn-256973	jianpucn	蒋大为		成州颂 蒋大为 歌谱简谱网
塞纳河——.txt	塞纳河——	jianpucn-256979	jianpucn	邓紫棋		塞纳河—— 邓紫棋 歌谱简谱网
母亲双手.txt	母亲双手	jianpucn-257585	jianpucn	殷秀梅		母亲双手 殷秀梅 歌谱简谱网
晨.txt	晨	jianpucn-257913	jianpucn	费玉清		晨 费玉清 歌谱简谱网
谁_4.txt	谁	jianpucn-257959	jianpucn	谢雨欣		谁（《将爱情进行到底》电视原声） 谢雨欣 歌谱简谱网
谁_5.txt	谁	jianpucn-257980	jianpucn	谢雨欣		谁（电视剧《将爱情进行到底》插曲） 谢雨欣 歌谱简谱网
谁主沉浮.txt	谁主沉浮	jianpucn-258056	jianpucn	同名电影插曲 韩磊		谁主沉浮 同名电影插曲 韩磊 歌谱简谱网
谁主沉浮_2.txt	谁主沉浮	jianpucn-258119	jianpucn	韩磊		谁主沉浮（电影《谁主沉浮》插曲） — 韩磊 歌谱简谱网
梦想.txt	梦想	jianpucn-258144	jianpucn	韩磊		梦想 韩磊 歌谱简谱网
生活啊_多么美好.txt	生活啊 多么美好	jianpucn-258174	jianpucn	殷秀梅		生活啊 多么美好 殷秀梅 歌谱简谱网
不许他回家.txt	不许他回家	jianpucn-258314	jianpucn	费玉清		不许他回家 费玉清 歌谱简谱网
梦园中国.txt	梦园中国	jianpucn-258781	jianpucn	张也		梦园中国 张也 歌谱简谱网
梦圆中国.txt	梦圆中国	jianpucn-258877	jianpucn	张也		梦圆中国 张也 歌谱简谱网
窑变_2.txt	窑变	jianpucn-259151	jianpucn	宋祖英		窑变（电视剧《大河儿女》主题曲） 宋祖英 歌谱简谱网
日月潭风光.txt	日月潭风光	jianpucn-259887	jianpucn	费玉清		日月潭风光 费玉清 歌谱简谱网
好人就能当好家.txt	好人就能当好家	jianpucn-259899	jianpucn	王宏伟		好人就能当好家 王宏伟 歌谱简谱网
梦里山河_—.txt	梦里山河 —	jianpucn-260044	jianpucn	费玉清		梦里山河 — 费玉清 歌谱简谱网
拉萨雄鹰.txt	拉萨雄鹰	jianpucn-260111	jianpucn	凤凰传奇		拉萨雄鹰 凤凰传奇 歌谱简谱网
木鱼与金鱼.txt	木鱼与金鱼	jianpucn-260281	jianpucn	刘德华		木鱼与金鱼 刘德华 歌谱简谱网
当我遇到你.txt	当我遇到你	jianpucn-260283	jianpucn	刘德华		当我遇到你 刘德华 歌谱简谱网
高岗上.txt	高岗上	jianpucn-260568	jianpucn	费玉清		高岗上 费玉清 歌谱简谱网
莲花魂.txt	莲花魂	jianpucn-260583	jianpucn	张也		莲花魂 张也 歌谱简谱网
版_《卖布谣》.txt	版 《卖布谣》	jianpucn-260700	jianpucn	李谷一		版 《卖布谣》（刘大白 词 赵元任 曲） 李谷一 歌谱简谱网
我的梦中国梦.txt	我的梦中国梦	jianpucn-260800	jianpucn	阎维文		我的梦中国梦 阎维文 歌谱简谱网
大野英豪.txt	大野英豪	jianpucn-260866	jianpucn	费玉清		大野英豪 费玉清 歌谱简谱网
窑变.txt	窑变	jianpucn-261011	jianpucn	宋祖英		窑变- （电视剧《大和儿女》主题曲 ） 宋祖英 歌谱简谱网
上林春色十分红.txt	上林春色十分红	jianpucn-261082	jianpucn	杨洪基		上林春色十分红 杨洪基 歌谱简谱网
上林_十分红.txt	上林 十分红	jianpucn-261176	jianpucn	杨洪基		上林 十分红 杨洪基 歌谱简谱网
赞美你_骆驼.txt	赞美你 骆驼	jianpucn-261531	jianpucn	杨洪基		赞美你 骆驼（杨煜曲） 杨洪基 歌谱简谱网
苍狼大地.txt	苍狼大地	jianpucn-261717	jianpucn	腾格尔		苍狼大地 腾格尔 歌谱简谱网
吉祥敖特尔.txt	吉祥敖特尔	jianpucn-261987	jianpucn	阎维文		吉祥敖特尔 阎维文 歌谱简谱网
一起为祖国.txt	一起为祖国	jianpucn-261990	jianpucn	阎维文		一起为祖国 阎维文 歌谱简谱网
送我一枝玫瑰花.txt	送我一枝玫瑰花	jianpucn-262899	jianpucn	李谷一		送我一枝玫瑰花（葛顺中编曲） 李谷一 歌谱简谱网
五和中国.txt	五和中国	jianpucn-263041	jianpucn	阎维文		五和中国 阎维文 歌谱简谱网
好郎好姐不用媒_—.txt	好郎好姐不用媒 —	jianpucn-263044	jianpucn	阎维文		好郎好姐不用媒 — （湖南民歌） 阎维文 歌谱简谱网
Amammani.txt	Amammani	jianpucn-263414	jianpucn	BEYOND		Amammani BEYOND 歌谱简谱网
西部恍惚.txt	西部恍惚	jianpucn-263751	jianpucn	刘欢		西部恍惚 刘欢 歌谱简谱网
赤水河纤夫曲.txt	赤水河纤夫曲	jianpucn-263990	jianpucn	阎维文		赤水河纤夫曲 阎维文 歌谱简谱网
风柜来的人.txt	风柜来的人	jianpucn-264854	jianpucn	李宗盛		风柜来的人 李宗盛 歌谱简谱网
回来吧好吗.txt	回来吧好吗	jianpucn-264859	jianpucn	刘德华		回来吧好吗 刘德华 歌谱简谱网
溜溜的情歌其他.txt	溜溜的情歌其他	jianpucn-264892	jianpucn	凤凰传奇		溜溜的情歌其他 凤凰传奇 歌谱简谱网
陪我在今宵.txt	陪我在今宵	jianpucn-264949	jianpucn	邓丽君		陪我在今宵 邓丽君 歌谱简谱网
牧羊的女孩.txt	牧羊的女孩	jianpucn-265002	jianpucn	凤凰传奇		牧羊的女孩 凤凰传奇 歌谱简谱网
来生缘4.txt	来生缘4	jianpucn-265519	jianpucn	刘德华		来生缘4 刘德华 歌谱简谱网
后会无期.txt	后会无期	jianpucn-265626	jianpucn	邓紫棋		后会无期 邓紫棋 歌谱简谱网
请你喝杯下马酒.txt	请你喝杯下马酒	jianpucn-265764	jianpucn	降央卓玛		请你喝杯下马酒 降央卓玛 歌谱简谱网
丝路风情.txt	丝路风情	jianpucn-265868	jianpucn	张也		丝路风情 张也 歌谱简谱网
待嫁的新娘.txt	待嫁的新娘	jianpucn-265933	jianpucn	凤凰传奇		待嫁的新娘 凤凰传奇 歌谱简谱网
爱的天下.txt	爱的天下	jianpucn-266088	jianpucn	凤凰传奇		爱的天下 凤凰传奇 歌谱简谱网
伤心证明书.txt	伤心证明书	jianpucn-266188	jianpucn	陈奕迅		伤心证明书 陈奕迅 歌谱简谱网
策马扬鞭.txt	策马扬鞭	jianpucn-266193	jianpucn	凤凰传奇		策马扬鞭 凤凰传奇 歌谱简谱网
最好的时代.txt	最好的时代	jianpucn-266259	jianpucn	凤凰传奇		最好的时代 凤凰传奇 歌谱简谱网
雪山盟.txt	雪山盟	jianpucn-266285	jianpucn	费玉清		雪山盟 费玉清 歌谱简谱网
珠海的楼房.txt	珠海的楼房	jianpucn-266301	jianpucn	李谷一		珠海的楼房 李谷一 歌谱简谱网
天路精华版.txt	天路精华版	jianpucn-266342	jianpucn	韩红		天路精华版 韩红 歌谱简谱网
Always_Online.txt	Always Online	jianpucn-266349	jianpucn	林俊杰		Always Online 林俊杰 歌谱简谱网
金色航程.txt	金色航程	jianpucn-266757	jianpucn	韩磊		金色航程 韩磊 歌谱简谱网
梦草原-_新歌.txt	梦草原- 新歌	jianpucn-266840	jianpucn	蒋大为		梦草原- 新歌 蒋大为 歌谱简谱网
梦草原_—.txt	梦草原 —	jianpucn-266874	jianpucn	蒋大为		梦草原 — （两版本） 蒋大为 歌谱简谱网
人民在我心中.txt	人民在我心中	jianpucn-267336	jianpucn	阎维文		人民在我心中 阎维文 歌谱简谱网
亲亲祖国.txt	亲亲祖国	jianpucn-267537	jianpucn	阎维文		亲亲祖国（） 阎维文 歌谱简谱网
琉璃.txt	琉璃	jianpucn-268125	jianpucn	孟庭苇		琉璃 孟庭苇 歌谱简谱网
无处可藏.txt	无处可藏	jianpucn-268478	jianpucn	孟庭苇		无处可藏 孟庭苇 歌谱简谱网
跟影子说.txt	跟影子说	jianpucn-268679	jianpucn	孟庭苇		跟影子说 孟庭苇 歌谱简谱网
原本今生以为.txt	原本今生以为	jianpucn-268706	jianpucn	孟庭苇		原本今生以为 孟庭苇 歌谱简谱网
北大仓.txt	北大仓	jianpucn-268727	jianpucn	阎维文		北大仓 阎维文 歌谱简谱网
去者.txt	去者	jianpucn-270975	jianpucn	刘欢		去者（电视剧《胡雪岩》主题歌） 刘欢 歌谱简谱网
天机.txt	天机	jianpucn-271737	jianpucn	张学友		天机 张学友 歌谱简谱网
蓝雨.txt	蓝雨	jianpucn-271964	jianpucn	张学友		蓝雨 张学友 歌谱简谱网
让你愉快.txt	让你愉快	jianpucn-271965	jianpucn	张学友		让你愉快 张学友 歌谱简谱网
香港你好.txt	香港你好	jianpucn-272258	jianpucn	阎维文		香港你好 阎维文 歌谱简谱网
写不完的温柔.txt	写不完的温柔	jianpucn-272401	jianpucn	邓紫棋		写不完的温柔 邓紫棋 歌谱简谱网
生死永不分.txt	生死永不分	jianpucn-272402	jianpucn	蔡幸娟		生死永不分 蔡幸娟 歌谱简谱网
不到天荒情不老.txt	不到天荒情不老	jianpucn-272404	jianpucn	蔡幸娟		不到天荒情不老 蔡幸娟 歌谱简谱网
这么近那么远.txt	这么近那么远	jianpucn-272599	jianpucn	张靓颖		这么近那么远 张靓颖 歌谱简谱网
杵.txt	杵	jianpucn-273266	jianpucn	歌 高胜美		杵 歌 高胜美 歌谱简谱网
心中的遵义.txt	心中的遵义	jianpucn-273284	jianpucn	王宏伟		心中的遵义 王宏伟 歌谱简谱网
总有爱国语版.txt	总有爱国语版	jianpucn-273294	jianpucn	一辈子陪你走 beyond		总有爱国语版-一辈子陪你走 beyond 歌谱简谱网
扁担歌.txt	扁担歌	jianpucn-273359	jianpucn	》 韩磊		《开国元勋朱德》片尾曲《扁担歌》 韩磊 歌谱简谱网
梦圆中国】彩谱】.txt	梦圆中国】彩谱】	jianpucn-273411	jianpucn	张也		梦圆中国】彩谱】 张也 歌谱简谱网
吉祥如意.txt	吉祥如意	jianpucn-273466	jianpucn	凤凰传奇		吉祥如意 凤凰传奇 歌谱简谱网
红高粱.txt	红高粱	jianpucn-273884	jianpucn	韩红		红高粱（电视剧《红高粱》片尾主题曲） 韩红 歌谱简谱网
红高粱片尾主题曲-红高粱.txt	红高粱片尾主题曲-红高粱	jianpucn-273885	jianpucn	韩红		红高粱片尾主题曲-红高粱 韩红 歌谱简谱网
千秋大业.txt	千秋大业	jianpucn-273911	jianpucn	王宏伟		千秋大业 王宏伟 歌谱简谱网
草原妹妹.txt	草原妹妹	jianpucn-274000	jianpucn	乌兰图雅		草原妹妹 乌兰图雅 歌谱简谱网
我想有个家.txt	我想有个家	jianpucn-274342	jianpucn	视频 我想有个家 本 潘美辰		我想有个家 视频 我想有个家 本（） 潘美辰 歌谱简谱网
竹山青青赤水长.txt	竹山青青赤水长	jianpucn-274592	jianpucn	张也		竹山青青赤水长 张也 歌谱简谱网
蓝色的蒙古高原.txt	蓝色的蒙古高原	jianpucn-274763	jianpucn	降央卓玛		蓝色的蒙古高原 降央卓玛 歌谱简谱网
烟花句.txt	烟花句	jianpucn-274946	jianpucn	张学友		烟花句 张学友 歌谱简谱网
我吻别.txt	我吻别	jianpucn-275247	jianpucn	张学友		我吻别 张学友 歌谱简谱网
春天_你在哪里.txt	春天 你在哪里	jianpucn-275430	jianpucn	殷秀梅		春天 你在哪里 殷秀梅 歌谱简谱网
笑拥江山梦.txt	笑拥江山梦	jianpucn-275436	jianpucn	高胜美		笑拥江山梦（电视剧《一代皇后大玉儿》主题歌） — 高胜美 歌谱简谱网
爱你的宿命.txt	爱你的宿命	jianpucn-275562	jianpucn	张信哲		爱你的宿命- （《来自星星的你》主题曲 ） 张信哲 歌谱简谱网
烟火里的尘埃.txt	烟火里的尘埃	jianpucn-275914	jianpucn	华晨宇		烟火里的尘埃 华晨宇 歌谱简谱网
相信自己无限极.txt	相信自己无限极	jianpucn-275973	jianpucn	陈奕迅		相信自己无限极 陈奕迅 歌谱简谱网
一盏心灯.txt	一盏心灯	jianpucn-276279	jianpucn	杨洪基		一盏心灯 杨洪基 歌谱简谱网
准格尔人.txt	准格尔人	jianpucn-277119	jianpucn	腾格尔		准格尔人（电影《跟着幸福走》片头曲） 腾格尔 歌谱简谱网
渔歌.txt	渔歌	jianpucn-277345	jianpucn	宋祖英		渔歌（） 宋祖英 歌谱简谱网
十八里水路到我家.txt	十八里水路到我家	jianpucn-277673	jianpucn	宋祖英		十八里水路到我家 宋祖英 歌谱简谱网
爱是你我.txt	爱是你我	jianpucn-277769	jianpucn	乐器谱 刀郎		爱是你我（十二孔 ） 乐器谱 刀郎 歌谱简谱网
摆渡人的歌.txt	摆渡人的歌	jianpucn-278074	jianpucn	周华健		摆渡人的歌 周华健 歌谱简谱网
一声叹息.txt	一声叹息	jianpucn-278123	jianpucn	蔡幸娟		一声叹息 蔡幸娟 歌谱简谱网
爱你就要你快乐-电视剧《我的父亲母亲》片尾曲.txt	爱你就要你快乐-电视剧《我的父亲母亲》片尾曲	jianpucn-278338	jianpucn	韩红		爱你就要你快乐-电视剧《我的父亲母亲》片尾曲 韩红 歌谱简谱网
愿作比翼鸟.txt	愿作比翼鸟	jianpucn-278405	jianpucn	蔡幸娟		愿作比翼鸟（华视《杨贵妃》插曲） 蔡幸娟 歌谱简谱网
好不容易.txt	好不容易	jianpucn-278757	jianpucn	张靓颖		好不容易- 张靓颖 歌谱简谱网
兔侠功夫操.txt	兔侠功夫操	jianpucn-278865	jianpucn	凤凰传奇		兔侠功夫操 凤凰传奇 歌谱简谱网
不再犹豫.txt	不再犹豫	jianpucn-278888	jianpucn	Beyond		不再犹豫（双吉它） Beyond 歌谱简谱网
无字碑_2.txt	无字碑	jianpucn-278952	jianpucn	张靓颖		无字碑（电视剧《武则天传奇》主题曲） 张靓颖 歌谱简谱网
无字碑.txt	无字碑	jianpucn-278957	jianpucn	张靓颖		无字碑- （《武则天传奇》主题曲 ） 张靓颖 歌谱简谱网
敢为天下先.txt	敢为天下先	jianpucn-279541	jianpucn	张靓颖		敢为天下先（《武媚娘传奇》插曲） 张靓颖 歌谱简谱网
援藏大哥.txt	援藏大哥	jianpucn-279895	jianpucn	降央卓玛		援藏大哥 降央卓玛 歌谱简谱网
雪红花.txt	雪红花	jianpucn-280055	jianpucn	腾格尔		雪红花 腾格尔 歌谱简谱网
一路惊喜.txt	一路惊喜	jianpucn-280112	jianpucn	凤凰传奇		一路惊喜 凤凰传奇 歌谱简谱网
北国之春_2.txt	北国之春	jianpucn-280455	jianpucn	刘德华		北国之春（联唱） 刘德华 歌谱简谱网
二分明月.txt	二分明月	jianpucn-280601	jianpucn	费玉清		二分明月 费玉清 歌谱简谱网
美如天仙.txt	美如天仙	jianpucn-280695	jianpucn	降央卓玛		美如天仙 降央卓玛 歌谱简谱网
宫廷宴舞.txt	宫廷宴舞	jianpucn-280697	jianpucn	蔡幸娟		宫廷宴舞 蔡幸娟 歌谱简谱网
美如天仙_—.txt	美如天仙 —	jianpucn-280766	jianpucn	降央卓玛		美如天仙 — （西藏民歌） 降央卓玛 歌谱简谱网
美丽中国.txt	美丽中国	jianpucn-280822	jianpucn	阎维文		美丽中国（） 阎维文 歌谱简谱网
夕阳醉了.txt	夕阳醉了	jianpucn-281138	jianpucn	张学友		夕阳醉了（带和弦 ） 张学友 歌谱简谱网
我心已许.txt	我心已许	jianpucn-281469	jianpucn	蔡幸娟		我心已许（电视连续剧《梅花三弄-水云间》片尾曲） 蔡幸娟 歌谱简谱网
最快乐那一年.txt	最快乐那一年	jianpucn-282067	jianpucn	梁静茹		最快乐那一年 梁静茹 歌谱简谱网
在爱里等你.txt	在爱里等你	jianpucn-282079	jianpucn	梁静茹		在爱里等你 梁静茹 歌谱简谱网
老妈在老家.txt	老妈在老家	jianpucn-282153	jianpucn	李健		老妈在老家 李健 歌谱简谱网
可惜没如果_—.txt	可惜没如果 —	jianpucn-282202	jianpucn	林俊杰		可惜没如果 — 林俊杰 歌谱简谱网
回家的路.txt	回家的路	jianpucn-282692	jianpucn	刘德华		回家的路 刘德华 歌谱简谱网
啊_湘江.txt	啊 湘江	jianpucn-283147	jianpucn	李谷一		啊 湘江 李谷一 歌谱简谱网
林海情.txt	林海情	jianpucn-283169	jianpucn	蒋大为		林海情（同名电影插曲） 蒋大为 歌谱简谱网
江南一枝.txt	江南一枝	jianpucn-283191	jianpucn	王宏伟		江南一枝 王宏伟 歌谱简谱网
百雀羚.txt	百雀羚	jianpucn-283423	jianpucn	阎维文		百雀羚 阎维文 歌谱简谱网
老边防.txt	老边防	jianpucn-283444	jianpucn	王宏伟		老边防 王宏伟 歌谱简谱网
谁说我不曾拥有.txt	谁说我不曾拥有	jianpucn-283512	jianpucn	刘欢		谁说我不曾拥有（电视剧《雾 海 帆》插曲） 刘欢 歌谱简谱网
从前慢.txt	从前慢	jianpucn-283549	jianpucn	刘欢		从前慢（2015年央视春晚歌曲） 刘欢 歌谱简谱网
忘忧水.txt	忘忧水	jianpucn-283768	jianpucn	阎维文		忘忧水 阎维文 歌谱简谱网
山间小路.txt	山间小路	jianpucn-283864	jianpucn	蒋大为		山间小路 蒋大为 歌谱简谱网
心中的故乡.txt	心中的故乡	jianpucn-283865	jianpucn	蒋大为		心中的故乡 蒋大为 歌谱简谱网
多情的小溪.txt	多情的小溪	jianpucn-283866	jianpucn	蒋大为		多情的小溪 蒋大为 歌谱简谱网
难忘雪山草地.txt	难忘雪山草地	jianpucn-283881	jianpucn	韩红		难忘雪山草地 韩红 歌谱简谱网
贪念.txt	贪念	jianpucn-283979	jianpucn	韩红		贪念（音乐剧《聂小倩和宁采臣》主题曲） 韩红 歌谱简谱网
爱人_】彩谱】.txt	爱人 】彩谱】	jianpucn-284166	jianpucn	邓丽君		爱人 】彩谱】 邓丽君 歌谱简谱网
此情绵绵.txt	此情绵绵	jianpucn-284221	jianpucn	蔡幸娟		此情绵绵（电影 旧情绵绵 主题曲） 蔡幸娟 歌谱简谱网
雨夜花.txt	雨夜花	jianpucn-284431	jianpucn	邓丽君		雨夜花（台湾民谣） 邓丽君 歌谱简谱网
《蝶恋花_答李淑一》.txt	《蝶恋花 答李淑一》	jianpucn-284451	jianpucn	殷秀梅		《蝶恋花 答李淑一》（60年代毛主席诗词歌曲） 殷秀梅 歌谱简谱网
中国梦_引领未来.txt	中国梦 引领未来	jianpucn-284720	jianpucn	阎维文		中国梦 引领未来 阎维文 歌谱简谱网
高原传奇.txt	高原传奇	jianpucn-284954	jianpucn	王宏伟		高原传奇 王宏伟 歌谱简谱网
我像黄河_黄河像我.txt	我像黄河 黄河像我	jianpucn-285007	jianpucn	阎维文		我像黄河 黄河像我 阎维文 歌谱简谱网
西风的话_二声部合唱合唱谱.txt	西风的话 二声部合唱合唱谱	jianpucn-285025	jianpucn	韩红		西风的话 二声部合唱合唱谱 韩红 歌谱简谱网
总有爱.txt	总有爱	jianpucn-285477	jianpucn	Beyond		总有爱（粤语歌曲） Beyond 歌谱简谱网
望月】彩谱】.txt	望月】彩谱】	jianpucn-286336	jianpucn	宋祖英		望月】彩谱】 宋祖英 歌谱简谱网
不不不.txt	不不不	jianpucn-286798	jianpucn	林忆莲		不不不 （粤语歌曲） 林忆莲 歌谱简谱网
好汉歌.txt	好汉歌	jianpucn-287118	jianpucn	刘欢		好汉歌（ 本） 刘欢 歌谱简谱网
无条件.txt	无条件	jianpucn-287417	jianpucn	陈奕迅		无条件 陈奕迅 歌谱简谱网
中国梦_少年强.txt	中国梦 少年强	jianpucn-287473	jianpucn	蒋大为		中国梦 少年强 蒋大为 歌谱简谱网
今晚要尽情.txt	今晚要尽情	jianpucn-287929	jianpucn	张学友		今晚要尽情 张学友 歌谱简谱网
舞照跳.txt	舞照跳	jianpucn-287938	jianpucn	杜德伟		舞照跳 杜德伟 歌谱简谱网
我们一起走.txt	我们一起走	jianpucn-288072	jianpucn	蒋大为		我们一起走 蒋大为 歌谱简谱网
天禁诀.txt	天禁诀	jianpucn-288688	jianpucn	光良		天禁诀 光良 歌谱简谱网
粤语残片.txt	粤语残片	jianpucn-288797	jianpucn	陈奕迅		粤语残片 陈奕迅 歌谱简谱网
如果把他换作你.txt	如果把他换作你	jianpucn-288908	jianpucn	孟庭苇		如果把他换作你 孟庭苇 歌谱简谱网
卖馄饨.txt	卖馄饨	jianpucn-289158	jianpucn	邓丽君		卖馄饨 邓丽君 歌谱简谱网
爱上一个浪漫的人.txt	爱上一个浪漫的人	jianpucn-289166	jianpucn	孟庭苇		爱上一个浪漫的人 孟庭苇 歌谱简谱网
有你的地方就是我的家.txt	有你的地方就是我的家	jianpucn-289186	jianpucn	刘德华		有你的地方就是我的家 刘德华 歌谱简谱网
祖国北疆是个美好的地方.txt	祖国北疆是个美好的地方	jianpucn-289310	jianpucn	蒋大为		祖国北疆是个美好的地方 蒋大为 歌谱简谱网
失去你我什么都没有.txt	失去你我什么都没有	jianpucn-289483	jianpucn	潘美辰		失去你我什么都没有 潘美辰 歌谱简谱网
福建老家.txt	福建老家	jianpucn-289581	jianpucn	阎维文		福建老家 阎维文 歌谱简谱网
走出大山的建设者.txt	走出大山的建设者	jianpucn-289587	jianpucn	王宏伟		走出大山的建设者 王宏伟 歌谱简谱网
烧旺了胆子走天涯.txt	烧旺了胆子走天涯	jianpucn-289806	jianpucn	刘欢		烧旺了胆子走天涯（电视剧《女人不是月亮》片尾曲） 刘欢 歌谱简谱网
默.txt	默	jianpucn-289979	jianpucn	那英		默 那英 歌谱简谱网
我爱你.txt	我爱你	jianpucn-290016	jianpucn	刘德华		我爱你（林夕、 词） 刘德华 歌谱简谱网
出人头地（又名_生命过客）.txt	出人头地（又名 生命过客）	jianpucn-290144	jianpucn	童安格		出人头地（又名 生命过客）（新加坡电视剧《出人头地》插曲） 童安格 歌谱简谱网
你是我的房子.txt	你是我的房子	jianpucn-290229	jianpucn	韩磊		你是我的房子 韩磊 歌谱简谱网
当爱已成往事.txt	当爱已成往事	jianpucn-290492	jianpucn	李宗盛		当爱已成往事（林忆莲、 ） 李宗盛 歌谱简谱网
帕米尔_我的家乡多么美.txt	帕米尔 我的家乡多么美	jianpucn-290853	jianpucn	殷秀梅		帕米尔 我的家乡多么美 殷秀梅 歌谱简谱网
神龙腾飞的地方.txt	神龙腾飞的地方	jianpucn-290996	jianpucn	阎维文		神龙腾飞的地方（） 阎维文 歌谱简谱网
和梦一起飞.txt	和梦一起飞	jianpucn-291246	jianpucn	阎维文		和梦一起飞 阎维文 歌谱简谱网
葡萄香.txt	葡萄香	jianpucn-291255	jianpucn	阎维文		葡萄香 阎维文 歌谱简谱网
爱的寓言.txt	爱的寓言	jianpucn-291419	jianpucn	刘欢		爱的寓言（电视剧《东边日出西边雨》插曲） 刘欢 歌谱简谱网
万众仰望一帅星.txt	万众仰望一帅星	jianpucn-291720	jianpucn	杨洪基		万众仰望一帅星（电视文献纪录片《聂荣臻元帅》主题歌） 杨洪基 歌谱简谱网
春风悄悄地吹来.txt	春风悄悄地吹来	jianpucn-291811	jianpucn	殷秀梅		春风悄悄地吹来（电视剧《白纱巾》插曲） 殷秀梅 歌谱简谱网
心儿啊_展翅飞向晴空.txt	心儿啊 展翅飞向晴空	jianpucn-291914	jianpucn	李谷一		心儿啊 展翅飞向晴空（电影《她从雾中来》插曲） 李谷一 歌谱简谱网
天之大.txt	天之大	jianpucn-292102	jianpucn	费玉清		天之大 费玉清 歌谱简谱网
转眼一生转身一世.txt	转眼一生转身一世	jianpucn-292178	jianpucn	张靓颖		转眼一生转身一世 张靓颖 歌谱简谱网
我好像不懂.txt	我好像不懂	jianpucn-292471	jianpucn	刘欢		我好像不懂（电视剧《东边日出西边雨》插曲） 刘欢 歌谱简谱网
浪花.txt	浪花	jianpucn-292866	jianpucn	张信哲		浪花（游戏《仙剑奇侠传6》主题歌） 张信哲 歌谱简谱网
风吹麦浪.txt	风吹麦浪	jianpucn-293034	jianpucn	李健		风吹麦浪（男生版尤克里里谱） 李健 歌谱简谱网
单行的轨道.txt	单行的轨道	jianpucn-293149	jianpucn	邓紫棋		单行的轨道 邓紫棋 歌谱简谱网
这个世界我来过《张天师传奇》.txt	这个世界我来过《张天师传奇》	jianpucn-293213	jianpucn	刘欢		这个世界我来过《张天师传奇》(片头曲) 刘欢 歌谱简谱网
心湖里起涟漪.txt	心湖里起涟漪	jianpucn-293244	jianpucn	邓丽君		心湖里起涟漪（ 演唱） 邓丽君 歌谱简谱网
烧_3.txt	烧	jianpucn-293456	jianpucn	林忆莲		烧（粤语歌曲） 林忆莲 歌谱简谱网
花溪水.txt	花溪水	jianpucn-293825	jianpucn	李谷一		花溪水（陈登科、鲁彦周、肖 马、江 深词 时 乐 濛、 陆 祖 龙曲 ） 李谷一 歌谱简谱网
英_雄.txt	英 雄	jianpucn-293826	jianpucn	宋祖英		英 雄 （陈 虹词 徐沛东曲） 宋祖英 歌谱简谱网
永恒的承诺.txt	永恒的承诺	jianpucn-294326	jianpucn	张也		永恒的承诺 张也 歌谱简谱网
寻梦峎山.txt	寻梦峎山	jianpucn-294336	jianpucn	张也		寻梦峎山 张也 歌谱简谱网
秀丽山河.txt	秀丽山河	jianpucn-294337	jianpucn	张也		秀丽山河 张也 歌谱简谱网
我的祖国很美.txt	我的祖国很美	jianpucn-294385	jianpucn	张也		我的祖国很美 张也 歌谱简谱网
托起彩虹.txt	托起彩虹	jianpucn-294439	jianpucn	阎维文		托起彩虹 阎维文 歌谱简谱网
莽山韵.txt	莽山韵	jianpucn-294575	jianpucn	张也		莽山韵 张也 歌谱简谱网
为家乡做点事.txt	为家乡做点事	jianpucn-294594	jianpucn	阎维文		为家乡做点事 阎维文 歌谱简谱网
三峡船夫曲.txt	三峡船夫曲	jianpucn-294766	jianpucn	阎维文		三峡船夫曲 阎维文 歌谱简谱网
黄河小浪底.txt	黄河小浪底	jianpucn-294785	jianpucn	杨洪基		黄河小浪底 杨洪基 歌谱简谱网
未了情.txt	未了情	jianpucn-295187	jianpucn	莫文蔚		未了情（1995年 电影《大话西游之月光宝盒》片尾曲） 莫文蔚 歌谱简谱网
美若黎明.txt	美若黎明	jianpucn-295692	jianpucn	李健		美若黎明 李健 歌谱简谱网
其实我真的很在乎.txt	其实我真的很在乎	jianpucn-295734	jianpucn	姜育恒		其实我真的很在乎 姜育恒 歌谱简谱网
I_Pary_For_You.txt	I Pary For You	jianpucn-296056	jianpucn	林俊杰		I Pary For You 林俊杰 歌谱简谱网
毛主席的话儿记心上.txt	毛主席的话儿记心上	jianpucn-296099	jianpucn	宋祖英		毛主席的话儿记心上（电影《地道战》插曲） 宋祖英 歌谱简谱网
岳西山歌.txt	岳西山歌	jianpucn-296244	jianpucn	蒋大为		岳西山歌 蒋大为 歌谱简谱网
土族敬酒歌.txt	土族敬酒歌	jianpucn-296248	jianpucn	阎维文		土族敬酒歌 阎维文 歌谱简谱网
强军战歌1.txt	强军战歌1	jianpucn-296411	jianpucn	阎维文		强军战歌1 阎维文 歌谱简谱网
强军战歌2.txt	强军战歌2	jianpucn-296412	jianpucn	阎维文		强军战歌2 阎维文 歌谱简谱网
天下第一情.txt	天下第一情	jianpucn-296625	jianpucn	张也		天下第一情 张也 歌谱简谱网
神骊.txt	神骊	jianpucn-296908	jianpucn	韩磊		神骊 韩磊 歌谱简谱网
亲情.txt	亲情	jianpucn-296939	jianpucn	李谷一		亲情（又名 乡情难忘） 李谷一 歌谱简谱网
太行_奶娘.txt	太行 奶娘	jianpucn-297002	jianpucn	阎维文		太行 奶娘（又名 太行奶娘） 阎维文 歌谱简谱网
贵州的山.txt	贵州的山	jianpucn-297295	jianpucn	宋祖英		贵州的山 宋祖英 歌谱简谱网
垃圾.txt	垃圾	jianpucn-297296	jianpucn	陈奕迅		垃圾（） 陈奕迅 歌谱简谱网
我爱这蓝色的海洋1.txt	我爱这蓝色的海洋1	jianpucn-298055	jianpucn	杨洪基		我爱这蓝色的海洋1 杨洪基 歌谱简谱网
远方的孩子.txt	远方的孩子	jianpucn-298261	jianpucn	韩红		远方的孩子 韩红 歌谱简谱网
梨花又开放.txt	梨花又开放	jianpucn-298388	jianpucn	韩红		梨花又开放 韩红 歌谱简谱网
以民为心.txt	以民为心	jianpucn-298726	jianpucn	阎维文		以民为心 阎维文 歌谱简谱网
上花轿.txt	上花轿	jianpucn-299496	jianpucn	邓丽君		上花轿 邓丽君 歌谱简谱网
关东女.txt	关东女	jianpucn-300182	jianpucn	凤凰传奇		关东女（电视剧《王大花的革命生涯》片头曲） 凤凰传奇 歌谱简谱网
壮志骄阳.txt	壮志骄阳	jianpucn-300472	jianpucn	张学友		壮志骄阳 张学友 歌谱简谱网
恬美的月夜.txt	恬美的月夜	jianpucn-300594	jianpucn	李谷一		恬美的月夜（电影《彩桥》插曲） 李谷一 歌谱简谱网
奥斯汀的诡计.txt	奥斯汀的诡计	jianpucn-300628	jianpucn	童安格		奥斯汀的诡计 童安格 歌谱简谱网
世界不会小.txt	世界不会小	jianpucn-300629	jianpucn	童安格		世界不会小（又名 开阔的心）（带和弦） 童安格 歌谱简谱网
拥有自己的节奏.txt	拥有自己的节奏	jianpucn-300631	jianpucn	周传雄		拥有自己的节奏（带和弦） 周传雄 歌谱简谱网
开篇.txt	开篇	jianpucn-300839	jianpucn	李谷一		开篇（电影《少林小子》插曲） 李谷一 歌谱简谱网
别离不必长流泪.txt	别离不必长流泪	jianpucn-300844	jianpucn	李谷一		别离不必长流泪 李谷一 歌谱简谱网
点燃明天的太阳.txt	点燃明天的太阳	jianpucn-301161	jianpucn	宋祖英		点燃明天的太阳 宋祖英 歌谱简谱网
属于我的高原.txt	属于我的高原	jianpucn-301232	jianpucn	刘欢		属于我的高原 刘欢 歌谱简谱网
莫尼山.txt	莫尼山	jianpucn-301285	jianpucn	韩红		莫尼山 韩红 歌谱简谱网
午夜迷墙.txt	午夜迷墙	jianpucn-301384	jianpucn	BEYOND		午夜迷墙（香港电影《黑色迷墙》主题歌） BEYOND 歌谱简谱网
梦草原.txt	梦草原	jianpucn-301443	jianpucn	蒋大为		梦草原（ 独唱系列102） 蒋大为 歌谱简谱网
神仙留恋的好地方.txt	神仙留恋的好地方	jianpucn-301759	jianpucn	王宏伟		神仙留恋的好地方 王宏伟 歌谱简谱网
无私的奉献.txt	无私的奉献	jianpucn-301980	jianpucn	刘欢		无私的奉献（电视连续剧《铁人》主题歌） 刘欢 歌谱简谱网
枣叶茶.txt	枣叶茶	jianpucn-302251	jianpucn	李谷一		枣叶茶 李谷一 歌谱简谱网
常言道.txt	常言道	jianpucn-302984	jianpucn	刘德华		常言道 刘德华 歌谱简谱网
想桂林.txt	想桂林	jianpucn-303719	jianpucn	李谷一		想桂林 李谷一 歌谱简谱网
美丽的草原我的家.txt	美丽的草原我的家	jianpucn-303730	jianpucn	降央卓玛		美丽的草原我的家（火华词 阿拉腾奥勒曲） 降央卓玛 歌谱简谱网
花心-版本3.txt	花心-版本3	jianpucn-303892	jianpucn	周华健		花心-版本3 周华健 歌谱简谱网
想延安.txt	想延安	jianpucn-304147	jianpucn	李谷一		想延安（电影《山城雪》插曲） 李谷一 歌谱简谱网
咿呀咿的桃花源.txt	咿呀咿的桃花源	jianpucn-304246	jianpucn	凤凰传奇		咿呀咿的桃花源 凤凰传奇 歌谱简谱网
地下的星在欢笑.txt	地下的星在欢笑	jianpucn-304331	jianpucn	蒋大为		地下的星在欢笑 蒋大为 歌谱简谱网
捎句话儿给边防军.txt	捎句话儿给边防军	jianpucn-304363	jianpucn	李谷一		捎句话儿给边防军 李谷一 歌谱简谱网
那一天】彩谱】.txt	那一天】彩谱】	jianpucn-304805	jianpucn	降央卓玛		那一天】彩谱】 降央卓玛 歌谱简谱网
埋藏在寂静中.txt	埋藏在寂静中	jianpucn-304890	jianpucn	李谷一		埋藏在寂静中（故事片《玉碎宫倾》插曲） 李谷一 歌谱简谱网
瞬间.txt	瞬间	jianpucn-305480	jianpucn	邓紫棋		瞬间 邓紫棋 歌谱简谱网
永恒的歌.txt	永恒的歌	jianpucn-305572	jianpucn	宋祖英		永恒的歌 宋祖英 歌谱简谱网
邮传万家_花和天下.txt	邮传万家 花和天下	jianpucn-305573	jianpucn	宋祖英		邮传万家 花和天下 宋祖英 歌谱简谱网
祖国安康.txt	祖国安康	jianpucn-305574	jianpucn	宋祖英		祖国安康 宋祖英 歌谱简谱网
爱是永恒.txt	爱是永恒	jianpucn-305799	jianpucn	张学友		爱是永恒 张学友 歌谱简谱网
乡姿.txt	乡姿	jianpucn-306106	jianpucn	蔡幸娟		乡姿 蔡幸娟 歌谱简谱网
琵琶曲.txt	琵琶曲	jianpucn-306305	jianpucn	蔡幸娟		琵琶曲 蔡幸娟 歌谱简谱网
你好小宝贝.txt	你好小宝贝	jianpucn-306343	jianpucn	李谷一		你好小宝贝 李谷一 歌谱简谱网
大爱有声.txt	大爱有声	jianpucn-306562	jianpucn	王宏伟		大爱有声（陈晓琳词 栾凯曲） 王宏伟 歌谱简谱网
你的爱我只能擦肩而过.txt	你的爱我只能擦肩而过	jianpucn-306569	jianpucn	童安格		你的爱我只能擦肩而过 童安格 歌谱简谱网
你给我的爱不是爱.txt	你给我的爱不是爱	jianpucn-306577	jianpucn	林忆莲		你给我的爱不是爱（带和弦版） 林忆莲 歌谱简谱网
爆裂都市.txt	爆裂都市	jianpucn-306719	jianpucn	BEYOND		爆裂都市 BEYOND 歌谱简谱网
妈妈_看看我吧.txt	妈妈 看看我吧	jianpucn-306721	jianpucn	李谷一		妈妈 看看我吧 （电影《樱》插曲） 李谷一 歌谱简谱网
啊野花_野花.txt	啊野花 野花	jianpucn-306723	jianpucn	李谷一		啊野花 野花（电影《扬帆》插曲） 李谷一 歌谱简谱网
莫叹息.txt	莫叹息	jianpucn-306724	jianpucn	李谷一		莫叹息（电影《扬帆》插曲） 李谷一 歌谱简谱网
啊_杜鹃花呀.txt	啊 杜鹃花呀	jianpucn-306728	jianpucn	李谷一		啊 杜鹃花呀（科教片《四川杜鹃花》插曲） 李谷一 歌谱简谱网
多年以后.txt	多年以后	jianpucn-306897	jianpucn	姜育恒		多年以后（李子恒、黄庆元词 黄庆元曲） 姜育恒 歌谱简谱网
好汉歌_古筝版曲谱.txt	好汉歌 古筝版曲谱	jianpucn-307705	jianpucn	刘欢		好汉歌 古筝版曲谱 刘欢 歌谱简谱网
月亮挂在天.txt	月亮挂在天	jianpucn-307929	jianpucn	腾格尔		月亮挂在天 腾格尔 歌谱简谱网
盲点.txt	盲点	jianpucn-308485	jianpucn	邓紫棋		盲点 邓紫棋 歌谱简谱网
祖国啊_春常在.txt	祖国啊 春常在	jianpucn-308696	jianpucn	李谷一		祖国啊 春常在（电影《他们在相爱》插曲） 李谷一 歌谱简谱网
郴州行.txt	郴州行	jianpucn-308875	jianpucn	张也		郴州行 张也 歌谱简谱网
想着你的感觉.txt	想着你的感觉	jianpucn-309239	jianpucn	杜德伟		想着你的感觉 杜德伟 歌谱简谱网
如果你是李白.txt	如果你是李白	jianpucn-309347	jianpucn	莫文蔚		如果你是李白 莫文蔚 歌谱简谱网
楼上来的声音其他.txt	楼上来的声音其他	jianpucn-309752	jianpucn	张学友		楼上来的声音其他 张学友 歌谱简谱网
家乡有座光雾山.txt	家乡有座光雾山	jianpucn-310298	jianpucn	王宏伟		家乡有座光雾山 王宏伟 歌谱简谱网
英雄万岁.txt	英雄万岁	jianpucn-311565	jianpucn	王宏伟		英雄万岁 王宏伟 歌谱简谱网
一路逆风.txt	一路逆风	jianpucn-312028	jianpucn	邓紫棋		一路逆风 邓紫棋 歌谱简谱网
我们都是孤独的.txt	我们都是孤独的	jianpucn-312516	jianpucn	华晨宇		我们都是孤独的 华晨宇 歌谱简谱网
爱你不是两三天.txt	爱你不是两三天	jianpucn-312593	jianpucn	梁静茹		爱你不是两三天 梁静茹 歌谱简谱网
一夜长大.txt	一夜长大	jianpucn-312594	jianpucn	梁静茹		一夜长大 梁静茹 歌谱简谱网
苿莉花.txt	苿莉花	jianpucn-312758	jianpucn	宋祖英		苿莉花（江苏民歌） 宋祖英 歌谱简谱网
吉祥的藏历新年.txt	吉祥的藏历新年	jianpucn-312912	jianpucn	降央卓玛		吉祥的藏历新年 降央卓玛 歌谱简谱网
故园情_根据原唱标注和声.txt	故园情 根据原唱标注和声	jianpucn-313194	jianpucn	王宏伟		故园情 根据原唱标注和声 王宏伟 歌谱简谱网
不想睡.txt	不想睡	jianpucn-313427	jianpucn	梁静茹		不想睡 梁静茹 歌谱简谱网
序.txt	序	jianpucn-313428	jianpucn	梁静茹		序 梁静茹 歌谱简谱网
杨树.txt	杨树	jianpucn-313475	jianpucn	刘欢		杨树 刘欢 歌谱简谱网
最后.txt	最后	jianpucn-313729	jianpucn	梁静茹		最后 梁静茹 歌谱简谱网
深流.txt	深流	jianpucn-313754	jianpucn	刘欢		深流（电视剧《深流》插曲） 刘欢 歌谱简谱网
漁家姑娘在海边.txt	漁家姑娘在海边	jianpucn-314088	jianpucn	宋祖英		漁家姑娘在海边 宋祖英 歌谱简谱网
中华合家欢.txt	中华合家欢	jianpucn-314506	jianpucn	阎维文		中华合家欢 阎维文 歌谱简谱网
阳光之光.txt	阳光之光	jianpucn-314786	jianpucn	宋祖英		阳光之光（电视剧《郭秀明》片头歌） 宋祖英 歌谱简谱网
皎洁的圆月挂在天上.txt	皎洁的圆月挂在天上	jianpucn-315126	jianpucn	李谷一		皎洁的圆月挂在天上（广播剧《月亮里的鸳鸯》插曲） 李谷一 歌谱简谱网
为梦起航.txt	为梦起航	jianpucn-315386	jianpucn	蒋大为		为梦起航 蒋大为 歌谱简谱网
小岛上的蔷薇花.txt	小岛上的蔷薇花	jianpucn-316312	jianpucn	阎维文		小岛上的蔷薇花 阎维文 歌谱简谱网
再敬一次军礼.txt	再敬一次军礼	jianpucn-316415	jianpucn	阎维文		再敬一次军礼 阎维文 歌谱简谱网
思念母亲.txt	思念母亲	jianpucn-317059	jianpucn	降央卓玛		思念母亲 降央卓玛 歌谱简谱网
孙悟空.txt	孙悟空	jianpucn-317301	jianpucn	五月天		孙悟空 五月天 歌谱简谱网
日落之前.txt	日落之前	jianpucn-317417	jianpucn	李健		日落之前 李健 歌谱简谱网
红树林之歌.txt	红树林之歌	jianpucn-318105	jianpucn	王宏伟		红树林之歌 王宏伟 歌谱简谱网
昨天的故事.txt	昨天的故事	jianpucn-318566	jianpucn	刘欢		昨天的故事（电视连续剧《方城之误》主题歌） 刘欢 歌谱简谱网
昨天的故事今天的歌.txt	昨天的故事今天的歌	jianpucn-318615	jianpucn	刘欢		昨天的故事今天的歌（电视剧《方城误区》主题歌） 刘欢 歌谱简谱网
钢琴和弦_《情网》.txt	钢琴和弦 《情网》	jianpucn-319463	jianpucn	张学友		钢琴和弦 《情网》 张学友 歌谱简谱网
母恩难报答.txt	母恩难报答	jianpucn-319576	jianpucn	阎维文		母恩难报答 阎维文 歌谱简谱网
感到幸福你就拍拍手.txt	感到幸福你就拍拍手	jianpucn-320213	jianpucn	凤凰传奇		感到幸福你就拍拍手 凤凰传奇 歌谱简谱网
谁见过梦中的桃花源.txt	谁见过梦中的桃花源	jianpucn-320432	jianpucn	降央卓玛		谁见过梦中的桃花源 降央卓玛 歌谱简谱网
中华儿女.txt	中华儿女	jianpucn-322001	jianpucn	阎维文		中华儿女（央视大型专题片《民族的吼声》主题歌） 阎维文 歌谱简谱网
一带一路歌.txt	一带一路歌	jianpucn-333386	jianpucn	殷秀梅		一带一路歌（《2016年文学艺术迎春晚会》选曲） 殷秀梅 歌谱简谱网
今夜想起你.txt	今夜想起你	jianpucn-341294	jianpucn	邓丽君		今夜想起你（林煌坤词 猪俁公章曲） 邓丽君 歌谱简谱网
我们从古田再出发.txt	我们从古田再出发	jianpucn-341350	jianpucn	阎维文		我们从古田再出发 阎维文 歌谱简谱网
甜蜜的小雨.txt	甜蜜的小雨	jianpucn-341419	jianpucn	邓丽君		甜蜜的小雨（庄奴词 佚名曲） 邓丽君 歌谱简谱网
七星之爱.txt	七星之爱	jianpucn-341642	jianpucn	阎维文		七星之爱 阎维文 歌谱简谱网
在这片土地上.txt	在这片土地上	jianpucn-341645	jianpucn	阎维文		在这片土地上 阎维文 歌谱简谱网
陪你度过漫长岁月.txt	陪你度过漫长岁月	jianpucn-342614	jianpucn	陈奕迅		陪你度过漫长岁月 陈奕迅 歌谱简谱网
野姜花我的回忆.txt	野姜花我的回忆	jianpucn-342959	jianpucn	孟庭苇		野姜花我的回忆 孟庭苇 歌谱简谱网
风雨同舟.txt	风雨同舟	jianpucn-343086	jianpucn	刘欢		风雨同舟（电视连续剧《忻口战役》主题曲） 刘欢 歌谱简谱网
《爱我中华》合唱_混声合唱.txt	《爱我中华》合唱 混声合唱	jianpucn-343400	jianpucn	宋祖英		《爱我中华》合唱 混声合唱 宋祖英 歌谱简谱网
唐颂.txt	唐颂	jianpucn-343550	jianpucn	韩磊		唐颂 韩磊 歌谱简谱网
母亲的眼睛.txt	母亲的眼睛	jianpucn-343711	jianpucn	宋祖英		母亲的眼睛（08年文化部春晚歌曲） 宋祖英 歌谱简谱网
女人的选择.txt	女人的选择	jianpucn-343864	jianpucn	姜育恒		女人的选择 姜育恒 歌谱简谱网
得民心者得天下--电视连续剧《雍正王朝》主题曲.txt	得民心者得天下--电视连续剧《雍正王朝》主题曲	jianpucn-345302	jianpucn	刘欢		得民心者得天下--电视连续剧《雍正王朝》主题曲 刘欢 歌谱简谱网
天下最美的女人.txt	天下最美的女人	jianpucn-345443	jianpucn	蒋大为		天下最美的女人 蒋大为 歌谱简谱网
消失的月光.txt	消失的月光	jianpucn-347479	jianpucn	李健		消失的月光 李健 歌谱简谱网
苦恋.txt	苦恋	jianpucn-348436	jianpucn	张学友		苦恋 张学友 歌谱简谱网
山水贵客.txt	山水贵客	jianpucn-348757	jianpucn	韩红		山水贵客 韩红 歌谱简谱网
风流江西.txt	风流江西	jianpucn-349064	jianpucn	张也		风流江西 张也 歌谱简谱网
在这个世界相遇.txt	在这个世界相遇	jianpucn-349081	jianpucn	陈奕迅		在这个世界相遇（电影《大鱼海棠》主题曲） 陈奕迅 歌谱简谱网
故乡的歌谣--电视剧《安居》片尾曲.txt	故乡的歌谣--电视剧《安居》片尾曲	jianpucn-349163	jianpucn	降央卓玛		故乡的歌谣--电视剧《安居》片尾曲 降央卓玛 歌谱简谱网
他不爱我.txt	他不爱我	jianpucn-349803	jianpucn	莫文蔚		他不爱我 莫文蔚 歌谱简谱网
平凉之歌_又名_神仙留恋的地方.txt	平凉之歌 又名 神仙留恋的地方	jianpucn-401114	jianpucn	王宏伟		平凉之歌 又名 神仙留恋的地方 王宏伟 歌谱简谱网
富士山下.txt	富士山下	jianpucn-401256	jianpucn	陈奕迅		富士山下 陈奕迅 歌谱简谱网
问声祖国好.txt	问声祖国好	jianpucn-401298	jianpucn	李谷一		问声祖国好 李谷一 歌谱简谱网
恐龙进化论.txt	恐龙进化论	jianpucn-401511	jianpucn	陈奕迅		恐龙进化论 陈奕迅 歌谱简谱网
拉住老区人民的手.txt	拉住老区人民的手	jianpucn-401659	jianpucn	阎维文		拉住老区人民的手 阎维文 歌谱简谱网
醉美铜钹山.txt	醉美铜钹山	jianpucn-401673	jianpucn	蒋大为		醉美铜钹山 蒋大为 歌谱简谱网
你好毒.txt	你好毒	jianpucn-401701	jianpucn	张学友		你好毒 张学友 歌谱简谱网
你怎么连话都说不清楚.txt	你怎么连话都说不清楚	jianpucn-401719	jianpucn	蔡依林		你怎么连话都说不清楚 蔡依林 歌谱简谱网
强军之歌.txt	强军之歌	jianpucn-401739	jianpucn	阎维文		强军之歌 阎维文 歌谱简谱网
南阳_我的家乡.txt	南阳 我的家乡	jianpucn-401963	jianpucn	宋祖英		南阳 我的家乡 宋祖英 歌谱简谱网
祖国向你报告.txt	祖国向你报告	jianpucn-402286	jianpucn	阎维文		祖国向你报告 阎维文 歌谱简谱网
最心疼的女人.txt	最心疼的女人	jianpucn-402501	jianpucn	刀郎		最心疼的女人 刀郎 歌谱简谱网
别无选择.txt	别无选择	jianpucn-402798	jianpucn	韩磊		别无选择（电视剧《逃出陷井》片尾歌） 韩磊 歌谱简谱网
白杨姑娘.txt	白杨姑娘	jianpucn-402854	jianpucn	李谷一		白杨姑娘 李谷一 歌谱简谱网
不消失的回忆.txt	不消失的回忆	jianpucn-402899	jianpucn	孟庭苇		不消失的回忆 孟庭苇 歌谱简谱网
龙船调.txt	龙船调	jianpucn-404746	jianpucn	宋祖英		龙船调（湖北民歌） 宋祖英 歌谱简谱网
唰啦啦_下起小雨.txt	唰啦啦 下起小雨	jianpucn-404883	jianpucn	阎维文		唰啦啦 下起小雨 阎维文 歌谱简谱网
老屋.txt	老屋	jianpucn-405369	jianpucn	降央卓玛		老屋（张守伦 王德清词 何均曲） 降央卓玛 歌谱简谱网
想把你写成一首歌.txt	想把你写成一首歌	jianpucn-406072	jianpucn	五月天		想把你写成一首歌 五月天 歌谱简谱网
瞳孔里的太阳.txt	瞳孔里的太阳	jianpucn-406260	jianpucn	邓紫棋		瞳孔里的太阳 邓紫棋 歌谱简谱网
中国禧福祥.txt	中国禧福祥	jianpucn-407800	jianpucn	王宏伟		中国禧福祥 王宏伟 歌谱简谱网
假如爱有天意.txt	假如爱有天意	jianpucn-408109	jianpucn	李健		假如爱有天意 李健 歌谱简谱网
情人山.txt	情人山	jianpucn-408203	jianpucn	高胜美		情人山（狄薏词 姚敏曲） 高胜美 歌谱简谱网
少年壮志不言愁.txt	少年壮志不言愁	jianpucn-409110	jianpucn	刘欢		少年壮志不言愁（电视剧《便衣警察》主题曲） 刘欢 歌谱简谱网
不为谁而作的歌.txt	不为谁而作的歌	jianpucn-409237	jianpucn	林俊杰		不为谁而作的歌 林俊杰 歌谱简谱网
春来人不来.txt	春来人不来	jianpucn-409715	jianpucn	费玉清		春来人不来 费玉清 歌谱简谱网
家住渭水边.txt	家住渭水边	jianpucn-410935	jianpucn	张也		家住渭水边 张也 歌谱简谱网
贝加尔湖畔.txt	贝加尔湖畔	jianpucn-411448	jianpucn	李健		贝加尔湖畔（简和谱） 李健 歌谱简谱网
丑八怪_2.txt	丑八怪	jianpucn-411643	jianpucn	薛之谦		丑八怪（简和谱） 薛之谦 歌谱简谱网
大鱼.txt	大鱼	jianpucn-411644	jianpucn	周深		大鱼（简和谱） 周深 歌谱简谱网
好久不见_4.txt	好久不见	jianpucn-411970	jianpucn	陈奕迅		好久不见（简和谱） 陈奕迅 歌谱简谱网
思美人.txt	思美人	jianpucn-412005	jianpucn	张靓颖		思美人（电视剧《思美人》主题曲） 张靓颖 歌谱简谱网
相约花开的时候.txt	相约花开的时候	jianpucn-413263	jianpucn	蒋大为		相约花开的时候 蒋大为 歌谱简谱网
千年之约.txt	千年之约	jianpucn-413740	jianpucn	韩红		千年之约 韩红 歌谱简谱网
离开地球表面.txt	离开地球表面	jianpucn-413796	jianpucn	五月天		离开地球表面（尤克里里指弹谱） 五月天 歌谱简谱网
情愿一个人.txt	情愿一个人	jianpucn-413881	jianpucn	孟庭苇		情愿一个人 孟庭苇 歌谱简谱网
不将就.txt	不将就	jianpucn-414186	jianpucn	李荣浩		不将就（尤克里里指弹谱） 李荣浩 歌谱简谱网
母恩难报的.txt	母恩难报的	jianpucn-414311	jianpucn	阎维文		母恩难报的 阎维文 歌谱简谱网
瞄着你就爱.txt	瞄着你就爱	jianpucn-414642	jianpucn	凤凰传奇		瞄着你就爱 凤凰传奇 歌谱简谱网
扭的节日.txt	扭的节日	jianpucn-414894	jianpucn	宋祖英		扭的节日 宋祖英 歌谱简谱网
蝶儿蝶儿满天飞.txt	蝶儿蝶儿满天飞	jianpucn-415147	jianpucn	高胜美		蝶儿蝶儿满天飞(飘雪)（ Bb调） 高胜美 歌谱简谱网
退伍兵的情怀.txt	退伍兵的情怀	jianpucn-415385	jianpucn	阎维文		退伍兵的情怀 阎维文 歌谱简谱网
母爱无价.txt	母爱无价	jianpucn-415535	jianpucn	阎维文		母爱无价 阎维文 歌谱简谱网
桃花诺.txt	桃花诺	jianpucn-415649	jianpucn	邓紫棋		桃花诺（电视剧《上古情歌》片尾曲） 邓紫棋 歌谱简谱网
中国的希望合唱谱.txt	中国的希望合唱谱	jianpucn-415713	jianpucn	张也		中国的希望合唱谱 张也 歌谱简谱网
岳阳楼.txt	岳阳楼	jianpucn-415871	jianpucn	王宏伟		岳阳楼 王宏伟 歌谱简谱网
默默的祝福.txt	默默的祝福	jianpucn-416257	jianpucn	苏小明		默默的祝福 苏小明 歌谱简谱网
说到做到.txt	说到做到	jianpucn-416399	jianpucn	王宏伟		说到做到 王宏伟 歌谱简谱网
心之焰.txt	心之焰	jianpucn-416563	jianpucn	邓紫棋		心之焰 邓紫棋 歌谱简谱网
生活问我_我问生活.txt	生活问我 我问生活	jianpucn-416609	jianpucn	刘欢		生活问我 我问生活（电视剧《姊妹行》插曲） 刘欢 歌谱简谱网
剑出鞘.txt	剑出鞘	jianpucn-416809	jianpucn	杨洪基		剑出鞘 杨洪基 歌谱简谱网
我的身边有个你.txt	我的身边有个你	jianpucn-416867	jianpucn	邓丽君		我的身边有个你 邓丽君 歌谱简谱网
现在以后.txt	现在以后	jianpucn-417323	jianpucn	童安格		现在以后 童安格 歌谱简谱网
生命过客.txt	生命过客	jianpucn-417411	jianpucn	童安格		生命过客（卡斯词 李伟松 李偲松曲） 童安格 歌谱简谱网
星光满天.txt	星光满天	jianpucn-417422	jianpucn	王宏伟		星光满天 王宏伟 歌谱简谱网
寻找然乌湖.txt	寻找然乌湖	jianpucn-419128	jianpucn	阎维文		寻找然乌湖 阎维文 歌谱简谱网
等着我.txt	等着我	jianpucn-419198	jianpucn	殷秀梅		等着我(前苏联歌曲) 殷秀梅 歌谱简谱网
爱笑的眼.txt	爱笑的眼	jianpucn-419493	jianpucn	林俊杰		爱笑的眼 林俊杰 歌谱简谱网
小背篓.txt	小背篓	jianpucn-419660	jianpucn	宋祖英		小背篓(民族声乐考级歌曲) 宋祖英 歌谱简谱网
歌唱新时代.txt	歌唱新时代	jianpucn-419697	jianpucn	杨洪基		歌唱新时代 杨洪基 歌谱简谱网
可能否.txt	可能否	jianpucn-420271	jianpucn	腾格尔		可能否 腾格尔 歌谱简谱网
倒数.txt	倒数	jianpucn-420997	jianpucn	邓紫棋		倒数 邓紫棋 歌谱简谱网
情牵梁家河.txt	情牵梁家河	jianpucn-421871	jianpucn	阎维文		情牵梁家河 阎维文 歌谱简谱网
农民颂.txt	农民颂	jianpucn-421978	jianpucn	王宏伟		农民颂（电视剧《黄土高天》主题曲） 王宏伟 歌谱简谱网
党建是魂.txt	党建是魂	jianpucn-423195	jianpucn	阎维文		党建是魂 阎维文 歌谱简谱网
月亮姑娘.txt	月亮姑娘	jianpucn-423706	jianpucn	王宏伟		月亮姑娘（苏柳词 羊鸣曲、手稿版） 王宏伟 歌谱简谱网
当那枫叶红.txt	当那枫叶红	jianpucn-423973	jianpucn	费玉清		当那枫叶红 费玉清 歌谱简谱网
寒鸦少年《斗破苍穹》主题曲.txt	寒鸦少年《斗破苍穹》主题曲	jianpucn-424054	jianpucn	华晨宇		寒鸦少年《斗破苍穹》主题曲 华晨宇 歌谱简谱网
月牙五更.txt	月牙五更	jianpucn-424338	jianpucn	阎维文		月牙五更（东北民歌） 阎维文 歌谱简谱网
戒烟_2.txt	戒烟	jianpucn-424441	jianpucn	李荣浩		戒烟（拇指琴卡林巴琴弹唱谱） 李荣浩 歌谱简谱网
月牙五更东北民歌.txt	月牙五更东北民歌	jianpucn-424538	jianpucn	阎维文		月牙五更东北民歌 阎维文 歌谱简谱网
颂歌献给毛主席.txt	颂歌献给毛主席	jianpucn-424984	jianpucn	阎维文		颂歌献给毛主席（纪念毛主席诞辰125周年） 阎维文 歌谱简谱网
好美的一个秋.txt	好美的一个秋	jianpucn-425258	jianpucn	宋祖英		好美的一个秋（2） 宋祖英 歌谱简谱网
桃花妹子1.txt	桃花妹子1	jianpucn-425259	jianpucn	宋祖英		桃花妹子1 宋祖英 歌谱简谱网
复兴的力量.txt	复兴的力量	jianpucn-425580	jianpucn	殷秀梅		复兴的力量 殷秀梅 歌谱简谱网
民族声乐考级歌曲_牧歌.txt	民族声乐考级歌曲 牧歌	jianpucn-425827	jianpucn	蒋大为		民族声乐考级歌曲 牧歌 蒋大为 歌谱简谱网
民族声乐考级歌曲_伊犁河月夜.txt	民族声乐考级歌曲 伊犁河月夜	jianpucn-425830	jianpucn	杨洪基		民族声乐考级歌曲 伊犁河月夜 杨洪基 歌谱简谱网
母亲湖.txt	母亲湖	jianpucn-427177	jianpucn	杨洪基		母亲湖 杨洪基 歌谱简谱网
高山流水_2.txt	高山流水	jianpucn-427183	jianpucn	宋祖英		高山流水（韩静霆词 羊鸣曲） 宋祖英 歌谱简谱网
带着地球去流浪.txt	带着地球去流浪	jianpucn-428092	jianpucn	刘欢		带着地球去流浪（电影《流浪地球》主题曲） 刘欢 歌谱简谱网
红墙连万家.txt	红墙连万家	jianpucn-428120	jianpucn	张也		红墙连万家（北京2019春晚 唱） 张也 歌谱简谱网
春天里的花园花儿美丽.txt	春天里的花园花儿美丽	jianpucn-428332	jianpucn	殷秀梅		春天里的花园花儿美丽 殷秀梅 歌谱简谱网
我伴梅花报春来.txt	我伴梅花报春来	jianpucn-428335	jianpucn	张也		我伴梅花报春来 张也 歌谱简谱网
岩石里的花.txt	岩石里的花	jianpucn-428954	jianpucn	邓紫棋		岩石里的花 邓紫棋 歌谱简谱网
那时的我们.txt	那时的我们	jianpucn-428960	jianpucn	毛不易		那时的我们 毛不易 歌谱简谱网
别再闹了.txt	别再闹了	jianpucn-428970	jianpucn	毛不易		别再闹了（电影《来电狂响》主题曲） 毛不易 歌谱简谱网
天上的菊美.txt	天上的菊美	jianpucn-429283	jianpucn	降央卓玛		天上的菊美（电影《天上的菊美》主题曲） 降央卓玛 歌谱简谱网
心向阳光.txt	心向阳光	jianpucn-429418	jianpucn	张也		心向阳光（刘新圈词 舒楠曲） 张也 歌谱简谱网
永远的雷锋.txt	永远的雷锋	jianpucn-429550	jianpucn	宋祖英		永远的雷锋（ 唱） 宋祖英 歌谱简谱网
民族声乐考级歌曲_望月.txt	民族声乐考级歌曲 望月	jianpucn-429738	jianpucn	宋祖英		民族声乐考级歌曲 望月 宋祖英 歌谱简谱网
此生惟你.txt	此生惟你	jianpucn-429852	jianpucn	周深		此生惟你（电视剧《倚天屠龙记》插曲） 周深 歌谱简谱网
美丽武汉欢迎.txt	美丽武汉欢迎	jianpucn-429934	jianpucn	乌兰图雅		美丽武汉欢迎（第七届世界军人运动会主题推广曲） 乌兰图雅 歌谱简谱网
荷塘月色.txt	荷塘月色	jianpucn-430139	jianpucn	凤凰传奇		荷塘月色（乐队 ） 凤凰传奇 歌谱简谱网
晚安曲.txt	晚安曲	jianpucn-430846	jianpucn	费玉清		晚安曲（刘家昌 ） 费玉清 歌谱简谱网
民族声乐考级歌曲_祝福祖国.txt	民族声乐考级歌曲 祝福祖国	jianpucn-431432	jianpucn	张也		民族声乐考级歌曲 祝福祖国 张也 歌谱简谱网
你的背影.txt	你的背影	jianpucn-431445	jianpucn	阎维文		你的背影 阎维文 歌谱简谱网
可爱的杜鹃花.txt	可爱的杜鹃花	jianpucn-431699	jianpucn	李谷一		可爱的杜鹃花（科教片《四川杜鹃花》插曲） 李谷一 歌谱简谱网
百合花.txt	百合花	jianpucn-431754	jianpucn	李谷一		百合花（电影《百合花》主题曲） 李谷一 歌谱简谱网
最美的歌儿献个妈妈.txt	最美的歌儿献个妈妈	jianpucn-432380	jianpucn	蒋大为		最美的歌儿献个妈妈 蒋大为 歌谱简谱网
小岛蔷薇花.txt	小岛蔷薇花	jianpucn-432499	jianpucn	阎维文		小岛蔷薇花（炽炎词 士心曲） 阎维文 歌谱简谱网
lily.txt	lily	jianpucn-432527	jianpucn	李健		lily 李健 歌谱简谱网
不如归去.txt	不如归去	jianpucn-432656	jianpucn	蔡幸娟		不如归去（台湾电视剧《庭院深深》插曲） 蔡幸娟 歌谱简谱网
一个都不能少.txt	一个都不能少	jianpucn-432660	jianpucn	阎维文		一个都不能少(河南电视台 脱贫大决战 主题歌) 阎维文 歌谱简谱网
大国工匠.txt	大国工匠	jianpucn-432698	jianpucn	阎维文		大国工匠（大字正音） 阎维文 歌谱简谱网
换个地方去战斗.txt	换个地方去战斗	jianpucn-433192	jianpucn	阎维文		换个地方去战斗（退役军人之歌） 阎维文 歌谱简谱网
如果遇见你.txt	如果遇见你	jianpucn-433240	jianpucn	李健		如果遇见你（音乐剧《我AI你》推广歌曲） 李健 歌谱简谱网
追风筝的孩子.txt	追风筝的孩子	jianpucn-433305	jianpucn	林俊杰		追风筝的孩子 林俊杰 歌谱简谱网
别董大.txt	别董大	jianpucn-433525	jianpucn	凤凰传奇		别董大（ 记谱） 凤凰传奇 歌谱简谱网
我们是明星.txt	我们是明星	jianpucn-433619	jianpucn	邓丽君		我们是明星 邓丽君 歌谱简谱网
塔尖上的中国.txt	塔尖上的中国	jianpucn-433764	jianpucn	杨洪基		塔尖上的中国（汪洋词 邓冠东 邓毅曲） 杨洪基 歌谱简谱网
何必再相恋.txt	何必再相恋	jianpucn-433767	jianpucn	邓丽君		何必再相恋 邓丽君 歌谱简谱网
祭魂酒.txt	祭魂酒	jianpucn-433773	jianpucn	童安格		祭魂酒（电视剧《无忧公主》片尾曲） 童安格 歌谱简谱网
隐藏的情意.txt	隐藏的情意	jianpucn-433817	jianpucn	邓丽君		隐藏的情意 邓丽君 歌谱简谱网
有人呼唤你.txt	有人呼唤你	jianpucn-433904	jianpucn	邓丽君		有人呼唤你 邓丽君 歌谱简谱网
我要咖啡.txt	我要咖啡	jianpucn-434010	jianpucn	邓丽君		我要咖啡 邓丽君 歌谱简谱网
为农民喝彩.txt	为农民喝彩	jianpucn-434382	jianpucn	阎维文		为农民喝彩 阎维文 歌谱简谱网
为农民唱首歌.txt	为农民唱首歌	jianpucn-434383	jianpucn	阎维文		为农民唱首歌 阎维文 歌谱简谱网
敦煌故事.txt	敦煌故事	jianpucn-434388	jianpucn	王宏伟		敦煌故事（亦弛整理版） 王宏伟 歌谱简谱网
淘汰.txt	淘汰	jianpucn-434477	jianpucn	陈奕迅		淘汰(简和谱) 陈奕迅 歌谱简谱网
袖手旁观.txt	袖手旁观	jianpucn-434478	jianpucn	李健		袖手旁观(简和谱) 李健 歌谱简谱网
幸福中国一起走.txt	幸福中国一起走	jianpucn-435256	jianpucn	张也		幸福中国一起走 张也 歌谱简谱网
在那桃花盛开的地方.txt	在那桃花盛开的地方	jianpucn-435603	jianpucn	蒋大为		在那桃花盛开的地方(〔京剧版〕) 蒋大为 歌谱简谱网
齐天.txt	齐天	jianpucn-435766	jianpucn	华晨宇		齐天 华晨宇 歌谱简谱网
慢半拍.txt	慢半拍	jianpucn-436181	jianpucn	薛之谦		慢半拍 薛之谦 歌谱简谱网
中国应急救援之歌.txt	中国应急救援之歌	jianpucn-436738	jianpucn	王宏伟		中国应急救援之歌 王宏伟 歌谱简谱网
荒城渡.txt	荒城渡	jianpucn-436904	jianpucn	周深		荒城渡（电视剧《陈情令》插曲） 周深 歌谱简谱网
小手拉大手.txt	小手拉大手	jianpucn-437160	jianpucn	梁静茹		小手拉大手( 简和谱 ) 梁静茹 歌谱简谱网
中国大舞台.txt	中国大舞台	jianpucn-437292	jianpucn	殷秀梅		中国大舞台（70周年国庆专辑） 殷秀梅 歌谱简谱网
长江之歌.txt	长江之歌	jianpucn-437381	jianpucn	殷秀梅		长江之歌( 电视剧《话说长江》主题曲 ) 殷秀梅 歌谱简谱网
毛主席永远和我们在一起.txt	毛主席永远和我们在一起	jianpucn-437429	jianpucn	降央卓玛		毛主席永远和我们在一起（纪念毛主席诞辰专辑） 降央卓玛 歌谱简谱网
延边人民热爱毛主席.txt	延边人民热爱毛主席	jianpucn-437533	jianpucn	张也		延边人民热爱毛主席（纪念毛主席诞辰专辑） 张也 歌谱简谱网
长大后我就成了你.txt	长大后我就成了你	jianpucn-437665	jianpucn	宋祖英		长大后我就成了你（老师节专辑） 宋祖英 歌谱简谱网
Honey_Honey.txt	Honey Honey	jianpucn-437686	jianpucn	孙燕姿		Honey Honey( 简和谱 ) 孙燕姿 歌谱简谱网
陈情令_荒城渡.txt	陈情令 荒城渡	jianpucn-437717	jianpucn	周深		陈情令 荒城渡（片段）（拇指琴卡林巴琴单音 ） 周深 歌谱简谱网
中国忘不了你.txt	中国忘不了你	jianpucn-437729	jianpucn	王宏伟		中国忘不了你 王宏伟 歌谱简谱网
祖国最亲.txt	祖国最亲	jianpucn-437793	jianpucn	蒋大为		祖国最亲(祖国颂歌100首) 蒋大为 歌谱简谱网
亲爱的旅人啊.txt	亲爱的旅人啊	jianpucn-438010	jianpucn	周深		亲爱的旅人啊( 高清单页 双页版 千与千寻中文填词版 ) 周深 歌谱简谱网
解忧.txt	解忧	jianpucn-438492	jianpucn	张靓颖		解忧 张靓颖 歌谱简谱网
祖国你好.txt	祖国你好	jianpucn-438552	jianpucn	张也		祖国你好（70周年国庆专辑） 张也 歌谱简谱网
图木舒克之歌.txt	图木舒克之歌	jianpucn-439009	jianpucn	张也		图木舒克之歌 张也 歌谱简谱网
画.txt	画	jianpucn-439038	jianpucn	邓紫棋		画( 简和谱 ) 邓紫棋 歌谱简谱网
幸福红.txt	幸福红	jianpucn-439335	jianpucn	张也		幸福红（乔方词 栾凯曲） 张也 歌谱简谱网
梦的航迹.txt	梦的航迹	jianpucn-439349	jianpucn	宋祖英		梦的航迹 宋祖英 歌谱简谱网
三峡人家.txt	三峡人家	jianpucn-439351	jianpucn	蒋大为		三峡人家 蒋大为 歌谱简谱网
小扁担_三尺三.txt	小扁担 三尺三	jianpucn-439529	jianpucn	宋祖英		小扁担 三尺三 宋祖英 歌谱简谱网
奋斗才有幸福来.txt	奋斗才有幸福来	jianpucn-439542	jianpucn	张也		奋斗才有幸福来 张也 歌谱简谱网
爱是一个圆词.txt	爱是一个圆词	jianpucn-440191	jianpucn	费玉清		爱是一个圆词 费玉清 歌谱简谱网
爱是一个圆.txt	爱是一个圆	jianpucn-440195	jianpucn	费玉清		爱是一个圆（娃娃词 郭子曲） 费玉清 歌谱简谱网
为了这个家.txt	为了这个家	jianpucn-440864	jianpucn	蒋大为		为了这个家 蒋大为 歌谱简谱网
一念一生.txt	一念一生	jianpucn-440941	jianpucn	李健		一念一生(完整版 《庆余年》片头曲) 李健 歌谱简谱网
等你忘了我是谁.txt	等你忘了我是谁	jianpucn-441484	jianpucn	刘德华		等你忘了我是谁 刘德华 歌谱简谱网
我在黑龙江等你.txt	我在黑龙江等你	jianpucn-441548	jianpucn	李健		我在黑龙江等你 李健 歌谱简谱网
差不多姑娘.txt	差不多姑娘	jianpucn-441583	jianpucn	邓紫棋		差不多姑娘 邓紫棋 歌谱简谱网
愿得一心人.txt	愿得一心人	jianpucn-441646	jianpucn	周深		愿得一心人( 《鹤唳华亭》主题曲 ) 周深 歌谱简谱网
让我留在你身边.txt	让我留在你身边	jianpucn-441809	jianpucn	陈奕迅		让我留在你身边（简和谱） 陈奕迅 歌谱简谱网
天使.txt	天使	jianpucn-441810	jianpucn	五月天		天使（简和谱） 五月天 歌谱简谱网
红叶情深.txt	红叶情深	jianpucn-442203	jianpucn	降央卓玛		红叶情深 降央卓玛 歌谱简谱网
爱上高高的兴安岭.txt	爱上高高的兴安岭	jianpucn-442230	jianpucn	阎维文		爱上高高的兴安岭 阎维文 歌谱简谱网
共和国_我的爸爸.txt	共和国 我的爸爸	jianpucn-442300	jianpucn	阎维文		共和国 我的爸爸（温喆吉词 张友殿曲） 阎维文 歌谱简谱网
放心吧妈妈.txt	放心吧妈妈	jianpucn-442404	jianpucn	王宏伟		放心吧妈妈 王宏伟 歌谱简谱网
好想爱这个世界啊.txt	好想爱这个世界啊	jianpucn-442606	jianpucn	华晨宇		好想爱这个世界啊 华晨宇 歌谱简谱网
我们爱过就好.txt	我们爱过就好	jianpucn-442816	jianpucn	薛之谦		我们爱过就好 薛之谦 歌谱简谱网
儿女情长.txt	儿女情长	jianpucn-442819	jianpucn	王宏伟		儿女情长（曲波 杨西国词 杨青天曲） 王宏伟 歌谱简谱网
伊犁河的月夜.txt	伊犁河的月夜	jianpucn-442958	jianpucn	杨洪基		伊犁河的月夜（高清） 杨洪基 歌谱简谱网
妹妹找歌泪花流.txt	妹妹找歌泪花流	jianpucn-442959	jianpucn	李谷一		妹妹找歌泪花流 李谷一 歌谱简谱网
有约.txt	有约	jianpucn-443487	jianpucn	twins		有约 twins 歌谱简谱网
我是中国人.txt	我是中国人	jianpucn-443527	jianpucn	杨洪基		我是中国人(二重唱) 杨洪基 歌谱简谱网
为爱飞翔.txt	为爱飞翔	jianpucn-443693	jianpucn	齐秦		为爱飞翔(男女声二重唱) 齐秦 歌谱简谱网
雪花落下.txt	雪花落下	jianpucn-443863	jianpucn	周深		雪花落下（电视剧《冰糖炖雪梨》主题曲） 周深 歌谱简谱网
永恒长调.txt	永恒长调	jianpucn-444329	jianpucn	王宏伟		永恒长调 王宏伟 歌谱简谱网
信仰的温度.txt	信仰的温度	jianpucn-445292	jianpucn	阎维文		信仰的温度（尹相涛词 杨一博曲） 阎维文 歌谱简谱网
幸福消失了多久.txt	幸福消失了多久	jianpucn-445459	jianpucn	刘欢		幸福消失了多久(电视剧《八方传奇》片尾曲) 刘欢 歌谱简谱网
情是何物.txt	情是何物	jianpucn-445645	jianpucn	周深		情是何物（经典咏流传） 周深 歌谱简谱网
侠行天龙.txt	侠行天龙	jianpucn-446208	jianpucn	毛不易		侠行天龙 毛不易 歌谱简谱网
不再流浪.txt	不再流浪	jianpucn-446516	jianpucn	周深		不再流浪（电影《罗小黑战记》治愈推广曲） 周深 歌谱简谱网
来不及勇敢.txt	来不及勇敢	jianpucn-446600	jianpucn	周深		来不及勇敢（动画电影《昨日青空》 青春告白曲 ） 周深 歌谱简谱网
画_2.txt	画	jianpucn-446639	jianpucn	周深		画(男女声) 周深 歌谱简谱网
放鹤图.txt	放鹤图	jianpucn-446836	jianpucn	周深		放鹤图（电视剧《鹤唳华亭》萧定权人物曲） 周深 歌谱简谱网
离别的月台票.txt	离别的月台票	jianpucn-447222	jianpucn	费玉清		离别的月台票 费玉清 歌谱简谱网
这片黑土地_2.txt	这片黑土地	jianpucn-447792	jianpucn	殷秀梅		这片黑土地（吉炳轩词 印青曲） 殷秀梅 歌谱简谱网
走向新辉煌.txt	走向新辉煌	jianpucn-447793	jianpucn	张也		走向新辉煌（蒋乐仪词 印青曲） 张也 歌谱简谱网
幸福里.txt	幸福里	jianpucn-447847	jianpucn	周深		幸福里（电视剧幸福里的故事片尾曲） 周深 歌谱简谱网
花西子.txt	花西子	jianpucn-447871	jianpucn	周深		花西子 周深 歌谱简谱网
念.txt	念	jianpucn-447872	jianpucn	周深		念（《剑网3 曲云传》宣传曲） 周深 歌谱简谱网
新婚高歌.txt	新婚高歌	jianpucn-447876	jianpucn	阎维文		新婚高歌（《婚礼组歌》选曲） 阎维文 歌谱简谱网
一千年后记得我.txt	一千年后记得我	jianpucn-447896	jianpucn	林俊杰		一千年后记得我 林俊杰 歌谱简谱网
记忆中总有一杆枪.txt	记忆中总有一杆枪	jianpucn-447920	jianpucn	阎维文		记忆中总有一杆枪（张建全词 戚建波曲） 阎维文 歌谱简谱网
情不由衷.txt	情不由衷	jianpucn-447940	jianpucn	周深		情不由衷（颐和园 十七孔桥 景点主题曲） 周深 歌谱简谱网
话语.txt	话语	jianpucn-448029	jianpucn	周深		话语 周深 歌谱简谱网
17.txt	17	jianpucn-448053	jianpucn	毛不易		17（网剧《极限17》） 毛不易 歌谱简谱网
缘落.txt	缘落	jianpucn-448054	jianpucn	周深		缘落（《月上重火》片尾曲） 周深 歌谱简谱网
启示.txt	启示	jianpucn-448093	jianpucn	周深		启示（《地下城与勇士 逆转之轮》推广曲） 周深 歌谱简谱网
爱若琉璃.txt	爱若琉璃	jianpucn-448095	jianpucn	周深		爱若琉璃（电视剧琉璃美人煞插曲） 周深 歌谱简谱网
有一件美好的事情将要发生.txt	有一件美好的事情将要发生	jianpucn-448096	jianpucn	周深		有一件美好的事情将要发生（不完美的她主题曲） 周深 歌谱简谱网
落花.txt	落花	jianpucn-448115	jianpucn	周深		落花（电视剧《燕阳春》插曲） 周深 歌谱简谱网
蜕.txt	蜕	jianpucn-448116	jianpucn	周深		蜕（斗破苍穹特别篇2沙之澜歌） 周深 歌谱简谱网
愿.txt	愿	jianpucn-448117	jianpucn	周深		愿（《锦衣之下》主题曲） 周深 歌谱简谱网
渴望遇见.txt	渴望遇见	jianpucn-448118	jianpucn	周深		渴望遇见（电视剧《谁都渴望遇见你》主题曲） 周深 歌谱简谱网
海藏.txt	海藏	jianpucn-448119	jianpucn	周深		海藏 周深 歌谱简谱网
中国不可阻挡.txt	中国不可阻挡	jianpucn-448140	jianpucn	王宏伟		中国不可阻挡 王宏伟 歌谱简谱网
妳.txt	妳	jianpucn-448172	jianpucn	周深		妳（唱片版） 周深 歌谱简谱网
画绢.txt	画绢	jianpucn-448380	jianpucn	周深		画绢（《衣尚中国》主题曲） 周深 歌谱简谱网
直破穹苍.txt	直破穹苍	jianpucn-448513	jianpucn	周深		直破穹苍（动画《斗破苍穹》第三季主题曲） 周深 歌谱简谱网
请喝杯下马酒.txt	请喝杯下马酒	jianpucn-448528	jianpucn	降央卓玛		请喝杯下马酒 降央卓玛 歌谱简谱网
可否多见一眼.txt	可否多见一眼	jianpucn-448788	jianpucn	邓丽君		可否多见一眼 邓丽君 歌谱简谱网
半树梨花.txt	半树梨花	jianpucn-448792	jianpucn	张也		半树梨花（安华词 杨乃林曲） 张也 歌谱简谱网
相守.txt	相守	jianpucn-448794	jianpucn	周深		相守（《仙剑奇侠传七》游戏主题歌曲） 周深 歌谱简谱网
卢沟桥之歌.txt	卢沟桥之歌	jianpucn-448968	jianpucn	阎维文		卢沟桥之歌（大型电视纪录片《中流砥柱》主题歌） 阎维文 歌谱简谱网
相思梦亦芳.txt	相思梦亦芳	jianpucn-449051	jianpucn	张也		相思梦亦芳（电视剧《联林珍奇》片尾曲） 张也 歌谱简谱网
好大一棵树.txt	好大一棵树	jianpucn-449120	jianpucn	那英		好大一棵树（1990年央视春晚） 那英 歌谱简谱网
万事如意.txt	万事如意	jianpucn-449129	jianpucn	张也		万事如意（1995年央视春晚） 张也 歌谱简谱网
远方的家.txt	远方的家	jianpucn-449184	jianpucn	张也		远方的家（2012年央视春晚） 张也 歌谱简谱网
意愿.txt	意愿	jianpucn-449186	jianpucn	刘德华		意愿 刘德华 歌谱简谱网
走在小康路上.txt	走在小康路上	jianpucn-449199	jianpucn	张也		走在小康路上（2016年央视春晚） 张也 歌谱简谱网
浏阳河.txt	浏阳河	jianpucn-449265	jianpucn	李谷一		浏阳河（《歌声飘过60年 》第一场） 李谷一 歌谱简谱网
声声慢.txt	声声慢	jianpucn-449334	jianpucn	宋祖英		声声慢（声乐 ） 宋祖英 歌谱简谱网
阿朋友.txt	阿朋友	jianpucn-449355	jianpucn	田震		阿朋友 田震 歌谱简谱网
怀念战友.txt	怀念战友	jianpucn-449358	jianpucn	王宏伟		怀念战友（《歌声飘过60年》第二场） 王宏伟 歌谱简谱网
归处.txt	归处	jianpucn-449375	jianpucn	周深		归处（电影《侍神令》主题曲） 周深 歌谱简谱网
无所畏惧.txt	无所畏惧	jianpucn-449377	jianpucn	周深		无所畏惧（球球大作战2021年度资料片主题曲） 周深 歌谱简谱网
民族声乐考级歌曲_故土情.txt	民族声乐考级歌曲 故土情	jianpucn-449380	jianpucn	王宏伟		民族声乐考级歌曲 故土情 王宏伟 歌谱简谱网
我们走在大路上.txt	我们走在大路上	jianpucn-449392	jianpucn	杨洪基		我们走在大路上（《歌声飘过60年》第二场） 杨洪基 歌谱简谱网
明月传说.txt	明月传说	jianpucn-449469	jianpucn	周深		明月传说（电视剧《风起霓裳》主题曲） 周深 歌谱简谱网
我们的祖国歌甜花香.txt	我们的祖国歌甜花香	jianpucn-449497	jianpucn	阎维文		我们的祖国歌甜花香（《歌声飘过60年》第四场） 阎维文 歌谱简谱网
岁.txt	岁	jianpucn-450593	jianpucn	刘德华		17岁（十七岁） 刘德华 歌谱简谱网
悬崖之上.txt	悬崖之上	jianpucn-450721	jianpucn	周深		悬崖之上 周深 歌谱简谱网
刘海砍樵.txt	刘海砍樵	jianpucn-450950	jianpucn	李谷一		刘海砍樵（名家名段 花鼓戏） 李谷一 歌谱简谱网
那溪那山.txt	那溪那山	jianpucn-451143	jianpucn	李谷一		那溪那山 李谷一 歌谱简谱网
下马拜草原.txt	下马拜草原	jianpucn-451219	jianpucn	腾格尔		下马拜草原 腾格尔 歌谱简谱网
祖国颂.txt	祖国颂	jianpucn-451331	jianpucn	张也		祖国颂(大字单页) 张也 歌谱简谱网
若梦.txt	若梦	jianpucn-451383	jianpucn	周深		若梦（《梦醒长安》电视剧主题曲） 周深 歌谱简谱网
欺骗我的心.txt	欺骗我的心	jianpucn-451539	jianpucn	高胜美		欺骗我的心 高胜美 歌谱简谱网
人间第一情.txt	人间第一情	jianpucn-451602	jianpucn	阎维文		人间第一情(大字单页) 阎维文 歌谱简谱网
梦想有一天.txt	梦想有一天	jianpucn-451708	jianpucn	阎维文		梦想有一天（） 阎维文 歌谱简谱网
走进新时代.txt	走进新时代	jianpucn-451733	jianpucn	张也		走进新时代(大字单页) 张也 歌谱简谱网
乳山_你最亲你最好.txt	乳山 你最亲你最好	jianpucn-451774	jianpucn	宋祖英		乳山 你最亲你最好 宋祖英 歌谱简谱网
为了家园.txt	为了家园	jianpucn-451816	jianpucn	阎维文		为了家园 阎维文 歌谱简谱网
恋情1990.txt	恋情1990	jianpucn-451851	jianpucn	罗大佑		恋情1990 罗大佑 歌谱简谱网
无烟之火.txt	无烟之火	jianpucn-451885	jianpucn	李健		无烟之火 李健 歌谱简谱网
卿卿.txt	卿卿	jianpucn-451892	jianpucn	周深		卿卿（电视剧《祝卿好》主题曲） 周深 歌谱简谱网
万里挑一.txt	万里挑一	jianpucn-452206	jianpucn	周深		万里挑一（电视剧《关于唐医生的一切》主题曲） 周深 歌谱简谱网
军人本色.txt	军人本色	jianpucn-452262	jianpucn	阎维文		军人本色（ 李本良订弓指法） 阎维文 歌谱简谱网
渭塘时光.txt	渭塘时光	jianpucn-452301	jianpucn	降央卓玛		渭塘时光 降央卓玛 歌谱简谱网
火红的誓言.txt	火红的誓言	jianpucn-452453	jianpucn	杨洪基		火红的誓言（亦弛记谱） 杨洪基 歌谱简谱网
感谢大地.txt	感谢大地	jianpucn-452494	jianpucn	殷秀梅		感谢大地（你的土地里） 殷秀梅 歌谱简谱网
如你所想.txt	如你所想	jianpucn-452543	jianpucn	毛不易		如你所想 毛不易 歌谱简谱网
海螺歌.txt	海螺歌	jianpucn-452560	jianpucn	蒋大为		海螺歌（电影《同龄女友》主题曲） 蒋大为 歌谱简谱网
祝福人生.txt	祝福人生	jianpucn-452609	jianpucn	宋祖英		祝福人生 宋祖英 歌谱简谱网
开辟新天地.txt	开辟新天地	jianpucn-452791	jianpucn	阎维文		开辟新天地 阎维文 歌谱简谱网
牧歌飞到天安门.txt	牧歌飞到天安门	jianpucn-452948	jianpucn	乌兰图雅		牧歌飞到天安门 乌兰图雅 歌谱简谱网
信仰照耀东方.txt	信仰照耀东方	jianpucn-452995	jianpucn	阎维文		信仰照耀东方 阎维文 歌谱简谱网
花开忘忧.txt	花开忘忧	jianpucn-453014	jianpucn	周深		花开忘忧 周深 歌谱简谱网
风中有朵雨做的云降B调不转调伴奏.txt	风中有朵雨做的云降B调不转调伴奏	jianpucn-453124	jianpucn	孟庭苇		风中有朵雨做的云降B调不转调伴奏 孟庭苇 歌谱简谱网
骏马奔驰保边疆F调伴奏.txt	骏马奔驰保边疆F调伴奏	jianpucn-453136	jianpucn	蒋大为		骏马奔驰保边疆F调伴奏 蒋大为 歌谱简谱网
浏阳河伴奏.txt	浏阳河伴奏	jianpucn-453138	jianpucn	张也		浏阳河伴奏（F调） 张也 歌谱简谱网
青城山下白素贞_-陶笛伴奏_G调.txt	青城山下白素贞 -陶笛伴奏 G调	jianpucn-453142	jianpucn	张靓颖		青城山下白素贞 -陶笛伴奏 G调 张靓颖 歌谱简谱网
珊瑚颂G调伴奏.txt	珊瑚颂G调伴奏	jianpucn-453147	jianpucn	韩红		珊瑚颂G调伴奏 韩红 歌谱简谱网
我从草原来C调伴奏.txt	我从草原来C调伴奏	jianpucn-453155	jianpucn	凤凰传奇		我从草原来C调伴奏 凤凰传奇 歌谱简谱网
难忘今宵_G调版伴奏.txt	难忘今宵 G调版伴奏	jianpucn-453179	jianpucn	李谷一		难忘今宵 G调版伴奏 李谷一 歌谱简谱网
边疆的泉水清又纯F调伴奏.txt	边疆的泉水清又纯F调伴奏	jianpucn-453195	jianpucn	李谷一		边疆的泉水清又纯F调伴奏 李谷一 歌谱简谱网
网络歌手-菊花台_G好伴奏.txt	网络歌手-菊花台 G好伴奏	jianpucn-453203	jianpucn	周杰伦		网络歌手-菊花台 G好伴奏 周杰伦 歌谱简谱网
茉莉花G调好伴奏.txt	茉莉花G调好伴奏	jianpucn-453208	jianpucn	宋祖英		茉莉花G调好伴奏 宋祖英 歌谱简谱网
花儿与少年电子琴F调慢版好伴奏.txt	花儿与少年电子琴F调慢版好伴奏	jianpucn-453210	jianpucn	华晨宇		花儿与少年电子琴F调慢版好伴奏 华晨宇 歌谱简谱网
桃花节.txt	桃花节	jianpucn-453481	jianpucn	蒋大为		桃花节 蒋大为 歌谱简谱网
深情诉说.txt	深情诉说	jianpucn-453482	jianpucn	蒋大为		深情诉说 蒋大为 歌谱简谱网
人民的选择.txt	人民的选择	jianpucn-453560	jianpucn	阎维文		人民的选择（亦弛记谱） 阎维文 歌谱简谱网
古老的信天游.txt	古老的信天游	jianpucn-454062	jianpucn	王宏伟		古老的信天游（独唱） 王宏伟 歌谱简谱网
因为有了你.txt	因为有了你	jianpucn-454081	jianpucn	降央卓玛		因为有了你（亦弛记谱） 降央卓玛 歌谱简谱网
都是同群人.txt	都是同群人	jianpucn-454083	jianpucn	张也		都是同群人 张也 歌谱简谱网
盲婚哑嫁.txt	盲婚哑嫁	jianpucn-454151	jianpucn	陈奕迅		盲婚哑嫁 陈奕迅 歌谱简谱网
你好_陌生人.txt	你好 陌生人	jianpucn-454178	jianpucn	毛不易		你好 陌生人 毛不易 歌谱简谱网
望_3.txt	望	jianpucn-454243	jianpucn	韩红		望（电影《满江红》片尾曲） 韩红 歌谱简谱网
望_2.txt	望	jianpucn-454256	jianpucn	韩红		望（亦弛记谱） 韩红 歌谱简谱网
画一个新疆.txt	画一个新疆	jianpucn-454681	jianpucn	王宏伟		画一个新疆 王宏伟 歌谱简谱网
温暖的花.txt	温暖的花	jianpucn-454725	jianpucn	王宏伟		温暖的花 王宏伟 歌谱简谱网
有多好.txt	有多好	jianpucn-454755	jianpucn	张也		有多好 张也 歌谱简谱网
田埂五月风.txt	田埂五月风	jianpucn-456111	jianpucn	周深		田埂五月风 周深 歌谱简谱网
望.txt	望	jianpucn-456114	jianpucn	韩红		望（《满江红》电影片尾曲） 韩红 歌谱简谱网
美美.txt	美美	jianpucn-456274	jianpucn	周深		美美 周深 歌谱简谱网
假如爱有天意_F_G_首调.txt	假如爱有天意 F G 首调	jianpucn-456316	jianpucn	李健		假如爱有天意 F G 首调 李健 歌谱简谱网
我爱你中国.txt	我爱你中国	jianpucn-458031	jianpucn	殷秀梅		我爱你中国（石头打谱13709671385） 殷秀梅 歌谱简谱网
寒蝉凄切.txt	寒蝉凄切	jianpucn-458037	jianpucn	宋祖英		寒蝉凄切（亦弛记谱）（一名《雨霖铃》） 宋祖英 歌谱简谱网
陪你去流浪尤克里里谱.txt	陪你去流浪尤克里里谱	jianpucn-458275	jianpucn	薛之谦		陪你去流浪尤克里里谱（ C调 ） 薛之谦 歌谱简谱网
派对动物尤克里里谱.txt	派对动物尤克里里谱	jianpucn-458304	jianpucn	五月天		派对动物尤克里里谱（ G调 ） 五月天 歌谱简谱网
透明尤克里里谱.txt	透明尤克里里谱	jianpucn-458669	jianpucn	邓紫棋		透明尤克里里谱（ G调带前奏版） 邓紫棋 歌谱简谱网
雨后初晴尤克里里谱.txt	雨后初晴尤克里里谱	jianpucn-458923	jianpucn	李健		雨后初晴尤克里里谱（ C调 ） 李健 歌谱简谱网
在意.txt	在意	jianpucn-459575	jianpucn	周深		在意 周深 歌谱简谱网
绿色兴安.txt	绿色兴安	jianpucn-459796	jianpucn	腾格尔		绿色兴安 腾格尔 歌谱简谱网
不老的爸爸.txt	不老的爸爸	jianpucn-459826	jianpucn	邓丽君		不老的爸爸 邓丽君 歌谱简谱网
心中自有歌.txt	心中自有歌	jianpucn-459897	jianpucn	阎维文		心中自有歌 阎维文 歌谱简谱网
给电影人的情书.txt	给电影人的情书	jianpucn-460178	jianpucn	蔡琴		给电影人的情书 蔡琴 歌谱简谱网
最可爱的人.txt	最可爱的人	jianpucn-460451	jianpucn	张靓颖		最可爱的人 张靓颖 歌谱简谱网
错过尤克里里谱.txt	错过尤克里里谱	jianpucn-460996	jianpucn	梁咏琪		错过尤克里里谱（ A调 ） 梁咏琪 歌谱简谱网
七月第一天.txt	七月第一天	jianpucn-461181	jianpucn	张也		七月第一天 张也 歌谱简谱网
城市傍晚.txt	城市傍晚	jianpucn-461313	jianpucn	毛不易		城市傍晚 毛不易 歌谱简谱网
海姑娘.txt	海姑娘	jianpucn-461748	jianpucn	宋祖英		海姑娘 宋祖英 歌谱简谱网
明天会更好.txt	明天会更好	jianpucn-462031	jianpucn	罗大佑		明天会更好 罗大佑 歌谱简谱网
思念娘亲.txt	思念娘亲	jianpucn-462248	jianpucn	王宏伟		思念娘亲 王宏伟 歌谱简谱网
共和国之恋.txt	共和国之恋	jianpucn-462322	jianpucn	殷秀梅		共和国之恋 殷秀梅 歌谱简谱网
情话《尘埃落定》主题曲.txt	情话《尘埃落定》主题曲	jianpucn-462337	jianpucn	王宏伟		情话《尘埃落定》主题曲 王宏伟 歌谱简谱网
一起摇摆.txt	一起摇摆	jianpucn-462404	jianpucn	汪峰		一起摇摆 （ G调指法原版编配） 汪峰 歌谱简谱网
期待爱尤克里里谱.txt	期待爱尤克里里谱	jianpucn-462467	jianpucn	林俊杰		期待爱尤克里里谱（ C调附前奏） 林俊杰 歌谱简谱网
故乡是北京.txt	故乡是北京	jianpucn-462598	jianpucn	李谷一		故乡是北京- （伴奏） 李谷一 歌谱简谱网
前门情思大碗茶.txt	前门情思大碗茶	jianpucn-462599	jianpucn	李谷一		前门情思大碗茶- （伴奏） 李谷一 歌谱简谱网
高尚尤克里里谱.txt	高尚尤克里里谱	jianpucn-462675	jianpucn	薛之谦		高尚尤克里里谱（ G调带前奏） 薛之谦 歌谱简谱网
肆无忌惮尤克里里谱.txt	肆无忌惮尤克里里谱	jianpucn-462799	jianpucn	薛之谦		肆无忌惮尤克里里谱（ G调带前奏） 薛之谦 歌谱简谱网
战友_等着你的消息.txt	战友 等着你的消息	jianpucn-462980	jianpucn	阎维文		战友 等着你的消息 阎维文 歌谱简谱网
海风阵阵愁煞人.txt	海风阵阵愁煞人	jianpucn-463012	jianpucn	宋祖英		海风阵阵愁煞人（歌剧选曲） 宋祖英 歌谱简谱网
春是你我冬奥歌曲.txt	春是你我冬奥歌曲	jianpucn-463358	jianpucn	杨洪基		春是你我冬奥歌曲 杨洪基 歌谱简谱网
半边楼电视剧《半边楼》主题曲.txt	半边楼电视剧《半边楼》主题曲	jianpucn-463490	jianpucn	刘欢		半边楼电视剧《半边楼》主题曲 刘欢 歌谱简谱网
不染电视剧《香蜜沉沉烬如霜》主题曲.txt	不染电视剧《香蜜沉沉烬如霜》主题曲	jianpucn-463570	jianpucn	毛不易		不染电视剧《香蜜沉沉烬如霜》主题曲 毛不易 歌谱简谱网
这世界那么多人《我要我们在一起》电影主题曲.txt	这世界那么多人《我要我们在一起》电影主题曲	jianpucn-463571	jianpucn	莫文蔚		这世界那么多人《我要我们在一起》电影主题曲 莫文蔚 歌谱简谱网
襟裳岬电子琴.txt	襟裳岬电子琴	jianpucn-463642	jianpucn	邓丽君		襟裳岬电子琴 邓丽君 歌谱简谱网
美丽的心情.txt	美丽的心情	jianpucn-463867	jianpucn	宋祖英		美丽的心情 宋祖英 歌谱简谱网
草原儿女心向党.txt	草原儿女心向党	jianpucn-463885	jianpucn	乌兰图雅		草原儿女心向党 乌兰图雅 歌谱简谱网
天边的天籁.txt	天边的天籁	jianpucn-463886	jianpucn	乌兰图雅		天边的天籁 乌兰图雅 歌谱简谱网
草原花.txt	草原花	jianpucn-463889	jianpucn	乌兰图雅		草原花 乌兰图雅 歌谱简谱网
锦绣小康.txt	锦绣小康	jianpucn-463907	jianpucn	乌兰图雅		锦绣小康 乌兰图雅 歌谱简谱网
妈妈的歌谣.txt	妈妈的歌谣	jianpucn-463908	jianpucn	乌兰图雅		妈妈的歌谣 乌兰图雅 歌谱简谱网
美丽的牧羊姑娘.txt	美丽的牧羊姑娘	jianpucn-463909	jianpucn	乌兰图雅		美丽的牧羊姑娘 乌兰图雅 歌谱简谱网
美丽中国唱起来.txt	美丽中国唱起来	jianpucn-463910	jianpucn	乌兰图雅		美丽中国唱起来 乌兰图雅 歌谱简谱网
蒙古酒.txt	蒙古酒	jianpucn-463911	jianpucn	乌兰图雅		蒙古酒 乌兰图雅 歌谱简谱网
画_3.txt	画	jianpucn-464093	jianpucn	邓紫棋		画 邓紫棋 歌谱简谱网
敖包相会.txt	敖包相会	jianpucn-464187	jianpucn	阎维文		敖包相会 阎维文 歌谱简谱网
我唯有的你.txt	我唯有的你	jianpucn-464671	jianpucn	李健		我唯有的你 李健 歌谱简谱网
直觉.txt	直觉	jianpucn-464909	jianpucn	张信哲		直觉 张信哲 歌谱简谱网
洪泽恋曲.txt	洪泽恋曲	jianpucn-464957	jianpucn	降央卓玛		洪泽恋曲 降央卓玛 歌谱简谱网
月亮花儿开.txt	月亮花儿开	jianpucn-465531	jianpucn	李谷一		月亮花儿开 李谷一 歌谱简谱网
雨.txt	雨	jianpucn-465598	jianpucn	光良		雨 光良 歌谱简谱网
不能这样活-辘轳_女人和井片尾曲.txt	不能这样活-辘轳 女人和井片尾曲	jianpucn-466685	jianpucn	刘欢		不能这样活-辘轳 女人和井片尾曲 刘欢 歌谱简谱网
幸福.txt	幸福	jianpucn-466873	jianpucn	张也		幸福 张也 歌谱简谱网
再回大别山.txt	再回大别山	jianpucn-466981	jianpucn	张也		再回大别山 张也 歌谱简谱网
边疆_、付芮_动态谱.txt	边疆 、付芮 动态谱	jianpucn-467051	jianpucn	阎维文		边疆 、付芮 动态谱 阎维文 歌谱简谱网
清平调_王菲.txt	清平调 王菲	jianpucn-467089	jianpucn	邓丽君		清平调 王菲 邓丽君 歌谱简谱网
信仰的味道2022冬奥组歌之六.txt	信仰的味道2022冬奥组歌之六	jianpucn-467930	jianpucn	阎维文		信仰的味道2022冬奥组歌之六 阎维文 歌谱简谱网
我的爱人你可听见歌剧《长征》咏叹调.txt	我的爱人你可听见歌剧《长征》咏叹调	jianpucn-468924	jianpucn	阎维文		我的爱人你可听见歌剧《长征》咏叹调 阎维文 歌谱简谱网
念如娇_赤壁怀古.txt	念如娇 赤壁怀古	jianpucn-469290	jianpucn	宋祖英		念如娇 赤壁怀古 宋祖英 歌谱简谱网
轻轻热播电视剧《长风渡》主题曲_mkv版.txt	轻轻热播电视剧《长风渡》主题曲 mkv版	jianpucn-470228	jianpucn	张靓颖		轻轻热播电视剧《长风渡》主题曲 mkv版 张靓颖 歌谱简谱网
心上人电视剧《关东大先生》片尾曲.txt	心上人电视剧《关东大先生》片尾曲	jianpucn-470565	jianpucn	宋祖英		心上人电视剧《关东大先生》片尾曲 宋祖英 歌谱简谱网
蒙古人编号-007.txt	蒙古人编号-007	jianpucn-470603	jianpucn	腾格尔		蒙古人编号-007 腾格尔 歌谱简谱网
初恋的地方.txt	初恋的地方	jianpucn-470625	jianpucn	电子琴伴奏配器 邓丽君		初恋的地方电子琴伴奏配器 邓丽君 歌谱简谱网
九儿编号-009、.txt	九儿编号-009、	jianpucn-470711	jianpucn	韩红		九儿编号-009、 韩红 歌谱简谱网
乌兰巴托之夜_动态谱.txt	乌兰巴托之夜 动态谱	jianpucn-470830	jianpucn	降央卓玛		乌兰巴托之夜 动态谱 降央卓玛 歌谱简谱网
党啊亲爱的妈妈红歌.txt	党啊亲爱的妈妈红歌	jianpucn-471156	jianpucn	殷秀梅		党啊亲爱的妈妈红歌 殷秀梅 歌谱简谱网
草原之夜编号-016.txt	草原之夜编号-016	jianpucn-471456	jianpucn	降央卓玛		草原之夜编号-016 降央卓玛 歌谱简谱网
悬崖之上-C调.txt	悬崖之上-C调	jianpucn-471503	jianpucn	周深		悬崖之上-C调- 周深 歌谱简谱网
无情荒地有情天.txt	无情荒地有情天	jianpucn-471701	jianpucn	邓丽君		无情荒地有情天 邓丽君 歌谱简谱网
走过百年.txt	走过百年	jianpucn-471801	jianpucn	殷秀梅		走过百年 殷秀梅 歌谱简谱网
雨还是不停地落下.txt	雨还是不停地落下	jianpucn-471912	jianpucn	孙燕姿		雨还是不停地落下 孙燕姿 歌谱简谱网
阿瓦尔古丽历史经典.txt	阿瓦尔古丽历史经典	jianpucn-472040	jianpucn	阎维文		阿瓦尔古丽历史经典 阎维文 歌谱简谱网
春天的故事_2.txt	春天的故事	jianpucn-472170	jianpucn	历史经典 董文华		春天的故事历史经典 董文华 歌谱简谱网
草原情歌_动态谱.txt	草原情歌 动态谱	jianpucn-472178	jianpucn	降央卓玛		草原情歌 动态谱 降央卓玛 歌谱简谱网
敢问路在何方历史经典.txt	敢问路在何方历史经典	jianpucn-472223	jianpucn	蒋大为		敢问路在何方历史经典 蒋大为 歌谱简谱网
万事如意央视春晚歌曲.txt	万事如意央视春晚歌曲	jianpucn-472238	jianpucn	张也		万事如意央视春晚歌曲 张也 歌谱简谱网
红梅赞怀旧经典.txt	红梅赞怀旧经典	jianpucn-472269	jianpucn	张也		红梅赞怀旧经典 张也 歌谱简谱网
罗刹海市_2.txt	罗刹海市	jianpucn-472319	jianpucn	mkv完整版 刀郎		罗刹海市mkv完整版 刀郎 歌谱简谱网
军港之夜_2.txt	军港之夜	jianpucn-472340	jianpucn	怀旧经典 苏小明		军港之夜怀旧经典 苏小明 歌谱简谱网
千古情.txt	千古情	jianpucn-472359	jianpucn	董文华		千古情 董文华 歌谱简谱网
花妖.txt	花妖	jianpucn-472428	jianpucn	刀郎		花妖 刀郎 歌谱简谱网
一荤一素有声动态谱.txt	一荤一素有声动态谱	jianpucn-472450	jianpucn	毛不易		一荤一素有声动态谱 毛不易 歌谱简谱网
美酒加咖啡怀旧经典.txt	美酒加咖啡怀旧经典	jianpucn-472486	jianpucn	邓丽君		美酒加咖啡怀旧经典 邓丽君 歌谱简谱网
草原醉.txt	草原醉	jianpucn-472488	jianpucn	草原歌曲 乌兰图雅		草原醉草原歌曲 乌兰图雅 歌谱简谱网
牡丹之歌怀旧经典.txt	牡丹之歌怀旧经典	jianpucn-472511	jianpucn	蒋大为		牡丹之歌怀旧经典 蒋大为 歌谱简谱网
高歌唱边关.txt	高歌唱边关	jianpucn-472548	jianpucn	王宏伟		高歌唱边关 王宏伟 歌谱简谱网
扯开嗓子一声喊.txt	扯开嗓子一声喊	jianpucn-472550	jianpucn	王宏伟		扯开嗓子一声喊 王宏伟 歌谱简谱网
千年等一回.txt	千年等一回	jianpucn-472583	jianpucn	怀旧经典 高胜美		千年等一回怀旧经典 高胜美 歌谱简谱网
千言万语.txt	千言万语	jianpucn-472584	jianpucn	怀旧经典 邓丽君		千言万语怀旧经典 邓丽君 歌谱简谱网
青藏高原怀旧经典.txt	青藏高原怀旧经典	jianpucn-472597	jianpucn	韩红		青藏高原怀旧经典 韩红 歌谱简谱网
敖包相会编号-033.txt	敖包相会编号-033	jianpucn-472614	jianpucn	降央卓玛		敖包相会编号-033 降央卓玛 歌谱简谱网
爱之无奈.txt	爱之无奈	jianpucn-472678	jianpucn	刘欢		爱之无奈 刘欢 歌谱简谱网
亭亭.txt	亭亭	jianpucn-472723	jianpucn	孟庭苇		亭亭 孟庭苇 歌谱简谱网
有你无你_《长相思》电视剧玱玹主题曲.txt	有你无你 《长相思》电视剧玱玹主题曲	jianpucn-472767	jianpucn	毛不易		有你无你 《长相思》电视剧玱玹主题曲 毛不易 歌谱简谱网
少年壮志不言愁怀旧经典.txt	少年壮志不言愁怀旧经典	jianpucn-472780	jianpucn	刘欢		少年壮志不言愁怀旧经典 刘欢 歌谱简谱网
说句心里话怀旧经典.txt	说句心里话怀旧经典	jianpucn-472786	jianpucn	阎维文		说句心里话怀旧经典 阎维文 歌谱简谱网
望星空.txt	望星空	jianpucn-472878	jianpucn	怀旧经典 董文华		望星空怀旧经典 董文华 歌谱简谱网
草原牧歌.txt	草原牧歌	jianpucn-472952	jianpucn	王宏伟		草原牧歌 王宏伟 歌谱简谱网
想家的时候怀旧经典.txt	想家的时候怀旧经典	jianpucn-472988	jianpucn	阎维文		想家的时候怀旧经典 阎维文 歌谱简谱网
小城故事_2.txt	小城故事	jianpucn-472992	jianpucn	怀旧经典 邓丽君		小城故事怀旧经典 邓丽君 歌谱简谱网
一剪梅怀旧经典.txt	一剪梅怀旧经典	jianpucn-473070	jianpucn	费玉清		一剪梅怀旧经典 费玉清 歌谱简谱网
我的祁连山.txt	我的祁连山	jianpucn-473129	jianpucn	王宏伟		我的祁连山 王宏伟 歌谱简谱网
迷途.txt	迷途	jianpucn-473145	jianpucn	周华健		迷途 周华健 歌谱简谱网
你爱你_中国.txt	你爱你 中国	jianpucn-473230	jianpucn	殷秀梅		你爱你 中国 殷秀梅 歌谱简谱网
还魂伞.txt	还魂伞	jianpucn-473314	jianpucn	刀郎		还魂伞 刀郎 歌谱简谱网
花妖_2.txt	花妖	jianpucn-473365	jianpucn	花妖 高清彩谱 刀郎		花妖花妖 高清彩谱 刀郎 歌谱简谱网
老家_2.txt	老家	jianpucn-473371	jianpucn	宋祖英		老家 宋祖英 歌谱简谱网
颠倒歌_2.txt	颠倒歌	jianpucn-473380	jianpucn	高清彩谱 刀郎		颠倒歌高清彩谱 刀郎 歌谱简谱网
天路编号-053.txt	天路编号-053	jianpucn-473423	jianpucn	韩红		天路编号-053 韩红 歌谱简谱网
人间星河.txt	人间星河	jianpucn-473476	jianpucn	周深		人间星河（通俗歌曲） 周深 歌谱简谱网
伴我.txt	伴我	jianpucn-473477	jianpucn	张靓颖		伴我（《剑网3》十四周年纪念主题曲） 张靓颖 歌谱简谱网
山月不眠_《云之羽》影视剧插曲.txt	山月不眠 《云之羽》影视剧插曲	jianpucn-473683	jianpucn	毛不易		山月不眠 《云之羽》影视剧插曲 毛不易 歌谱简谱网
永远的小白杨.txt	永远的小白杨	jianpucn-474453	jianpucn	阎维文		永远的小白杨（民族唱法） 阎维文 歌谱简谱网
老师我想你.txt	老师我想你	jianpucn-474501	jianpucn	王莹		老师我想你（合唱版） 王莹 歌谱简谱网
又听到那首歌.txt	又听到那首歌	jianpucn-474510	jianpucn	邓丽君		又听到那首歌 邓丽君 歌谱简谱网
锦绣中华.txt	锦绣中华	jianpucn-474562	jianpucn	张也		锦绣中华（亦弛记谱） 张也 歌谱简谱网
长城牧歌.txt	长城牧歌	jianpucn-474624	jianpucn	降央卓玛		长城牧歌（民通唱法） 降央卓玛 歌谱简谱网
因为祖国.txt	因为祖国	jianpucn-474678	jianpucn	杨洪基		因为祖国（电视剧《外交风云》主题曲） 杨洪基 歌谱简谱网
爱你一切.txt	爱你一切	jianpucn-474771	jianpucn	BEYOND		爱你一切 BEYOND 歌谱简谱网
盼星星盼月亮.txt	盼星星盼月亮	jianpucn-474801	jianpucn	徐子崴 罗姣		盼星星盼月亮(合唱版) 徐子崴 罗姣 歌谱简谱网
驼铃.txt	驼铃	jianpucn-474817	jianpucn	蒋大为		驼铃（二胡G调弓指法 ） 蒋大为 歌谱简谱网
情怨.txt	情怨	jianpucn-475024	jianpucn	刘欢		情怨（重编版） 刘欢 歌谱简谱网
美丽草原我的家－无伴奏合唱.txt	美丽草原我的家－无伴奏合唱	jianpucn-475090	jianpucn	薄子新改编		美丽草原我的家－无伴奏合唱 薄子新改编 歌谱简谱网
丰收中国年.txt	丰收中国年	jianpucn-475381	jianpucn	朱 海 词 子 山 曲 弦声编配		丰收中国年（混声合唱） 朱 海 词 子 山 曲 弦声编配 歌谱简谱网
苹果香.txt	苹果香	jianpucn-475453	jianpucn	狼戈		苹果香 狼戈 歌谱简谱网
菜园子.txt	菜园子	jianpucn-475520	jianpucn	崔宸杰		菜园子 崔宸杰 歌谱简谱网
小重山.txt	小重山	jianpucn-475594	jianpucn	winky诗 云之泣		小重山 winky诗 云之泣 歌谱简谱网
忘情酒.txt	忘情酒	jianpucn-475596	jianpucn	戴尚辉		忘情酒 戴尚辉 歌谱简谱网
八角树.txt	八角树	jianpucn-475601	jianpucn	马晓宏		八角树 马晓宏 歌谱简谱网
青原赋_&nbsp;&nbsp;.txt	青原赋	jianpucn-475606	jianpucn	李萍		青原赋 李萍 歌谱简谱网
男儿泉.txt	男儿泉	jianpucn-475607	jianpucn	武书明		男儿泉 武书明 歌谱简谱网
中秋情_&nbsp;&nbsp;.txt	中秋情	jianpucn-475610	jianpucn	邹希梅		中秋情 邹希梅 歌谱简谱网
舀河浜.txt	舀河浜	jianpucn-475614	jianpucn	朱国鑫词曲		舀河浜 朱国鑫词曲 歌谱简谱网
学电脑.txt	学电脑	jianpucn-475615	jianpucn	朱国鑫词曲		学电脑 朱国鑫词曲 歌谱简谱网
陆北大.txt	陆北大	jianpucn-475623	jianpucn	朱国鑫词曲		陆北大 朱国鑫词曲 歌谱简谱网
小上海.txt	小上海	jianpucn-475628	jianpucn	朱国鑫词曲		小上海 朱国鑫词曲 歌谱简谱网
上海人.txt	上海人	jianpucn-475629	jianpucn	朱国鑫词曲		上海人 朱国鑫词曲 歌谱简谱网
木叶情.txt	木叶情	jianpucn-475637	jianpucn	杨文		木叶情 杨文 歌谱简谱网
学厨艺.txt	学厨艺	jianpucn-475660	jianpucn	朱国鑫词曲		学厨艺 朱国鑫词曲 歌谱简谱网
学工歌.txt	学工歌	jianpucn-475663	jianpucn	朱国鑫词曲		学工歌 朱国鑫词曲 歌谱简谱网
我的梦.txt	我的梦	jianpucn-475668	jianpucn	张靓颖		我的梦 张靓颖 歌谱简谱网
黑暗的沉思.txt	黑暗的沉思	jianpucn-475684	jianpucn	齐秦		黑暗的沉思 齐秦 歌谱简谱网
苕乡情.txt	苕乡情	jianpucn-475699	jianpucn	朱朝永 陈春阳		苕乡情 朱朝永 陈春阳 歌谱简谱网
少年游_&nbsp;&nbsp;.txt	少年游	jianpucn-475749	jianpucn	孙艺桐		少年游 孙艺桐 歌谱简谱网
正在想你哟.txt	正在想你哟	jianpucn-475765	jianpucn	田信国		正在想你哟 田信国 歌谱简谱网
寄明月.txt	寄明月	jianpucn-475792	jianpucn	SING女团		寄明月 SING女团 歌谱简谱网
当兵乐.txt	当兵乐	jianpucn-475802	jianpucn	杨会林		当兵乐 杨会林 歌谱简谱网
美丽的哨卡.txt	美丽的哨卡	jianpucn-475803	jianpucn	杨会林		美丽的哨卡 杨会林 歌谱简谱网
铁血战歌.txt	铁血战歌	jianpucn-475804	jianpucn	杨会林		铁血战歌 杨会林 歌谱简谱网
中华你我他.txt	中华你我他	jianpucn-475805	jianpucn	杨会林		中华你我他 杨会林 歌谱简谱网
一念暖阳.txt	一念暖阳	jianpucn-475807	jianpucn	刘琼、通城罗杰		一念暖阳 刘琼、通城罗杰 歌谱简谱网
风沙胡杨林.txt	风沙胡杨林	jianpucn-475809	jianpucn	蒋立德		风沙胡杨林 蒋立德 歌谱简谱网
梦中女神.txt	梦中女神	jianpucn-475810	jianpucn	蒋立德		梦中女神 蒋立德 歌谱简谱网
人生咏叹调.txt	人生咏叹调	jianpucn-475811	jianpucn	蒋立德		人生咏叹调 蒋立德 歌谱简谱网
远方的故乡.txt	远方的故乡	jianpucn-475817	jianpucn	吐嘎		远方的故乡 吐嘎 歌谱简谱网
今天真好.txt	今天真好	jianpucn-475818	jianpucn	罗娇		今天真好 罗娇 歌谱简谱网
意难平.txt	意难平	jianpucn-475825	jianpucn	银临		意难平 银临 歌谱简谱网
新年祝福.txt	新年祝福	jianpucn-475826	jianpucn	蒋立德		新年祝福 蒋立德 歌谱简谱网
腊梅花开.txt	腊梅花开	jianpucn-475827	jianpucn	蒋立德		腊梅花开 蒋立德 歌谱简谱网
回家过年.txt	回家过年	jianpucn-475833	jianpucn	蔡献华 李传永		回家过年 蔡献华 李传永 歌谱简谱网
梦通新时代.txt	梦通新时代	jianpucn-475836	jianpucn	王丽达		梦通新时代 王丽达 歌谱简谱网
宾至房山.txt	宾至房山	jianpucn-475838	jianpucn	赵国刚		宾至房山 赵国刚 歌谱简谱网
共进新朝代.txt	共进新朝代	jianpucn-475839	jianpucn	郑振华-华鸣音乐		共进新朝代 郑振华-华鸣音乐 歌谱简谱网
今生不再.txt	今生不再	jianpucn-475846	jianpucn	黎明		今生不再 黎明 歌谱简谱网
江城子桑农.txt	江城子桑农	jianpucn-475849	jianpucn	桑农苏轼		江城子桑农 桑农苏轼 歌谱简谱网
思绪飞扬.txt	思绪飞扬	jianpucn-475851	jianpucn	蒋立德		思绪飞扬 蒋立德 歌谱简谱网
天峰山情.txt	天峰山情	jianpucn-475852	jianpucn	蒋立德		天峰山情 蒋立德 歌谱简谱网
彝寨山茶红.txt	彝寨山茶红	jianpucn-475853	jianpucn	蒋立德		彝寨山茶红 蒋立德 歌谱简谱网
金色葵花海.txt	金色葵花海	jianpucn-475854	jianpucn	蒋立德		金色葵花海 蒋立德 歌谱简谱网
激情岁月.txt	激情岁月	jianpucn-475855	jianpucn	蒋立德		激情岁月 蒋立德 歌谱简谱网
我是有钱人.txt	我是有钱人	jianpucn-475857	jianpucn	任贤齐		我是有钱人 任贤齐 歌谱简谱网
风华十五栽.txt	风华十五栽	jianpucn-475859	jianpucn	词曲：熊达明		风华十五栽 词曲：熊达明 歌谱简谱网
我的老师.txt	我的老师	jianpucn-475865	jianpucn	蔡献华		我的老师 蔡献华 歌谱简谱网
胭脂妆.txt	胭脂妆	jianpucn-475872	jianpucn	树屋女孩		胭脂妆 树屋女孩 歌谱简谱网
雨中百合花.txt	雨中百合花	jianpucn-475878	jianpucn	蒋立德		雨中百合花 蒋立德 歌谱简谱网
青春之火.txt	青春之火	jianpucn-475879	jianpucn	蒋立德		青春之火 蒋立德 歌谱简谱网
有缘的人.txt	有缘的人	jianpucn-475880	jianpucn	蒋立德		有缘的人 蒋立德 歌谱简谱网
被你感动.txt	被你感动	jianpucn-475881	jianpucn	董春英		被你感动 董春英 歌谱简谱网
和平鸽哨.txt	和平鸽哨	jianpucn-475882	jianpucn	薛建成		和平鸽哨 薛建成 歌谱简谱网
学校之歌.txt	学校之歌	jianpucn-475889	jianpucn	白云前		学校之歌 白云前 歌谱简谱网
太湖水.txt	太湖水	jianpucn-475893	jianpucn	蒋立德		太湖水 蒋立德 歌谱简谱网
人间共鸣.txt	人间共鸣	jianpucn-475894	jianpucn	李健		人间共鸣 李健 歌谱简谱网
宜昌队.txt	宜昌队	jianpucn-475898	jianpucn	蒋蒋		宜昌队 蒋蒋 歌谱简谱网
大美乡村.txt	大美乡村	jianpucn-475906	jianpucn	毛红波		大美乡村 毛红波 歌谱简谱网
尖兵战歌.txt	尖兵战歌	jianpucn-475908	jianpucn	孟庆宇作曲		尖兵战歌 孟庆宇作曲 歌谱简谱网
目瑙纵歌.txt	目瑙纵歌	jianpucn-475909	jianpucn	管乐小合奏总谱		目瑙纵歌 管乐小合奏总谱 歌谱简谱网
牙刷小卫士.txt	牙刷小卫士	jianpucn-475915	jianpucn	浅浅		牙刷小卫士 浅浅 歌谱简谱网
推车歌.txt	推车歌	jianpucn-475917	jianpucn	焦阳		推车歌 焦阳 歌谱简谱网
太行之歌.txt	太行之歌	jianpucn-475921	jianpucn	乌延永安		太行之歌 乌延永安 歌谱简谱网
亲人子弟兵.txt	亲人子弟兵	jianpucn-475922	jianpucn	乌延永安		亲人子弟兵 乌延永安 歌谱简谱网
童年的家.txt	童年的家	jianpucn-475925	jianpucn	明月听松		童年的家 明月听松 歌谱简谱网
看未来.txt	看未来	jianpucn-68867	jianpucn	有什么不一样		看未来有什么不一样 歌谱简谱网
风雨彩虹.txt	风雨彩虹	jianpucn-90328	jianpucn	铿锵玫瑰		风雨彩虹 铿锵玫瑰 歌谱简谱网
秋千.txt	秋千	jianpujia-10021	jianpujia	程琳	儿歌	秋千（少儿歌曲）简谱(歌词)_程琳演唱_岭南印象曲谱-免费下载-简谱之家
童年的小摇车.txt	童年的小摇车	jianpujia-10022	jianpujia	程琳	儿歌	童年的小摇车（少儿歌曲）简谱(歌词)_程琳演唱_岭南印象曲谱-免费下载-简谱之家
草原，我生命的摇篮.txt	草原，我生命的摇篮	jianpujia-100308	jianpujia		草原	草原，我生命的摇篮简谱_张宝兴词/赵吕森曲-免费下载-简谱之家
怀念你啊，草原.txt	怀念你啊，草原	jianpujia-101359	jianpujia		草原	怀念你啊，草原简谱_孟庆良词/孟庆良曲-免费下载-简谱之家
草原，我思恋的故乡.txt	草原，我思恋的故乡	jianpujia-101905	jianpujia		草原	草原，我思恋的故乡简谱_午耶词/齐峰曲-免费下载-简谱之家
诗的草原_画的草原.txt	诗的草原_画的草原	jianpujia-104118	jianpujia		草原	诗的草原_画的草原简谱_程建林词_崔美子曲-免费下载-简谱之家
多情的月光.txt	多情的月光	jianpujia-10425	jianpujia	正月十五	儿歌	多情的月光简谱(歌词)_正月十五演唱_桃李醉春风记谱-免费下载-简谱之家
草原，我永远的家乡.txt	草原，我永远的家乡	jianpujia-104584	jianpujia		草原	草原，我永远的家乡简谱_阿古拉泰词/陈剑雄曲-免费下载-简谱之家
烟雨.txt	烟雨	jianpujia-10484	jianpujia	小曲儿	儿歌	烟雨简谱(歌词)_小曲儿演唱_桃李醉春风记谱-免费下载-简谱之家
草原，我眷恋的故乡_3.txt	草原，我眷恋的故乡	jianpujia-105725	jianpujia		草原	草原，我眷恋的故乡简谱_张建中词_李延烈曲-免费下载-简谱之家
草原，我眷恋的故乡_6.txt	草原，我眷恋的故乡	jianpujia-105823	jianpujia		草原	草原，我眷恋的故乡简谱_张建中词_逸夫曲-免费下载-简谱之家
草原，我眷恋的故乡_2.txt	草原，我眷恋的故乡	jianpujia-105829	jianpujia		草原	草原，我眷恋的故乡简谱_张建中词_戴阿鹏曲-免费下载-简谱之家
草原，我眷恋的故乡_5.txt	草原，我眷恋的故乡	jianpujia-105833	jianpujia		草原	草原，我眷恋的故乡简谱_张建中词_粱恒杰曲-免费下载-简谱之家
草原，我眷恋的故乡.txt	草原，我眷恋的故乡	jianpujia-105842	jianpujia		草原	草原，我眷恋的故乡简谱_张建中词_严清和曲-免费下载-简谱之家
草原名字_2.txt	草原名字	jianpujia-116335	jianpujia	刘建明	草原	草原名字简谱_刘建明演唱_草原名字创作背景-免费下载-简谱之家
梦永远在草原_2.txt	梦永远在草原	jianpujia-120742	jianpujia		草原	梦永远在草原简谱_草原大哈词/草原丁喜-免费下载-简谱之家
夏夜的红玫瑰.txt	夏夜的红玫瑰	jianpujia-122418	jianpujia		草原	夏夜的红玫瑰简谱_1=F4/4__委婉深情地草原江枫渔火(男)草原龙梅(女)草原丁喜老师(萨克斯伴奏曲)_-免费下载-简谱之家
村居.txt	村居	jianpujia-12594	jianpujia	小海龟	儿歌	村居简谱(歌词)_小海龟演唱组演唱_桃李醉春风记谱-免费下载-简谱之家
春晓.txt	春晓	jianpujia-12596	jianpujia	戴梓伊	儿歌	春晓简谱(歌词)_戴梓伊演唱_桃李醉春风记谱-免费下载-简谱之家
出塞.txt	出塞	jianpujia-12599	jianpujia	小海龟	儿歌	出塞简谱(歌词)_小海龟演唱组演唱_桃李醉春风记谱-免费下载-简谱之家
游子吟.txt	游子吟	jianpujia-12650	jianpujia	小海龟	儿歌	游子吟简谱(歌词)_小海龟演唱组演唱_桃李醉春风记谱-免费下载-简谱之家
一字诗.txt	一字诗	jianpujia-12662	jianpujia	银河少年艺术团	儿歌	一字诗简谱(歌词)_银河少年艺术团演唱_桃李醉春风记谱-免费下载-简谱之家
谷建芬新学堂儿歌系列：长相思.txt	谷建芬新学堂儿歌系列：长相思	jianpujia-12663	jianpujia	银河少年艺术团	儿歌	谷建芬新学堂儿歌系列：长相思简谱(歌词)_银河少年艺术团演唱_桃李醉春风记谱-免费下载-简谱之家
寻胡隐君.txt	寻胡隐君	jianpujia-12665	jianpujia	小海龟	儿歌	寻胡隐君简谱(歌词)_小海龟演唱组演唱_桃李醉春风记谱-免费下载-简谱之家
长歌行.txt	长歌行	jianpujia-12666	jianpujia	银河少年艺术团	儿歌	长歌行简谱(歌词)_银河少年艺术团演唱_桃李醉春风记谱-免费下载-简谱之家
晓窗.txt	晓窗	jianpujia-12667	jianpujia	小海龟	儿歌	晓窗简谱(歌词)_小海龟演唱组演唱_桃李醉春风记谱-免费下载-简谱之家
相思.txt	相思	jianpujia-12669	jianpujia	银河少年艺术团	儿歌	相思简谱(歌词)_银河少年艺术团演唱_桃李醉春风记谱-免费下载-简谱之家
悯农.txt	悯农	jianpujia-12677	jianpujia	中央银河少年艺术团	儿歌	悯农简谱(歌词)_中央银河少年艺术团演唱_桃李醉春风记谱-免费下载-简谱之家
三字经.txt	三字经	jianpujia-12678	jianpujia	金帆合唱团	儿歌	三字经简谱(歌词)_金帆合唱团演唱_桃李醉春风记谱-免费下载-简谱之家
清明.txt	清明	jianpujia-12682	jianpujia	小海龟	儿歌	清明简谱(歌词)_小海龟演唱组演唱_桃李醉春风记谱-免费下载-简谱之家
静夜思.txt	静夜思	jianpujia-12683	jianpujia	小海龟	儿歌	静夜思简谱(歌词)_小海龟演唱组演唱_桃李醉春风记谱-免费下载-简谱之家
谷建芬新学堂儿歌系列：千字文.txt	谷建芬新学堂儿歌系列：千字文	jianpujia-12684	jianpujia		儿歌	谷建芬新学堂儿歌系列：千字文简谱(歌词)_演唱_桃李醉春风记谱-免费下载-简谱之家
七步诗.txt	七步诗	jianpujia-12686	jianpujia	小海龟	儿歌	七步诗简谱(歌词)_小海龟演唱组演唱_桃李醉春风记谱-免费下载-简谱之家
格言联壁.txt	格言联壁	jianpujia-12687	jianpujia	银河少年艺术团	儿歌	格言联壁简谱(歌词)_银河少年艺术团演唱_桃李醉春风记谱-免费下载-简谱之家
明日歌.txt	明日歌	jianpujia-12688	jianpujia	银河少年艺术团	儿歌	明日歌简谱(歌词)_银河少年艺术团演唱_桃李醉春风记谱-免费下载-简谱之家
赋得古原草送别.txt	赋得古原草送别	jianpujia-12689	jianpujia	小海龟	儿歌	赋得古原草送别简谱(歌词)_小海龟演唱组演唱_桃李醉春风记谱-免费下载-简谱之家
读唐诗.txt	读唐诗	jianpujia-12694	jianpujia	金帆合唱团	儿歌	读唐诗简谱(歌词)_金帆合唱团演唱_桃李醉春风记谱-免费下载-简谱之家
弟子规.txt	弟子规	jianpujia-12696	jianpujia	金帆合唱团	儿歌	弟子规简谱(歌词)_金帆合唱团演唱_桃李醉春风记谱-免费下载-简谱之家
登鹳雀楼.txt	登鹳雀楼	jianpujia-12699	jianpujia	小海龟	儿歌	登鹳雀楼简谱(歌词)_小海龟演唱组演唱_桃李醉春风记谱-免费下载-简谱之家
时光隧道.txt	时光隧道	jianpujia-13086	jianpujia	陈奕迅		时光隧道简谱(歌词)_陈奕迅演唱_桃李醉春风记谱-免费下载-简谱之家
钗头凤.txt	钗头凤	jianpujia-13115	jianpujia	薛之谦		钗头凤简谱(歌词)_薛之谦演唱_桃李醉春风记谱-免费下载-简谱之家
增广贤文.txt	增广贤文	jianpujia-13159	jianpujia	小海龟	儿歌	增广贤文简谱(歌词)_小海龟演唱组演唱_桃李醉春风记谱-免费下载-简谱之家
道德经.txt	道德经	jianpujia-13162	jianpujia	小海龟	儿歌	道德经简谱(歌词)_小海龟演唱组演唱_桃李醉春风记谱-免费下载-简谱之家
论语.txt	论语	jianpujia-13165	jianpujia	小海龟	儿歌	论语简谱(歌词)_小海龟演唱组演唱_桃李醉春风记谱-免费下载-简谱之家
声律启蒙.txt	声律启蒙	jianpujia-13169	jianpujia	小海龟	儿歌	声律启蒙简谱(歌词)_小海龟演唱组演唱_桃李醉春风记谱-免费下载-简谱之家
小儿语_2.txt	小儿语	jianpujia-13170	jianpujia	小海龟	儿歌	小儿语简谱(歌词)_小海龟演唱组演唱_桃李醉春风记谱-免费下载-简谱之家
百家姓.txt	百家姓	jianpujia-13171	jianpujia	小海龟	儿歌	百家姓简谱(歌词)_小海龟演唱组演唱_桃李醉春风记谱-免费下载-简谱之家
终于结束的起点.txt	终于结束的起点	jianpujia-13196	jianpujia	五月天		终于结束的起点简谱(歌词)_五月天演唱_桃李醉春风记谱-免费下载-简谱之家
最佳损友.txt	最佳损友	jianpujia-13359	jianpujia	陈奕迅		最佳损友简谱(歌词)_陈奕迅演唱_桃李醉春风记谱-免费下载-简谱之家
红玫瑰.txt	红玫瑰	jianpujia-13525	jianpujia	张碧晨		红玫瑰简谱(歌词)_张碧晨演唱_桃李醉春风记谱-免费下载-简谱之家
草原_3.txt	草原	jianpujia-135505	jianpujia		草原	草原简谱_海哥_词曲-免费下载-简谱之家
芬芳一生.txt	芬芳一生	jianpujia-13622	jianpujia	刘惜君毛不易		芬芳一生简谱(歌词)_刘惜君毛不易演唱_桃李醉春风记谱-免费下载-简谱之家
夏至未至.txt	夏至未至	jianpujia-13763	jianpujia	胡夏		夏至未至简谱(歌词)_胡夏演唱_电视剧_夏至未至_同名主题曲-免费下载-简谱之家
项羽虞姬.txt	项羽虞姬	jianpujia-13823	jianpujia	毛不易		项羽虞姬简谱(歌词)_毛不易演唱__王者荣耀_项羽虞姬英雄主打歌-免费下载-简谱之家
相恋不如失恋.txt	相恋不如失恋	jianpujia-13851	jianpujia	陈瑞王不火		相恋不如失恋简谱(歌词)_陈瑞王不火演唱_桃李醉春风记谱-免费下载-简谱之家
一程山盟一程海誓.txt	一程山盟一程海誓	jianpujia-13860	jianpujia	陈瑞王不火		一程山盟一程海誓简谱(歌词)_陈瑞王不火演唱_桃李醉春风记谱-免费下载-简谱之家
草原，我灵魂回归的天堂.txt	草原，我灵魂回归的天堂	jianpujia-138709	jianpujia		草原	草原，我灵魂回归的天堂简谱_张晓宏词/吴雄曲-免费下载-简谱之家
请记住我.txt	请记住我	jianpujia-13894	jianpujia	毛不易		请记住我简谱(歌词)_毛不易演唱__寻梦环游记_中文主题曲-免费下载-简谱之家
狐狸.txt	狐狸	jianpujia-13895	jianpujia	薛之谦		狐狸简谱(歌词)_薛之谦演唱_桃李醉春风记谱-免费下载-简谱之家
无问.txt	无问	jianpujia-13932	jianpujia	毛不易		无问简谱(歌词)_毛不易演唱_电影_无问西东_宣传曲-免费下载-简谱之家
女儿国.txt	女儿国	jianpujia-14047	jianpujia	张靓颖/李荣浩		女儿国简谱(歌词)_张靓颖/李荣浩演唱_电影_西游记女儿国_主题曲-免费下载-简谱之家
一纸情书.txt	一纸情书	jianpujia-14335	jianpujia	毛不易岳云鹏		一纸情书简谱(歌词)_毛不易岳云鹏演唱_桃李醉春风记谱-免费下载-简谱之家
约定.txt	约定	jianpujia-14374	jianpujia	陈奕迅		约定简谱(歌词)_陈奕迅演唱_桃李醉春风记谱-免费下载-简谱之家
采蘑菇的小姑娘.txt	采蘑菇的小姑娘	jianpujia-14539	jianpujia		儿歌	采蘑菇的小姑娘简谱_多一些淘气，多一些乐趣，多一些自在-免费下载-简谱之家
月亮代表我的心超简单版钢琴.txt	月亮代表我的心超简单版钢琴	jianpujia-148393	jianpujia	邓丽君		月亮代表我的心超简单版钢琴简谱_邓丽君演唱-免费下载-简谱之家
勇敢的鄂伦春钢琴.txt	勇敢的鄂伦春钢琴	jianpujia-148456	jianpujia		民歌	勇敢的鄂伦春钢琴简谱_民歌演唱-免费下载-简谱之家
风铃叮叮当钢琴.txt	风铃叮叮当钢琴	jianpujia-148525	jianpujia		儿歌	风铃叮叮当钢琴简谱_儿歌演唱-免费下载-简谱之家
丑小鸭钢琴_2.txt	丑小鸭钢琴	jianpujia-148573	jianpujia		儿歌	丑小鸭钢琴简谱_儿歌演唱-免费下载-简谱之家
外婆桥钢琴.txt	外婆桥钢琴	jianpujia-148630	jianpujia		儿歌	外婆桥钢琴简谱_儿歌演唱-免费下载-简谱之家
我不愿让你一个人钢琴.txt	我不愿让你一个人钢琴	jianpujia-148641	jianpujia	五月天		我不愿让你一个人钢琴简谱_五月天演唱-免费下载-简谱之家
小城故事钢琴.txt	小城故事钢琴	jianpujia-148668	jianpujia	邓丽君		小城故事钢琴简谱_邓丽君演唱-免费下载-简谱之家
小星星广告版钢琴.txt	小星星广告版钢琴	jianpujia-148698	jianpujia		儿歌	小星星广告版钢琴简谱_儿歌演唱-免费下载-简谱之家
笑忘书钢琴.txt	笑忘书钢琴	jianpujia-148878	jianpujia	李荣浩		笑忘书钢琴简谱_李荣浩演唱-免费下载-简谱之家
江湖钢琴.txt	江湖钢琴	jianpujia-149000	jianpujia	许嵩		江湖钢琴简谱_许嵩演唱-免费下载-简谱之家
我好像在哪见过你钢琴.txt	我好像在哪见过你钢琴	jianpujia-149003	jianpujia	薛之谦		我好像在哪见过你钢琴简谱_薛之谦演唱-免费下载-简谱之家
下雨了钢琴.txt	下雨了钢琴	jianpujia-149011	jianpujia	薛之谦		下雨了钢琴简谱_薛之谦演唱-免费下载-简谱之家
不说钢琴.txt	不说钢琴	jianpujia-149014	jianpujia	李荣浩		不说钢琴简谱_李荣浩演唱-免费下载-简谱之家
火星人来过钢琴.txt	火星人来过钢琴	jianpujia-149077	jianpujia	薛之谦		火星人来过钢琴简谱_薛之谦演唱-免费下载-简谱之家
高尚钢琴.txt	高尚钢琴	jianpujia-149384	jianpujia	薛之谦		高尚钢琴简谱_薛之谦演唱-免费下载-简谱之家
温柔钢琴.txt	温柔钢琴	jianpujia-149406	jianpujia	五月天		温柔钢琴简谱_五月天演唱-免费下载-简谱之家
丑八怪钢琴.txt	丑八怪钢琴	jianpujia-149454	jianpujia	薛之谦		丑八怪钢琴简谱_薛之谦演唱-免费下载-简谱之家
深夜书店钢琴.txt	深夜书店钢琴	jianpujia-149467	jianpujia	许嵩 洛天依		深夜书店钢琴简谱_许嵩_洛天依演唱-免费下载-简谱之家
动物世界钢琴.txt	动物世界钢琴	jianpujia-149543	jianpujia	薛之谦		动物世界钢琴简谱_薛之谦演唱-免费下载-简谱之家
王子公主钢琴.txt	王子公主钢琴	jianpujia-149547	jianpujia	薛之谦 张信哲		王子公主钢琴简谱_薛之谦_张信哲演唱-免费下载-简谱之家
暧昧钢琴.txt	暧昧钢琴	jianpujia-149618	jianpujia	薛之谦		暧昧钢琴简谱_薛之谦演唱-免费下载-简谱之家
天黑黑钢琴.txt	天黑黑钢琴	jianpujia-149626	jianpujia	邓丽君		天黑黑钢琴简谱_邓丽君演唱-免费下载-简谱之家
北国之春钢琴.txt	北国之春钢琴	jianpujia-149644	jianpujia	邓丽君		北国之春钢琴简谱_邓丽君演唱-免费下载-简谱之家
木瓜恰恰恰钢琴.txt	木瓜恰恰恰钢琴	jianpujia-149655	jianpujia		儿歌	木瓜恰恰恰钢琴简谱_儿歌演唱-免费下载-简谱之家
为了遇见你钢琴.txt	为了遇见你钢琴	jianpujia-149662	jianpujia	薛之谦		为了遇见你钢琴简谱_薛之谦演唱-免费下载-简谱之家
我害怕钢琴.txt	我害怕钢琴	jianpujia-149708	jianpujia	薛之谦		我害怕钢琴简谱_薛之谦演唱-免费下载-简谱之家
来日方长钢琴.txt	来日方长钢琴	jianpujia-149762	jianpujia	薛之谦 黄龄		来日方长钢琴简谱_薛之谦_黄龄演唱-免费下载-简谱之家
有没有钢琴.txt	有没有钢琴	jianpujia-149956	jianpujia	薛之谦		有没有钢琴简谱_薛之谦演唱-免费下载-简谱之家
就这样钢琴.txt	就这样钢琴	jianpujia-149960	jianpujia	李荣浩		就这样钢琴简谱_李荣浩演唱-免费下载-简谱之家
等我回家钢琴.txt	等我回家钢琴	jianpujia-149977	jianpujia	薛之谦		等我回家钢琴简谱_薛之谦演唱-免费下载-简谱之家
夏至未至钢琴.txt	夏至未至钢琴	jianpujia-149986	jianpujia	胡夏		夏至未至钢琴简谱_胡夏演唱-免费下载-简谱之家
深深爱过你钢琴.txt	深深爱过你钢琴	jianpujia-150016	jianpujia	薛之谦		深深爱过你钢琴简谱_薛之谦演唱-免费下载-简谱之家
旅行钢琴.txt	旅行钢琴	jianpujia-150100	jianpujia	许巍		旅行钢琴简谱_许巍演唱-免费下载-简谱之家
裙姊钢琴.txt	裙姊钢琴	jianpujia-150115	jianpujia	李荣浩		裙姊钢琴简谱_李荣浩演唱-免费下载-简谱之家
方圆几里钢琴.txt	方圆几里钢琴	jianpujia-150136	jianpujia	薛之谦		方圆几里钢琴简谱_薛之谦演唱-免费下载-简谱之家
生日快乐完整好听版钢琴.txt	生日快乐完整好听版钢琴	jianpujia-150149	jianpujia		儿歌	生日快乐完整好听版钢琴简谱_儿歌演唱-免费下载-简谱之家
燕归巢钢琴.txt	燕归巢钢琴	jianpujia-150162	jianpujia	许嵩		燕归巢钢琴简谱_许嵩演唱-免费下载-简谱之家
将军令钢琴.txt	将军令钢琴	jianpujia-150237	jianpujia	五月天		将军令钢琴简谱_五月天演唱-免费下载-简谱之家
断桥残雪钢琴.txt	断桥残雪钢琴	jianpujia-150254	jianpujia	许嵩		断桥残雪钢琴简谱_许嵩演唱-免费下载-简谱之家
冷雨夜钢琴.txt	冷雨夜钢琴	jianpujia-150255	jianpujia	Beyond		冷雨夜钢琴简谱_Beyond演唱-免费下载-简谱之家
Beyond_Rangoon_Waters_of_Irrawaddy钢琴.txt	Beyond_Rangoon_Waters_of_Irrawaddy钢琴	jianpujia-150279	jianpujia	马克西姆		Beyond_Rangoon_Waters_of_Irrawaddy钢琴简谱_马克西姆演唱-免费下载-简谱之家
一半钢琴.txt	一半钢琴	jianpujia-150281	jianpujia	薛之谦		一半钢琴简谱_薛之谦演唱-免费下载-简谱之家
好好钢琴.txt	好好钢琴	jianpujia-150317	jianpujia	五月天		好好(想把你写成一首歌)钢琴简谱_五月天演唱-免费下载-简谱之家
恭喜恭喜钢琴.txt	恭喜恭喜钢琴	jianpujia-150326	jianpujia	邓丽君		恭喜恭喜钢琴简谱_邓丽君演唱-免费下载-简谱之家
但愿人长久钢琴.txt	但愿人长久钢琴	jianpujia-150360	jianpujia	邓丽君		但愿人长久钢琴简谱_邓丽君演唱-免费下载-简谱之家
你怎么说钢琴.txt	你怎么说钢琴	jianpujia-150365	jianpujia	邓丽君		你怎么说钢琴简谱_邓丽君演唱-免费下载-简谱之家
拥抱钢琴.txt	拥抱钢琴	jianpujia-150412	jianpujia	五月天		拥抱钢琴简谱_五月天演唱-免费下载-简谱之家
绅士钢琴.txt	绅士钢琴	jianpujia-150415	jianpujia	薛之谦		绅士钢琴简谱_薛之谦演唱-免费下载-简谱之家
海阔天空伴奏版钢琴.txt	海阔天空伴奏版钢琴	jianpujia-150416	jianpujia	Beyond		海阔天空伴奏版钢琴简谱_Beyond演唱-免费下载-简谱之家
突然好想你钢琴.txt	突然好想你钢琴	jianpujia-150427	jianpujia	五月天		突然好想你钢琴简谱_五月天演唱-免费下载-简谱之家
李白钢琴.txt	李白钢琴	jianpujia-150454	jianpujia	李荣浩		李白钢琴简谱_李荣浩演唱-免费下载-简谱之家
你还要我怎样钢琴.txt	你还要我怎样钢琴	jianpujia-150489	jianpujia	薛之谦		你还要我怎样钢琴简谱_薛之谦演唱-免费下载-简谱之家
美酒加咖啡钢琴.txt	美酒加咖啡钢琴	jianpujia-150581	jianpujia	邓丽君		美酒加咖啡钢琴简谱_邓丽君演唱-免费下载-简谱之家
刚刚好钢琴.txt	刚刚好钢琴	jianpujia-150582	jianpujia	薛之谦		刚刚好钢琴简谱_薛之谦演唱-免费下载-简谱之家
一程山路钢琴.txt	一程山路钢琴	jianpujia-150629	jianpujia	毛不易		一程山路钢琴简谱_毛不易演唱-免费下载-简谱之家
庐州月完美版钢琴.txt	庐州月完美版钢琴	jianpujia-150660	jianpujia	许嵩 Vae		庐州月完美版钢琴简谱_许嵩__Vae演唱-免费下载-简谱之家
消愁钢琴.txt	消愁钢琴	jianpujia-150692	jianpujia	毛不易		消愁钢琴简谱_毛不易演唱-免费下载-简谱之家
二零三钢琴.txt	二零三钢琴	jianpujia-150712	jianpujia	毛不易		二零三钢琴简谱_毛不易演唱-免费下载-简谱之家
像风一样钢琴.txt	像风一样钢琴	jianpujia-150721	jianpujia	薛之谦		像风一样钢琴简谱_薛之谦演唱-免费下载-简谱之家
像我这样的人钢琴.txt	像我这样的人钢琴	jianpujia-150727	jianpujia	毛不易		像我这样的人钢琴简谱_毛不易演唱-免费下载-简谱之家
渡钢琴.txt	渡钢琴	jianpujia-150766	jianpujia	薛之谦		渡钢琴简谱_薛之谦演唱-免费下载-简谱之家
其实钢琴.txt	其实钢琴	jianpujia-151373	jianpujia	薛之谦		其实钢琴简谱_薛之谦演唱-免费下载-简谱之家
慢半拍钢琴.txt	慢半拍钢琴	jianpujia-151387	jianpujia	薛之谦		慢半拍钢琴简谱_薛之谦演唱-免费下载-简谱之家
风从哪里来.txt	风从哪里来	jianpujia-151567	jianpujia	邓丽君		风从哪里来（电影_风从哪里来_主题曲）简谱_邓丽君演唱_岭南印象制作曲谱-免费下载-简谱之家
逍遥自在_2.txt	逍遥自在	jianpujia-152000	jianpujia	邓丽君		逍遥自在简谱_邓丽君演唱_曲水悠悠制作曲谱-免费下载-简谱之家
Its_Happening钢琴.txt	Its_Happening钢琴	jianpujia-152040	jianpujia	World Beyond		Its_Happening钢琴简谱_World_Beyond演唱-免费下载-简谱之家
独上西楼钢琴.txt	独上西楼钢琴	jianpujia-152049	jianpujia	邓丽君		独上西楼钢琴简谱_邓丽君演唱-免费下载-简谱之家
One_Final_Chance钢琴.txt	One_Final_Chance钢琴	jianpujia-152051	jianpujia	World Beyond		One_Final_Chance钢琴简谱_World_Beyond演唱-免费下载-简谱之家
月亮代表我的心钢琴.txt	月亮代表我的心钢琴	jianpujia-152089	jianpujia	邓丽君		月亮代表我的心钢琴简谱_邓丽君演唱-免费下载-简谱之家
给你给我钢琴.txt	给你给我钢琴	jianpujia-152124	jianpujia	毛不易		给你给我钢琴简谱_毛不易演唱-免费下载-简谱之家
拔萝卜.txt	拔萝卜	jianpujia-15218	jianpujia		儿歌	拔萝卜简谱_儿歌_留给童年的记忆-免费下载-简谱之家
喜欢你钢琴.txt	喜欢你钢琴	jianpujia-152246	jianpujia	Beyond		喜欢你钢琴简谱_Beyond演唱-免费下载-简谱之家
多少黎明多少黄昏.txt	多少黎明多少黄昏	jianpujia-153587	jianpujia	邓丽君		多少黎明多少黄昏简谱(歌词)_邓丽君演唱__Z.E.Z.曲谱-免费下载-简谱之家
江水要比河水长.txt	江水要比河水长	jianpujia-153597	jianpujia	邓丽君		江水要比河水长简谱(歌词)_邓丽君演唱_Z.E.Z曲谱-免费下载-简谱之家
望着天空的女孩.txt	望着天空的女孩	jianpujia-153599	jianpujia	邓丽君		望着天空的女孩简谱(歌词)_邓丽君演唱_Z.E.Z曲谱-免费下载-简谱之家
情湖.txt	情湖	jianpujia-154154	jianpujia	邓丽君		情湖简谱(歌词)_邓丽君演唱__王wzh曲谱-免费下载-简谱之家
摇篮曲.txt	摇篮曲	jianpujia-15532	jianpujia		儿歌	摇篮曲简谱_舒伯特_渗透进灵魂的温暖吟唱,放松疲惫-免费下载-简谱之家
我的好妈妈.txt	我的好妈妈	jianpujia-15536	jianpujia		儿歌	我的好妈妈简谱_儿歌_和宝贝一起学首儿歌吧!-免费下载-简谱之家
小红帽.txt	小红帽	jianpujia-15548	jianpujia		儿歌	小红帽简谱_儿歌_小红帽的故事-免费下载-简谱之家
新年好.txt	新年好	jianpujia-15563	jianpujia		儿歌	新年好简谱_儿歌_一份真诚的祝福，祝您新年快乐-免费下载-简谱之家
小白船_2.txt	小白船	jianpujia-15564	jianpujia		儿歌	小白船简谱_儿歌_朝鲜童谣一代人童年的回忆-免费下载-简谱之家
每当我走过老师窗前.txt	每当我走过老师窗前	jianpujia-15574	jianpujia		儿歌	每当我走过老师窗前简谱_儿歌_对老师崇敬热爱之情的歌曲-免费下载-简谱之家
蜗牛与黄鹂鸟_2.txt	蜗牛与黄鹂鸟	jianpujia-15619	jianpujia		儿歌	蜗牛与黄鹂鸟简谱_儿歌_阿黄阿黄鹂鸟不要笑-免费下载-简谱之家
草原情歌草原姑娘唱.txt	草原情歌草原姑娘唱	jianpujia-156729	jianpujia		草原	草原情歌草原姑娘唱简谱_杨子歌曲_赵伟zhaowei上传-免费下载-简谱之家
鲁冰花.txt	鲁冰花	jianpujia-15690	jianpujia		儿歌	鲁冰花简谱儿歌_歌颂母爱的经典-免费下载-简谱之家
外婆的澎湖湾_2.txt	外婆的澎湖湾	jianpujia-15737	jianpujia		儿歌	外婆的澎湖湾简谱_卓依婷_澎湖湾的情怀-免费下载-简谱之家
春天在哪里.txt	春天在哪里	jianpujia-15770	jianpujia		儿歌	春天在哪里简谱_儿歌_快来儿歌里找春天-免费下载-简谱之家
未命名-jianpujia-15773.txt	未命名-jianpujia-15773	jianpujia-15773	jianpujia		儿歌	小燕子简谱_儿歌经典何以不朽-免费下载-简谱之家
小兔子乖乖.txt	小兔子乖乖	jianpujia-15776	jianpujia		儿歌	小兔子乖乖简谱_儿歌_妈妈没回来_谁来也不开-免费下载-简谱之家
祝你生日快乐.txt	祝你生日快乐	jianpujia-15824	jianpujia		儿歌	祝你生日快乐简谱_儿歌_其实一开始唱的并不是祝你生日快乐-免费下载-简谱之家
一闪一闪亮晶晶.txt	一闪一闪亮晶晶	jianpujia-15829	jianpujia		儿歌	一闪一闪亮晶晶简谱_一闪一闪亮晶晶，满天都是小星星-免费下载-简谱之家
生日快乐.txt	生日快乐	jianpujia-15833	jianpujia		儿歌	生日快乐简谱_儿歌_史上性价比最高的歌，学会一次受用终生-免费下载-简谱之家
生日快乐_2.txt	生日快乐	jianpujia-15835	jianpujia		儿歌	生日快乐简谱_儿歌_唱着祝你生日快乐的歌向你走近，表达我的祈愿-免费下载-简谱之家
世上只有妈妈好_3.txt	世上只有妈妈好	jianpujia-15837	jianpujia		儿歌	世上只有妈妈好简谱_儿歌_献给所有母亲-免费下载-简谱之家
谱_2.txt	谱	jianpujia-15844	jianpujia		儿歌	虫儿飞简谱_儿歌_你以为这首就是正儿八经的儿歌了-免费下载-简谱之家
两.txt	两	jianpujia-15847	jianpujia		儿歌	两只老虎简谱_儿歌_惊呆了两只老虎背后竟然有这样的故事-免费下载-简谱之家
谁_3.txt	谁	jianpujia-16808	jianpujia	毛不易/廖俊涛		谁简谱_毛不易/廖俊涛演唱_孙世彦曲谱-免费下载-简谱之家
向日葵.txt	向日葵	jianpujia-17815	jianpujia	邓丽君		向日葵简谱(歌词)_邓丽君演唱_君羊曲谱-免费下载-简谱之家
春风吻上我的脸.txt	春风吻上我的脸	jianpujia-17817	jianpujia	邓丽君		春风吻上我的脸简谱(歌词)_邓丽君演唱_君羊曲谱-免费下载-简谱之家
你可知道我爱谁.txt	你可知道我爱谁	jianpujia-17844	jianpujia	邓丽君		你可知道我爱谁简谱(歌词)_邓丽君演唱_君羊曲谱-免费下载-简谱之家
但愿人长久.txt	但愿人长久	jianpujia-17890	jianpujia	邓丽君		但愿人长久简谱(歌词)_邓丽君演唱_君羊曲谱-免费下载-简谱之家
迎春花.txt	迎春花	jianpujia-17907	jianpujia	林淑娟		迎春花简谱(歌词)_林淑娟演唱_君羊曲谱-免费下载-简谱之家
相见不如怀念.txt	相见不如怀念	jianpujia-17931	jianpujia	邓丽君		相见不如怀念简谱(歌词)_邓丽君演唱_君羊曲谱-免费下载-简谱之家
九儿.txt	九儿	jianpujia-17963	jianpujia	胡莎莎	儿歌	九儿简谱(歌词)_胡莎莎演唱_君羊曲谱-免费下载-简谱之家
我怎能离开你.txt	我怎能离开你	jianpujia-17996	jianpujia	邓丽君		我怎能离开你简谱(歌词)_邓丽君演唱_君羊曲谱-免费下载-简谱之家
你怎么说.txt	你怎么说	jianpujia-17999	jianpujia	邓丽君		你怎么说简谱(歌词)_邓丽君演唱_君羊曲谱-免费下载-简谱之家
只要你心里有我.txt	只要你心里有我	jianpujia-18031	jianpujia	邓丽君		只要你心里有我简谱(歌词)_邓丽君演唱_君羊曲谱-免费下载-简谱之家
美酒加咖啡.txt	美酒加咖啡	jianpujia-18077	jianpujia	邓丽君		美酒加咖啡简谱(歌词)_邓丽君演唱_君羊曲谱-免费下载-简谱之家
往事只能回味.txt	往事只能回味	jianpujia-18100	jianpujia	邓丽君		往事只能回味简谱(歌词)_邓丽君演唱_君羊曲谱-免费下载-简谱之家
甜蜜蜜.txt	甜蜜蜜	jianpujia-18110	jianpujia	邓丽君		甜蜜蜜简谱(歌词)_邓丽君演唱_君羊曲谱-免费下载-简谱之家
月亮代表我的心.txt	月亮代表我的心	jianpujia-18142	jianpujia	邓丽君		月亮代表我的心简谱(歌词)_邓丽君演唱_君羊曲谱-免费下载-简谱之家
小城故事_3.txt	小城故事	jianpujia-18149	jianpujia	邓丽君		小城故事简谱(歌词)_邓丽君演唱_君羊曲谱-免费下载-简谱之家
几多愁.txt	几多愁	jianpujia-18163	jianpujia	邓丽君		几多愁简谱(歌词)_邓丽君演唱_君羊曲谱-免费下载-简谱之家
女儿歌.txt	女儿歌	jianpujia-18259	jianpujia	谭晶	儿歌	女儿歌简谱(歌词)_谭晶演唱_王wzh曲谱-免费下载-简谱之家
北京有个金太阳.txt	北京有个金太阳	jianpujia-18261	jianpujia		儿歌	北京有个金太阳简谱(歌词)_儿歌演唱_王wzh曲谱-免费下载-简谱之家
北京的金山上.txt	北京的金山上	jianpujia-18265	jianpujia		儿歌	北京的金山上简谱(歌词)_儿歌_王wzh曲谱-免费下载-简谱之家
阵阵春风柔.txt	阵阵春风柔	jianpujia-18337	jianpujia	邓丽君		阵阵春风柔简谱(歌词)_邓丽君演唱_王wzh曲谱-免费下载-简谱之家
初恋的地方_2.txt	初恋的地方	jianpujia-18344	jianpujia	邓丽君		初恋的地方简谱(歌词)_邓丽君演唱_王wzh曲谱-免费下载-简谱之家
心事知多少_2.txt	心事知多少	jianpujia-18346	jianpujia	邓丽君		心事知多少简谱(歌词)_邓丽君演唱_王wzh曲谱-免费下载-简谱之家
你在我梦里.txt	你在我梦里	jianpujia-18347	jianpujia	邓丽君		你在我梦里简谱(歌词)_邓丽君演唱_王wzh曲谱-免费下载-简谱之家
妈妈呼唤你.txt	妈妈呼唤你	jianpujia-18349	jianpujia	邓丽君		妈妈呼唤你简谱(歌词)_邓丽君演唱_王wzh曲谱-免费下载-简谱之家
小小的秘密.txt	小小的秘密	jianpujia-18352	jianpujia	邓丽君		小小的秘密简谱(歌词)_邓丽君演唱_王wzh曲谱-免费下载-简谱之家
梦向何处寻.txt	梦向何处寻	jianpujia-18353	jianpujia	邓丽君		梦向何处寻简谱(歌词)_邓丽君演唱_王wzh曲谱-免费下载-简谱之家
心里多轻松.txt	心里多轻松	jianpujia-18355	jianpujia	邓丽君		心里多轻松简谱(歌词)_邓丽君演唱_王wzh曲谱-免费下载-简谱之家
难忘的一天.txt	难忘的一天	jianpujia-18356	jianpujia	邓丽君		难忘的一天简谱(歌词)_邓丽君演唱_王wzh曲谱-免费下载-简谱之家
一个小心愿.txt	一个小心愿	jianpujia-18361	jianpujia	邓丽君		一个小心愿简谱(歌词)_邓丽君演唱_王wzh曲谱-免费下载-简谱之家
爱在我心中.txt	爱在我心中	jianpujia-18362	jianpujia	邓丽君		爱在我心中简谱(歌词)_邓丽君演唱_王wzh曲谱-免费下载-简谱之家
伴你走天涯.txt	伴你走天涯	jianpujia-18364	jianpujia	邓丽君		伴你走天涯简谱(歌词)_邓丽君演唱_王wzh曲谱-免费下载-简谱之家
难忘的眼睛.txt	难忘的眼睛	jianpujia-18365	jianpujia	邓丽君		难忘的眼睛简谱(歌词)_邓丽君演唱_王wzh曲谱-免费下载-简谱之家
寂寞的花季.txt	寂寞的花季	jianpujia-18366	jianpujia	邓丽君		寂寞的花季简谱(歌词)_邓丽君演唱_王wzh曲谱-免费下载-简谱之家
彩霞回来吧.txt	彩霞回来吧	jianpujia-18367	jianpujia	邓丽君		彩霞回来吧简谱(歌词)_邓丽君演唱_王wzh曲谱-免费下载-简谱之家
你是否知道.txt	你是否知道	jianpujia-18369	jianpujia	邓丽君		你是否知道简谱(歌词)_邓丽君演唱_王wzh曲谱-免费下载-简谱之家
漫步人生路.txt	漫步人生路	jianpujia-18371	jianpujia	邓丽君		漫步人生路简谱(歌词)_邓丽君演唱_王wzh曲谱-免费下载-简谱之家
风霜伴我行.txt	风霜伴我行	jianpujia-18372	jianpujia	邓丽君		风霜伴我行简谱(歌词)_邓丽君演唱_王wzh曲谱-免费下载-简谱之家
一水隔天涯.txt	一水隔天涯	jianpujia-18374	jianpujia	邓丽君		一水隔天涯简谱(歌词)_邓丽君演唱_王wzh曲谱-免费下载-简谱之家
寄语多情人.txt	寄语多情人	jianpujia-18376	jianpujia	邓丽君		寄语多情人简谱(歌词)_邓丽君演唱_王wzh曲谱-免费下载-简谱之家
你为何不说.txt	你为何不说	jianpujia-18378	jianpujia	邓丽君		你为何不说简谱(歌词)_邓丽君演唱_王wzh曲谱-免费下载-简谱之家
想把情人留.txt	想把情人留	jianpujia-18380	jianpujia	邓丽君		想把情人留简谱(歌词)_邓丽君演唱_王wzh曲谱-免费下载-简谱之家
不管你是谁.txt	不管你是谁	jianpujia-18382	jianpujia	邓丽君		不管你是谁简谱(歌词)_邓丽君演唱_王wzh曲谱-免费下载-简谱之家
爱像一首歌.txt	爱像一首歌	jianpujia-18395	jianpujia	邓丽君		爱像一首歌简谱(歌词)_邓丽君演唱_王wzh曲谱-免费下载-简谱之家
龙文.txt	龙文	jianpujia-18403	jianpujia	谭晶、陈奕迅		龙文简谱(歌词)_谭晶、陈奕迅演唱_王wzh曲谱-免费下载-简谱之家
失去的春天.txt	失去的春天	jianpujia-18602	jianpujia	邓丽君		失去的春天简谱(歌词)_邓丽君演唱_王wzh曲谱-免费下载-简谱之家
想你想断肠.txt	想你想断肠	jianpujia-18630	jianpujia	邓丽君		想你想断肠简谱(歌词)_邓丽君演唱_王wzh曲谱-免费下载-简谱之家
小媳妇回娘家.txt	小媳妇回娘家	jianpujia-18683	jianpujia	邓丽君		小媳妇回娘家简谱(歌词)_邓丽君演唱_王wzh曲谱-免费下载-简谱之家
你我相伴左右.txt	你我相伴左右	jianpujia-18684	jianpujia	邓丽君		你我相伴左右简谱(歌词)_邓丽君演唱_王wzh曲谱-免费下载-简谱之家
要去遥远的地方.txt	要去遥远的地方	jianpujia-18733	jianpujia	邓丽君		要去遥远的地方简谱(歌词)_邓丽君演唱_王wzh曲谱-免费下载-简谱之家
泪的小雨.txt	泪的小雨	jianpujia-18738	jianpujia	邓丽君		泪的小雨简谱(歌词)_邓丽君演唱_王wzh曲谱-免费下载-简谱之家
山茶花.txt	山茶花	jianpujia-18765	jianpujia	邓丽君		山茶花简谱(歌词)_邓丽君演唱_王wzh曲谱-免费下载-简谱之家
情话.txt	情话	jianpujia-18867	jianpujia	邓丽君		情话简谱(歌词)_邓丽君演唱_王wzh曲谱-免费下载-简谱之家
问彩霞.txt	问彩霞	jianpujia-18870	jianpujia	邓丽君		问彩霞简谱(歌词)_邓丽君演唱_王wzh曲谱-免费下载-简谱之家
追梦.txt	追梦	jianpujia-18873	jianpujia	邓丽君		追梦简谱(歌词)_邓丽君演唱_王wzh曲谱-免费下载-简谱之家
爱情.txt	爱情	jianpujia-18875	jianpujia	邓丽君		爱情简谱(歌词)_邓丽君演唱_王wzh曲谱-免费下载-简谱之家
娘心.txt	娘心	jianpujia-18876	jianpujia	邓丽君		娘心简谱(歌词)_邓丽君演唱_王wzh曲谱-免费下载-简谱之家
爱雨.txt	爱雨	jianpujia-18877	jianpujia	邓丽君		爱雨简谱(歌词)_邓丽君演唱_王wzh曲谱-免费下载-简谱之家
爱人.txt	爱人	jianpujia-18878	jianpujia	邓丽君		爱人简谱(歌词)_邓丽君演唱_王wzh曲谱-免费下载-简谱之家
别离.txt	别离	jianpujia-18879	jianpujia	邓丽君		别离简谱(歌词)_邓丽君演唱_王wzh曲谱-免费下载-简谱之家
小路.txt	小路	jianpujia-18880	jianpujia	邓丽君		小路简谱(歌词)_邓丽君演唱_王wzh曲谱-免费下载-简谱之家
轻风.txt	轻风	jianpujia-18881	jianpujia	邓丽君		轻风简谱(歌词)_邓丽君演唱_王wzh曲谱-免费下载-简谱之家
海风.txt	海风	jianpujia-18887	jianpujia	邓丽君		海风简谱(歌词)_邓丽君演唱_王wzh曲谱-免费下载-简谱之家
情谜.txt	情谜	jianpujia-18916	jianpujia	邓丽君		情谜简谱(歌词)_邓丽君演唱_王wzh曲谱-免费下载-简谱之家
惜别.txt	惜别	jianpujia-18918	jianpujia	邓丽君		惜别简谱(歌词)_邓丽君演唱_王wzh曲谱-免费下载-简谱之家
奈何.txt	奈何	jianpujia-18920	jianpujia	邓丽君		奈何简谱(歌词)_邓丽君演唱_王wzh曲谱-免费下载-简谱之家
挥别.txt	挥别	jianpujia-18921	jianpujia	邓丽君		挥别简谱(歌词)_邓丽君演唱_王wzh曲谱-免费下载-简谱之家
遗忘.txt	遗忘	jianpujia-18922	jianpujia	邓丽君		遗忘简谱(歌词)_邓丽君演唱_王wzh曲谱-免费下载-简谱之家
心事.txt	心事	jianpujia-18923	jianpujia	邓丽君		心事简谱(歌词)_邓丽君演唱_王wzh曲谱-免费下载-简谱之家
云河.txt	云河	jianpujia-18934	jianpujia	邓丽君		云河简谱(歌词)_邓丽君演唱_王wzh曲谱-免费下载-简谱之家
夜色.txt	夜色	jianpujia-18936	jianpujia	邓丽君		夜色简谱(歌词)_邓丽君演唱_王wzh曲谱-免费下载-简谱之家
秋光.txt	秋光	jianpujia-18948	jianpujia	邓丽君		秋光简谱(歌词)_邓丽君演唱_王wzh曲谱-免费下载-简谱之家
爱慕.txt	爱慕	jianpujia-18956	jianpujia	邓丽君		爱慕简谱(歌词)_邓丽君演唱_王wzh曲谱-免费下载-简谱之家
海韵.txt	海韵	jianpujia-18959	jianpujia	邓丽君		海韵简谱(歌词)_邓丽君演唱_王wzh曲谱-免费下载-简谱之家
良夜.txt	良夜	jianpujia-18971	jianpujia	邓丽君		良夜简谱(歌词)_邓丽君演唱_王wzh曲谱-免费下载-简谱之家
凝望.txt	凝望	jianpujia-18972	jianpujia	邓丽君		凝望简谱(歌词)_邓丽君演唱_王wzh曲谱-免费下载-简谱之家
梅娘曲.txt	梅娘曲	jianpujia-18976	jianpujia	殷秀梅	儿歌	梅娘曲简谱(歌词)_殷秀梅演唱_王wzh曲谱-免费下载-简谱之家
旅愁.txt	旅愁	jianpujia-18985	jianpujia	邓丽君		旅愁简谱(歌词)_邓丽君演唱_王wzh曲谱-免费下载-简谱之家
是否.txt	是否	jianpujia-18988	jianpujia	邓丽君		是否简谱(歌词)_邓丽君演唱_王wzh曲谱-免费下载-简谱之家
星_2.txt	星	jianpujia-19023	jianpujia	邓丽君		星简谱(歌词)_邓丽君演唱_王wzh曲谱-免费下载-简谱之家
船歌.txt	船歌	jianpujia-19024	jianpujia	邓丽君		船歌简谱(歌词)_邓丽君演唱_王wzh曲谱-免费下载-简谱之家
梦_2.txt	梦	jianpujia-19025	jianpujia	邓丽君		梦简谱(歌词)_邓丽君演唱_王wzh曲谱-免费下载-简谱之家
诗意.txt	诗意	jianpujia-19026	jianpujia	邓丽君		诗意简谱(歌词)_邓丽君演唱_王wzh曲谱-免费下载-简谱之家
乡间小路.txt	乡间小路	jianpujia-19488	jianpujia		儿歌	乡间小路简谱_蔡琴_晚霞照亮了我们回家时的路-免费下载-简谱之家
月亮巴巴.txt	月亮巴巴	jianpujia-19592	jianpujia		儿歌	月亮巴巴简谱(歌词)_儿歌_谱友郑工1944上传-免费下载-简谱之家
像我这样的人.txt	像我这样的人	jianpujia-19962	jianpujia	刘宇宁		像我这样的人简谱(歌词)_刘宇宁演唱_momoliu曲谱-免费下载-简谱之家
万家灯火.txt	万家灯火	jianpujia-19970	jianpujia	邓丽君		万家灯火简谱(歌词)_邓丽君演唱_momoliu曲谱-免费下载-简谱之家
梅花.txt	梅花	jianpujia-20465	jianpujia	邓丽君		梅花简谱(歌词)_邓丽君演唱_岭南印象曲谱-免费下载-简谱之家
我们要做雷锋式的好少年_2.txt	我们要做雷锋式的好少年	jianpujia-20491	jianpujia		儿歌	我们要做雷锋式的好少年简谱(歌词)_儿歌_小弩曲谱-免费下载-简谱之家
彩霞归来吧.txt	彩霞归来吧	jianpujia-20884	jianpujia	邓丽君		彩霞归来吧简谱(歌词)_邓丽君演唱_岭南印象曲谱-免费下载-简谱之家
兔子跳跳跳.txt	兔子跳跳跳	jianpujia-21023	jianpujia		儿歌	兔子跳跳跳简谱(歌词)_儿歌演唱_谱友天恩上传-免费下载-简谱之家
我是祖国好娃娃.txt	我是祖国好娃娃	jianpujia-21028	jianpujia	儿童歌曲	儿歌	我是祖国好娃娃简谱(歌词)_儿童歌曲演唱_谱友天恩上传-免费下载-简谱之家
怀念呼盟草原李一泉词于珂群曲.txt	怀念呼盟草原李一泉词于珂群曲	jianpujia-210468	jianpujia		草原	怀念呼盟草原李一泉词于珂群曲怀念呼盟草原李一泉词_于珂群曲简谱-免费下载-简谱之家
草原的味道李秀军词张艺军曲.txt	草原的味道李秀军词张艺军曲	jianpujia-211190	jianpujia		草原	草原的味道李秀军词张艺军曲草原的味道李秀军词_张艺军曲简谱-免费下载-简谱之家
草原的母亲河蔡丽双词林文斌曲.txt	草原的母亲河蔡丽双词林文斌曲	jianpujia-212501	jianpujia		草原	草原的母亲河蔡丽双词林文斌曲草原的母亲河蔡丽双词_林文斌曲简谱-免费下载-简谱之家
草原啊草原.txt	草原啊草原	jianpujia-212698	jianpujia		草原	草原啊草原简谱-免费下载-简谱之家
美丽的草原谢淑清词雷晓峰曲.txt	美丽的草原谢淑清词雷晓峰曲	jianpujia-214254	jianpujia		草原	美丽的草原谢淑清词雷晓峰曲美丽的草原谢淑清词_雷晓峰曲简谱-免费下载-简谱之家
第三极.txt	第三极	jianpujia-21574	jianpujia	许巍		第三极简谱_许巍演唱_孙世彦曲谱-免费下载-简谱之家
难忘的一天_2.txt	难忘的一天	jianpujia-21579	jianpujia	许巍		难忘的一天简谱_许巍演唱_孙世彦曲谱-免费下载-简谱之家
心在草原王春明词姜振曲.txt	心在草原王春明词姜振曲	jianpujia-216188	jianpujia		草原	心在草原王春明词姜振曲心在草原王春明词_姜振曲简谱-免费下载-简谱之家
把爱留在草原高佳词车若娟曲_2.txt	把爱留在草原高佳词车若娟曲	jianpujia-217566	jianpujia		草原	把爱留在草原高佳词车若娟曲_把爱留在草原高佳词_车若娟曲简谱-免费下载-简谱之家
我们是快乐的好朋友_2.txt	我们是快乐的好朋友	jianpujia-21911	jianpujia		儿歌	我们是快乐的好朋友简谱(歌词)_儿歌_暖儿曲谱-免费下载-简谱之家
那时的我们_2.txt	那时的我们	jianpujia-21924	jianpujia	毛不易		那时的我们简谱_毛不易演唱_桃李醉春风曲谱-免费下载-简谱之家
空谷幽兰.txt	空谷幽兰	jianpujia-21944	jianpujia	许巍		空谷幽兰简谱_许巍演唱_孙世彦制谱-免费下载-简谱之家
温柔_2.txt	温柔	jianpujia-21957	jianpujia	五月天		温柔简谱_五月天演唱_孙世彦制谱-免费下载-简谱之家
茉莉花_2.txt	茉莉花	jianpujia-21973	jianpujia		儿歌	茉莉花简谱_小荧星合唱团_好一朵美丽的茉莉花-免费下载-简谱之家
安眠药.txt	安眠药	jianpujia-22004	jianpujia	张禄籴		安眠药简谱_张禄籴演唱_孙世彦制谱-免费下载-简谱之家
老街.txt	老街	jianpujia-22025	jianpujia	李荣浩		老街简谱_李荣浩演唱_孙世彦制谱-免费下载-简谱之家
李白_2.txt	李白	jianpujia-22027	jianpujia	李荣浩		李白简谱_李荣浩演唱_孙世彦制谱-免费下载-简谱之家
好久不见_3.txt	好久不见	jianpujia-22155	jianpujia	陈奕迅		好久不见简谱_陈奕迅演唱_孙世彦制谱-免费下载-简谱之家
丑八怪.txt	丑八怪	jianpujia-22364	jianpujia	薛之谦		丑八怪简谱_薛之谦演唱_孙世彦制谱-免费下载-简谱之家
额吉的羊羔(草原丁喜.txt	额吉的羊羔(草原丁喜	jianpujia-228154	jianpujia	草原静静	草原	额吉的羊羔(草原丁喜萨克斯原创曲)简谱_草原静静演唱_马正寿曲谱-免费下载-简谱之家
心归草原.txt	心归草原	jianpujia-232548	jianpujia	陈金喻		心归草原(心归草原陈金喻)简谱_陈金喻演唱_陈金喻曲谱-免费下载-简谱之家
香呀热罗草原丁喜.txt	香呀热罗草原丁喜	jianpujia-233730	jianpujia	草原丁喜	草原	香呀热罗草原丁喜萨克斯曲简谱_草原丁喜演唱_马正寿/*谱：草原丁喜词曲-免费下载-简谱之家
草原草原我爱你.txt	草原草原我爱你	jianpujia-233871	jianpujia		草原	草原草原我爱你简谱-免费下载-简谱之家
一只小花狗钢琴.txt	一只小花狗钢琴	jianpujia-234413	jianpujia		儿歌	一只小花狗钢琴简谱_儿歌演唱-免费下载-简谱之家
两只老虎钢琴.txt	两只老虎钢琴	jianpujia-234428	jianpujia		儿歌	两只老虎钢琴简谱_儿歌演唱-免费下载-简谱之家
未命名-jianpujia-236274.txt	未命名-jianpujia-236274	jianpujia-236274	jianpujia		草原	哲古草原知音草原风情系列之二简谱-免费下载-简谱之家
邦达草原知音草原风情系列之四.txt	邦达草原知音草原风情系列之四	jianpujia-236319	jianpujia		草原	邦达草原知音草原风情系列之四简谱-免费下载-简谱之家
草原雨，草原湖.txt	草原雨，草原湖	jianpujia-23650	jianpujia	金磊鑫		草原雨，草原湖简谱(歌词)_金磊鑫演唱_秋叶起舞_记谱上传-免费下载-简谱之家
羌塘草原知音草原风情系列之八.txt	羌塘草原知音草原风情系列之八	jianpujia-236915	jianpujia		草原	羌塘草原知音草原风情系列之八简谱-免费下载-简谱之家
美玉草原知音草原风情系列之十.txt	美玉草原知音草原风情系列之十	jianpujia-237000	jianpujia		草原	美玉草原知音草原风情系列之十简谱-免费下载-简谱之家
哲古草原情歌知音恋上草原系列之四.txt	哲古草原情歌知音恋上草原系列之四	jianpujia-237095	jianpujia		草原	哲古草原情歌知音恋上草原系列之四简谱-免费下载-简谱之家
谱.txt	谱	jianpujia-238380	jianpujia	草原晓燕	草原	祝福简谱_草原晓燕演唱_草原大哈、郑晓燕/草原丁喜词曲-免费下载-简谱之家
草原情怀.txt	草原情怀	jianpujia-238383	jianpujia	草原幺妹	草原	草原情怀简谱_草原幺妹演唱_草原大哈/草原丁喜词曲-免费下载-简谱之家
草原春不老草原丁喜.txt	草原春不老草原丁喜	jianpujia-238450	jianpujia	草原丁喜	草原	草原春不老草原丁喜萨克斯原创曲简谱_草原丁喜演唱_草原大哈、马正寿/草原丁喜、丁喜词曲-免费下载-简谱之家
又是一年秋天草原丁喜萨斯.txt	又是一年秋天草原丁喜萨斯	jianpujia-238454	jianpujia	草原龙梅	草原	又是一年秋天草原丁喜萨斯原创曲简谱_草原龙梅演唱_马正寿、黎敦武/草原丁喜词曲-免费下载-简谱之家
难以把你放下草原丁喜萨斯.txt	难以把你放下草原丁喜萨斯	jianpujia-238455	jianpujia	草原西子	草原	难以把你放下草原丁喜萨斯原创曲简谱_草原西子演唱_马正寿、黎敦武/草原丁喜、马正寿词曲-免费下载-简谱之家
心爱的姑娘草原丁喜.txt	心爱的姑娘草原丁喜	jianpujia-238959	jianpujia	草原丁喜	草原	心爱的姑娘草原丁喜萨克斯原创曲简谱_草原丁喜演唱_马正寿/草原丁喜词曲-免费下载-简谱之家
云朵上的草原草原丁喜萨斯_2.txt	云朵上的草原草原丁喜萨斯	jianpujia-239248	jianpujia	草原大哈	草原	云朵上的草原草原丁喜萨斯原创曲简谱_草原大哈演唱_草原大哈、逍遥/草原丁喜词曲-免费下载-简谱之家
草原魂杨英杰词李戈曲.txt	草原魂杨英杰词李戈曲	jianpujia-240397	jianpujia		草原	草原魂杨英杰词李戈曲草原魂杨英杰词_李戈曲简谱-免费下载-简谱之家
绿豆青河源民歌老隆民歌.txt	绿豆青河源民歌老隆民歌	jianpujia-240789	jianpujia	张运长	民歌	绿豆青河源民歌老隆民歌简谱_张运长演唱_王日青、程建民词曲-免费下载-简谱之家
心在草原梦在草原.txt	心在草原梦在草原	jianpujia-243103	jianpujia	袁冰	草原	心在草原梦在草原简谱_袁冰演唱_李学亮/张志耕词曲-免费下载-简谱之家
爱上草原的小河知音草原恋曲系列之二.txt	爱上草原的小河知音草原恋曲系列之二	jianpujia-244803	jianpujia		草原	爱上草原的小河知音草原恋曲系列之二简谱-免费下载-简谱之家
今夜的月亮很草原知音草原恋曲系列之三.txt	今夜的月亮很草原知音草原恋曲系列之三	jianpujia-244832	jianpujia		草原	今夜的月亮很草原知音草原恋曲系列之三简谱-免费下载-简谱之家
草原情歌知音草原恋曲系列之四.txt	草原情歌知音草原恋曲系列之四	jianpujia-244875	jianpujia		草原	草原情歌知音草原恋曲系列之四简谱-免费下载-简谱之家
小红帽钢琴.txt	小红帽钢琴	jianpujia-245722	jianpujia		儿歌	小红帽钢琴简谱_儿歌演唱-免费下载-简谱之家
鸡.txt	鸡	jianpujia-246118	jianpujia		儿歌	公鸡和母鸡钢琴简谱_儿歌演唱-免费下载-简谱之家
感谢钢琴.txt	感谢钢琴	jianpujia-250631	jianpujia		儿歌	感谢钢琴简谱_儿歌演唱-免费下载-简谱之家
洋娃娃的梦钢琴.txt	洋娃娃的梦钢琴	jianpujia-250727	jianpujia		儿歌	洋娃娃的梦钢琴简谱_儿歌演唱-免费下载-简谱之家
未命名-jianpujia-255717.txt	未命名-jianpujia-255717	jianpujia-255717	jianpujia		儿歌	小白兔白又白钢琴简谱_儿歌演唱-免费下载-简谱之家
爷爷夸我好乖乖钢琴.txt	爷爷夸我好乖乖钢琴	jianpujia-255729	jianpujia		儿歌	爷爷夸我好乖乖钢琴简谱_儿歌演唱-免费下载-简谱之家
民族声乐考级歌曲：康定情歌.txt	民族声乐考级歌曲：康定情歌	jianpujia-256076	jianpujia		民歌	民族声乐考级歌曲：康定情歌简谱_民歌演唱_王wzh制作曲谱-免费下载-简谱之家
眷恋草原.txt	眷恋草原	jianpujia-258878	jianpujia	草原大侠		眷恋草原简谱_草原大侠演唱_马正寿曲谱-免费下载-简谱之家
草原.txt	草原	jianpujia-260758	jianpujia	三肾郎	草原	草原简谱_三肾郎演唱_崔英男曲谱-免费下载-简谱之家
云朵上的草原.txt	云朵上的草原	jianpujia-261684	jianpujia	草原姜婷		云朵上的草原简谱_草原姜婷演唱_草原姜婷曲谱-免费下载-简谱之家
无问_2.txt	无问	jianpujia-26203	jianpujia	毛不易		无问简谱_毛不易演唱_电影_无问西东_宣传曲-免费下载-简谱之家
浴火成诗_2.txt	浴火成诗	jianpujia-26211	jianpujia	迪丽热巴/毛不易		浴火成诗简谱_迪丽热巴/毛不易演唱_电视剧_烈火如歌_片尾曲-免费下载-简谱之家
雪绒花.txt	雪绒花	jianpujia-26252	jianpujia		儿歌	雪绒花简谱(歌词)_儿歌_暖儿曲谱-免费下载-简谱之家
燕子.txt	燕子	jianpujia-26253	jianpujia		儿歌	燕子简谱(歌词)_儿歌_暖儿曲谱-免费下载-简谱之家
我们是共产主义接班人.txt	我们是共产主义接班人	jianpujia-26265	jianpujia		儿歌	我们是共产主义接班人简谱(歌词)_儿歌_暖儿曲谱-免费下载-简谱之家
歌声与微笑.txt	歌声与微笑	jianpujia-26267	jianpujia		儿歌	歌声与微笑简谱(歌词)_儿歌_暖儿曲谱-免费下载-简谱之家
讲.txt	讲	jianpujia-26269	jianpujia		儿歌	听妈妈讲那过去的事情简谱(歌词)_儿歌_暖儿曲谱-免费下载-简谱之家
小白船.txt	小白船	jianpujia-26275	jianpujia		儿歌	小白船简谱(歌词)_儿歌_暖儿曲谱-免费下载-简谱之家
让我们荡起双桨.txt	让我们荡起双桨	jianpujia-26282	jianpujia		儿歌	让我们荡起双桨简谱(歌词)_儿歌_暖儿曲谱-免费下载-简谱之家
大森林的早晨.txt	大森林的早晨	jianpujia-26362	jianpujia	阎维文	儿歌	大森林的早晨简谱(歌词)_阎维文演唱_暖儿曲谱-免费下载-简谱之家
粉刷匠.txt	粉刷匠	jianpujia-26419	jianpujia		儿歌	粉刷匠简谱_儿歌_小小的人儿，大大的梦想-免费下载-简谱之家
一分钱.txt	一分钱	jianpujia-26436	jianpujia		儿歌	一分钱简谱(歌词)_儿歌_陈洲宏记谱-免费下载-简谱之家
中国少年先锋队队歌.txt	中国少年先锋队队歌	jianpujia-26442	jianpujia		儿歌	中国少年先锋队队歌简谱(歌词)_儿歌_陈洲宏_记谱-免费下载-简谱之家
娃哈哈.txt	娃哈哈	jianpujia-26445	jianpujia		儿歌	娃哈哈简谱(歌词)_儿歌_陈洲宏记谱-免费下载-简谱之家
小猪吃得饱饱.txt	小猪吃得饱饱	jianpujia-26477	jianpujia		儿歌	小猪吃得饱饱简谱(歌词)_儿歌_陈洲宏记谱-免费下载-简谱之家
再见了.txt	再见了	jianpujia-26483	jianpujia		儿歌	再见了简谱(歌词)_儿歌_陈洲宏记谱-免费下载-简谱之家
未命名-jianpujia-26487.txt	未命名-jianpujia-26487	jianpujia-26487	jianpujia		儿歌	嘿小脚简谱(歌词)_儿歌_谱友陈洲宏上传-免费下载-简谱之家
爱是一首歌_2.txt	爱是一首歌	jianpujia-26490	jianpujia		儿歌	爱是一首歌简谱(歌词)_儿歌__音乐大师课_主题歌-免费下载-简谱之家
我是好宝宝_2.txt	我是好宝宝	jianpujia-26495	jianpujia		儿歌	我是好宝宝简谱(歌词)_儿歌_陈洲宏_记谱-免费下载-简谱之家
好妈妈.txt	好妈妈	jianpujia-26498	jianpujia		儿歌	好妈妈简谱(歌词)_儿歌_陈洲宏记谱-免费下载-简谱之家
两只老虎.txt	两只老虎	jianpujia-26503	jianpujia		儿歌	两只老虎简谱(歌词)_儿歌_陈洲宏记谱-免费下载-简谱之家
读书郎.txt	读书郎	jianpujia-26513	jianpujia		儿歌	读书郎简谱(歌词)_儿歌_陈洲宏记谱-免费下载-简谱之家
小燕子.txt	小燕子	jianpujia-26515	jianpujia		儿歌	小燕子简谱(歌词)_儿歌_陈洲宏记谱-免费下载-简谱之家
好爸爸坏爸爸.txt	好爸爸坏爸爸	jianpujia-26517	jianpujia		儿歌	好爸爸坏爸爸简谱(歌词)_儿歌_陈洲宏_记谱-免费下载-简谱之家
学习雷锋好榜样.txt	学习雷锋好榜样	jianpujia-26520	jianpujia		儿歌	学习雷锋好榜样简谱(歌词)_儿歌_陈洲宏_记谱-免费下载-简谱之家
小笨象触了电.txt	小笨象触了电	jianpujia-26524	jianpujia	邓丽君		小笨象触了电简谱(歌词)_邓丽君演唱_陈洲宏_记谱-免费下载-简谱之家
卖报歌.txt	卖报歌	jianpujia-26525	jianpujia		儿歌	卖报歌简谱(歌词)_儿歌_陈洲宏记谱-免费下载-简谱之家
嗯.txt	嗯	jianpujia-26528	jianpujia	李荣浩		嗯简谱(歌词)_李荣浩演唱_陈洲宏记谱-免费下载-简谱之家
生日歌.txt	生日歌	jianpujia-26531	jianpujia		儿歌	生日歌简谱(歌词)_儿歌_陈洲宏记谱-免费下载-简谱之家
世上只有妈妈好_2.txt	世上只有妈妈好	jianpujia-26539	jianpujia		儿歌	世上只有妈妈好简谱(歌词)_儿歌_陈洲宏记谱-免费下载-简谱之家
锉冰进行曲.txt	锉冰进行曲	jianpujia-26542	jianpujia		儿歌	锉冰进行曲简谱(歌词)_儿歌_陈洲宏记谱-免费下载-简谱之家
小跳蛙.txt	小跳蛙	jianpujia-26605	jianpujia		儿歌	小跳蛙简谱_青蛙乐队_快乐的一只小青蛙-免费下载-简谱之家
草原啊草原我来过.txt	草原啊草原我来过	jianpujia-281533	jianpujia	思雨	草原	草原啊草原我来过简谱_思雨演唱_思雨/思雨词曲-免费下载-简谱之家
康定情歌.txt	康定情歌	jianpujia-299366	jianpujia	梦之旅组合	民歌	康定情歌简谱_梦之旅组合演唱_四川民歌/四川民歌词曲-免费下载-简谱之家
牵手草原一起嗨广场DJ版_2.txt	牵手草原一起嗨广场DJ版	jianpujia-300068	jianpujia	草原丁喜	草原	牵手草原一起嗨广场DJ版简谱_草原丁喜演唱_草原大哈/草原丁喜词曲-免费下载-简谱之家
草原，草原.txt	草原，草原	jianpujia-301243	jianpujia		草原	草原，草原简谱-免费下载-简谱之家
草原的承诺草原丁喜.txt	草原的承诺草原丁喜	jianpujia-301762	jianpujia	草原美娥	草原	草原的承诺草原丁喜萨克斯原创曲简谱_草原美娥演唱_马正寿/草原丁喜词曲-免费下载-简谱之家
祝福草原.txt	祝福草原	jianpujia-307095	jianpujia	何乌兰	草原	祝福草原简谱_何乌兰演唱_草原大哈/草原丁喜词曲-免费下载-简谱之家
我的草原梦我的草原魂.txt	我的草原梦我的草原魂	jianpujia-309930	jianpujia		草原	我的草原梦我的草原魂简谱-免费下载-简谱之家
塄坎上的蓝花花草原丁喜原创.txt	塄坎上的蓝花花草原丁喜原创	jianpujia-310328	jianpujia	马正寿	草原	塄坎上的蓝花花草原丁喜原创简谱_马正寿演唱_马正寿/草原丁喜词曲-免费下载-简谱之家
草原再等你草原丁喜萨斯.txt	草原再等你草原丁喜萨斯	jianpujia-310421	jianpujia	马正寿	草原	草原再等你草原丁喜萨斯原创曲简谱_马正寿演唱_马正寿/草原丁喜词曲-免费下载-简谱之家
草原之夜影片_绿色的草原_插曲.txt	草原之夜影片_绿色的草原_插曲	jianpujia-311136	jianpujia		草原	草原之夜影片_绿色的草原_插曲简谱-免费下载-简谱之家
打酸枣晋北民歌.txt	打酸枣晋北民歌	jianpujia-313397	jianpujia	邓玉华	民歌	打酸枣晋北民歌简谱_邓玉华演唱_晋北民歌词曲-免费下载-简谱之家
美丽的草原.txt	美丽的草原	jianpujia-313802	jianpujia	刘习军	草原	美丽的草原简谱_刘习军演唱_刘习军、草原大哈/草原丁喜、草原大哈词曲-免费下载-简谱之家
二月里来_陕西民歌经典民歌100首.txt	二月里来_陕西民歌经典民歌100首	jianpujia-314236	jianpujia		民歌	二月里来_陕西民歌经典民歌100首简谱-免费下载-简谱之家
对花安徽民歌经典民歌100首.txt	对花安徽民歌经典民歌100首	jianpujia-314263	jianpujia		民歌	对花安徽民歌经典民歌100首简谱-免费下载-简谱之家
对花河北民歌经典民歌100首.txt	对花河北民歌经典民歌100首	jianpujia-314266	jianpujia		民歌	对花河北民歌经典民歌100首简谱-免费下载-简谱之家
未命名-jianpujia-314355.txt	未命名-jianpujia-314355	jianpujia-314355	jianpujia	徐志列	民歌	月牙五更经典民歌100首简谱_徐志列演唱_吉林民歌/刘忠义传腔词曲-免费下载-简谱之家
草原之夜1=bE2_4_中速深情地.txt	草原之夜1=bE2_4_中速深情地	jianpujia-315384	jianpujia	草原丁喜	草原	草原之夜1=bE2/4_中速深情地简谱_草原丁喜演唱_草原大哈、黎敦武/草原丁喜、赵向阳词曲-免费下载-简谱之家
牧羊姑娘1=F4_4_深情悠扬地.txt	牧羊姑娘1=F4_4_深情悠扬地	jianpujia-315435	jianpujia	草原丁喜	草原	牧羊姑娘1=F4/4_深情悠扬地简谱_草原丁喜演唱_草原大哈/草原丁喜词曲-免费下载-简谱之家
未命名-jianpujia-316848.txt	未命名-jianpujia-316848	jianpujia-316848	jianpujia	草原江枫渔火	草原	夏夜的红玫瑰简谱_草原江枫渔火演唱_草原大哈/草原丁喜词曲-免费下载-简谱之家
忘不了草原歌曲.txt	忘不了草原歌曲	jianpujia-317126	jianpujia	草原丁喜	草原	忘不了草原歌曲简谱_草原丁喜演唱_齐宝力格/齐宝力格词曲-免费下载-简谱之家
燕子归来草原丁喜萨斯.txt	燕子归来草原丁喜萨斯	jianpujia-317494	jianpujia	草原大哈	草原	燕子归来草原丁喜萨斯原创曲简谱_草原大哈演唱_草原大哈/草原丁喜词曲-免费下载-简谱之家
永远的家.txt	永远的家	jianpujia-317561	jianpujia	草原路漫漫	草原	永远的家简谱_草原路漫漫演唱_草原大哈/草原丁喜词曲-免费下载-简谱之家
燕子归来草原丁喜.txt	燕子归来草原丁喜	jianpujia-317610	jianpujia	草原丁喜	草原	燕子归来草原丁喜萨克斯原创曲简谱_草原丁喜演唱_草原大哈/草原丁喜词曲-免费下载-简谱之家
草原，永远的草原.txt	草原，永远的草原	jianpujia-317704	jianpujia		草原	草原，永远的草原简谱-免费下载-简谱之家
有情也难牵你手1=be4_4_伤感地.txt	有情也难牵你手1=be4_4_伤感地	jianpujia-317853	jianpujia	萨克斯吹奏:草原丁喜	草原	有情也难牵你手1=be4/4_伤感地简谱_萨克斯吹奏:草原丁喜演唱_马正寿、黎敦武/草原丁喜词曲-免费下载-简谱之家
草原上的小河_2.txt	草原上的小河	jianpujia-318048	jianpujia	草原丁喜	草原	草原上的小河简谱_草原丁喜演唱_草原大哈/草原丁喜、草原大哈词曲-免费下载-简谱之家
草原上的小河.txt	草原上的小河	jianpujia-318051	jianpujia	丁喜	草原	草原上的小河简谱_丁喜演唱_马正寿、草原大哈/草原丁喜、马正寿词曲-免费下载-简谱之家
草原晨曲_草原晨曲_主题曲.txt	草原晨曲_草原晨曲_主题曲	jianpujia-318488	jianpujia	长影乐团合唱队	草原	草原晨曲_草原晨曲_主题曲简谱_长影乐团合唱队演唱_马拉沁夫/通福词曲-免费下载-简谱之家
家在草原根在草原手稿版.txt	家在草原根在草原手稿版	jianpujia-319269	jianpujia	东方红艳	草原	家在草原根在草原手稿版简谱_东方红艳演唱_赵铁民/李悠扬词曲-免费下载-简谱之家
草原情草原风.txt	草原情草原风	jianpujia-325086	jianpujia		草原	草原情草原风简谱-免费下载-简谱之家
马头琴草原风.txt	马头琴草原风	jianpujia-325095	jianpujia	草原兄妹	草原	马头琴草原风简谱_草原兄妹演唱_侯芳平/郭永利词曲-免费下载-简谱之家
草原的雄鹰草原大哈词草原丁喜曲.txt	草原的雄鹰草原大哈词草原丁喜曲	jianpujia-326615	jianpujia		草原	草原的雄鹰草原大哈词草原丁喜曲草原的雄鹰草原大哈词_草原丁喜曲简谱-免费下载-简谱之家
草原，草原，我们的家园.txt	草原，草原，我们的家园	jianpujia-328243	jianpujia		草原	草原，草原，我们的家园简谱-免费下载-简谱之家
草原的天空袁龙词袁龙曲.txt	草原的天空袁龙词袁龙曲	jianpujia-335176	jianpujia		草原	草原的天空袁龙词袁龙曲草原的天空袁龙词_袁龙曲简谱-免费下载-简谱之家
未命名-jianpujia-337301.txt	未命名-jianpujia-337301	jianpujia-337301	jianpujia	老狼		我要你电影_驴得水_主题曲电影_驴得水_主题曲简谱_老狼演唱_樊冲/樊冲词曲-免费下载-简谱之家
草原香赖雄敏词黄舒媞曲.txt	草原香赖雄敏词黄舒媞曲	jianpujia-337459	jianpujia		草原	草原香赖雄敏词黄舒媞曲草原香赖雄敏词_黄舒媞曲简谱-免费下载-简谱之家
【日】Lemon电视剧_非自然死亡_主题曲_ドラマ「アンナチュラ.txt	【日】Lemon电视剧_非自然死亡_主题曲_ドラマ「アンナチュラ	jianpujia-338491	jianpujia	米津玄师		【日】Lemon电视剧_非自然死亡_主题曲/ドラマ「アンナチュラル」主題歌【日】Lemon电视剧_非自然死亡_主题曲_/_ドラマ「アンナチュラル」主題歌简谱_米
母亲草原刘志毅词夏宝森曲.txt	母亲草原刘志毅词夏宝森曲	jianpujia-338808	jianpujia		草原	母亲草原刘志毅词夏宝森曲母亲草原刘志毅词_夏宝森曲简谱-免费下载-简谱之家
草原的河，草原的歌.txt	草原的河，草原的歌	jianpujia-341957	jianpujia		草原	草原的河，草原的歌简谱-免费下载-简谱之家
风过草原杨晓华词陈咏秋曲.txt	风过草原杨晓华词陈咏秋曲	jianpujia-344512	jianpujia		草原	风过草原杨晓华词陈咏秋曲风过草原杨晓华词_陈咏秋曲简谱-免费下载-简谱之家
草原骏马草原花.txt	草原骏马草原花	jianpujia-345298	jianpujia		草原	草原骏马草原花简谱-免费下载-简谱之家
草原的味道潘峰词孟扬曲.txt	草原的味道潘峰词孟扬曲	jianpujia-347495	jianpujia		草原	草原的味道潘峰词孟扬曲草原的味道潘峰词_孟扬曲简谱-免费下载-简谱之家
爱的草原姜仁波词赵天华曲.txt	爱的草原姜仁波词赵天华曲	jianpujia-347998	jianpujia		草原	爱的草原姜仁波词赵天华曲爱的草原姜仁波词_赵天华曲简谱-免费下载-简谱之家
草原歌曲100首：草原小夜曲.txt	草原歌曲100首：草原小夜曲	jianpujia-349458	jianpujia		草原	草原歌曲100首：草原小夜曲简谱-免费下载-简谱之家
草原歌曲100首：草原夜歌.txt	草原歌曲100首：草原夜歌	jianpujia-349461	jianpujia		草原	草原歌曲100首：草原夜歌简谱-免费下载-简谱之家
草原歌曲100首：草原一枝花.txt	草原歌曲100首：草原一枝花	jianpujia-349464	jianpujia		草原	草原歌曲100首：草原一枝花简谱-免费下载-简谱之家
草原歌曲100首：爱上草原爱上你.txt	草原歌曲100首：爱上草原爱上你	jianpujia-349466	jianpujia		草原	草原歌曲100首：爱上草原爱上你简谱-免费下载-简谱之家
草原的月亮草原歌曲100首.txt	草原的月亮草原歌曲100首	jianpujia-349473	jianpujia	云飞	草原	草原的月亮草原歌曲100首简谱_云飞演唱_周兵/钟云飞词曲-免费下载-简谱之家
草原歌曲100首：草原放歌.txt	草原歌曲100首：草原放歌	jianpujia-349475	jianpujia		草原	草原歌曲100首：草原放歌简谱-免费下载-简谱之家
草原无名河草原歌曲100首.txt	草原无名河草原歌曲100首	jianpujia-349477	jianpujia	德德玛	草原	草原无名河草原歌曲100首简谱_德德玛演唱_王然/呼格吉夫词曲-免费下载-简谱之家
白云月我到草原草原歌曲100首.txt	白云月我到草原草原歌曲100首	jianpujia-349596	jianpujia		草原	白云月我到草原草原歌曲100首简谱-免费下载-简谱之家
草原恋草原歌曲100首.txt	草原恋草原歌曲100首	jianpujia-349599	jianpujia		草原	草原恋草原歌曲100首简谱-免费下载-简谱之家
草原月光曲草原歌曲100首.txt	草原月光曲草原歌曲100首	jianpujia-349604	jianpujia		草原	草原月光曲草原歌曲100首简谱-免费下载-简谱之家
唱首情歌给草原草原歌曲100首.txt	唱首情歌给草原草原歌曲100首	jianpujia-349607	jianpujia		草原	唱首情歌给草原草原歌曲100首简谱-免费下载-简谱之家
父亲的草原母亲的河草原歌曲100首.txt	父亲的草原母亲的河草原歌曲100首	jianpujia-349614	jianpujia		草原	父亲的草原母亲的河草原歌曲100首简谱-免费下载-简谱之家
如梦草原草原歌曲100首.txt	如梦草原草原歌曲100首	jianpujia-349629	jianpujia		草原	如梦草原草原歌曲100首简谱-免费下载-简谱之家
美丽的草原我的家草原歌曲100首.txt	美丽的草原我的家草原歌曲100首	jianpujia-349630	jianpujia		草原	美丽的草原我的家草原歌曲100首简谱-免费下载-简谱之家
草原歌曲100首：思念草原.txt	草原歌曲100首：思念草原	jianpujia-349631	jianpujia		草原	草原歌曲100首：思念草原简谱-免费下载-简谱之家
草原歌曲100首：请到草原来.txt	草原歌曲100首：请到草原来	jianpujia-349637	jianpujia		草原	草原歌曲100首：请到草原来简谱-免费下载-简谱之家
草原歌曲100首：望草原崔富词乔建军曲.txt	草原歌曲100首：望草原崔富词乔建军曲	jianpujia-349643	jianpujia		草原	草原歌曲100首：望草原崔富词乔建军曲草原歌曲100首：望草原崔富词_乔建军曲简谱-免费下载-简谱之家
草原歌曲100首：美丽的草原孙书林词石焱曲.txt	草原歌曲100首：美丽的草原孙书林词石焱曲	jianpujia-349645	jianpujia		草原	草原歌曲100首：美丽的草原孙书林词石焱曲草原歌曲100首：美丽的草原孙书林词_石焱曲简谱-免费下载-简谱之家
梦回草原草原歌曲100首.txt	梦回草原草原歌曲100首	jianpujia-349648	jianpujia		草原	梦回草原草原歌曲100首简谱-免费下载-简谱之家
我的草原我的缘草原歌曲100首.txt	我的草原我的缘草原歌曲100首	jianpujia-349651	jianpujia		草原	我的草原我的缘草原歌曲100首简谱-免费下载-简谱之家
藏族民歌舞曲选：阿里民歌_2.txt	藏族民歌舞曲选：阿里民歌	jianpujia-355374	jianpujia		民歌	藏族民歌舞曲选：阿里民歌简谱-免费下载-简谱之家
母亲草原刘志毅词张瑞孔徐书民曲.txt	母亲草原刘志毅词张瑞孔徐书民曲	jianpujia-358388	jianpujia		草原	母亲草原刘志毅词张瑞孔徐书民曲母亲草原刘志毅词_张瑞孔_徐书民曲简谱-免费下载-简谱之家
如果要写年.txt	如果要写年	jianpujia-377779	jianpujia	毛不易		如果要写年简谱_毛不易演唱_桃李醉春风制作曲谱-免费下载-简谱之家
Falling_in_Love.txt	Falling_in_Love	jianpujia-377790	jianpujia	许嵩		Falling_in_Love简谱_许嵩演唱_桃李醉春风制作曲谱-免费下载-简谱之家
不懂钢琴.txt	不懂钢琴	jianpujia-377896	jianpujia	林俊杰		不懂钢琴简谱_林俊杰演唱-免费下载-简谱之家
画平生.txt	画平生	jianpujia-377937	jianpujia	许嵩		画平生简谱_许嵩演唱_桃李醉春风制作曲谱-免费下载-简谱之家
早发白帝城.txt	早发白帝城	jianpujia-377941	jianpujia	许嵩		早发白帝城简谱_许嵩演唱_桃李醉春风制作曲谱-免费下载-简谱之家
不潮不用花钱钢琴.txt	不潮不用花钱钢琴	jianpujia-377981	jianpujia	林俊杰		不潮不用花钱钢琴简谱_林俊杰演唱-免费下载-简谱之家
圣诞星钢琴.txt	圣诞星钢琴	jianpujia-378086	jianpujia	周杰伦 杨瑞代		圣诞星钢琴简谱_周杰伦_杨瑞代演唱-免费下载-简谱之家
好久不见_2.txt	好久不见	jianpujia-378374	jianpujia	陈奕迅		好久不见简谱_陈奕迅演唱_博夫曲谱-免费下载-简谱之家
诗画中国_3.txt	诗画中国	jianpujia-379090	jianpujia	许嵩		诗画中国简谱_许嵩演唱_水鑫制谱-免费下载-简谱之家
忆黄山.txt	忆黄山	jianpujia-379424	jianpujia	许嵩		忆黄山简谱歌词_许嵩演唱-免费下载-简谱之家
纸上雪.txt	纸上雪	jianpujia-379427	jianpujia	许嵩		纸上雪简谱歌词_许嵩演唱-免费下载-简谱之家
昨夜书.txt	昨夜书	jianpujia-379443	jianpujia	许嵩		昨夜书简谱歌词_许嵩演唱-免费下载-简谱之家
说好的幸福呢简单版钢琴.txt	说好的幸福呢简单版钢琴	jianpujia-379923	jianpujia	周杰伦		说好的幸福呢简单版钢琴简谱_周杰伦演唱-免费下载-简谱之家
阳光宅男钢琴.txt	阳光宅男钢琴	jianpujia-379944	jianpujia	周杰伦		阳光宅男钢琴简谱_周杰伦演唱-免费下载-简谱之家
浮夸钢琴.txt	浮夸钢琴	jianpujia-379990	jianpujia	陈奕迅		浮夸钢琴简谱_陈奕迅演唱-免费下载-简谱之家
拔萝卜钢琴.txt	拔萝卜钢琴	jianpujia-380006	jianpujia		儿歌	拔萝卜钢琴简谱_儿歌演唱-免费下载-简谱之家
不该钢琴.txt	不该钢琴	jianpujia-380028	jianpujia	周杰伦		不该钢琴简谱_周杰伦演唱-免费下载-简谱之家
如果我们不曾相遇钢琴.txt	如果我们不曾相遇钢琴	jianpujia-380048	jianpujia	五月天		如果我们不曾相遇钢琴简谱_五月天演唱-免费下载-简谱之家
一点点钢琴.txt	一点点钢琴	jianpujia-380059	jianpujia	周杰伦		一点点钢琴简谱_周杰伦演唱-免费下载-简谱之家
在这个世界相遇钢琴.txt	在这个世界相遇钢琴	jianpujia-380113	jianpujia	陈奕迅		在这个世界相遇钢琴简谱_陈奕迅演唱-免费下载-简谱之家
城府钢琴.txt	城府钢琴	jianpujia-380170	jianpujia	许嵩		城府钢琴简谱_许嵩演唱-免费下载-简谱之家
千百度钢琴.txt	千百度钢琴	jianpujia-380245	jianpujia	许嵩		千百度钢琴简谱_许嵩演唱-免费下载-简谱之家
不能说的秘密片尾曲钢琴.txt	不能说的秘密片尾曲钢琴	jianpujia-380458	jianpujia	周杰伦		不能说的秘密片尾曲钢琴简谱_周杰伦演唱-免费下载-简谱之家
迷迭香钢琴.txt	迷迭香钢琴	jianpujia-380466	jianpujia	周杰伦		迷迭香钢琴简谱_周杰伦演唱-免费下载-简谱之家
清明雨上钢琴.txt	清明雨上钢琴	jianpujia-380540	jianpujia	许嵩		清明雨上钢琴简谱_许嵩演唱-免费下载-简谱之家
盲婚哑嫁钢琴.txt	盲婚哑嫁钢琴	jianpujia-380871	jianpujia	陈奕迅		盲婚哑嫁钢琴简谱_陈奕迅演唱-免费下载-简谱之家
草原，我眷恋的地方.txt	草原，我眷恋的地方	jianpujia-381729	jianpujia	姚文杰	草原	草原，我眷恋的地方简谱_姚文杰演唱_蓦然回首制谱-免费下载-简谱之家
恨幸福来过钢琴.txt	恨幸福来过钢琴	jianpujia-382742	jianpujia	林俊杰 金钟国		恨幸福来过钢琴简谱_林俊杰_金钟国演唱-免费下载-简谱之家
谢幕钢琴.txt	谢幕钢琴	jianpujia-382758	jianpujia	林俊杰		谢幕钢琴简谱_林俊杰演唱-免费下载-简谱之家
合拍钢琴.txt	合拍钢琴	jianpujia-383545	jianpujia	许嵩		合拍钢琴简谱_许嵩演唱-免费下载-简谱之家
黑月光钢琴.txt	黑月光钢琴	jianpujia-383552	jianpujia	张碧晨 毛不易		黑月光钢琴简谱_张碧晨_毛不易演唱-免费下载-简谱之家
一时的选择钢琴.txt	一时的选择钢琴	jianpujia-383572	jianpujia	林俊杰		一时的选择钢琴简谱_林俊杰演唱-免费下载-简谱之家
孤独娱乐钢琴.txt	孤独娱乐钢琴	jianpujia-383574	jianpujia	林俊杰		孤独娱乐钢琴简谱_林俊杰演唱-免费下载-简谱之家
小酒窝钢琴.txt	小酒窝钢琴	jianpujia-383628	jianpujia	林俊杰 蔡卓妍		小酒窝钢琴简谱_林俊杰_蔡卓妍演唱-免费下载-简谱之家
尘大师钢琴.txt	尘大师钢琴	jianpujia-384841	jianpujia	陈奕迅		尘大师钢琴简谱_陈奕迅演唱-免费下载-简谱之家
我落泪情绪零碎钢琴.txt	我落泪情绪零碎钢琴	jianpujia-384854	jianpujia	周杰伦		我落泪情绪零碎钢琴简谱_周杰伦演唱-免费下载-简谱之家
山月不眠.txt	山月不眠	jianpujia-385162	jianpujia	毛不易		山月不眠简谱(歌词)_毛不易演唱_影视剧_云之羽_插曲-免费下载-简谱之家
龙卷风钢琴.txt	龙卷风钢琴	jianpujia-385301	jianpujia	周杰伦		龙卷风钢琴简谱_周杰伦演唱-免费下载-简谱之家
诗画中国_2.txt	诗画中国	jianpujia-385324	jianpujia	许嵩/谭维维		诗画中国简谱_许嵩/谭维维演唱_水鑫制谱-免费下载-简谱之家
曼陀山庄_2.txt	曼陀山庄	jianpujia-385349	jianpujia	许嵩		曼陀山庄简谱_许嵩演唱_水鑫制谱-免费下载-简谱之家
深海_2.txt	深海	jianpujia-385485	jianpujia	毛不易		深海简谱_毛不易演唱_兰语神韵制谱-免费下载-简谱之家
诗画中国.txt	诗画中国	jianpujia-385547	jianpujia	许嵩/谭维维		诗画中国简谱_许嵩/谭维维演唱_季司亦制作曲谱-免费下载-简谱之家
愿与愁钢琴.txt	愿与愁钢琴	jianpujia-385669	jianpujia	林俊杰		愿与愁钢琴简谱_林俊杰演唱-免费下载-简谱之家
最伟大的作品.txt	最伟大的作品	jianpujia-385873	jianpujia	周杰伦		最伟大的作品简谱_周杰伦演唱_杏花弦外雨制谱-免费下载-简谱之家
孤勇者.txt	孤勇者	jianpujia-386030	jianpujia	陈奕迅		孤勇者简谱_陈奕迅演唱_一笑奈何晓斅制谱-免费下载-简谱之家
如谜.txt	如谜	jianpujia-386250	jianpujia	许嵩		如谜简谱(歌词)_许嵩演唱_桃李醉春风制谱-免费下载-简谱之家
想哭.txt	想哭	jianpujia-386769	jianpujia	陈奕迅		想哭简谱_陈奕迅演唱_桃李醉春风制谱-免费下载-简谱之家
玫瑰少年.txt	玫瑰少年	jianpujia-386849	jianpujia	蔡依林/五月天		玫瑰少年简谱_蔡依林/五月天演唱_杏花弦外雨制谱-免费下载-简谱之家
黑月光.txt	黑月光	jianpujia-386984	jianpujia	张碧晨/毛不易		黑月光简谱_张碧晨/毛不易演唱_杏花弦外雨制谱-免费下载-简谱之家
青春_2.txt	青春	jianpujia-387013	jianpujia	毛不易		青春简谱_毛不易演唱_杏花弦外雨制谱-免费下载-简谱之家
有你无你_2.txt	有你无你	jianpujia-387218	jianpujia	毛不易		有你无你简谱_毛不易演唱_电视剧_长相思_玱玹主题曲-免费下载-简谱之家
有你无你.txt	有你无你	jianpujia-387224	jianpujia	毛不易		有你无你简谱_毛不易演唱_桃李醉春风制谱-免费下载-简谱之家
一荤一素_2.txt	一荤一素	jianpujia-387315	jianpujia	毛不易		一荤一素简谱_毛不易演唱_桃李醉春风制谱-免费下载-简谱之家
乌梅子酱.txt	乌梅子酱	jianpujia-387326	jianpujia	李荣浩		乌梅子酱简谱_李荣浩演唱_杏花弦外雨制谱-免费下载-简谱之家
新年好钢琴.txt	新年好钢琴	jianpujia-387554	jianpujia		儿歌	新年好钢琴简谱_儿歌演唱-免费下载-简谱之家
小丑钢琴.txt	小丑钢琴	jianpujia-387907	jianpujia	毛不易		小丑钢琴简谱_毛不易演唱-免费下载-简谱之家
你好，陌生人.txt	你好，陌生人	jianpujia-387908	jianpujia	毛不易		你好，陌生人简谱歌词_毛不易演唱_2023春晚歌曲-免费下载-简谱之家
乌梅子酱钢琴.txt	乌梅子酱钢琴	jianpujia-387917	jianpujia	李荣浩		乌梅子酱钢琴简谱_李荣浩演唱-免费下载-简谱之家
知道不知道陕北民歌.txt	知道不知道陕北民歌	jianpujia-388759	jianpujia	知道不知道陕北民歌 梦之旅	民歌	知道不知道陕北民歌__梦之旅演唱版简谱_梦之旅演唱_陕西民歌词曲-免费下载-简谱之家
说好的幸福呢Jay.txt	说好的幸福呢Jay	jianpujia-389230	jianpujia	周杰伦		说好的幸福呢Jay简谱_周杰伦演唱_方文山/周杰伦词曲-免费下载-简谱之家
夏天的风天天词周杰伦曲.txt	夏天的风天天词周杰伦曲	jianpujia-391125	jianpujia	温岚		夏天的风天天词周杰伦曲简谱_温岚演唱_天天/周杰伦词曲-免费下载-简谱之家
草原的故事邹强词李基田曲.txt	草原的故事邹强词李基田曲	jianpujia-392510	jianpujia		草原	草原的故事邹强词李基田曲草原的故事邹强词_李基田曲简谱-免费下载-简谱之家
I’MH_A_P_P_Y我快乐儿歌.txt	I’MH_A_P_P_Y我快乐儿歌	jianpujia-394069	jianpujia		儿歌	I’MH_A_P_P_Y我快乐儿歌I’M_H_A_P_P_Y我快乐儿歌简谱-免费下载-简谱之家
草原海陈世慧词张艺军曲.txt	草原海陈世慧词张艺军曲	jianpujia-394083	jianpujia		草原	草原海陈世慧词张艺军曲草原海陈世慧词_张艺军曲简谱-免费下载-简谱之家
咖啡在等一个人等一个人咖啡电影主题曲_老板娘主题曲EPHK精.txt	咖啡在等一个人等一个人咖啡电影主题曲_老板娘主题曲EPHK精	jianpujia-395576	jianpujia	周慧敏		咖啡在等一个人等一个人咖啡电影主题曲_老板娘主题曲EPHK精准版简谱_周慧敏演唱-免费下载-简谱之家
缺___个人.txt	缺___个人	jianpujia-395598	jianpujia	庾澄庆		缺口等一个人咖啡电影主题曲_阿拓主题曲EPHK精准版简谱_庾澄庆演唱-免费下载-简谱之家
等一个人等一个人咖啡电影主题曲_思萤主题曲EPHK精准版.txt	等一个人等一个人咖啡电影主题曲_思萤主题曲EPHK精准版	jianpujia-395601	jianpujia	林芯仪		等一个人等一个人咖啡电影主题曲_思萤主题曲EPHK精准版简谱_林芯仪演唱-免费下载-简谱之家
未命名-jianpujia-397525.txt	未命名-jianpujia-397525	jianpujia-397525	jianpujia		儿歌	黑眼睛金波词杨春华曲、儿歌黑眼睛金波词_杨春华曲、儿歌简谱-免费下载-简谱之家
草原父亲母亲河李宝鸿词朝乐蒙曲草原父亲母亲河李宝鸿词_2.txt	草原父亲母亲河李宝鸿词朝乐蒙曲草原父亲母亲河李宝鸿词	jianpujia-399501	jianpujia		草原	草原父亲母亲河李宝鸿词朝乐蒙曲草原父亲母亲河李宝鸿词__朝乐蒙曲简谱-免费下载-简谱之家
美丽的草原童童词张文曲.txt	美丽的草原童童词张文曲	jianpujia-400490	jianpujia		草原	美丽的草原童童词张文曲美丽的草原童童词_张文曲简谱-免费下载-简谱之家
草原风郑琳词景治曲.txt	草原风郑琳词景治曲	jianpujia-400882	jianpujia		草原	草原风郑琳词景治曲草原风郑琳词_景治曲简谱-免费下载-简谱之家
草原的歌唱给草原听_2.txt	草原的歌唱给草原听	jianpujia-401916	jianpujia		草原	草原的歌唱给草原听简谱-免费下载-简谱之家
望草原李建方词黄清林曲.txt	望草原李建方词黄清林曲	jianpujia-403707	jianpujia		草原	望草原李建方词黄清林曲望草原李建方词_黄清林曲简谱-免费下载-简谱之家
难忘草原绽继业词刘布扬曲.txt	难忘草原绽继业词刘布扬曲	jianpujia-404043	jianpujia		草原	难忘草原绽继业词刘布扬曲难忘草原_绽继业词_刘布扬曲简谱-免费下载-简谱之家
安静周杰伦.txt	安静周杰伦	jianpujia-404844	jianpujia	周杰伦		安静周杰伦词曲、带和弦谱简谱_周杰伦演唱_周杰伦/周杰伦词曲-免费下载-简谱之家
不该.txt	不该	jianpujia-405175	jianpujia	周杰伦		不该简谱_周杰伦演唱_方文山/周杰伦词曲-免费下载-简谱之家
诗画中国_4.txt	诗画中国	jianpujia-405438	jianpujia	许嵩,谭维维		诗画中国简谱歌词_许嵩,谭维维演唱__诗画中国_节目主题曲-免费下载-简谱之家
鄂豫晥苏区革命民歌西藏民歌.txt	鄂豫晥苏区革命民歌西藏民歌	jianpujia-405755	jianpujia		民歌	鄂豫晥苏区革命民歌西藏民歌简谱-免费下载-简谱之家
草原啊我的母亲齐·毕力格词侯卫国曲.txt	草原啊我的母亲齐·毕力格词侯卫国曲	jianpujia-407952	jianpujia		草原	草原啊我的母亲齐·毕力格词侯卫国曲草原啊我的母亲齐·毕力格词_侯卫国曲简谱-免费下载-简谱之家
草原的梦想侯卫国词侯卫国曲.txt	草原的梦想侯卫国词侯卫国曲	jianpujia-408982	jianpujia		草原	草原的梦想侯卫国词侯卫国曲草原的梦想侯卫国词_侯卫国曲简谱-免费下载-简谱之家
啊，草原李良词李炫春曲.txt	啊，草原李良词李炫春曲	jianpujia-408999	jianpujia	枫桥	草原	啊，草原李良词李炫春曲啊，草原李良词_李炫春曲简谱_枫桥演唱_李良/李炫春词曲-免费下载-简谱之家
草原，巩乃斯草原_2.txt	草原，巩乃斯草原	jianpujia-410579	jianpujia		草原	草原，巩乃斯草原简谱-免费下载-简谱之家
草原的路绿杨词马力吉昌曲.txt	草原的路绿杨词马力吉昌曲	jianpujia-410752	jianpujia		草原	草原的路绿杨词马力吉昌曲草原的路绿杨词_马力吉昌曲简谱-免费下载-简谱之家
向往草原献给美丽的草原.txt	向往草原献给美丽的草原	jianpujia-413918	jianpujia	郭皓	草原	向往草原献给美丽的草原简谱_郭皓演唱_郭皓/郭皓词曲-免费下载-简谱之家
草原湖，草原雨独唱歌曲.txt	草原湖，草原雨独唱歌曲	jianpujia-418203	jianpujia	金磊鑫	草原	草原湖，草原雨独唱歌曲简谱_金磊鑫演唱_火华/斯琴朝克图词曲-免费下载-简谱之家
菊花台男声独唱.txt	菊花台男声独唱	jianpujia-418696	jianpujia	周杰伦		菊花台男声独唱简谱_周杰伦演唱_方文山/周杰伦词曲-免费下载-简谱之家
高高山上四川民歌、周亚平填词.txt	高高山上四川民歌、周亚平填词	jianpujia-420215	jianpujia	张爱	民歌	高高山上四川民歌、周亚平填词简谱_张爱演唱_周亚平/四川民歌词曲-免费下载-简谱之家
草原恋韩冷词张立中曲.txt	草原恋韩冷词张立中曲	jianpujia-422446	jianpujia	董彤	草原	草原恋韩冷词张立中曲草原恋韩冷词_张立中曲简谱_董彤演唱_韩冷/张立中词曲-免费下载-简谱之家
国旗国旗真美丽.txt	国旗国旗真美丽	jianpujia-42558	jianpujia		儿歌	国旗国旗真美丽简谱_儿歌演唱-免费下载-简谱之家
打电话_2.txt	打电话	jianpujia-42563	jianpujia		儿歌	打电话简谱_儿歌演唱-免费下载-简谱之家
心墙钢琴.txt	心墙钢琴	jianpujia-429407	jianpujia	林俊杰		心墙钢琴简谱_林俊杰演唱-免费下载-简谱之家
诗的草原，画的草原.txt	诗的草原，画的草原	jianpujia-430954	jianpujia		草原	诗的草原，画的草原简谱-免费下载-简谱之家
草原的孩子爱草原.txt	草原的孩子爱草原	jianpujia-438907	jianpujia		草原	草原的孩子爱草原简谱-免费下载-简谱之家
草原大风车刘志毅词张朱论曲.txt	草原大风车刘志毅词张朱论曲	jianpujia-441311	jianpujia		草原	草原大风车刘志毅词张朱论曲草原大风车刘志毅词_张朱论曲简谱-免费下载-简谱之家
我思念草原草原歌曲.txt	我思念草原草原歌曲	jianpujia-444728	jianpujia	玛西	草原	我思念草原草原歌曲简谱_玛西演唱-免费下载-简谱之家
珊瑚海_2.txt	珊瑚海	jianpujia-444914	jianpujia	周杰伦		珊瑚海简谱_周杰伦演唱_方文山/周杰伦词曲-免费下载-简谱之家
草原，我眷恋的故乡_4.txt	草原，我眷恋的故乡	jianpujia-62636	jianpujia		草原	草原，我眷恋的故乡简谱_张建中词_李海明曲-免费下载-简谱之家
草原，我思恋的地方.txt	草原，我思恋的地方	jianpujia-64591	jianpujia		草原	草原，我思恋的地方简谱_杨月宁词/乌震来曲-免费下载-简谱之家
草原，我永远的家.txt	草原，我永远的家	jianpujia-64886	jianpujia		草原	草原，我永远的家简谱_罗忠义词_乌日丽嘎曲叶舞霓裳_-免费下载-简谱之家
草原_6.txt	草原	jianpujia-65389	jianpujia		草原	草原简谱_阎纪文词_韩永亮曲-免费下载-简谱之家
草原，草原_2.txt	草原，草原	jianpujia-68676	jianpujia		草原	草原，草原简谱_蔡佳倩词_李翼曲-免费下载-简谱之家
草原_5.txt	草原	jianpujia-70171	jianpujia		草原	草原简谱_谢广娟词_华维明曲-免费下载-简谱之家
草原_2.txt	草原	jianpujia-71141	jianpujia	德德玛	草原	草原简谱_德德玛演唱-免费下载-简谱之家
三字经_2.txt	三字经	jianpujia-7147	jianpujia		儿歌	三字经简谱_儿歌_三字经宜勉励-免费下载-简谱之家
宝贝宝贝.txt	宝贝宝贝	jianpujia-7152	jianpujia		儿歌	宝贝宝贝简谱_儿歌_你就是我的宝贝啊-免费下载-简谱之家
大风车.txt	大风车	jianpujia-7193	jianpujia		儿歌	大风车简谱_儿歌_致我们的童年，那里有悠悠转着的大风车-免费下载-简谱之家
每当我走过老师窗前_2.txt	每当我走过老师窗前	jianpujia-7196	jianpujia		儿歌	每当我走过老师窗前简谱_儿歌_献给不知疲惫的辛勤工作的老师们-免费下载-简谱之家
别看我只是只羊.txt	别看我只是只羊	jianpujia-7208	jianpujia		儿歌	别看我只是只羊简谱_动画_喜羊羊与灰太狼_主题曲-免费下载-简谱之家
何日君再来_2.txt	何日君再来	jianpujia-73776	jianpujia	邓丽君		何日君再来简谱(歌词)_邓丽君演唱_潘明记谱-免费下载-简谱之家
无奈.txt	无奈	jianpujia-73777	jianpujia	邓丽君		无奈简谱(歌词)_邓丽君演唱_潘明记谱-免费下载-简谱之家
绝代风华.txt	绝代风华	jianpujia-73984	jianpujia	许嵩		绝代风华简谱(歌词)_许嵩演唱_谱友季司亦上传-免费下载-简谱之家
一冷一热.txt	一冷一热	jianpujia-73991	jianpujia	戚薇		一冷一热简谱(歌词)_戚薇演唱_谱友季司亦上传-免费下载-简谱之家
天份.txt	天份	jianpujia-73999	jianpujia	薛之谦		天份简谱(歌词)_薛之谦演唱_谱友季司亦上传-免费下载-简谱之家
爱的理想.txt	爱的理想	jianpujia-74011	jianpujia	邓丽君		爱的理想简谱(歌词)_邓丽君演唱_玩音乐的辉哥曲谱-免费下载-简谱之家
逃避行.txt	逃避行	jianpujia-74013	jianpujia	邓丽君		逃避行简谱(歌词)_邓丽君演唱_玩音乐的辉哥曲谱-免费下载-简谱之家
祈望.txt	祈望	jianpujia-74016	jianpujia	邓丽君		祈望简谱(歌词)_邓丽君演唱_玩音乐的辉哥曲谱-免费下载-简谱之家
再见，我的爱人.txt	再见，我的爱人	jianpujia-74017	jianpujia	邓丽君		再见，我的爱人简谱(歌词)_邓丽君演唱_谱友玩音乐的辉哥上传-免费下载-简谱之家
黄昏里.txt	黄昏里	jianpujia-74018	jianpujia	邓丽君		黄昏里简谱(歌词)_邓丽君演唱_玩音乐的辉哥曲谱-免费下载-简谱之家
雨下的花朵.txt	雨下的花朵	jianpujia-74019	jianpujia	邓丽君		雨下的花朵简谱(歌词)_邓丽君演唱_玩音乐的辉哥曲谱-免费下载-简谱之家
夜雾.txt	夜雾	jianpujia-74020	jianpujia	邓丽君		夜雾简谱(歌词)_邓丽君演唱_玩音乐的辉哥曲谱-免费下载-简谱之家
翠湖寒.txt	翠湖寒	jianpujia-74021	jianpujia	邓丽君		翠湖寒简谱(歌词)_邓丽君演唱_玩音乐的辉哥曲谱-免费下载-简谱之家
相聚更甜蜜.txt	相聚更甜蜜	jianpujia-74023	jianpujia	邓丽君		相聚更甜蜜简谱(歌词)_邓丽君演唱_玩音乐的辉哥曲谱-免费下载-简谱之家
永远爱我.txt	永远爱我	jianpujia-74024	jianpujia	邓丽君		永远爱我简谱(歌词)_邓丽君演唱_谱友玩音乐的辉哥上传-免费下载-简谱之家
不管今宵或明天.txt	不管今宵或明天	jianpujia-74025	jianpujia	邓丽君		不管今宵或明天简谱(歌词)_邓丽君演唱_谱友玩音乐的辉哥上传-免费下载-简谱之家
请你别再来找我.txt	请你别再来找我	jianpujia-74027	jianpujia	邓丽君		请你别再来找我简谱(歌词)_邓丽君演唱_玩音乐的辉哥曲谱-免费下载-简谱之家
冬之恋情.txt	冬之恋情	jianpujia-74029	jianpujia	邓丽君		冬之恋情简谱(歌词)_邓丽君演唱_玩音乐的辉哥曲谱-免费下载-简谱之家
雪中莲.txt	雪中莲	jianpujia-74032	jianpujia	邓丽君		雪中莲简谱(歌词)_邓丽君演唱_谱友玩音乐的辉哥上传-免费下载-简谱之家
完美生活_2.txt	完美生活	jianpujia-74161	jianpujia	许巍		完美生活简谱_许巍演唱-免费下载-简谱之家
星座书上.txt	星座书上	jianpujia-74180	jianpujia	许嵩		星座书上简谱_许嵩演唱-免费下载-简谱之家
叹服.txt	叹服	jianpujia-74189	jianpujia	许嵩		叹服简谱_许嵩演唱-免费下载-简谱之家
七号公园.txt	七号公园	jianpujia-74199	jianpujia	许嵩		七号公园简谱__许嵩演唱-免费下载-简谱之家
爱情里的眼泪.txt	爱情里的眼泪	jianpujia-74213	jianpujia	许嵩/安琪		爱情里的眼泪简谱_许嵩/安琪演唱-免费下载-简谱之家
小雨沙沙.txt	小雨沙沙	jianpujia-74220	jianpujia		儿歌	小雨沙沙简谱_儿歌-免费下载-简谱之家
泼水歌_2.txt	泼水歌	jianpujia-74234	jianpujia		儿歌	泼水歌简谱__儿歌演唱-免费下载-简谱之家
歌唱二小放牛郎_2.txt	歌唱二小放牛郎	jianpujia-74240	jianpujia		儿歌	歌唱二小放牛郎简谱__儿歌-免费下载-简谱之家
铃儿响叮当.txt	铃儿响叮当	jianpujia-74293	jianpujia		儿歌	铃儿响叮当简谱_儿歌-免费下载-简谱之家
多余的解释.txt	多余的解释	jianpujia-74316	jianpujia	许嵩		多余的解释简谱_许嵩演唱-免费下载-简谱之家
时光机_2.txt	时光机	jianpujia-74378	jianpujia	五月天		时光机简谱_五月天演唱-免费下载-简谱之家
拉拉勾.txt	拉拉勾	jianpujia-74409	jianpujia		儿歌	拉拉勾简谱_儿歌-免费下载-简谱之家
小红花.txt	小红花	jianpujia-74419	jianpujia		儿歌	小红花简谱_儿歌-免费下载-简谱之家
我爱北京天安门_2.txt	我爱北京天安门	jianpujia-74423	jianpujia		儿歌	我爱北京天安门简谱_儿歌-免费下载-简谱之家
国旗多美丽.txt	国旗多美丽	jianpujia-74464	jianpujia		儿歌	国旗多美丽简谱_儿歌演唱-免费下载-简谱之家
小燕子穿花衣.txt	小燕子穿花衣	jianpujia-74494	jianpujia		儿歌	小燕子穿花衣简谱_儿歌_电影_护士日记_插曲-免费下载-简谱之家
白龙马.txt	白龙马	jianpujia-74514	jianpujia		儿歌	白龙马简谱_TV动画_西游记_片尾曲-免费下载-简谱之家
葫芦娃.txt	葫芦娃	jianpujia-74518	jianpujia		儿歌	葫芦娃简谱_儿歌演唱-免费下载-简谱之家
我们的祖国是花园.txt	我们的祖国是花园	jianpujia-74532	jianpujia	小伴龙儿歌	儿歌	我们的祖国是花园简谱_小伴龙儿歌演唱-免费下载-简谱之家
天龙八部之宿敌.txt	天龙八部之宿敌	jianpujia-74543	jianpujia	许嵩		天龙八部之宿敌简谱_许嵩演唱-免费下载-简谱之家
未命名-jianpujia-74558.txt	未命名-jianpujia-74558	jianpujia-74558	jianpujia	幼儿园儿歌	儿歌	小松树简谱_幼儿园儿歌演唱-免费下载-简谱之家
当我们同在一起_2.txt	当我们同在一起	jianpujia-74561	jianpujia	小蓓蕾组合	儿歌	当我们同在一起简谱__小蓓蕾组合演唱-免费下载-简谱之家
问候歌.txt	问候歌	jianpujia-74580	jianpujia		儿歌	问候歌简谱_儿歌演唱-免费下载-简谱之家
我们多么幸福.txt	我们多么幸福	jianpujia-74588	jianpujia		儿歌	我们多么幸福简谱_儿歌演唱-免费下载-简谱之家
嘀哩嘀哩.txt	嘀哩嘀哩	jianpujia-7461	jianpujia		儿歌	嘀哩嘀哩简谱_儿歌_春天在哪里，春天就在这首_嘀哩嘀哩_中-免费下载-简谱之家
郊游.txt	郊游	jianpujia-74632	jianpujia		儿歌	郊游简谱_儿歌演唱-免费下载-简谱之家
我只在乎你_2.txt	我只在乎你	jianpujia-74662	jianpujia	邓丽君		我只在乎你简谱_邓丽君演唱-免费下载-简谱之家
牧羊童.txt	牧羊童	jianpujia-7484	jianpujia		儿歌	牧羊童简谱_儿歌_一首草原之歌洗涤你的心灵-免费下载-简谱之家
东北民谣.txt	东北民谣	jianpujia-74853	jianpujia	毛不易		东北民谣简谱(歌词)_毛不易演唱_谱友曲水悠悠上传-免费下载-简谱之家
七色光之歌.txt	七色光之歌	jianpujia-7494	jianpujia		儿歌	七色光之歌简谱_儿歌_七色光之歌，给我们带来七彩的梦-免费下载-简谱之家
你还要我怎样.txt	你还要我怎样	jianpujia-75180	jianpujia	薛之谦		你还要我怎样简谱(歌词)_薛之谦演唱_小叶歌曲谱-免费下载-简谱之家
明月逐人归.txt	明月逐人归	jianpujia-7603	jianpujia	五色石南叶/贰婶	儿歌	明月逐人归简谱(歌词)_五色石南叶/贰婶演唱_天之韵记谱-免费下载-简谱之家
演员.txt	演员	jianpujia-76077	jianpujia	薛之谦		演员简谱(歌词)_薛之谦演唱_谱友孤夜寒星521上传-免费下载-简谱之家
难忘的初恋情人.txt	难忘的初恋情人	jianpujia-76201	jianpujia	邓丽君		难忘的初恋情人简谱(歌词)_邓丽君演唱_岭南印象曲谱-免费下载-简谱之家
今年勇.txt	今年勇	jianpujia-76272	jianpujia	许嵩		今年勇简谱(歌词)_许嵩演唱_火中莲记谱-免费下载-简谱之家
十一哥.txt	十一哥	jianpujia-7807	jianpujia	邓丽君		十一哥简谱(歌词)—邓丽君演唱—岭南印象曲谱-免费下载-简谱之家
草原，巩乃斯草原.txt	草原，巩乃斯草原	jianpujia-83533	jianpujia		草原	草原，巩乃斯草原_简谱_任志萍词/王震亚曲-免费下载-简谱之家
草原，绿色的海洋.txt	草原，绿色的海洋	jianpujia-85070	jianpujia		草原	草原，绿色的海洋简谱_张洪泉词_刘德波曲-免费下载-简谱之家
草原，绿色的海洋_2.txt	草原，绿色的海洋	jianpujia-85106	jianpujia		草原	草原，绿色的海洋简谱_张洪泉词_钱宝矿曲-免费下载-简谱之家
民歌.txt	民歌	jianpujia-88633	jianpujia		民歌	民歌简谱_余光中词_胡悍曲-免费下载-简谱之家
爱上你，草原.txt	爱上你，草原	jianpujia-90007	jianpujia		草原	爱上你，草原简谱_张建忠词/赵勇曲-免费下载-简谱之家
草原，我的故乡.txt	草原，我的故乡	jianpujia-90135	jianpujia		草原	草原，我的故乡简谱_电视片_草原风情_插曲-免费下载-简谱之家
草原，我幸福的家园.txt	草原，我幸福的家园	jianpujia-90559	jianpujia		草原	草原，我幸福的家园简谱_左河水词/左河水曲-免费下载-简谱之家
叶儿船.txt	叶儿船	jianpujia-9125	jianpujia		儿歌	叶儿船简谱(歌词)_演唱_岭南印象曲谱-免费下载-简谱之家
我们是春天.txt	我们是春天	jianpujia-9230	jianpujia		儿歌	我们是春天简谱(歌词)—少儿合唱演唱—岭南印象曲谱-免费下载-简谱之家
小小雨点.txt	小小雨点	jianpujia-9238	jianpujia	少儿	儿歌	小小雨点简谱(歌词)—少儿演唱—岭南印象曲谱-免费下载-简谱之家
我爱北京天安门.txt	我爱北京天安门	jianpujia-9335	jianpujia	金铭与少儿	儿歌	我爱北京天安门简谱(歌词)_金铭与少儿演唱_岭南印象曲谱-免费下载-简谱之家
红领巾之歌.txt	红领巾之歌	jianpujia-9338	jianpujia		儿歌	红领巾之歌简谱(歌词)_儿歌_岭南印象曲谱-免费下载-简谱之家
草原，我的母亲.txt	草原，我的母亲	jianpujia-97113	jianpujia		草原	草原，我的母亲简谱_赵金力词_张明金曲燕尾蝶_-免费下载-简谱之家
草原，我的家乡.txt	草原，我的家乡	jianpujia-98007	jianpujia		草原	草原，我的家乡简谱_周建华词_罗建新曲-免费下载-简谱之家
小螺号.txt	小螺号	jianpujia-9850	jianpujia	程琳	儿歌	小螺号（少儿歌曲）简谱(歌词)—程琳演唱—岭南印曲谱-免费下载-简谱之家
童年.txt	童年	jianpujia-9855	jianpujia	张艾嘉	儿歌	童年（少儿歌曲——台湾校园歌曲）简谱(歌词)—张艾嘉演唱—岭南印曲谱-免费下载-简谱之家
乡间的小路.txt	乡间的小路	jianpujia-9858	jianpujia	卓依婷	儿歌	乡间的小路简谱(歌词)_卓依婷演唱_岭南印象曲谱-免费下载-简谱之家
兰花草.txt	兰花草	jianpujia-9884	jianpujia	谢玲玲	儿歌	兰花草简谱(歌词)_谢玲玲演唱_岭南印象曲谱-免费下载-简谱之家
妈妈的吻.txt	妈妈的吻	jianpujia-9904	jianpujia	蓓蕾组合	儿歌	妈妈的吻简谱(歌词)_蓓蕾组合演唱_岭南印象曲谱-免费下载-简谱之家
熊猫咪咪.txt	熊猫咪咪	jianpujia-9941	jianpujia	程琳	儿歌	熊猫咪咪（少儿歌曲）简谱(歌词)_程琳演唱_岭南印象曲谱-免费下载-简谱之家
校园的早晨.txt	校园的早晨	jianpujia-9963	jianpujia	谢莉斯/王洁实	儿歌	校园的早晨简谱(歌词)_谢莉斯/王洁实演唱_岭南印象曲谱-免费下载-简谱之家
路灯下的小姑娘.txt	路灯下的小姑娘	jianpujia-9998	jianpujia	邓洁仪	儿歌	路灯下的小姑娘简谱(歌词)_邓洁仪演唱_岭南印象曲谱-免费下载-简谱之家
