曲名	站	页面id	页数	类型	目录	首图
	jianpucn	149071	1	简谱	_魅力湘西__jianpucn-149071	/home/caesium-132/jianpu/images-prep/jianpucn-songzuying/_魅力湘西__jianpucn-149071/001.jpg
- 吻别 吻别 -	jianpucn	228770	2	简谱	- 吻别 吻别 -__jianpucn-228770	/home/caesium-132/jianpu/images-prep/jianpucn-zhangxueyou/- 吻别 吻别 -__jianpucn-228770/001.jpg
-任我行	jianpucn	240540	2	简谱	-任我行__jianpucn-240540	/home/caesium-132/jianpu/images-prep/jianpucn-pop/-任我行__jianpucn-240540/001.jpg
05895464版@安静	jianpucn	103276	2	简谱	05895464版@安静__jianpucn-103276	/home/caesium-132/jianpu/images-prep/jianpucn-zhoujielun/05895464版@安静__jianpucn-103276/001.jpg
101高峰会	jianpucn	178629	1	简谱	101高峰会（周杰伦）__jianpucn-178629	/home/caesium-132/jianpu/images-prep/jianpucn-zhoujielun/101高峰会（周杰伦）__jianpucn-178629/001.jpg
10信念	qupu123	319833	4	简谱	10信念（双谱）__qupu123-319833	/home/caesium-132/jianpu/images-prep/qupu123-crawl/10信念（双谱）__qupu123-319833/001.jpg
11幸福花园	qupu123	312866	5	简谱	11幸福花园（双谱）__qupu123-312866	/home/caesium-132/jianpu/images-prep/qupu123-crawl/11幸福花园（双谱）__qupu123-312866/001.jpg
11祖国，我一定要回去	qupu123	319834	3	简谱	11祖国，我一定要回去（双谱）__qupu123-319834	/home/caesium-132/jianpu/images-prep/qupu123-crawl/11祖国，我一定要回去（双谱）__qupu123-319834/001.jpg
12我爱朝霞	qupu123	319835	5	简谱	12我爱朝霞（双谱）__qupu123-319835	/home/caesium-132/jianpu/images-prep/qupu123-crawl/12我爱朝霞（双谱）__qupu123-319835/001.jpg
12歌唱春天	qupu123	316431	5	简谱	12歌唱春天（双谱）__qupu123-316431	/home/caesium-132/jianpu/images-prep/qupu123-crawl/12歌唱春天（双谱）__qupu123-316431/001.jpg
13生死不离	qupu123	314061	3	简谱	13生死不离（双谱）__qupu123-314061	/home/caesium-132/jianpu/images-prep/qupu123-sweep/13生死不离（双谱）__qupu123-314061/001.jpg
14追寻	qupu123	312869	5	简谱	14追寻（D调）（双谱）__qupu123-312869	/home/caesium-132/jianpu/images-prep/qupu123-sweep/14追寻（D调）（双谱）__qupu123-312869/001.jpg
15诉说	qupu123	319939	4	简谱	15诉说（双谱）__qupu123-319939	/home/caesium-132/jianpu/images-prep/qupu123-crawl/15诉说（双谱）__qupu123-319939/001.jpg
15追寻	qupu123	312870	5	简谱	15追寻（G调）（双谱）__qupu123-312870	/home/caesium-132/jianpu/images-prep/qupu123-sweep/15追寻（G调）（双谱）__qupu123-312870/001.jpg
17岁	jianpucn	431313	4	简谱	17岁__jianpucn-431313	/home/caesium-132/jianpu/images-prep/jianpucn-liudehua/17岁__jianpucn-431313/001.jpg
17岁尤克里里谱	jianpucn	462850	1	改编	17岁尤克里里谱（ 十七岁G调乌克丽丽弹唱谱）__jianpucn-462850	/home/caesium-132/jianpu/images-prep/jianpucn-liudehua/17岁尤克里里谱（ 十七岁G调乌克丽丽弹唱谱）__jianpucn-462850/001.jpg
17岁钢琴	jianpujia	247320	4	改编	17岁钢琴简谱_刘德华演唱__jianpujia-247320	/home/caesium-132/jianpu/images-prep/jianpujia-art855/17岁钢琴简谱_刘德华演唱__jianpujia-247320/001.png
17我要去延安	qupu123	312874	4	简谱	17我要去延安（双谱）__qupu123-312874	/home/caesium-132/jianpu/images-prep/qupu123-sweep/17我要去延安（双谱）__qupu123-312874/001.jpg
17越走越近	qupu123	315518	3	简谱	17越走越近（双谱）__qupu123-315518	/home/caesium-132/jianpu/images-prep/qupu123-sweep/17越走越近（双谱）__qupu123-315518/001.jpg
1874	jianpucn	8909	3	简谱	1874__jianpucn-8909	/home/caesium-132/jianpu/images-prep/jianpucn-pop/1874__jianpucn-8909/001.jpg
1874尤克里里谱	jianpucn	462832	1	改编	1874尤克里里谱（ 1874ukulele指弹四 ）__jianpucn-462832	/home/caesium-132/jianpu/images-prep/jianpucn-pop/1874尤克里里谱（ 1874ukulele指弹四 ）__jianpucn-462832/001.jpg
18好男儿就是要当兵	qupu123	312876	3	简谱	18好男儿就是要当兵（双谱）__qupu123-312876	/home/caesium-132/jianpu/images-prep/qupu123-sweep/18好男儿就是要当兵（双谱）__qupu123-312876/001.jpg
19我们的天空	qupu123	316441	4	简谱	19我们的天空（双谱）__qupu123-316441	/home/caesium-132/jianpu/images-prep/qupu123-crawl/19我们的天空（双谱）__qupu123-316441/001.jpg
1Dear-U	jianpucn	5762	3	简谱	1Dear-U__jianpucn-5762	/home/caesium-132/jianpu/images-prep/jianpucn-pop/1Dear-U__jianpucn-5762/001.jpg
1致祖国	qupu123	319721	6	简谱	1致祖国（双谱）（选自大型音乐舞蹈史诗《复兴之路》）__qupu123-319721	/home/caesium-132/jianpu/images-prep/qupu123-crawl/1致祖国（双谱）（选自大型音乐舞蹈史诗《复兴之路》）__qupu123-319721/001.jpg
2013春晚歌曲李健、孙俪风吹麦浪GTP吉他谱总谱分享	jianpucn	208057	2	改编	2013春晚歌曲李健、孙俪风吹麦浪GTP吉他谱总谱分享__jianpucn-208057	/home/caesium-132/jianpu/images-prep/jianpucn-lijian/2013春晚歌曲李健、孙俪风吹麦浪GTP吉他谱总谱分享__jianpucn-208057/001.jpg
2018	qupu123	307314	1	简谱	2018__qupu123-307314	/home/caesium-132/jianpu/images-prep/qupu123-sweep/2018__qupu123-307314/001.jpg
20飞向大海的夜莺	qupu123	319944	6	简谱	20飞向大海的夜莺（双谱）__qupu123-319944	/home/caesium-132/jianpu/images-prep/qupu123-crawl/20飞向大海的夜莺（双谱）__qupu123-319944/001.jpg
23天空	qupu123	320036	4	简谱	23天空（双谱）__qupu123-320036	/home/caesium-132/jianpu/images-prep/qupu123-sweep/23天空（双谱）__qupu123-320036/001.jpg
23对岸	qupu123	313058	4	简谱	23对岸（双谱）__qupu123-313058	/home/caesium-132/jianpu/images-prep/qupu123-crawl/23对岸（双谱）__qupu123-313058/001.jpg
24腊子口抒怀	qupu123	316600	4	简谱	24腊子口抒怀（双谱）__qupu123-316600	/home/caesium-132/jianpu/images-prep/qupu123-crawl/24腊子口抒怀（双谱）__qupu123-316600/001.jpg
24蓝色乌江	qupu123	313059	5	简谱	24蓝色乌江（双谱）__qupu123-313059	/home/caesium-132/jianpu/images-prep/qupu123-crawl/24蓝色乌江（双谱）__qupu123-313059/001.jpg
25白鸽托起你的梦	qupu123	320038	4	简谱	25白鸽托起你的梦（双谱）__qupu123-320038	/home/caesium-132/jianpu/images-prep/qupu123-crawl/25白鸽托起你的梦（双谱）__qupu123-320038/001.jpg
26	qupu123	313063	5	简谱	26_铺开一片蔚蓝（双谱）__qupu123-313063	/home/caesium-132/jianpu/images-prep/qupu123-crawl/26_铺开一片蔚蓝（双谱）__qupu123-313063/001.jpg
2祖国，我为你尽情歌唱	qupu123	312690	6	简谱	2祖国，我为你尽情歌唱（双谱）__qupu123-312690	/home/caesium-132/jianpu/images-prep/qupu123-crawl/2祖国，我为你尽情歌唱（双谱）__qupu123-312690/001.jpg
31巴郎	qupu123	314954	5	简谱	31巴郎（双谱）__qupu123-314954	/home/caesium-132/jianpu/images-prep/qupu123-crawl/31巴郎（双谱）__qupu123-314954/001.jpg
35月光	qupu123	316904	3	简谱	35月光（双谱）__qupu123-316904	/home/caesium-132/jianpu/images-prep/qupu123-crawl/35月光（双谱）__qupu123-316904/001.jpg
38.5℃	jianpucn	197342	1	简谱	38.5℃__jianpucn-197342	/home/caesium-132/jianpu/images-prep/jianpucn-tianzhen/38.5℃__jianpucn-197342/001.jpg
3国歌唱中华	qupu123	319826	5	简谱	3国歌唱中华（双谱）__qupu123-319826	/home/caesium-132/jianpu/images-prep/qupu123-crawl/3国歌唱中华（双谱）__qupu123-319826/001.jpg
40高山流水	qupu123	320184	4	简谱	40高山流水（双谱）__qupu123-320184	/home/caesium-132/jianpu/images-prep/qupu123-crawl/40高山流水（双谱）__qupu123-320184/001.jpg
41无题	qupu123	320186	4	简谱	41无题（双谱）__qupu123-320186	/home/caesium-132/jianpu/images-prep/qupu123-crawl/41无题（双谱）__qupu123-320186/001.jpg
41霸王别姬	qupu123	317048	10	简谱	41霸王别姬（双谱）（歌剧《刘邦大帝》选段）__qupu123-317048	/home/caesium-132/jianpu/images-prep/qupu123-crawl/41霸王别姬（双谱）（歌剧《刘邦大帝》选段）__qupu123-317048/001.jpg
42在这个冰雪世界中	qupu123	313618	4	简谱	42在这个冰雪世界中（双谱）（（歌剧《守望天山》选段））__qupu123-313618	/home/caesium-132/jianpu/images-prep/qupu123-crawl/42在这个冰雪世界中（双谱）（（歌剧《守望天山》选段））__qupu123-313618/001.jpg
42无词歌	qupu123	320187	3	简谱	42无词歌（双谱）__qupu123-320187	/home/caesium-132/jianpu/images-prep/qupu123-crawl/42无词歌（双谱）__qupu123-320187/001.jpg
43一切就在转眼之间	qupu123	313619	3	简谱	43一切就在转眼之间（双谱）（（歌剧《守望天山》选段））__qupu123-313619	/home/caesium-132/jianpu/images-prep/qupu123-crawl/43一切就在转眼之间（双谱）（（歌剧《守望天山》选段））__qupu123-313619/001.jpg
43你在哪里啊，红莲	qupu123	317050	6	简谱	43你在哪里啊，红莲（双谱）（歌剧《运河谣》选段）__qupu123-317050	/home/caesium-132/jianpu/images-prep/qupu123-crawl/43你在哪里啊，红莲（双谱）（歌剧《运河谣》选段）__qupu123-317050/001.jpg
43冬雪咏叹	qupu123	320337	6	简谱	43冬雪咏叹（双谱）__qupu123-320337	/home/caesium-132/jianpu/images-prep/qupu123-crawl/43冬雪咏叹（双谱）__qupu123-320337/001.jpg
44九泉下望你母子得安宁	qupu123	317051	4	简谱	44九泉下望你母子得安宁（双谱）（歌剧《祝福》选段）__qupu123-317051	/home/caesium-132/jianpu/images-prep/qupu123-crawl/44九泉下望你母子得安宁（双谱）（歌剧《祝福》选段）__qupu123-317051/001.jpg
44你是一个好人	qupu123	313620	3	简谱	44你是一个好人（双谱）（（歌剧《守望天山》选段））__qupu123-313620	/home/caesium-132/jianpu/images-prep/qupu123-crawl/44你是一个好人（双谱）（（歌剧《守望天山》选段））__qupu123-313620/001.jpg
44新不了情	qupu123	320338	2	简谱	44新不了情（双谱）__qupu123-320338	/home/caesium-132/jianpu/images-prep/qupu123-sweep/44新不了情（双谱）__qupu123-320338/001.jpg
45天问	qupu123	317052	8	简谱	45天问（双谱）（歌剧《祝福》选段）__qupu123-317052	/home/caesium-132/jianpu/images-prep/qupu123-crawl/45天问（双谱）（歌剧《祝福》选段）__qupu123-317052/001.jpg
46我心中的好儿郎	qupu123	317053	4	简谱	46我心中的好儿郎（双谱）（歌剧《红河谷》选段）__qupu123-317053	/home/caesium-132/jianpu/images-prep/qupu123-crawl/46我心中的好儿郎（双谱）（歌剧《红河谷》选段）__qupu123-317053/001.jpg
46滚滚长江东逝水	qupu123	320340	2	简谱	46滚滚长江东逝水（双谱）__qupu123-320340	/home/caesium-132/jianpu/images-prep/qupu123-sweep/46滚滚长江东逝水（双谱）__qupu123-320340/001.jpg
46祥林嫂	qupu123	315949	5	简谱	46祥林嫂（双谱）__qupu123-315949	/home/caesium-132/jianpu/images-prep/qupu123-crawl/46祥林嫂（双谱）__qupu123-315949/001.jpg
47啊，鲁迅	qupu123	320341	5	简谱	47啊，鲁迅（双谱）__qupu123-320341	/home/caesium-132/jianpu/images-prep/qupu123-crawl/47啊，鲁迅（双谱）__qupu123-320341/001.jpg
47梦回西藏	qupu123	317054	3	简谱	47梦回西藏（双谱）（歌剧《红河谷》选段）__qupu123-317054	/home/caesium-132/jianpu/images-prep/qupu123-crawl/47梦回西藏（双谱）（歌剧《红河谷》选段）__qupu123-317054/001.jpg
47用我的生命赞美你的名字	qupu123	313625	4	简谱	47用我的生命赞美你的名字（双谱）（（歌剧《红河谷》选段））__qupu123-313625	/home/caesium-132/jianpu/images-prep/qupu123-crawl/47用我的生命赞美你的名字（双谱）（（歌剧《红河谷》选段））__qupu123-313625/001.jpg
48我是头人的女儿	qupu123	313627	5	简谱	48我是头人的女儿（双谱）（（歌剧《红河谷》选段））__qupu123-313627	/home/caesium-132/jianpu/images-prep/qupu123-crawl/48我是头人的女儿（双谱）（（歌剧《红河谷》选段））__qupu123-313627/001.jpg
48朋友，为你点亮篝火	qupu123	317055	6	简谱	48朋友，为你点亮篝火（双谱）（歌剧《红河谷》选段）__qupu123-317055	/home/caesium-132/jianpu/images-prep/qupu123-crawl/48朋友，为你点亮篝火（双谱）（歌剧《红河谷》选段）__qupu123-317055/001.jpg
49-21-La Vie en Rose -Bb-	qupu123	363111	1	改编	49-21-La Vie en Rose -Bb- 五线谱（SMOOTH JAZZ - The Best of Harm__qupu123-363111	/home/caesium-132/jianpu/images-prep/qupu123-hk/49-21-La Vie en Rose -Bb- 五线谱（SMOOTH JAZZ - The Best of Harm__qupu123-363111/001.jpg
49我出生在黄河岸边	qupu123	313628	5	简谱	49我出生在黄河岸边（双谱）（（歌剧《红河谷》选段））__qupu123-313628	/home/caesium-132/jianpu/images-prep/qupu123-crawl/49我出生在黄河岸边（双谱）（（歌剧《红河谷》选段））__qupu123-313628/001.jpg
49这里不是你的家	qupu123	317056	6	简谱	49这里不是你的家（双谱）（歌剧《红河谷》选段）__qupu123-317056	/home/caesium-132/jianpu/images-prep/qupu123-crawl/49这里不是你的家（双谱）（歌剧《红河谷》选段）__qupu123-317056/001.jpg
4祖国在我心中	qupu123	319827	3	简谱	4祖国在我心中（双谱）__qupu123-319827	/home/caesium-132/jianpu/images-prep/qupu123-crawl/4祖国在我心中（双谱）__qupu123-319827/001.jpg
50含着泪，请举起猎枪	qupu123	313629	5	简谱	50含着泪，请举起猎枪（双谱）（（歌剧《红河谷》选段））__qupu123-313629	/home/caesium-132/jianpu/images-prep/qupu123-crawl/50含着泪，请举起猎枪（双谱）（（歌剧《红河谷》选段））__qupu123-313629/001.jpg
50用我的真心称颂你的名字	qupu123	317057	4	简谱	50用我的真心称颂你的名字（双谱）（歌剧《红河谷》选段）__qupu123-317057	/home/caesium-132/jianpu/images-prep/qupu123-crawl/50用我的真心称颂你的名字（双谱）（歌剧《红河谷》选段）__qupu123-317057/001.jpg
51嫦娥奔月	qupu123	320345	4	简谱	51嫦娥奔月（双谱）__qupu123-320345	/home/caesium-132/jianpu/images-prep/qupu123-crawl/51嫦娥奔月（双谱）__qupu123-320345/001.jpg
51追寻	qupu123	317209	4	简谱	51追寻（双谱）（歌剧《永不消逝的电波》选段）__qupu123-317209	/home/caesium-132/jianpu/images-prep/qupu123-crawl/51追寻（双谱）（歌剧《永不消逝的电波》选段）__qupu123-317209/001.jpg
52卖炭翁	qupu123	320346	7	简谱	52卖炭翁（双谱）__qupu123-320346	/home/caesium-132/jianpu/images-prep/qupu123-crawl/52卖炭翁（双谱）__qupu123-320346/001.jpg
52可是我的爱没有对你表白	qupu123	317210	5	简谱	52可是我的爱没有对你表白（歌剧《永不消逝的电波》选段）__qupu123-317210	/home/caesium-132/jianpu/images-prep/qupu123-crawl/52可是我的爱没有对你表白（歌剧《永不消逝的电波》选段）__qupu123-317210/001.jpg
53最美的一叶藏在心	qupu123	317211	7	简谱	53最美的一叶藏在心（双谱）（歌剧《永不消逝的电波》选段）__qupu123-317211	/home/caesium-132/jianpu/images-prep/qupu123-crawl/53最美的一叶藏在心（双谱）（歌剧《永不消逝的电波》选段）__qupu123-317211/001.jpg
54携手再看旭日红	qupu123	317212	6	简谱	54携手再看旭日红（双谱）（歌剧《永不消逝的电波》选段）__qupu123-317212	/home/caesium-132/jianpu/images-prep/qupu123-crawl/54携手再看旭日红（双谱）（歌剧《永不消逝的电波》选段）__qupu123-317212/001.jpg
57远山	qupu123	320456	3	简谱	57远山（双谱）（歌剧《太阳雪》选段）__qupu123-320456	/home/caesium-132/jianpu/images-prep/qupu123-sweep/57远山（双谱）（歌剧《太阳雪》选段）__qupu123-320456/001.jpg
5我深深地爱你	qupu123	319828	4	简谱	5我深深地爱你（双谱）__qupu123-319828	/home/caesium-132/jianpu/images-prep/qupu123-crawl/5我深深地爱你（双谱）__qupu123-319828/001.jpg
5迎风飘扬的旗	qupu123	312693	5	简谱	5迎风飘扬的旗（双谱）__qupu123-312693	/home/caesium-132/jianpu/images-prep/qupu123-crawl/5迎风飘扬的旗（双谱）__qupu123-312693/001.jpg
7红旗飘扬	qupu123	312695	5	简谱	7红旗飘扬（双谱）__qupu123-312695	/home/caesium-132/jianpu/images-prep/qupu123-crawl/7红旗飘扬（双谱）__qupu123-312695/001.jpg
8号	jianpucn	196329	1	简谱	8号_光阴的故事（简单版）__jianpucn-196329	/home/caesium-132/jianpu/images-prep/jianpucn-luodayou/8号_光阴的故事（简单版）__jianpucn-196329/001.jpg
8如此多娇	qupu123	315410	4	简谱	8如此多娇（双谱）__qupu123-315410	/home/caesium-132/jianpu/images-prep/qupu123-crawl/8如此多娇（双谱）__qupu123-315410/001.jpg
93海阔天空	jianpucn	194129	4	简谱	93海阔天空__jianpucn-194129	/home/caesium-132/jianpu/images-prep/jianpucn-beyond/93海阔天空__jianpucn-194129/001.jpg
99只小白鸽	qupu123	327856	2	简谱	99只小白鸽（同名电视剧主题歌）__qupu123-327856	/home/caesium-132/jianpu/images-prep/qupu123-crawl/99只小白鸽（同名电视剧主题歌）__qupu123-327856/001.jpg
9你是血脉我是血	qupu123	312697	4	简谱	9你是血脉我是血（双谱）__qupu123-312697	/home/caesium-132/jianpu/images-prep/qupu123-crawl/9你是血脉我是血（双谱）__qupu123-312697/001.jpg
@老乡	qupu123	303960	1	简谱	@老乡__qupu123-303960	/home/caesium-132/jianpu/images-prep/qupu123-sweep/@老乡__qupu123-303960/001.jpg
A	qupu123	371368	1	简谱	A_Puppet's_Dream合唱谱__qupu123-371368	/home/caesium-132/jianpu/images-prep/qupu123-crawl/A_Puppet's_Dream合唱谱__qupu123-371368/001.jpg
A promise	jianpucn	96149	2	简谱	A promise__jianpucn-96149	/home/caesium-132/jianpu/images-prep/jianpucn-pop/A promise__jianpucn-96149/001.jpg
A.I.N.I. 爱你	jianpucn	181562	2	简谱	A.I.N.I. 爱你__jianpucn-181562	/home/caesium-132/jianpu/images-prep/jianpucn-dengziqi/A.I.N.I. 爱你__jianpucn-181562/001.jpg
ABC	qupu123	369970	2	简谱	ABC_Song（abc字母歌）__qupu123-369970	/home/caesium-132/jianpu/images-prep/qupu123-crawl/ABC_Song（abc字母歌）__qupu123-369970/001.jpg
Aku Manusia	jianpucn	294055	1	简谱	Aku Manusia__jianpucn-294055	/home/caesium-132/jianpu/images-prep/jianpucn-denglijun/Aku Manusia__jianpucn-294055/001.jpg
Alway onlion	jianpucn	401100	2	简谱	Alway onlion__jianpucn-401100	/home/caesium-132/jianpu/images-prep/jianpucn-linjunjie/Alway onlion__jianpucn-401100/001.jpg
Amani —	jianpucn	234085	2	简谱	Amani — （扫描版）__jianpucn-234085	/home/caesium-132/jianpu/images-prep/jianpucn-beyond/Amani — （扫描版）__jianpucn-234085/001.jpg
Amani完美版	jianpucn	470927	2	简谱	Amani完美版__jianpucn-470927	/home/caesium-132/jianpu/images-prep/jianpucn-beyond/Amani完美版__jianpucn-470927/001.jpg
Amani指弹	jianpucn	457321	4	改编	Amani指弹 （ 吉他独奏 ）__jianpucn-457321	/home/caesium-132/jianpu/images-prep/jianpucn-beyond/Amani指弹 （ 吉他独奏 ）__jianpucn-457321/001.jpg
Are	qupu123	379741	3	简谱	Are_You_Ready__qupu123-379741	/home/caesium-132/jianpu/images-prep/qupu123-crawl/Are_You_Ready__qupu123-379741/001.jpg
Auld lang syne 往日的时光	jianpucn	61806	6	简谱	Auld lang syne 往日的时光（苏格兰、中英文）__jianpucn-61806	/home/caesium-132/jianpu/images-prep/ready5/Auld lang syne 往日的时光（苏格兰、中英文）__jianpucn-61806/001.jpg
BEYOND 不再犹豫	qupu123	368573	3	改编	BEYOND 不再犹豫 吉他谱（无限延音编配）__qupu123-368573	/home/caesium-132/jianpu/images-prep/qupu123-beyond/BEYOND 不再犹豫 吉他谱（无限延音编配）__qupu123-368573/001.jpg
BEYOND 交织千个心	qupu123	368574	3	改编	BEYOND 交织千个心 吉他谱（无限延音编配）__qupu123-368574	/home/caesium-132/jianpu/images-prep/qupu123-beyond/BEYOND 交织千个心 吉他谱（无限延音编配）__qupu123-368574/001.jpg
BEYOND 你知道我的迷惘	qupu123	368580	3	改编	BEYOND 你知道我的迷惘 吉他谱（无限延音编配）__qupu123-368580	/home/caesium-132/jianpu/images-prep/qupu123-beyond/BEYOND 你知道我的迷惘 吉他谱（无限延音编配）__qupu123-368580/001.jpg
BEYOND 冷雨夜	qupu123	368491	4	改编	BEYOND 冷雨夜 吉他谱（无限延音编配）__qupu123-368491	/home/caesium-132/jianpu/images-prep/qupu123-beyond/BEYOND 冷雨夜 吉他谱（无限延音编配）__qupu123-368491/001.jpg
BEYOND 大地	qupu123	368572	3	改编	BEYOND 大地 吉他谱（无限延音编配）__qupu123-368572	/home/caesium-132/jianpu/images-prep/qupu123-beyond/BEYOND 大地 吉他谱（无限延音编配）__qupu123-368572/001.jpg
BEYOND 情人	qupu123	368576	4	改编	BEYOND 情人 吉他谱（无限延音编配）__qupu123-368576	/home/caesium-132/jianpu/images-prep/qupu123-beyond/BEYOND 情人 吉他谱（无限延音编配）__qupu123-368576/001.jpg
BEYOND 旧日的足迹	qupu123	368575	4	改编	BEYOND 旧日的足迹 吉他谱（无限延音编配）__qupu123-368575	/home/caesium-132/jianpu/images-prep/qupu123-beyond/BEYOND 旧日的足迹 吉他谱（无限延音编配）__qupu123-368575/001.jpg
BEYOND 昔日舞曲	qupu123	368582	3	改编	BEYOND 昔日舞曲 吉他谱（无限延音编配）__qupu123-368582	/home/caesium-132/jianpu/images-prep/qupu123-beyond/BEYOND 昔日舞曲 吉他谱（无限延音编配）__qupu123-368582/001.jpg
BEYOND 灰色轨迹	qupu123	368571	3	改编	BEYOND 灰色轨迹 吉他谱（无限延音编配）__qupu123-368571	/home/caesium-132/jianpu/images-prep/qupu123-beyond/BEYOND 灰色轨迹 吉他谱（无限延音编配）__qupu123-368571/001.jpg
BEYOND 逝去日子	qupu123	368581	3	改编	BEYOND 逝去日子 吉他谱（无限延音编配）__qupu123-368581	/home/caesium-132/jianpu/images-prep/qupu123-beyond/BEYOND 逝去日子 吉他谱（无限延音编配）__qupu123-368581/001.jpg
BEYOND 长城	qupu123	368583	3	改编	BEYOND 长城 吉他谱（无限延音编配）__qupu123-368583	/home/caesium-132/jianpu/images-prep/qupu123-beyond/BEYOND 长城 吉他谱（无限延音编配）__qupu123-368583/001.jpg
BEYOND-为了你为了我	jianpucn	167947	1	简谱	BEYOND-为了你为了我__jianpucn-167947	/home/caesium-132/jianpu/images-prep/jianpucn-beyond/BEYOND-为了你为了我__jianpucn-167947/001.jpg
BEYOND-遥望	jianpucn	167574	1	简谱	BEYOND-遥望__jianpucn-167574	/home/caesium-132/jianpu/images-prep/jianpucn-beyond/BEYOND-遥望__jianpucn-167574/001.jpg
BEYOND《海阔天空》简化版超清谱 老歌大叔吉他教室出品	qupu123	342890	3	改编	BEYOND《海阔天空》简化版超清谱 老歌大叔吉他教室出品__qupu123-342890	/home/caesium-132/jianpu/images-prep/qupu123-beyond/BEYOND《海阔天空》简化版超清谱 老歌大叔吉他教室出品__qupu123-342890/001.jpg
Baby	jianpujia	252909	5	改编	Baby_Song钢琴简谱_陈奕迅演唱__jianpujia-252909	/home/caesium-132/jianpu/images-prep/jianpujia-art315/Baby_Song钢琴简谱_陈奕迅演唱__jianpujia-252909/001.png
Baby Song	jianpucn	218308	2	简谱	Baby Song__jianpucn-218308	/home/caesium-132/jianpu/images-prep/jianpucn-pop/Baby Song__jianpucn-218308/001.jpg
Baby До свидания达尼亚 -C调	jianpucn	466707	2	简谱	Baby До свидания达尼亚 -C调__jianpucn-466707	/home/caesium-132/jianpu/images-prep/jianpucn-pushu/Baby До свидания达尼亚 -C调__jianpucn-466707/001.jpg
Bar Street吉他	jianpucn	220377	1	改编	Bar Street吉他__jianpucn-220377	/home/caesium-132/jianpu/images-prep/jianpucn-renxianqi/Bar Street吉他__jianpucn-220377/001.jpg
Because	qupu123	378214	2	简谱	Because_of_You__qupu123-378214	/home/caesium-132/jianpu/images-prep/qupu123-crawl/Because_of_You__qupu123-378214/001.jpg
Beyond	jianpujia	149796	7	改编	Beyond_My_Beloved_Horizon钢琴简谱_Hans_Zimmer&Klaus_Badelt演唱__jianpujia-149796	/home/caesium-132/jianpu/images-prep/jianpujia-3246/Beyond_My_Beloved_Horizon钢琴简谱_Hans_Zimmer&Klaus_Badelt演唱__jianpujia-149796/001.png
Beyond - Amani	qupu123	368489	4	改编	Beyond - Amani 吉他谱（无限延音编配）__qupu123-368489	/home/caesium-132/jianpu/images-prep/qupu123-beyond/Beyond - Amani 吉他谱（无限延音编配）__qupu123-368489/001.jpg
Beyond the Memory - July	qupu123	352139	3	改编	Beyond the Memory - July（钢琴谱）__qupu123-352139	/home/caesium-132/jianpu/images-prep/qupu123-beyond/Beyond the Memory - July（钢琴谱）__qupu123-352139/001.jpg
Beyond 光辉岁月	qupu123	368490	3	改编	Beyond 光辉岁月 吉他谱（无限延音编配）__qupu123-368490	/home/caesium-132/jianpu/images-prep/qupu123-beyond/Beyond 光辉岁月 吉他谱（无限延音编配）__qupu123-368490/001.jpg
Beyond 海阔天空	qupu123	351736	4	改编	Beyond 海阔天空 吉他谱（无限延音编配）__qupu123-351736	/home/caesium-132/jianpu/images-prep/qupu123-beyond/Beyond 海阔天空 吉他谱（无限延音编配）__qupu123-351736/001.jpg
Beyond 真的爱你	qupu123	354578	3	改编	Beyond 真的爱你 吉他谱（无限延音编配）__qupu123-354578	/home/caesium-132/jianpu/images-prep/qupu123-beyond/Beyond 真的爱你 吉他谱（无限延音编配）__qupu123-354578/001.jpg
Beyond《Amani》 简单版 吉他弹唱教学	jianpucn	435398	1	改编	Beyond《Amani》 简单版 吉他弹唱教学__jianpucn-435398	/home/caesium-132/jianpu/images-prep/jianpucn-beyond/Beyond《Amani》 简单版 吉他弹唱教学__jianpucn-435398/001.jpg
Blue	qupu123	375493	4	简谱	Blue_Berry_Hill_鸟饭树山（蓝莓山）__qupu123-375493	/home/caesium-132/jianpu/images-prep/qupu123-crawl/Blue_Berry_Hill_鸟饭树山（蓝莓山）__qupu123-375493/001.jpg
C 小调中提琴独奏随想曲 Op.55	qupu123	367581	1	改编	C 小调中提琴独奏随想曲 Op.55__qupu123-367581	/home/caesium-132/jianpu/images-prep/qupu123-hk/C 小调中提琴独奏随想曲 Op.55__qupu123-367581/001.png
Call me the frist	jianpucn	122352	2	简谱	Call me the frist__jianpucn-122352	/home/caesium-132/jianpu/images-prep/jianpucn-wuyuetian/Call me the frist__jianpucn-122352/001.jpg
Colorful	jianpujia	136093	1	简谱	Colorful_Days简谱_朴树词_朴树曲朴树___jianpujia-136093	/home/caesium-132/jianpu/images-prep/jianpujia-859/Colorful_Days简谱_朴树词_朴树曲朴树___jianpujia-136093/001.gif
Colorful Days-弹唱 吉他类 流行	jianpucn	112852	2	改编	Colorful Days-弹唱 吉他类 流行__jianpucn-112852	/home/caesium-132/jianpu/images-prep/jianpucn-pushu/Colorful Days-弹唱 吉他类 流行__jianpucn-112852/001.jpg
Come On	jianpucn	52713	5	简谱	Come On__jianpucn-52713	/home/caesium-132/jianpu/images-prep/ready5/Come On__jianpucn-52713/001.jpg
Crying In The Party	jianpucn	183159	2	简谱	Crying In The Party__jianpucn-183159	/home/caesium-132/jianpu/images-prep/jianpucn-pop/Crying In The Party__jianpucn-183159/001.jpg
C级爱情	qupu123	305411	1	简谱	C级爱情__qupu123-305411	/home/caesium-132/jianpu/images-prep/qupu123-sweep/C级爱情__qupu123-305411/001.jpg
DANNY BOY	qupu123	355346	1	简谱	DANNY BOY（丹尼男孩）__qupu123-355346	/home/caesium-132/jianpu/images-prep/qupu123-west/DANNY BOY（丹尼男孩）__qupu123-355346/001.png
Dear U	jianpucn	8302	3	简谱	Dear U__jianpucn-8302	/home/caesium-132/jianpu/images-prep/jianpucn-pop/Dear U__jianpucn-8302/001.jpg
Dear U- 弹唱版	jianpucn	103720	2	改编	Dear U- 弹唱版__jianpucn-103720	/home/caesium-132/jianpu/images-prep/jianpucn-pop/Dear U- 弹唱版__jianpucn-103720/001.jpg
Dear U弹唱 吉他类 流行	jianpucn	112851	2	改编	Dear U弹唱 吉他类 流行__jianpucn-112851	/home/caesium-132/jianpu/images-prep/jianpucn-pop/Dear U弹唱 吉他类 流行__jianpucn-112851/001.jpg
Despacito	qupu123	351571	1	简谱	Despacito__qupu123-351571	/home/caesium-132/jianpu/images-prep/qupu123-west/Despacito__qupu123-351571/001.png
Don't Say Goodbye	qupu123	305418	1	简谱	Don't Say Goodbye__qupu123-305418	/home/caesium-132/jianpu/images-prep/qupu123-sweep/Don't Say Goodbye__qupu123-305418/001.png
Don't Stop	jianpucn	199471	1	简谱	Don't Stop__jianpucn-199471	/home/caesium-132/jianpu/images-prep/jianpucn-caiyilin/Don't Stop__jianpucn-199471/001.jpg
Don‘t Stop	jianpucn	199566	1	简谱	Don‘t Stop__jianpucn-199566	/home/caesium-132/jianpu/images-prep/jianpucn-caiyilin/Don‘t Stop__jianpucn-199566/001.jpg
E-lover-弹唱版	jianpucn	103631	2	改编	E-lover-弹唱版__jianpucn-103631	/home/caesium-132/jianpu/images-prep/jianpucn-pop/E-lover-弹唱版__jianpucn-103631/001.jpg
Endless Love	qupu123	212929	1	简谱	Endless Love（无尽的爱）__qupu123-212929	/home/caesium-132/jianpu/images-prep/qupu123-west/Endless Love（无尽的爱）__qupu123-212929/001.jpg
Endless Love 无尽的爱	qupu123	313277	1	简谱	Endless Love 无尽的爱__qupu123-313277	/home/caesium-132/jianpu/images-prep/qupu123-west/Endless Love 无尽的爱__qupu123-313277/001.png
Eyes	jianpujia	149687	4	改编	Eyes_On_Me钢琴简谱_王菲演唱__jianpujia-149687	/home/caesium-132/jianpu/images-prep/jianpujia-3395/Eyes_On_Me钢琴简谱_王菲演唱__jianpujia-149687/001.png
FIVE	qupu123	369971	2	简谱	FIVE_LITTLE_DUCKS（五只小鸭子）__qupu123-369971	/home/caesium-132/jianpu/images-prep/qupu123-crawl/FIVE_LITTLE_DUCKS（五只小鸭子）__qupu123-369971/001.jpg
FLY AWAY -伴奏版	jianpucn	102881	2	改编	FLY AWAY -伴奏版__jianpucn-102881	/home/caesium-132/jianpu/images-prep/jianpucn-pop/FLY AWAY -伴奏版__jianpucn-102881/001.jpg
FLY AWAY-	jianpucn	102884	2	简谱	FLY AWAY-(彈唱版）__jianpucn-102884	/home/caesium-132/jianpu/images-prep/jianpucn-pop/FLY AWAY-(彈唱版）__jianpucn-102884/001.jpg
Falling	jianpujia	377790	3	简谱	Falling_in_Love简谱_许嵩演唱_桃李醉春风制作曲谱__jianpujia-377790	/home/caesium-132/jianpu/images-prep/jianpujia-693/Falling_in_Love简谱_许嵩演唱_桃李醉春风制作曲谱__jianpujia-377790/001.jpg
Feelings	jianpucn	292929	1	简谱	Feelings（感情）__jianpucn-292929	/home/caesium-132/jianpu/images-prep/jianpucn-denglijun/Feelings（感情）__jianpucn-292929/001.jpg
First Time	jianpucn	121866	2	简谱	First Time__jianpucn-121866	/home/caesium-132/jianpu/images-prep/jianpucn-pop/First Time__jianpucn-121866/001.jpg
Frosty	qupu123	369908	2	简谱	Frosty_The_Snowman（雪孩子）__qupu123-369908	/home/caesium-132/jianpu/images-prep/qupu123-crawl/Frosty_The_Snowman（雪孩子）__qupu123-369908/001.jpg
G E M - 后会无期	jianpucn	264405	2	简谱	G E M - 后会无期__jianpucn-264405	/home/caesium-132/jianpu/images-prep/jianpucn-dengziqi/G E M - 后会无期__jianpucn-264405/001.jpg
GoGoCat	jianpucn	35779	1	简谱	GoGoCat(粤语)__jianpucn-35779	/home/caesium-132/jianpu/images-prep/jianpucn-pop/GoGoCat(粤语)__jianpucn-35779/001.jpg
G大调的悲伤	jianpucn	10653	1	简谱	G大调的悲伤__jianpucn-10653	/home/caesium-132/jianpu/images-prep/jianpucn-pop/G大调的悲伤__jianpucn-10653/001.jpg
G大调的悲伤 —扫描版	jianpucn	233880	2	简谱	G大调的悲伤 —扫描版__jianpucn-233880	/home/caesium-132/jianpu/images-prep/jianpucn-pop/G大调的悲伤 —扫描版__jianpucn-233880/001.jpg
Happy Birthday，Love For Y...	qupu123	305790	1	简谱	Happy Birthday，Love For Y...__qupu123-305790	/home/caesium-132/jianpu/images-prep/qupu123-sweep/Happy Birthday，Love For Y...__qupu123-305790/001.png
Have a Dream	jianpucn	210199	1	简谱	Have a Dream__jianpucn-210199	/home/caesium-132/jianpu/images-prep/jianpucn-xuwei/Have a Dream__jianpucn-210199/001.jpg
Hell	jianpucn	471203	4	简谱	Hell__jianpucn-471203	/home/caesium-132/jianpu/images-prep/jianpucn-dengziqi/Hell__jianpucn-471203/001.jpg
Hello!	qupu123	267178	1	简谱	Hello! （哈啰！）__qupu123-267178	/home/caesium-132/jianpu/images-prep/qupu123-west/Hello! （哈啰！）__qupu123-267178/001.png
Hey Jud	jianpucn	1774	1	简谱	Hey Jud__jianpucn-1774	/home/caesium-132/jianpu/images-prep/jianpucn-pop/Hey Jud__jianpucn-1774/001.jpg
Hotel California	qupu123	221709	5	简谱	Hotel California（加州旅馆）__qupu123-221709	/home/caesium-132/jianpu/images-prep/qupu123-west/Hotel California（加州旅馆）__qupu123-221709/001.png
How	qupu123	370013	2	改编	How_Deep_Is_Your_Love_（Bee_Gees乐队歌曲）__qupu123-370013	/home/caesium-132/jianpu/images-prep/qupu123-crawl/How_Deep_Is_Your_Love_（Bee_Gees乐队歌曲）__qupu123-370013/001.jpg
How Do You Do？	jianpucn	60738	5	简谱	How Do You Do？（英文儿童歌）__jianpucn-60738	/home/caesium-132/jianpu/images-prep/ready5/How Do You Do？（英文儿童歌）__jianpucn-60738/001.jpg
I	jianpujia	15444	7	改编	I_will_carry_you钢琴谱当王者荣耀遇到五月天骨灰级玩家在哪里__jianpujia-15444	/home/caesium-132/jianpu/images-prep/jianpujia-1192/I_will_carry_you钢琴谱当王者荣耀遇到五月天骨灰级玩家在哪里__jianpujia-15444/001.jpg
I Like Chopin 我爱肖邦	jianpucn	61822	6	简谱	I Like Chopin 我爱肖邦（意、英文歌）__jianpucn-61822	/home/caesium-132/jianpu/images-prep/ready5/I Like Chopin 我爱肖邦（意、英文歌）__jianpucn-61822/001.jpg
I Will Carry You尤克里里谱	jianpucn	462948	1	改编	I Will Carry You尤克里里谱（ F调尤克里里弹唱谱）__jianpucn-462948	/home/caesium-132/jianpu/images-prep/jianpucn-wuyuetian/I Will Carry You尤克里里谱（ F调尤克里里弹唱谱）__jianpucn-462948/001.jpg
Imagine Dragons - Natural 吉他谱 梦龙乐队	qupu123	345379	3	改编	Imagine Dragons - Natural 吉他谱 梦龙乐队（无限延音编配）__qupu123-345379	/home/caesium-132/jianpu/images-prep/qupu123-west/Imagine Dragons - Natural 吉他谱 梦龙乐队（无限延音编配）__qupu123-345379/001.jpg
Its	jianpujia	152040	7	改编	Its_Happening钢琴简谱_World_Beyond演唱__jianpujia-152040	/home/caesium-132/jianpu/images-prep/jianpujia-3246/Its_Happening钢琴简谱_World_Beyond演唱__jianpujia-152040/001.png
IâMH	jianpujia	394069	1	简谱	IâMH_A_P_P_Yæå¿«ä¹å¿æ­IâM_H_A_P_P_Yæå¿«ä¹å¿æ­ç®è°±-ç®è°±__jianpujia-394069	/home/caesium-132/jianpu/images-prep/jianpujia-crawl/IâMH_A_P_P_Yæå¿«ä¹å¿æ­IâM_H_A_P_P_Yæå¿«ä¹å¿æ­ç®è°±-ç®è°±__jianpujia-394069/001.jpg
I’MH	jianpujia	394069	1	简谱	I’MH_A_P_P_Y我快乐儿歌I’M_H_A_P_P_Y我快乐儿歌简谱__jianpujia-394069	/home/caesium-132/jianpu/images-prep/jianpujia-cat3462/I’MH_A_P_P_Y我快乐儿歌I’M_H_A_P_P_Y我快乐儿歌简谱__jianpujia-394069/001.png
JAY彩虹 图片	jianpucn	213182	1	简谱	JAY彩虹 图片__jianpucn-213182	/home/caesium-132/jianpu/images-prep/jianpucn-zhoujielun/JAY彩虹 图片__jianpucn-213182/001.jpg
JJ Lin 《裂缝中的阳光》 钢琴独奏	jianpucn	227641	2	改编	JJ Lin 《裂缝中的阳光》 钢琴独奏__jianpucn-227641	/home/caesium-132/jianpu/images-prep/jianpucn-linjunjie/JJ Lin 《裂缝中的阳光》 钢琴独奏__jianpucn-227641/001.jpg
Jay《黑色毛衣》演奏谱 -蓝的调编配版	jianpucn	103001	2	改编	Jay《黑色毛衣》演奏谱 -蓝的调编配版__jianpucn-103001	/home/caesium-132/jianpu/images-prep/jianpucn-zhoujielun/Jay《黑色毛衣》演奏谱 -蓝的调编配版__jianpucn-103001/001.jpg
K歌之王钢琴	jianpujia	251991	4	改编	K歌之王钢琴简谱_陈奕迅演唱__jianpujia-251991	/home/caesium-132/jianpu/images-prep/jianpujia-art315/K歌之王钢琴简谱_陈奕迅演唱__jianpujia-251991/001.png
LONELY CHRISTMAS	jianpucn	8902	3	简谱	LONELY CHRISTMAS__jianpucn-8902	/home/caesium-132/jianpu/images-prep/jianpucn-pop/LONELY CHRISTMAS__jianpucn-8902/001.jpg
Leave Me Alone	jianpucn	2157	3	简谱	Leave Me Alone__jianpucn-2157	/home/caesium-132/jianpu/images-prep/jianpucn-pop/Leave Me Alone__jianpucn-2157/001.jpg
Let	qupu123	370033	3	简谱	Let_It_Go（《冰雪奇缘》的主题曲）__qupu123-370033	/home/caesium-132/jianpu/images-prep/qupu123-crawl/Let_It_Go（《冰雪奇缘》的主题曲）__qupu123-370033/001.jpg
Let Me Go	jianpucn	1762	1	简谱	Let Me Go__jianpucn-1762	/home/caesium-132/jianpu/images-prep/jianpucn-zhangxueyou/Let Me Go__jianpucn-1762/001.jpg
Letting	qupu123	378232	6	简谱	Letting_Go__qupu123-378232	/home/caesium-132/jianpu/images-prep/qupu123-crawl/Letting_Go__qupu123-378232/001.jpg
Lokong版	jianpucn	181741	2	简谱	Lokong版__jianpucn-181741	/home/caesium-132/jianpu/images-prep/jianpucn-zhoujielun/Lokong版__jianpucn-181741/001.jpg
Lost	qupu123	370034	3	简谱	Lost_Boy__qupu123-370034	/home/caesium-132/jianpu/images-prep/qupu123-crawl/Lost_Boy__qupu123-370034/001.jpg
Love Is Bule 蓝色的爱	jianpucn	61816	6	简谱	Love Is Bule 蓝色的爱（美、中英文）__jianpucn-61816	/home/caesium-132/jianpu/images-prep/ready5/Love Is Bule 蓝色的爱（美、中英文）__jianpucn-61816/001.jpg
Love Is Everything	jianpucn	40005	1	简谱	Love Is Everything__jianpucn-40005	/home/caesium-132/jianpu/images-prep/jianpucn-pop/Love Is Everything__jianpucn-40005/001.jpg
Love Life	jianpucn	181676	1	简谱	Love Life__jianpucn-181676	/home/caesium-132/jianpu/images-prep/jianpucn-zhoujielun/Love Life__jianpucn-181676/001.jpg
Love u u	jianpucn	210196	1	简谱	Love u u__jianpucn-210196	/home/caesium-132/jianpu/images-prep/jianpucn-linjunjie/Love u u__jianpucn-210196/001.jpg
Loving you	jianpucn	347546	1	简谱	Loving you__jianpucn-347546	/home/caesium-132/jianpu/images-prep/jianpucn-pop/Loving you__jianpucn-347546/001.jpg
MMANI	jianpucn	213186	1	简谱	MMANI__jianpucn-213186	/home/caesium-132/jianpu/images-prep/jianpucn-beyond/MMANI__jianpucn-213186/001.jpg
MOJITO	jianpucn	445036	2	改编	MOJITO( C调弹唱谱)__jianpucn-445036	/home/caesium-132/jianpu/images-prep/jianpucn-zhoujielun/MOJITO( C调弹唱谱)__jianpucn-445036/001.jpg
MV	qupu123	322905	2	简谱	MV_藏在浓雾里的朴家人__qupu123-322905	/home/caesium-132/jianpu/images-prep/qupu123-crawl/MV_藏在浓雾里的朴家人__qupu123-322905/001.jpg
Moring Call	jianpucn	198961	3	简谱	Moring Call__jianpucn-198961	/home/caesium-132/jianpu/images-prep/jianpucn-zhouhuajian/Moring Call__jianpucn-198961/001.jpg
Morning Call	jianpucn	10972	3	简谱	Morning Call__jianpucn-10972	/home/caesium-132/jianpu/images-prep/jianpucn-zhouhuajian/Morning Call__jianpucn-10972/001.jpg
Mr.Cool	jianpucn	59347	6	简谱	Mr.Cool__jianpucn-59347	/home/caesium-132/jianpu/images-prep/ready5/Mr.Cool__jianpucn-59347/001.jpg
My way	jianpucn	205587	1	简谱	My way__jianpucn-205587	/home/caesium-132/jianpu/images-prep/jianpucn-pop/My way__jianpucn-205587/001.jpg
My-Only	jianpucn	457778	2	改编	My-Only （ G调指法编配）__jianpucn-457778	/home/caesium-132/jianpu/images-prep/jianpucn-zhoushen/My-Only （ G调指法编配）__jianpucn-457778/001.jpg
New BOY-弹唱 吉他类 流行	jianpucn	112849	2	改编	New BOY-弹唱 吉他类 流行__jianpucn-112849	/home/caesium-132/jianpu/images-prep/jianpucn-pushu/New BOY-弹唱 吉他类 流行__jianpucn-112849/001.jpg
No Fear In My Heart -C调	jianpucn	466796	2	简谱	No Fear In My Heart -C调__jianpucn-466796	/home/caesium-132/jianpu/images-prep/jianpucn-pushu/No Fear In My Heart -C调__jianpucn-466796/001.jpg
Now that she'e gone	jianpucn	203669	2	简谱	Now that she'e gone__jianpucn-203669	/home/caesium-132/jianpu/images-prep/jianpucn-linjunjie/Now that she'e gone__jianpucn-203669/001.jpg
On My Way	qupu123	360103	4	简谱	On My Way__qupu123-360103	/home/caesium-132/jianpu/images-prep/qupu123-west/On My Way__qupu123-360103/001.jpg
One	jianpujia	152051	7	改编	One_Final_Chance钢琴简谱_World_Beyond演唱__jianpujia-152051	/home/caesium-132/jianpu/images-prep/jianpujia-3246/One_Final_Chance钢琴简谱_World_Beyond演唱__jianpujia-152051/001.png
People	qupu123	369909	2	简谱	People_Look_East__qupu123-369909	/home/caesium-132/jianpu/images-prep/qupu123-crawl/People_Look_East__qupu123-369909/001.jpg
Right Here Waiting	jianpucn	57913	2	简谱	Right Here Waiting(此情可待)__jianpucn-57913	/home/caesium-132/jianpu/images-prep/jianpucn-pop/Right Here Waiting(此情可待)__jianpucn-57913/001.jpg
SECRETの即兴	jianpucn	177866	2	简谱	SECRETの即兴__jianpucn-177866	/home/caesium-132/jianpu/images-prep/jianpucn-zhoujielun/SECRETの即兴__jianpucn-177866/001.jpg
SECRET加長快板 -	jianpucn	253153	2	简谱	SECRET加長快板 -__jianpucn-253153	/home/caesium-132/jianpu/images-prep/jianpucn-zhoujielun/SECRET加長快板 -__jianpucn-253153/001.jpg
Say Yes	qupu123	307908	1	简谱	Say Yes（王雅君词 飞鸟凉曲）__qupu123-307908	/home/caesium-132/jianpu/images-prep/qupu123-sweep/Say Yes（王雅君词 飞鸟凉曲）__qupu123-307908/001.png
See You Again SATB混声合唱谱	jianpucn	474528	6	简谱	See You Again SATB混声合唱谱__jianpucn-474528	/home/caesium-132/jianpu/images-prep/ready4/See You Again SATB混声合唱谱__jianpucn-474528/001.jpg
Shall We Talk-优化版	jianpucn	181588	2	简谱	Shall We Talk-优化版__jianpucn-181588	/home/caesium-132/jianpu/images-prep/jianpucn-pop/Shall We Talk-优化版__jianpucn-181588/001.jpg
Sing Sing Together	jianpucn	60737	5	简谱	Sing Sing Together（英文儿童歌）__jianpucn-60737	/home/caesium-132/jianpu/images-prep/ready5/Sing Sing Together（英文儿童歌）__jianpucn-60737/001.jpg
Stay here	jianpucn	341211	1	简谱	Stay here__jianpucn-341211	/home/caesium-132/jianpu/images-prep/jianpucn-xuezhiqian/Stay here__jianpucn-341211/001.jpg
Stories	jianpucn	262469	2	简谱	Stories（飞花即兴版）__jianpucn-262469	/home/caesium-132/jianpu/images-prep/jianpucn-qiyu/Stories（飞花即兴版）__jianpucn-262469/001.jpg
Stormbringer钢琴	jianpujia	387639	8	改编	Stormbringer钢琴简谱_World_Beyond演唱__jianpujia-387639	/home/caesium-132/jianpu/images-prep/jianpujia-art3246/Stormbringer钢琴简谱_World_Beyond演唱__jianpujia-387639/001.png
T1 21 31 21	jianpucn	285461	1	简谱	T1 21 31 21__jianpucn-285461	/home/caesium-132/jianpu/images-prep/jianpucn-wuyuetian/T1 21 31 21__jianpucn-285461/001.jpg
Take	jianpujia	14566	6	简谱	Take_Me_To_Your_Heart简谱__Michael_Learns_To_Rock__英文版吻别，比张学友更__jianpujia-14566	/home/caesium-132/jianpu/images-prep/jianpujia-414/Take_Me_To_Your_Heart简谱__Michael_Learns_To_Rock__英文版吻别，比张学友更__jianpujia-14566/001.png
Ten Little Babies	jianpucn	60735	6	简谱	Ten Little Babies（英文儿童歌）__jianpucn-60735	/home/caesium-132/jianpu/images-prep/ready5/Ten Little Babies（英文儿童歌）__jianpucn-60735/001.jpg
The	qupu123	370066	3	简谱	The_Fate_of_Stars_星之命途合唱谱（女声三部）__qupu123-370066	/home/caesium-132/jianpu/images-prep/qupu123-crawl/The_Fate_of_Stars_星之命途合唱谱（女声三部）__qupu123-370066/001.jpg
The Basic Song	jianpucn	60739	5	简谱	The Basic Song（英文儿童歌）__jianpucn-60739	/home/caesium-132/jianpu/images-prep/ready5/The Basic Song（英文儿童歌）__jianpucn-60739/001.jpg
The Sound of Silence	qupu123	360185	3	简谱	The Sound of Silence（简谱及英文歌词音标对照）__qupu123-360185	/home/caesium-132/jianpu/images-prep/qupu123-west/The Sound of Silence（简谱及英文歌词音标对照）__qupu123-360185/001.jpg
TogetherWeFight	jianpujia	420925	1	简谱	TogetherWeFight_正义红师_主题曲Together_We_Fight_正义红师_主题曲简谱_果味VC演唱___jianpujia-420925	/home/caesium-132/jianpu/images-prep/jianpujia-cat388/TogetherWeFight_正义红师_主题曲Together_We_Fight_正义红师_主题曲简谱_果味VC演唱___jianpujia-420925/001.png
Tonight I feel close to you	jianpucn	182575	2	简谱	Tonight I feel close to you （仓木麻衣）__jianpucn-182575	/home/caesium-132/jianpu/images-prep/jianpucn-pop/Tonight I feel close to you （仓木麻衣）__jianpucn-182575/001.jpg
Twelve	qupu123	369907	2	简谱	Twelve_days_of_Chrsitmas__qupu123-369907	/home/caesium-132/jianpu/images-prep/qupu123-crawl/Twelve_days_of_Chrsitmas__qupu123-369907/001.jpg
Welcome	jianpujia	387622	8	改编	Welcome_to_Our_World钢琴简谱_World_Beyond演唱__jianpujia-387622	/home/caesium-132/jianpu/images-prep/jianpujia-art3246/Welcome_to_Our_World钢琴简谱_World_Beyond演唱__jianpujia-387622/001.png
Yesterday	qupu123	17878	3	简谱	Yesterday_Once_More（昨日重现）__qupu123-17878	/home/caesium-132/jianpu/images-prep/qupu123-crawl/Yesterday_Once_More（昨日重现）__qupu123-17878/001.jpg
Yesterday Once More	qupu123	17878	2	简谱	Yesterday Once More（昨日重现）__qupu123-17878	/home/caesium-132/jianpu/images-prep/qupu123-west/Yesterday Once More（昨日重现）__qupu123-17878/001.jpg
Yesterday Once More 昨日重现	jianpucn	61771	12	简谱	Yesterday Once More 昨日重现（中英文）__jianpucn-61771	/home/caesium-132/jianpu/images-prep/ready5/Yesterday Once More 昨日重现（中英文）__jianpucn-61771/001.jpg
Your	qupu123	370199	2	简谱	Your_Man-_Josh_Turner__qupu123-370199	/home/caesium-132/jianpu/images-prep/qupu123-crawl/Your_Man-_Josh_Turner__qupu123-370199/001.jpg
beond 经典版	jianpucn	213192	1	简谱	beond 经典版__jianpucn-213192	/home/caesium-132/jianpu/images-prep/jianpucn-beyond/beond 经典版__jianpucn-213192/001.jpg
dance	qupu123	381188	2	简谱	dance_monkey（跳舞的猴子）__qupu123-381188	/home/caesium-132/jianpu/images-prep/qupu123-crawl/dance_monkey（跳舞的猴子）__qupu123-381188/001.jpg
dfghgjkhk	jianpucn	181916	2	简谱	dfghgjkhk__jianpucn-181916	/home/caesium-132/jianpu/images-prep/jianpucn-zhoujielun/dfghgjkhk__jianpucn-181916/001.jpg
fen一点梦给你的家	jianpucn	177171	1	简谱	fen一点梦给你的家__jianpucn-177171	/home/caesium-132/jianpu/images-prep/jianpucn-jiangyuheng/fen一点梦给你的家__jianpucn-177171/001.jpg
flumpool Mayday - Belief 春を待つ君へ	jianpucn	237722	2	简谱	flumpool Mayday - Belief 春を待つ君へ__jianpucn-237722	/home/caesium-132/jianpu/images-prep/jianpucn-wuyuetian/flumpool Mayday - Belief 春を待つ君へ__jianpucn-237722/001.jpg
fly away纯钢琴弹唱版	jianpucn	121799	2	改编	fly away纯钢琴弹唱版__jianpucn-121799	/home/caesium-132/jianpu/images-prep/jianpucn-liangjingru/fly away纯钢琴弹唱版__jianpucn-121799/001.jpg
i am who i am	jianpucn	100090	2	简谱	i am who i am__jianpucn-100090	/home/caesium-132/jianpu/images-prep/jianpucn-pop/i am who i am__jianpucn-100090/001.jpg
lonely	jianpujia	250042	7	改编	lonely_christmas钢琴简谱_陈奕迅演唱__jianpujia-250042	/home/caesium-132/jianpu/images-prep/jianpujia-art315/lonely_christmas钢琴简谱_陈奕迅演唱__jianpujia-250042/001.png
love is everying	jianpucn	197790	1	简谱	love is everying__jianpucn-197790	/home/caesium-132/jianpu/images-prep/jianpucn-pop/love is everying__jianpucn-197790/001.jpg
m-eason-shang	jianpucn	122356	2	简谱	m-eason-shang__jianpucn-122356	/home/caesium-132/jianpu/images-prep/jianpucn-pop/m-eason-shang__jianpucn-122356/001.jpg
oh baby 让我抱着你	qupu123	326438	1	简谱	oh baby 让我抱着你__qupu123-326438	/home/caesium-132/jianpu/images-prep/qupu123-sweep/oh baby 让我抱着你__qupu123-326438/001.jpg
on the road	jianpucn	100449	1	简谱	on the road(ky版)__jianpucn-100449	/home/caesium-132/jianpu/images-prep/jianpucn-pop/on the road(ky版)__jianpucn-100449/001.jpg
only love	jianpucn	103503	2	简谱	only love__jianpucn-103503	/home/caesium-132/jianpu/images-prep/jianpucn-zhangxueyou/only love__jianpucn-103503/001.jpg
v有约会	jianpucn	176009	2	简谱	v有约会__jianpucn-176009	/home/caesium-132/jianpu/images-prep/jianpucn-zhoujielun/v有约会__jianpucn-176009/001.jpg
we are the people	jianpucn	198710	1	简谱	we are the people__jianpucn-198710	/home/caesium-132/jianpu/images-prep/jianpucn-beyond/we are the people__jianpucn-198710/001.jpg
you and me	jianpucn	209634	2	简谱	you and me（完美演奏+完整版） 刘欢__jianpucn-209634	/home/caesium-132/jianpu/images-prep/jianpucn-liuhuan/you and me（完美演奏+完整版） 刘欢__jianpucn-209634/001.jpg
zergyyl 小雨写可立白II	jianpucn	218814	2	简谱	zergyyl 小雨写可立白II__jianpucn-218814	/home/caesium-132/jianpu/images-prep/jianpucn-zhoujielun/zergyyl 小雨写可立白II__jianpucn-218814/001.jpg
ãæ¥ãLemonçµè§å§	jianpujia	338491	5	简谱	ãæ¥ãLemonçµè§å§_éèªç¶æ­»äº¡_ä¸»é¢æ²_ãã©ããã¢ã³ããã¥ã©__jianpujia-338491	/home/caesium-132/jianpu/images-prep/jianpujia-crawl/ãæ¥ãLemonçµè§å§_éèªç¶æ­»äº¡_ä¸»é¢æ²_ãã©ããã¢ã³ããã¥ã©__jianpujia-338491/001.jpg
ä¸åé±ç®è°±	jianpujia	26436	1	简谱	ä¸åé±ç®è°±(æ­è¯)_å¿æ­_éæ´²å®è®°è°±-ç®è°±__jianpujia-26436	/home/caesium-132/jianpu/images-prep/jianpujia-crawl/ä¸åé±ç®è°±(æ­è¯)_å¿æ­_éæ´²å®è®°è°±-ç®è°±__jianpujia-26436/001.jpg
ä¸åªå°è±çé¢ç´ç®è°±	jianpujia	234413	4	简谱	ä¸åªå°è±çé¢ç´ç®è°±_å¿æ­æ¼å±-ç®è°±__jianpujia-234413	/home/caesium-132/jianpu/images-prep/jianpujia-crawl/ä¸åªå°è±çé¢ç´ç®è°±_å¿æ­æ¼å±-ç®è°±__jianpujia-234413/001.jpg
ä¸å­è¯ç®è°±	jianpujia	22109	1	简谱	ä¸å­è¯ç®è°±(æ­è¯)_å¿æ­_å¥½å¿æ_æ²è°±-ç®è°±__jianpujia-22109	/home/caesium-132/jianpu/images-prep/jianpujia-crawl/ä¸å­è¯ç®è°±(æ­è¯)_å¿æ­_å¥½å¿æ_æ²è°±-ç®è°±__jianpujia-22109/001.gif
ä¸éªä¸éªäº®æ¶æ¶ç®è°±	jianpujia	15829	5	简谱	ä¸éªä¸éªäº®æ¶æ¶ç®è°±_ä¸éªä¸éªäº®æ¶æ¶ï¼æ»¡å¤©é½æ¯å°ææ-ç®è°±__jianpujia-15829	/home/caesium-132/jianpu/images-prep/jianpujia-crawl/ä¸éªä¸éªäº®æ¶æ¶ç®è°±_ä¸éªä¸éªäº®æ¶æ¶ï¼æ»¡å¤©é½æ¯å°ææ-ç®è°±__jianpujia-15829/001.jpg
ä¸æçèåç®è°±	jianpujia	141087	1	简谱	ä¸æçèåç®è°±_èåæµªäººè¯æ²ãææ»ç-ç®è°±__jianpujia-141087	/home/caesium-132/jianpu/images-prep/jianpujia-crawl/ä¸æçèåç®è°±_èåæµªäººè¯æ²ãææ»ç-ç®è°±__jianpujia-141087/001.jpg
ä¸æ­¥è¯ç®è°±	jianpujia	22114	1	简谱	ä¸æ­¥è¯ç®è°±(æ­è¯)_å¿æ­_å¥½å¿æ_æ²è°±-ç®è°±__jianpujia-22114	/home/caesium-132/jianpu/images-prep/jianpujia-crawl/ä¸æ­¥è¯ç®è°±(æ­è¯)_å¿æ­_å¥½å¿æ_æ²è°±-ç®è°±__jianpujia-22114/001.gif
ä¸è²å	jianpujia	7494	4	简谱	ä¸è²å_ä¹æ­ç®è°±_å¿æ­_ä¸è²å_ä¹æ­ï¼ç»æä»¬å¸¦æ¥ä¸å½©çæ¢¦-ç®è°__jianpujia-7494	/home/caesium-132/jianpu/images-prep/jianpujia-crawl/ä¸è²å_ä¹æ­ç®è°±_å¿æ­_ä¸è²å_ä¹æ­ï¼ç»æä»¬å¸¦æ¥ä¸å½©çæ¢¦-ç®è°__jianpujia-7494/001.jpg
ä¸å­ç»ç®è°±	jianpujia	12678	1	简谱	ä¸å­ç»ç®è°±(æ­è¯)_éå¸åå±å¢æ¼å±_æ¡æéæ¥é£è®°è°±-ç®è°±__jianpujia-12678	/home/caesium-132/jianpu/images-prep/jianpujia-crawl/ä¸å­ç»ç®è°±(æ­è¯)_éå¸åå±å¢æ¼å±_æ¡æéæ¥é£è®°è°±-ç®è°±__jianpujia-12678/001.gif
ä¸å­¦æ­ç®è°±	jianpujia	15571	4	简谱	ä¸å­¦æ­ç®è°±_å¿æ­_è¿é¦æ­ä¸å­¦æ¶å¸¸å¬ï¼ç°å¨èäº-ç®è°±__jianpujia-15571	/home/caesium-132/jianpu/images-prep/jianpujia-crawl/ä¸å­¦æ­ç®è°±_å¿æ­_è¿é¦æ­ä¸å­¦æ¶å¸¸å¬ï¼ç°å¨èäº-ç®è°±__jianpujia-15571/001.jpg
ä¸å°é¸­é¢ç´ç®è°±	jianpujia	148573	4	简谱	ä¸å°é¸­é¢ç´ç®è°±_å¿æ­æ¼å±-ç®è°±__jianpujia-148573	/home/caesium-132/jianpu/images-prep/jianpujia-crawl/ä¸å°é¸­é¢ç´ç®è°±_å¿æ­æ¼å±-ç®è°±__jianpujia-148573/001.jpg
ä¸ä¸åªæå¦å¦å¥½ç®è°±	jianpujia	26539	1	简谱	ä¸ä¸åªæå¦å¦å¥½ç®è°±(æ­è¯)_å¿æ­_éæ´²å®è®°è°±-ç®è°±__jianpujia-26539	/home/caesium-132/jianpu/images-prep/jianpujia-crawl/ä¸ä¸åªæå¦å¦å¥½ç®è°±(æ­è¯)_å¿æ­_éæ´²å®è®°è°±-ç®è°±__jianpujia-26539/001.jpg
ä¸¢æç»¢ç®è°±	jianpujia	74216	1	简谱	ä¸¢æç»¢ç®è°±_å¿æ­-ç®è°±__jianpujia-74216	/home/caesium-132/jianpu/images-prep/jianpujia-crawl/ä¸¢æç»¢ç®è°±_å¿æ­-ç®è°±__jianpujia-74216/001.jpg
ä¸¤åªèèç®è°±	jianpujia	26503	1	简谱	ä¸¤åªèèç®è°±(æ­è¯)_å¿æ­_éæ´²å®è®°è°±-ç®è°±__jianpujia-26503	/home/caesium-132/jianpu/images-prep/jianpujia-crawl/ä¸¤åªèèç®è°±(æ­è¯)_å¿æ­_éæ´²å®è®°è°±-ç®è°±__jianpujia-26503/001.jpg
ä¸¤åªèèé¢ç´ç®è°±	jianpujia	234428	4	简谱	ä¸¤åªèèé¢ç´ç®è°±_å¿æ­æ¼å±-ç®è°±__jianpujia-234428	/home/caesium-132/jianpu/images-prep/jianpujia-crawl/ä¸¤åªèèé¢ç´ç®è°±_å¿æ­æ¼å±-ç®è°±__jianpujia-234428/001.jpg
ä¸­å½å°å¹´å	jianpujia	26442	1	简谱	ä¸­å½å°å¹´å_éééæ­ç®è°±(æ­è¯)_å¿æ­_éæ´²å®_è®°è°±-ç®è°±__jianpujia-26442	/home/caesium-132/jianpu/images-prep/jianpujia-crawl/ä¸­å½å°å¹´å_éééæ­ç®è°±(æ­è¯)_å¿æ­_éæ´²å®_è®°è°±-ç®è°±__jianpujia-26442/001.jpg
ä¹å¿ç®è°±	jianpujia	17963	1	简谱	ä¹å¿ç®è°±(æ­è¯)_è¡èèæ¼å±_åç¾æ²è°±-ç®è°±__jianpujia-17963	/home/caesium-132/jianpu/images-prep/jianpujia-crawl/ä¹å¿ç®è°±(æ­è¯)_è¡èèæ¼å±_åç¾æ²è°±-ç®è°±__jianpujia-17963/001.jpg
ä¹¡é´å°è·¯ç®è°±	jianpujia	19488	4	简谱	ä¹¡é´å°è·¯ç®è°±_è¡ç´_æéç_§äº®äºæä»¬åå®¶æ¶çè·¯-ç®è°±__jianpujia-19488	/home/caesium-132/jianpu/images-prep/jianpujia-crawl/ä¹¡é´å°è·¯ç®è°±_è¡ç´_æéç_§äº®äºæä»¬åå®¶æ¶çè·¯-ç®è°±__jianpujia-19488/001.jpg
ä¹¡é´çå°è·¯ç®è°±	jianpujia	9858	1	简谱	ä¹¡é´çå°è·¯ç®è°±(æ­è¯)_åä¾å©·æ¼å±_å²­åå°è±¡æ²è°±-ç®è°±__jianpujia-9858	/home/caesium-132/jianpu/images-prep/jianpujia-crawl/ä¹¡é´çå°è·¯ç®è°±(æ­è¯)_åä¾å©·æ¼å±_å²­åå°è±¡æ²è°±-ç®è°±__jianpujia-9858/001.gif
äºæéæ¥	jianpujia	314236	1	简谱	äºæéæ¥_éè¥¿æ°æ­ç»å_¸æ°æ­100é¦ç®è°±-ç®è°±__jianpujia-314236	/home/caesium-132/jianpu/images-prep/jianpujia-crawl/äºæéæ¥_éè¥¿æ°æ­ç»å_¸æ°æ­100é¦ç®è°±-ç®è°±__jianpujia-314236/001.jpg
äºæµä¸çèåç®è°±	jianpujia	261684	1	简谱	äºæµä¸çèåç®è°±_èåå§å©·æ¼å±_èåå§å©·æ²è°±-ç®è°±__jianpujia-261684	/home/caesium-132/jianpu/images-prep/jianpujia-crawl/äºæµä¸çèåç®è°±_èåå§å©·æ¼å±_èåå§å©·æ²è°±-ç®è°±__jianpujia-261684/001.jpg
äºæµä¸çèåèåä¸åè¨æ¯ååæ²ç®è°±	jianpujia	239248	1	简谱	äºæµä¸çèåèåä¸åè¨æ¯ååæ²ç®è°±_èåå¤§åæ¼å±_èåå¤§__jianpujia-239248	/home/caesium-132/jianpu/images-prep/jianpujia-crawl/äºæµä¸çèåèåä¸åè¨æ¯ååæ²ç®è°±_èåå¤§åæ¼å±_èåå¤§__jianpujia-239248/001.jpg
ä»å¤çæäº®å¾èåç¥é³èåææ²ç³»åä¹ä¸ç®è°±-ç®è°±	jianpujia	244832	1	简谱	ä»å¤çæäº®å¾èåç¥é³èåææ²ç³»åä¹ä¸ç®è°±-ç®è°±__jianpujia-244832	/home/caesium-132/jianpu/images-prep/jianpujia-crawl/ä»å¤çæäº®å¾èåç¥é³èåææ²ç³»åä¹ä¸ç®è°±-ç®è°±__jianpujia-244832/001.jpg
å	jianpujia	12648	1	简谱	å_æ¥ç®è°±(æ­è¯)_é¶æ²³å°å¹´èºæ¯å¢æ¼å±_æ¡æéæ¥é£è®°è°±-ç®è°±__jianpujia-12648	/home/caesium-132/jianpu/images-prep/jianpujia-crawl/å_æ¥ç®è°±(æ­è¯)_é¶æ²³å°å¹´èºæ¯å¢æ¼å±_æ¡æéæ¥é£è®°è°±-ç®è°±__jianpujia-12648/001.gif
åè§äºç®è°±	jianpujia	26483	1	简谱	åè§äºç®è°±(æ­è¯)_å¿æ­_éæ´²å®è®°è°±-ç®è°±__jianpujia-26483	/home/caesium-132/jianpu/images-prep/jianpujia-crawl/åè§äºç®è°±(æ­è¯)_å¿æ­_éæ´²å®è®°è°±-ç®è°±__jianpujia-26483/001.jpg
åºå¡ç®è°±	jianpujia	22096	1	简谱	åºå¡ç®è°±(æ­è¯)_å¿æ­_è°±åå¥½å¿æ_999ä¸ä¼_-ç®è°±__jianpujia-22096	/home/caesium-132/jianpu/images-prep/jianpujia-crawl/åºå¡ç®è°±(æ­è¯)_å¿æ­_è°±åå¥½å¿æ_999ä¸ä¼_-ç®è°±__jianpujia-22096/001.gif
å«çæåªæ¯åªç¾ç®è°±	jianpujia	7208	1	简谱	å«çæåªæ¯åªç¾ç®è°±_å¨ç»_åç¾ç¾ä¸ç°å¤ªç¼_ä¸»é¢æ²-ç®è°±__jianpujia-7208	/home/caesium-132/jianpu/images-prep/jianpujia-crawl/å«çæåªæ¯åªç¾ç®è°±_å¨ç»_åç¾ç¾ä¸ç°å¤ªç¼_ä¸»é¢æ²-ç®è°±__jianpujia-7208/001.jpg
åæ¢çéä¼¦æ¥é¢ç´ç®è°±	jianpujia	148456	3	简谱	åæ¢çéä¼¦æ¥é¢ç´ç®è°±_æ°æ­æ¼å±-ç®è°±__jianpujia-148456	/home/caesium-132/jianpu/images-prep/jianpujia-crawl/åæ¢çéä¼¦æ¥é¢ç´ç®è°±_æ°æ­æ¼å±-ç®è°±__jianpujia-148456/001.jpg
åäº¬æä¸ªéå¤ªé³ç®è°±	jianpujia	18261	1	简谱	åäº¬æä¸ªéå¤ªé³ç®è°±(æ­è¯)_å¿æ­æ¼å±_çwzhæ²è°±-ç®è°±__jianpujia-18261	/home/caesium-132/jianpu/images-prep/jianpujia-crawl/åäº¬æä¸ªéå¤ªé³ç®è°±(æ­è¯)_å¿æ­æ¼å±_çwzhæ²è°±-ç®è°±__jianpujia-18261/001.jpg
åäº¬çéå±±ä¸ç®è°±	jianpujia	18265	1	简谱	åäº¬çéå±±ä¸ç®è°±(æ­è¯)_å¿æ­_çwzhæ²è°±-ç®è°±__jianpujia-18265	/home/caesium-132/jianpu/images-prep/jianpujia-crawl/åäº¬çéå±±ä¸ç®è°±(æ­è¯)_å¿æ­_çwzhæ²è°±-ç®è°±__jianpujia-18265/001.jpg
åæ¥æ­ç®è°±	jianpujia	26525	2	简谱	åæ¥æ­ç®è°±(æ­è¯)_å¿æ­_éæ´²å®è®°è°±-ç®è°±__jianpujia-26525	/home/caesium-132/jianpu/images-prep/jianpujia-crawl/åæ¥æ­ç®è°±(æ­è¯)_å¿æ­_éæ´²å®è®°è°±-ç®è°±__jianpujia-26525/001.jpg
åæ¯ä¸å¹´ç§å¤©èåä¸åè¨æ¯ååæ²ç®è°±	jianpujia	238454	1	简谱	åæ¯ä¸å¹´ç§å¤©èåä¸åè¨æ¯ååæ²ç®è°±_èåé¾æ¢_æ¼å±_é©¬æ­£å¯¿__jianpujia-238454	/home/caesium-132/jianpu/images-prep/jianpujia-crawl/åæ¯ä¸å¹´ç§å¤©èåä¸åè¨æ¯ååæ²ç®è°±_èåé¾æ¢_æ¼å±_é©¬æ­£å¯¿__jianpujia-238454/001.jpg
åªæä¸æµæç®è°±	jianpujia	75587	1	简谱	åªæä¸æµæç®è°±(æ­è¯)_å¿æ­_Z.E.Z.æ²è°±-ç®è°±__jianpujia-75587	/home/caesium-132/jianpu/images-prep/jianpujia-crawl/åªæä¸æµæç®è°±(æ­è¯)_å¿æ­_Z.E.Z.æ²è°±-ç®è°±__jianpujia-75587/001.gif
å¶å¿è¹ç®è°±	jianpujia	9125	1	简谱	å¶å¿è¹ç®è°±(æ­è¯)_æ¼å±_å²­åå°è±¡æ²è°±-ç®è°±__jianpujia-9125	/home/caesium-132/jianpu/images-prep/jianpujia-crawl/å¶å¿è¹ç®è°±(æ­è¯)_æ¼å±_å²­åå°è±¡æ²è°±-ç®è°±__jianpujia-9125/001.gif
åå½å¿ç«¥å¿è¿å¿ç®è°±	jianpujia	22071	1	简谱	åå½å¿ç«¥å¿è¿å¿ç®è°±(æ­è¯)_å¿æ­_è°±åå¥½å¿æ_999ä¸ä¼_-ç®è°±__jianpujia-22071	/home/caesium-132/jianpu/images-prep/jianpujia-crawl/åå½å¿ç«¥å¿è¿å¿ç®è°±(æ­è¯)_å¿æ­_è°±åå¥½å¿æ_999ä¸ä¼_-ç®è°±__jianpujia-22071/001.gif
åç¥¥çèåé¿å¤ææ³°è¯å¥½å¿	jianpujia	404576	5	简谱	åç¥¥çèåé¿å¤ææ³°è¯å¥½å¿_æ¯æ²ãæ­£è°±åç¥¥çèåé¿å¤ææ³°è¯__jianpujia-404576	/home/caesium-132/jianpu/images-prep/jianpujia-crawl/åç¥¥çèåé¿å¤ææ³°è¯å¥½å¿_æ¯æ²ãæ­£è°±åç¥¥çèåé¿å¤ææ³°è¯__jianpujia-404576/001.jpg
åç¥¥èå	jianpujia	22473	1	简谱	åç¥¥èå_èååç¥¥ç®è°±(æ­è¯)_èåäºå_¶å_¶æ_¼æ¼å±_ç§å¶èµ·èè®°__jianpujia-22473	/home/caesium-132/jianpu/images-prep/jianpujia-crawl/åç¥¥èå_èååç¥¥ç®è°±(æ­è¯)_èåäºå_¶å_¶æ_¼æ¼å±_ç§å¶èµ·èè®°__jianpujia-22473/001.gif
åç¥¥èåèååç¥¥ç®è°±	jianpujia	409518	1	简谱	åç¥¥èåèååç¥¥ç®è°±_èåäºå_¶å_¶æ_¼æ¼å±_æ½å³°_é¿æ±æ±è¯æ²-ç__jianpujia-409518	/home/caesium-132/jianpu/images-prep/jianpujia-crawl/åç¥¥èåèååç¥¥ç®è°±_èåäºå_¶å_¶æ_¼æ¼å±_æ½å³°_é¿æ±æ±è¯æ²-ç__jianpujia-409518/001.gif
åå¾èåç®ç»ç¾ä¸½çèåç®è°±	jianpujia	413918	1	简谱	åå¾èåç®ç»ç¾ä¸½çèåç®è°±_é­çæ¼å±_é­ç_é­çè¯æ²-ç®è°±__jianpujia-413918	/home/caesium-132/jianpu/images-prep/jianpujia-crawl/åå¾èåç®ç»ç¾ä¸½çèåç®è°±_é­çæ¼å±_é­ç_é­çè¯æ²-ç®è°±__jianpujia-413918/001.jpg
å¬å¦å¦è®²é£è¿å»çäºæ	jianpujia	26269	1	简谱	å¬å¦å¦è®²é£è¿å»çäºæ_ç®è°±(æ­è¯)_å¿æ­_æå¿æ²è°±-ç®è°±__jianpujia-26269	/home/caesium-132/jianpu/images-prep/jianpujia-crawl/å¬å¦å¦è®²é£è¿å»çäºæ_ç®è°±(æ­è¯)_å¿æ­_æå¿æ²è°±-ç®è°±__jianpujia-26269/001.jpg
åè°çä¸ç®è°±	jianpujia	20323	1	简谱	åè°çä¸ç®è°±(æ­è¯)_äºæåæ¼å±_momoliuæ²è°±-ç®è°±__jianpujia-20323	/home/caesium-132/jianpu/images-prep/jianpujia-crawl/åè°çä¸ç®è°±(æ­è¯)_äºæåæ¼å±_momoliuæ²è°±-ç®è°±__jianpujia-20323/001.gif
åé¹	jianpujia	22106	1	简谱	åé¹_ç®è°±(æ­è¯)_å¿æ­_å¥½å¿æ_æ²è°±-ç®è°±__jianpujia-22106	/home/caesium-132/jianpu/images-prep/jianpujia-crawl/åé¹_ç®è°±(æ­è¯)_å¿æ­_å¥½å¿æ_æ²è°±-ç®è°±__jianpujia-22106/001.gif
åå¡å¨ç­ä¸ä¸ªäººç­ä¸ä¸ªäººåå¡çµå½±ä¸»é¢æ²	jianpujia	395576	1	简谱	åå¡å¨ç­ä¸ä¸ªäººç­ä¸ä¸ªäººåå¡çµå½±ä¸»é¢æ²_èæ¿å¨ä¸»é¢æ²EPHKç²¾__jianpujia-395576	/home/caesium-132/jianpu/images-prep/jianpujia-crawl/åå¡å¨ç­ä¸ä¸ªäººç­ä¸ä¸ªäººåå¡çµå½±ä¸»é¢æ²_èæ¿å¨ä¸»é¢æ²EPHKç²¾__jianpujia-395576/001.jpg
å²å¤èåæ	jianpujia	237095	1	简谱	å²å¤èåæ_æ­ç¥é³æä¸èåç³»åä¹åç®è°±-ç®è°±__jianpujia-237095	/home/caesium-132/jianpu/images-prep/jianpujia-crawl/å²å¤èåæ_æ­ç¥é³æä¸èåç³»åä¹åç®è°±-ç®è°±__jianpujia-237095/001.jpg
å²å¤èåç¥é³èåé£æ	jianpujia	236274	1	简谱	å²å¤èåç¥é³èåé£æ_ç³»åä¹äºç®è°±-ç®è°±__jianpujia-236274	/home/caesium-132/jianpu/images-prep/jianpujia-crawl/å²å¤èåç¥é³èåé£æ_ç³»åä¹äºç®è°±-ç®è°±__jianpujia-236274/001.jpg
å±é¦æ	jianpujia	349607	1	简谱	å±é¦æ_æ­ç»èåèåæ­æ²100é¦ç®è°±-ç®è°±__jianpujia-349607	/home/caesium-132/jianpu/images-prep/jianpujia-crawl/å±é¦æ_æ­ç»èåèåæ­æ²100é¦ç®è°±-ç®è°±__jianpujia-349607/001.jpg
åï¼èåæè¯è¯æç«æ¥æ²åï¼èåæè¯è¯	jianpujia	408999	1	简谱	åï¼èåæè¯è¯æç«æ¥æ²åï¼èåæè¯è¯_æç«æ¥æ²ç®è°±_æ«æ¡¥__jianpujia-408999	/home/caesium-132/jianpu/images-prep/jianpujia-crawl/åï¼èåæè¯è¯æç«æ¥æ²åï¼èåæè¯è¯_æç«æ¥æ²ç®è°±_æ«æ¡¥__jianpujia-408999/001.jpg
åï¼èåç®è°±	jianpujia	99335	1	简谱	åï¼èåç®è°±_æè¯è¯_æç«æ¥æ²-ç®è°±__jianpujia-99335	/home/caesium-132/jianpu/images-prep/jianpujia-crawl/åï¼èåç®è°±_æè¯è¯_æç«æ¥æ²-ç®è°±__jianpujia-99335/001.jpg
åé¸¡ç®è°±	jianpujia	22141	1	简谱	åé¸¡ç®è°±(æ­è¯)_å¿æ­_è°±åå¥½å¿æ_999ä¸ä¼_-ç®è°±__jianpujia-22141	/home/caesium-132/jianpu/images-prep/jianpujia-crawl/åé¸¡ç®è°±(æ­è¯)_å¿æ­_è°±åå¥½å¿æ_999ä¸ä¼_-ç®è°±__jianpujia-22141/001.gif
åå©åå©ç®è°±	jianpujia	22144	1	简谱	åå©åå©ç®è°±(æ­è¯)_å¿æ­_å¥½å¿æ_æ²è°±-ç®è°±__jianpujia-22144	/home/caesium-132/jianpu/images-prep/jianpujia-crawl/åå©åå©ç®è°±(æ­è¯)_å¿æ­_å¥½å¿æ_æ²è°±-ç®è°±__jianpujia-22144/001.gif
å¿å°èç®è°±	jianpujia	26487	1	简谱	å¿å°èç®è°±(æ­è¯)_å¿æ­_è°±åéæ´²å®ä¸ä¼_-ç®è°±__jianpujia-26487	/home/caesium-132/jianpu/images-prep/jianpujia-crawl/å¿å°èç®è°±(æ­è¯)_å¿æ­_è°±åéæ´²å®ä¸ä¼_-ç®è°±__jianpujia-26487/001.jpg
åå°èåç®è°±	jianpujia	107657	1	简谱	åå°èåç®è°±_èåæµªäºº_è¯æ²å¬é__-ç®è°±__jianpujia-107657	/home/caesium-132/jianpu/images-prep/jianpujia-crawl/åå°èåç®è°±_èåæµªäºº_è¯æ²å¬é__-ç®è°±__jianpujia-107657/001.jpg
å½æå½æçç¾ä¸½ç®è°±	jianpujia	42558	1	简谱	å½æå½æçç¾ä¸½ç®è°±_å¿æ­æ¼å±-ç®è°±__jianpujia-42558	/home/caesium-132/jianpu/images-prep/jianpujia-crawl/å½æå½æçç¾ä¸½ç®è°±_å¿æ­æ¼å±-ç®è°±__jianpujia-42558/001.jpg
å½æå¤ç¾ä¸½ç®è°±	jianpujia	74464	1	简谱	å½æå¤ç¾ä¸½ç®è°±_å¿æ­æ¼å±-ç®è°±__jianpujia-74464	/home/caesium-132/jianpu/images-prep/jianpujia-crawl/å½æå¤ç¾ä¸½ç®è°±_å¿æ­æ¼å±-ç®è°±__jianpujia-74464/001.jpg
å¨ååºéç®è°±	jianpujia	22057	1	简谱	å¨ååºéç®è°±(æ­è¯)_å¿æ­_å¥½å¿æ_æ²è°±-ç®è°±__jianpujia-22057	/home/caesium-132/jianpu/images-prep/jianpujia-crawl/å¨ååºéç®è°±(æ­è¯)_å¿æ­_å¥½å¿æ_æ²è°±-ç®è°±__jianpujia-22057/001.gif
å¡åä¸çèè±è±èåä¸åååç®è°±	jianpujia	310328	1	简谱	å¡åä¸çèè±è±èåä¸åååç®è°±_é©¬æ­£å¯¿æ¼å±_é©¬æ­£å¯¿_èåä¸__jianpujia-310328	/home/caesium-132/jianpu/images-prep/jianpujia-crawl/å¡åä¸çèè±è±èåä¸åååç®è°±_é©¬æ­£å¯¿æ¼å±_é©¬æ­£å¯¿_èåä¸__jianpujia-310328/001.jpg
å¢å¹¿è´¤æç®è°±	jianpujia	13159	1	简谱	å¢å¹¿è´¤æç®è°±(æ­è¯)_å°æµ·é¾æ¼å±ç»æ¼å±_æ¡æéæ¥é£è®°è°±-ç®è°±__jianpujia-13159	/home/caesium-132/jianpu/images-prep/jianpujia-crawl/å¢å¹¿è´¤æç®è°±(æ­è¯)_å°æµ·é¾æ¼å±ç»æ¼å±_æ¡æéæ¥é£è®°è°±-ç®è°±__jianpujia-13159/001.jpg
å£°å¾å¯èç®è°±	jianpujia	13169	1	简谱	å£°å¾å¯èç®è°±(æ­è¯)_å°æµ·é¾æ¼å±ç»æ¼å±_æ¡æéæ¥é£è®°è°±-ç®è°±__jianpujia-13169	/home/caesium-132/jianpu/images-prep/jianpujia-crawl/å£°å¾å¯èç®è°±(æ­è¯)_å°æµ·é¾æ¼å±ç»æ¼å±_æ¡æéæ¥é£è®°è°±-ç®è°±__jianpujia-13169/001.jpg
å¤å¤ççº¢ç«ç°ç®è°±	jianpujia	122418	1	简谱	å¤å¤ççº¢ç«ç°ç®è°±_1=F4_4__å§å©æ·±æ_å°èåæ±æ«æ¸ç«(ç·)èåé¾__jianpujia-122418	/home/caesium-132/jianpu/images-prep/jianpujia-crawl/å¤å¤ççº¢ç«ç°ç®è°±_1=F4_4__å§å©æ·±æ_å°èåæ±æ«æ¸ç«(ç·)èåé¾__jianpujia-122418/001.jpg
å¤å©æ¡¥é¢ç´ç®è°±	jianpujia	148630	3	简谱	å¤å©æ¡¥é¢ç´ç®è°±_å¿æ­æ¼å±-ç®è°±__jianpujia-148630	/home/caesium-132/jianpu/images-prep/jianpujia-crawl/å¤å©æ¡¥é¢ç´ç®è°±_å¿æ­æ¼å±-ç®è°±__jianpujia-148630/001.jpg
å¤å©çæ¾æ¹æ¹¾ç®è°±	jianpujia	15737	6	简谱	å¤å©çæ¾æ¹æ¹¾ç®è°±_åä¾å©·_æ¾æ¹æ¹¾çæ_æ-ç®è°±__jianpujia-15737	/home/caesium-132/jianpu/images-prep/jianpujia-crawl/å¤å©çæ¾æ¹æ¹¾ç®è°±_åä¾å©·_æ¾æ¹æ¹¾çæ_æ-ç®è°±__jianpujia-15737/001.jpg
å¤æ	jianpujia	10425	1	简谱	å¤æ_çæå_ç®è°±(æ­è¯)_æ­£æåäºæ¼å±_æ¡æéæ¥é£è®°è°±-ç®è°±__jianpujia-10425	/home/caesium-132/jianpu/images-prep/jianpujia-crawl/å¤æ_çæå_ç®è°±(æ­è¯)_æ­£æåäºæ¼å±_æ¡æéæ¥é£è®°è°±-ç®è°±__jianpujia-10425/001.gif
å¤é¨çç§å¤©ç®è°±	jianpujia	319251	1	简谱	å¤é¨çç§å¤©ç®è°±_èåå¤§åæ¼å±_èåå¤§å_èåä¸åè¯æ²-ç®è°±__jianpujia-319251	/home/caesium-132/jianpu/images-prep/jianpujia-crawl/å¤é¨çç§å¤©ç®è°±_èåå¤§åæ¼å±_èåå¤§å_èåä¸åè¯æ²-ç®è°±__jianpujia-319251/001.jpg
å¤çèåæµ·çæ·±æ	jianpujia	420618	1	简谱	å¤çèåæµ·çæ·±æ_ååï¼å¤çèåï¼æµ·çæ·±æ_å¤çèå_æµ·çæ__jianpujia-420618	/home/caesium-132/jianpu/images-prep/jianpujia-crawl/å¤çèåæµ·çæ·±æ_ååï¼å¤çèåï¼æµ·çæ·±æ_å¤çèå_æµ·çæ__jianpujia-420618/001.gif
å¤§æ£®æçæ©æ¨ç®è°±	jianpujia	75394	1	简谱	å¤§æ£®æçæ©æ¨ç®è°±(æ­è¯)_å´å¨æ¼å±_Z.E.Z.å¤å¶-ç®è°±__jianpujia-75394	/home/caesium-132/jianpu/images-prep/jianpujia-crawl/å¤§æ£®æçæ©æ¨ç®è°±(æ­è¯)_å´å¨æ¼å±_Z.E.Z.å¤å¶-ç®è°±__jianpujia-75394/001.gif
å¤§é£è½¦ç®è°±	jianpujia	7193	4	简谱	å¤§é£è½¦ç®è°±_å¿æ­_è´æä»¬çç«¥å¹´ï¼é£éææ_æ_è½¬ççå¤§é£è½¦-ç®__jianpujia-7193	/home/caesium-132/jianpu/images-prep/jianpujia-crawl/å¤§é£è½¦ç®è°±_å¿æ­_è´æä»¬çç«¥å¹´ï¼é£éææ_æ_è½¬ççå¤§é£è½¦-ç®__jianpujia-7193/001.jpg
å¥³å¿æ­ç®è°±	jianpujia	10065	1	简谱	å¥³å¿æ­ç®è°±(æ­è¯)_å¯å¥éªæ¼å±_å²­åå°è±¡æ²è°±-ç®è°±__jianpujia-10065	/home/caesium-132/jianpu/images-prep/jianpujia-crawl/å¥³å¿æ­ç®è°±(æ­è¯)_å¯å¥éªæ¼å±_å²­åå°è±¡æ²è°±-ç®è°±__jianpujia-10065/001.gif
å¥½å¦å¦ç®è°±	jianpujia	26498	1	简谱	å¥½å¦å¦ç®è°±(æ­è¯)_å¿æ­_éæ´²å®è®°è°±-ç®è°±__jianpujia-26498	/home/caesium-132/jianpu/images-prep/jianpujia-crawl/å¥½å¦å¦ç®è°±(æ­è¯)_å¿æ­_éæ´²å®è®°è°±-ç®è°±__jianpujia-26498/001.jpg
å¥½ç¸ç¸åç¸ç¸ç®è°±	jianpujia	26517	1	简谱	å¥½ç¸ç¸åç¸ç¸ç®è°±(æ­è¯)_å¿æ­_éæ´²å®_è®°è°±-ç®è°±__jianpujia-26517	/home/caesium-132/jianpu/images-prep/jianpujia-crawl/å¥½ç¸ç¸åç¸ç¸ç®è°±(æ­è¯)_å¿æ­_éæ´²å®_è®°è°±-ç®è°±__jianpujia-26517/001.jpg
å¦æ¢¦èåèåæ­æ²100é¦ç®è°±-ç®è°±	jianpujia	349629	1	简谱	å¦æ¢¦èåèåæ­æ²100é¦ç®è°±-ç®è°±__jianpujia-349629	/home/caesium-132/jianpu/images-prep/jianpujia-crawl/å¦æ¢¦èåèåæ­æ²100é¦ç®è°±-ç®è°±__jianpujia-349629/001.jpg
å¦å¦çå»ç®è°±	jianpujia	26434	1	简谱	å¦å¦çå»ç®è°±(æ­è¯)_å¿æ­_éæ´²å®è®°è°±-ç®è°±__jianpujia-26434	/home/caesium-132/jianpu/images-prep/jianpujia-crawl/å¦å¦çå»ç®è°±(æ­è¯)_å¿æ­_éæ´²å®è®°è°±-ç®è°±__jianpujia-26434/001.jpg
å§ç»ä¼è¡è¿TVBçµè§å§	jianpujia	388543	1	简谱	å§ç»ä¼è¡è¿TVBçµè§å§_é¹¿é¼è®°_ä¸»é¢æ²å§ç»ä¼è¡è¿TVBçµè§å§_é¹¿é¼__jianpujia-388543	/home/caesium-132/jianpu/images-prep/jianpujia-crawl/å§ç»ä¼è¡è¿TVBçµè§å§_é¹¿é¼è®°_ä¸»é¢æ²å§ç»ä¼è¡è¿TVBçµè§å§_é¹¿é¼__jianpujia-388543/001.gif
å¨ååç®è°±	jianpujia	26445	2	简谱	å¨ååç®è°±(æ­è¯)_å¿æ­_éæ´²å®è®°è°±-ç®è°±__jianpujia-26445	/home/caesium-132/jianpu/images-prep/jianpujia-crawl/å¨ååç®è°±(æ­è¯)_å¿æ­_éæ´²å®è®°è°±-ç®è°±__jianpujia-26445/001.jpg
å­¦ä¹	jianpujia	20507	1	简谱	å­¦ä¹_é·éå¥½æ¦æ_·ç®è°±(æ­è¯)_å¿æ­_å°å¼©æ²è°±-ç®è°±__jianpujia-20507	/home/caesium-132/jianpu/images-prep/jianpujia-crawl/å­¦ä¹_é·éå¥½æ¦æ_·ç®è°±(æ­è¯)_å¿æ­_å°å¼©æ²è°±-ç®è°±__jianpujia-20507/001.jpg
å®è´å®è´ç®è°±	jianpujia	7152	4	简谱	å®è´å®è´ç®è°±_å¿æ­_ä½_å°±æ¯æçå®è´å-ç®è°±__jianpujia-7152	/home/caesium-132/jianpu/images-prep/jianpujia-crawl/å®è´å®è´ç®è°±_å¿æ­_ä½_å°±æ¯æçå®è´å-ç®è°±__jianpujia-7152/001.jpg
å®¶å¨èåæ	jianpujia	319269	1	简谱	å®¶å¨èåæ_¹å¨èåæç¨¿çç®è°±_ä¸æ¹çº¢è³æ¼å±_èµµéæ°_ææ_æ¬è¯__jianpujia-319269	/home/caesium-132/jianpu/images-prep/jianpujia-crawl/å®¶å¨èåæ_¹å¨èåæç¨¿çç®è°±_ä¸æ¹çº¢è³æ¼å±_èµµéæ°_ææ_æ¬è¯__jianpujia-319269/001.jpg
å¯¹ä¸èµ·æ²¡å	jianpujia	22083	1	简谱	å¯¹ä¸èµ·æ²¡å_³ç³»ç®è°±(æ­è¯)_å¿æ­_è°±åå¥½å¿æ_999ä¸ä¼_-ç®è°±__jianpujia-22083	/home/caesium-132/jianpu/images-prep/jianpujia-crawl/å¯¹ä¸èµ·æ²¡å_³ç³»ç®è°±(æ­è¯)_å¿æ­_è°±åå¥½å¿æ_999ä¸ä¼_-ç®è°±__jianpujia-22083/001.gif
å¯¹è±å®å¾½æ°æ­ç»å	jianpujia	314263	1	简谱	å¯¹è±å®å¾½æ°æ­ç»å_¸æ°æ­100é¦ç®è°±-ç®è°±__jianpujia-314263	/home/caesium-132/jianpu/images-prep/jianpujia-crawl/å¯¹è±å®å¾½æ°æ­ç»å_¸æ°æ­100é¦ç®è°±-ç®è°±__jianpujia-314263/001.jpg
å¯¹è±æ²³åæ°æ­ç»å	jianpujia	314266	2	简谱	å¯¹è±æ²³åæ°æ­ç»å_¸æ°æ­100é¦ç®è°±-ç®è°±__jianpujia-314266	/home/caesium-132/jianpu/images-prep/jianpujia-crawl/å¯¹è±æ²³åæ°æ­ç»å_¸æ°æ­100é¦ç®è°±-ç®è°±__jianpujia-314266/001.jpg
å¯»è¡éåç®è°±	jianpujia	22105	1	简谱	å¯»è¡éåç®è°±(æ­è¯)_å¿æ­_å¥½å¿æ_æ²è°±-ç®è°±__jianpujia-22105	/home/caesium-132/jianpu/images-prep/jianpujia-crawl/å¯»è¡éåç®è°±(æ­è¯)_å¿æ­_å¥½å¿æ_æ²è°±-ç®è°±__jianpujia-22105/001.gif
å°å	jianpujia	15776	4	简谱	å°å_å­ä¹ä¹ç®è°±_å¿æ­_å¦å¦æ²¡åæ¥_è°æ¥ä¹ä¸å¼-ç®è°±__jianpujia-15776	/home/caesium-132/jianpu/images-prep/jianpujia-crawl/å°å_å­ä¹ä¹ç®è°±_å¿æ­_å¦å¦æ²¡åæ¥_è°æ¥ä¹ä¸å¼-ç®è°±__jianpujia-15776/001.jpg
å°å¿è¯­ç®è°±	jianpujia	13170	1	简谱	å°å¿è¯­ç®è°±(æ­è¯)_å°æµ·é¾æ¼å±ç»æ¼å±_æ¡æéæ¥é£è®°è°±-ç®è°±__jianpujia-13170	/home/caesium-132/jianpu/images-prep/jianpujia-crawl/å°å¿è¯­ç®è°±(æ­è¯)_å°æµ·é¾æ¼å±ç»æ¼å±_æ¡æéæ¥é£è®°è°±-ç®è°±__jianpujia-13170/001.jpg
å°å¸æºç®è°±	jianpujia	22079	1	简谱	å°å¸æºç®è°±(æ­è¯)_å¿æ­_å¥½å¿æ_æ²è°±-ç®è°±__jianpujia-22079	/home/caesium-132/jianpu/images-prep/jianpujia-crawl/å°å¸æºç®è°±(æ­è¯)_å¿æ­_å¥½å¿æ_æ²è°±-ç®è°±__jianpujia-22079/001.gif
å°å¥¶çç®è°±	jianpujia	22060	1	简谱	å°å¥¶çç®è°±(æ­è¯)_å¿æ­_å¥½å¿æ_æ²è°±-ç®è°±__jianpujia-22060	/home/caesium-132/jianpu/images-prep/jianpujia-crawl/å°å¥¶çç®è°±(æ­è¯)_å¿æ­_å¥½å¿æ_æ²è°±-ç®è°±__jianpujia-22060/001.gif
å°å¨å¨è·åå¦ç®è°±	jianpujia	22077	1	简谱	å°å¨å¨è·åå¦ç®è°±(æ­è¯)_å¿æ­_è°±åå¥½å¿æ_999ä¸ä¼_-ç®è°±__jianpujia-22077	/home/caesium-132/jianpu/images-prep/jianpujia-crawl/å°å¨å¨è·åå¦ç®è°±(æ­è¯)_å¿æ­_è°±åå¥½å¿æ_999ä¸ä¼_-ç®è°±__jianpujia-22077/001.gif
å°å°å°å¹´ç®è°±	jianpujia	15561	4	简谱	å°å°å°å¹´ç®è°±_å¿æ­_ä½_è¿è®°å¾é£ä¸ªå°å°å°å¹´å-ç®è°±__jianpujia-15561	/home/caesium-132/jianpu/images-prep/jianpujia-crawl/å°å°å°å¹´ç®è°±_å¿æ­_ä½_è¿è®°å¾é£ä¸ªå°å°å°å¹´å-ç®è°±__jianpujia-15561/001.jpg
å°å°ç½é¸½ç®è°±	jianpujia	22138	1	简谱	å°å°ç½é¸½ç®è°±(æ­è¯)_å¿æ­_è°±åå¥½å¿æ_999ä¸ä¼_-ç®è°±__jianpujia-22138	/home/caesium-132/jianpu/images-prep/jianpujia-crawl/å°å°ç½é¸½ç®è°±(æ­è¯)_å¿æ­_è°±åå¥½å¿æ_999ä¸ä¼_-ç®è°±__jianpujia-22138/001.gif
å°å°é¨ç¹ç®è°±	jianpujia	9238	1	简谱	å°å°é¨ç¹ç®è°±(æ­è¯)âå°å¿æ¼å±âå²­åå°è±¡æ²è°±-ç®è°±__jianpujia-9238	/home/caesium-132/jianpu/images-prep/jianpujia-crawl/å°å°é¨ç¹ç®è°±(æ­è¯)âå°å¿æ¼å±âå²­åå°è±¡æ²è°±-ç®è°±__jianpujia-9238/001.gif
å°æé¸	jianpujia	22067	1	简谱	å°æé¸_å¯¹æè¯´ç®è°±(æ­è¯)_å¿æ­_è°±åå¥½å¿æ_999ä¸ä¼_-ç®è°±__jianpujia-22067	/home/caesium-132/jianpu/images-prep/jianpujia-crawl/å°æé¸_å¯¹æè¯´ç®è°±(æ­è¯)_å¿æ­_è°±åå¥½å¿æ_999ä¸ä¼_-ç®è°±__jianpujia-22067/001.gif
å°ææå¹¿åçé¢ç´ç®è°±	jianpujia	148698	3	简谱	å°ææå¹¿åçé¢ç´ç®è°±_å¿æ­æ¼å±-ç®è°±__jianpujia-148698	/home/caesium-132/jianpu/images-prep/jianpujia-crawl/å°ææå¹¿åçé¢ç´ç®è°±_å¿æ­æ¼å±-ç®è°±__jianpujia-148698/001.jpg
å°ææç®è°±	jianpujia	15827	6	简谱	å°ææç®è°±_å¿æ­_ç¨çç¼ççæ¯é£å¨ä¿å¯äººçææ-ç®è°±__jianpujia-15827	/home/caesium-132/jianpu/images-prep/jianpujia-crawl/å°ææç®è°±_å¿æ­_ç¨çç¼ççæ¯é£å¨ä¿å¯äººçææ-ç®è°±__jianpujia-15827/001.jpg
å°æ¨é©¬ç®è°±	jianpujia	22098	1	简谱	å°æ¨é©¬ç®è°±(æ­è¯)_å¿æ­_è°±åå¥½å¿æ_999ä¸ä¼_-ç®è°±__jianpujia-22098	/home/caesium-132/jianpu/images-prep/jianpujia-crawl/å°æ¨é©¬ç®è°±(æ­è¯)_å¿æ­_è°±åå¥½å¿æ_999ä¸ä¼_-ç®è°±__jianpujia-22098/001.gif
å°æ¾æ	jianpujia	74558	1	简谱	å°æ¾æ_ç®è°±_å¹¼å¿å­å¿æ­æ¼å±-ç®è°±__jianpujia-74558	/home/caesium-132/jianpu/images-prep/jianpujia-crawl/å°æ¾æ_ç®è°±_å¹¼å¿å­å¿æ­æ¼å±-ç®è°±__jianpujia-74558/001.jpg
å°æ¯é©´ç®è°±	jianpujia	15745	3	简谱	å°æ¯é©´ç®è°±_å¿æ­_ææä¸åªé¡½ç®çå°æ¯é©´-ç®è°±__jianpujia-15745	/home/caesium-132/jianpu/images-prep/jianpujia-crawl/å°æ¯é©´ç®è°±_å¿æ­_ææä¸åªé¡½ç®çå°æ¯é©´-ç®è°±__jianpujia-15745/001.jpg
å°çå­å¿æ­ç®è°±	jianpujia	74647	1	简谱	å°çå­å¿æ­ç®è°±_é_èæ¼å±-ç®è°±__jianpujia-74647	/home/caesium-132/jianpu/images-prep/jianpujia-crawl/å°çå­å¿æ­ç®è°±_é_èæ¼å±-ç®è°±__jianpujia-74647/001.gif
å°çå­ç©¿è±è¡£ç®è°±	jianpujia	74494	1	简谱	å°çå­ç©¿è±è¡£ç®è°±_å¿æ­_çµå½±_æ¤å£«æ¥è®°_ææ²-ç®è°±__jianpujia-74494	/home/caesium-132/jianpu/images-prep/jianpujia-crawl/å°çå­ç©¿è±è¡£ç®è°±_å¿æ­_çµå½±_æ¤å£«æ¥è®°_ææ²-ç®è°±__jianpujia-74494/001.jpg
å°çå­ç®è°±	jianpujia	26515	1	简谱	å°çå­ç®è°±(æ­è¯)_å¿æ­_éæ´²å®è®°è°±-ç®è°±__jianpujia-26515	/home/caesium-132/jianpu/images-prep/jianpujia-crawl/å°çå­ç®è°±(æ­è¯)_å¿æ­_éæ´²å®è®°è°±-ç®è°±__jianpujia-26515/001.jpg
å°çªåå¾é¥±é¥±ç®è°±	jianpujia	26477	1	简谱	å°çªåå¾é¥±é¥±ç®è°±(æ­è¯)_å¿æ­_éæ´²å®è®°è°±-ç®è°±__jianpujia-26477	/home/caesium-132/jianpu/images-prep/jianpujia-crawl/å°çªåå¾é¥±é¥±ç®è°±(æ­è¯)_å¿æ­_éæ´²å®è®°è°±-ç®è°±__jianpujia-26477/001.jpg
å°ç½å	jianpujia	255717	4	简谱	å°ç½å_ç½åç½é¢ç´ç®è°±_å¿æ­æ¼å±-ç®è°±__jianpujia-255717	/home/caesium-132/jianpu/images-prep/jianpujia-crawl/å°ç½å_ç½åç½é¢ç´ç®è°±_å¿æ­æ¼å±-ç®è°±__jianpujia-255717/001.jpg
å°ç½è¹ç®è°±	jianpujia	26275	1	简谱	å°ç½è¹ç®è°±(æ­è¯)_å¿æ­_æå¿æ²è°±-ç®è°±__jianpujia-26275	/home/caesium-132/jianpu/images-prep/jianpujia-crawl/å°ç½è¹ç®è°±(æ­è¯)_å¿æ­_æå¿æ²è°±-ç®è°±__jianpujia-26275/001.jpg
å°ç¯±ç¬ç®è°±	jianpujia	22092	1	简谱	å°ç¯±ç¬ç®è°±(æ­è¯)_å¿æ­_è°±åå¥½å¿æ_999ä¸ä¼_-ç®è°±__jianpujia-22092	/home/caesium-132/jianpu/images-prep/jianpujia-crawl/å°ç¯±ç¬ç®è°±(æ­è¯)_å¿æ­_è°±åå¥½å¿æ_999ä¸ä¼_-ç®è°±__jianpujia-22092/001.gif
å°çº¢å¸½ç®è°±	jianpujia	15548	7	简谱	å°çº¢å¸½ç®è°±_å¿æ­_å°çº¢å¸½çæ_äº-ç®è°±__jianpujia-15548	/home/caesium-132/jianpu/images-prep/jianpujia-crawl/å°çº¢å¸½ç®è°±_å¿æ­_å°çº¢å¸½çæ_äº-ç®è°±__jianpujia-15548/001.jpg
å°çº¢å¸½é¢ç´ç®è°±	jianpujia	245722	4	简谱	å°çº¢å¸½é¢ç´ç®è°±_å¿æ­æ¼å±-ç®è°±__jianpujia-245722	/home/caesium-132/jianpu/images-prep/jianpujia-crawl/å°çº¢å¸½é¢ç´ç®è°±_å¿æ­æ¼å±-ç®è°±__jianpujia-245722/001.jpg
å°çº¢è±ç®è°±	jianpujia	74419	1	简谱	å°çº¢è±ç®è°±_å¿æ­-ç®è°±__jianpujia-74419	/home/caesium-132/jianpu/images-prep/jianpujia-crawl/å°çº¢è±ç®è°±_å¿æ­-ç®è°±__jianpujia-74419/001.jpg
å°èç®è°±	jianpujia	15463	5	简谱	å°èç®è°±__æ¨ç____70ã80å¹´ä»£å¬è¿æå¤çæ­æ²-ç®è°±__jianpujia-15463	/home/caesium-132/jianpu/images-prep/jianpujia-crawl/å°èç®è°±__æ¨ç____70ã80å¹´ä»£å¬è¿æå¤çæ­æ²-ç®è°±__jianpujia-15463/001.jpg
å°èºå·ç®è°±	jianpujia	26532	1	简谱	å°èºå·ç®è°±(æ­è¯)_å¿æ­_éæ´²å®è®°è°±-ç®è°±__jianpujia-26532	/home/caesium-132/jianpu/images-prep/jianpujia-crawl/å°èºå·ç®è°±(æ­è¯)_å¿æ­_éæ´²å®è®°è°±-ç®è°±__jianpujia-26532/001.jpg
å°èºå·ï¼å°å¿æ­æ²ï¼ç®è°±	jianpujia	9850	1	简谱	å°èºå·ï¼å°å¿æ­æ²ï¼ç®è°±(æ­è¯)âç¨ç³æ¼å±âå²­åå°æ²è°±-ç®è°__jianpujia-9850	/home/caesium-132/jianpu/images-prep/jianpujia-crawl/å°èºå·ï¼å°å¿æ­æ²ï¼ç®è°±(æ­è¯)âç¨ç³æ¼å±âå²­åå°æ²è°±-ç®è°__jianpujia-9850/001.gif
å°è·³èç®è°±	jianpujia	26605	5	简谱	å°è·³èç®è°±_éèä¹é_å¿«ä¹çä¸åªå°éè-ç®è°±__jianpujia-26605	/home/caesium-132/jianpu/images-prep/jianpujia-crawl/å°è·³èç®è°±_éèä¹é_å¿«ä¹çä¸åªå°éè-ç®è°±__jianpujia-26605/001.jpg
å°é¨æ²æ²ç®è°±	jianpujia	74220	1	简谱	å°é¨æ²æ²ç®è°±_å¿æ­-ç®è°±__jianpujia-74220	/home/caesium-132/jianpu/images-prep/jianpujia-crawl/å°é¨æ²æ²ç®è°±_å¿æ­-ç®è°±__jianpujia-74220/001.jpg
å°é¸è¯·å°è¿éæ¥ç®è°±	jianpujia	22104	1	简谱	å°é¸è¯·å°è¿éæ¥ç®è°±(æ­è¯)_å¿æ­_è°±åå¥½å¿æ_999ä¸ä¼_-ç®è°±__jianpujia-22104	/home/caesium-132/jianpu/images-prep/jianpujia-crawl/å°é¸è¯·å°è¿éæ¥ç®è°±(æ­è¯)_å¿æ­_è°±åå¥½å¿æ_999ä¸ä¼_-ç®è°±__jianpujia-22104/001.gif
å°é¸­å­ç®è°±	jianpujia	22147	1	简谱	å°é¸­å­ç®è°±(æ­è¯)_å¿æ­_å¥½å¿æ_æ²è°±-ç®è°±__jianpujia-22147	/home/caesium-132/jianpu/images-prep/jianpujia-crawl/å°é¸­å­ç®è°±(æ­è¯)_å¿æ­_å¥½å¿æ_æ²è°±-ç®è°±__jianpujia-22147/001.gif
å°å¹´å°å¹´ç¥å½çæ¥å¤©ç®è°±	jianpujia	22089	1	简谱	å°å¹´å°å¹´ç¥å½çæ¥å¤©ç®è°±(æ­è¯)_å¿æ­_è°±åå¥½å¿æ_999ä¸ä¼_-ç®è°±__jianpujia-22089	/home/caesium-132/jianpu/images-prep/jianpujia-crawl/å°å¹´å°å¹´ç¥å½çæ¥å¤©ç®è°±(æ­è¯)_å¿æ­_è°±åå¥½å¿æ_999ä¸ä¼_-ç®è°±__jianpujia-22089/001.gif
å¸¦ä½	jianpujia	130428	1	简谱	å¸¦ä½_çè³æµå»èåç®è°±_åªææµ©è¯_åé¢æ²èåå_å¦¹_-ç®è°±__jianpujia-130428	/home/caesium-132/jianpu/images-prep/jianpujia-crawl/å¸¦ä½_çè³æµå»èåç®è°±_åªææµ©è¯_åé¢æ²èåå_å¦¹_-ç®è°±__jianpujia-130428/001.gif
å¹¸ç¦è±å¿å¼å¿ä¸ç®è°±	jianpujia	22086	1	简谱	å¹¸ç¦è±å¿å¼å¿ä¸ç®è°±(æ­è¯)_å¿æ­_è°±åå¥½å¿æ_999ä¸ä¼_-ç®è°±__jianpujia-22086	/home/caesium-132/jianpu/images-prep/jianpujia-crawl/å¹¸ç¦è±å¿å¼å¿ä¸ç®è°±(æ­è¯)_å¿æ­_è°±åå¥½å¿æ_999ä¸ä¼_-ç®è°±__jianpujia-22086/001.gif
å¹¸ç¦é	jianpujia	257002	1	简谱	å¹¸ç¦é_åº_æ±è¯­ç(èåä¸åè¨å_æ¯æ²)ç®è°±_èåä¸åæ¼å±_é©¬æ­£__jianpujia-257002	/home/caesium-132/jianpu/images-prep/jianpujia-crawl/å¹¸ç¦é_åº_æ±è¯­ç(èåä¸åè¨å_æ¯æ²)ç®è°±_èåä¸åæ¼å±_é©¬æ­£__jianpujia-257002/001.jpg
åºç¥å	jianpujia	22107	1	简谱	åºç¥å_­ä¸ç®è°±(æ­è¯)_å¿æ­_å¥½å¿æ_æ²è°±-ç®è°±__jianpujia-22107	/home/caesium-132/jianpu/images-prep/jianpujia-crawl/åºç¥å_­ä¸ç®è°±(æ­è¯)_å¿æ­_å¥½å¿æ_æ²è°±-ç®è°±__jianpujia-22107/001.gif
åº·å®æ	jianpujia	299366	2	简谱	åº·å®æ_æ­ç®è°±_æ¢¦ä¹æ_ç»åæ¼å±_åå·æ°æ­_åå·æ°æ­è¯æ²-ç®è°±__jianpujia-299366	/home/caesium-132/jianpu/images-prep/jianpujia-crawl/åº·å®æ_æ­ç®è°±_æ¢¦ä¹æ_ç»åæ¼å±_åå·æ°æ­_åå·æ°æ­è¯æ²-ç®è°±__jianpujia-299366/001.jpg
å¼å­è§ç®è°±	jianpujia	12696	2	简谱	å¼å­è§ç®è°±(æ­è¯)_éå¸åå±å¢æ¼å±_æ¡æéæ¥é£è®°è°±-ç®è°±__jianpujia-12696	/home/caesium-132/jianpu/images-prep/jianpujia-crawl/å¼å­è§ç®è°±(æ­è¯)_éå¸åå±å¢æ¼å±_æ¡æéæ¥é£è®°è°±-ç®è°±__jianpujia-12696/001.gif
å½æä»¬åå¨ä¸èµ·ç®è°±	jianpujia	74561	1	简谱	å½æä»¬åå¨ä¸èµ·ç®è°±__å°èè¾ç»åæ¼å±-ç®è°±__jianpujia-74561	/home/caesium-132/jianpu/images-prep/jianpujia-crawl/å½æä»¬åå¨ä¸èµ·ç®è°±__å°èè¾ç»åæ¼å±-ç®è°±__jianpujia-74561/001.jpg
å¿å¨èå	jianpujia	25473	1	简谱	å¿å¨èå_æ¢¦å¨èåç®è°±(æ­è¯)_è¢å°æ¼å±_ç§å¶èµ·èè®°è°±ä¸ä¼_-ç®__jianpujia-25473	/home/caesium-132/jianpu/images-prep/jianpujia-crawl/å¿å¨èå_æ¢¦å¨èåç®è°±(æ­è¯)_è¢å°æ¼å±_ç§å¶èµ·èè®°è°±ä¸ä¼_-ç®__jianpujia-25473/001.gif
å¿å¨èåæ¢¦å¨èåç®è°±	jianpujia	243103	1	简谱	å¿å¨èåæ¢¦å¨èåç®è°±_è¢å°æ¼å±_æå­¦äº®_å¼_å¿èè¯æ²-ç®è°±__jianpujia-243103	/home/caesium-132/jianpu/images-prep/jianpujia-crawl/å¿å¨èåæ¢¦å¨èåç®è°±_è¢å°æ¼å±_æå­¦äº®_å¼_å¿èè¯æ²-ç®è°±__jianpujia-243103/001.jpg
å¿å¨èåçæ¥æè¯å§æ¯æ²å¿å¨èåçæ¥æè¯	jianpujia	216188	1	简谱	å¿å¨èåçæ¥æè¯å§æ¯æ²å¿å¨èåçæ¥æè¯_å§æ¯æ²ç®è°±-ç®è°±__jianpujia-216188	/home/caesium-132/jianpu/images-prep/jianpujia-crawl/å¿å¨èåçæ¥æè¯å§æ¯æ²å¿å¨èåçæ¥æè¯_å§æ¯æ²ç®è°±-ç®è°±__jianpujia-216188/001.jpg
å¿å°ä¸çèåç®è°±	jianpujia	96227	1	简谱	å¿å°ä¸çèåç®è°±_ç¬¬äºå±å½é_èåæ¸¸ç§æåæ_æ¸¸èºæ¯èèæ­é__jianpujia-96227	/home/caesium-132/jianpu/images-prep/jianpujia-crawl/å¿å°ä¸çèåç®è°±_ç¬¬äºå±å½é_èåæ¸¸ç§æåæ_æ¸¸èºæ¯èèæ­é__jianpujia-96227/001.jpg
å¿å½èå	jianpujia	232548	3	简谱	å¿å½èå(å¿å½èåééå»)ç®è°±_ééå»æ¼å±_ééå»æ²è°±-ç®è°±__jianpujia-232548	/home/caesium-132/jianpu/images-prep/jianpujia-crawl/å¿å½èå(å¿å½èåééå»)ç®è°±_ééå»æ¼å±_ééå»æ²è°±-ç®è°±__jianpujia-232548/001.jpg
å¿ç±çå§å¨èåä¸åè¨å	jianpujia	238959	1	简谱	å¿ç±çå§å¨èåä¸åè¨å_æ¯ååæ²ç®è°±_èåä¸åæ¼å±_é©¬æ­£å¯¿__jianpujia-238959	/home/caesium-132/jianpu/images-prep/jianpujia-crawl/å¿ç±çå§å¨èåä¸åè¨å_æ¯ååæ²ç®è°±_èåä¸åæ¼å±_é©¬æ­£å¯¿__jianpujia-238959/001.jpg
å¿ä¸äºèåæ­æ²ç®è°±	jianpujia	317126	1	简谱	å¿ä¸äºèåæ­æ²ç®è°±_èåä¸åæ¼å±_é½å®åæ_¼_é½å®åæ_¼è¯æ²-ç__jianpujia-317126	/home/caesium-132/jianpu/images-prep/jianpujia-crawl/å¿ä¸äºèåæ­æ²ç®è°±_èåä¸åæ¼å±_é½å®åæ_¼_é½å®åæ_¼è¯æ²-ç__jianpujia-317126/001.jpg
å¿«ä¹çèæ¥ç®è°±	jianpujia	22110	1	简谱	å¿«ä¹çèæ¥ç®è°±(æ­è¯)_å¿æ­_è°±åå¥½å¿æ_999ä¸ä¼_-ç®è°±__jianpujia-22110	/home/caesium-132/jianpu/images-prep/jianpujia-crawl/å¿«ä¹çèæ¥ç®è°±(æ­è¯)_å¿æ­_è°±åå¥½å¿æ_999ä¸ä¼_-ç®è°±__jianpujia-22110/001.gif
æ	jianpujia	9963	1	简谱	æ_¡å­çæ©æ¨ç®è°±(æ­è¯)_è°¢èæ¯_çæ´å®æ¼å±_å²­åå°è±¡æ²è°±-ç®è°__jianpujia-9963	/home/caesium-132/jianpu/images-prep/jianpujia-crawl/æ_¡å­çæ©æ¨ç®è°±(æ­è¯)_è°¢èæ¯_çæ´å®æ¼å±_å²­åå°è±¡æ²è°±-ç®è°__jianpujia-9963/001.gif
æå¿µä½	jianpujia	101359	1	简谱	æå¿µä½_åï¼èåç®è°±_å­åºè¯è¯_å­åºè¯æ²-ç®è°±__jianpujia-101359	/home/caesium-132/jianpu/images-prep/jianpujia-crawl/æå¿µä½_åï¼èåç®è°±_å­åºè¯è¯_å­åºè¯æ²-ç®è°±__jianpujia-101359/001.jpg
æå¿µå¼çèåæä¸æ³è¯äºçç¾¤æ²æå¿µå¼çèåæä¸æ³è¯	jianpujia	210468	1	简谱	æå¿µå¼çèåæä¸æ³è¯äºçç¾¤æ²æå¿µå¼çèåæä¸æ³è¯_äºçç__jianpujia-210468	/home/caesium-132/jianpu/images-prep/jianpujia-crawl/æå¿µå¼çèåæä¸æ³è¯äºçç¾¤æ²æå¿µå¼çèåæä¸æ³è¯_äºçç__jianpujia-210468/001.jpg
æ¯åç®è°±	jianpujia	12677	1	简谱	æ¯åç®è°±(æ­è¯)_ä¸­å¤®é¶æ²³å°å¹´èºæ¯å¢æ¼å±_æ¡æéæ¥é£è®°è°±-ç®__jianpujia-12677	/home/caesium-132/jianpu/images-prep/jianpujia-crawl/æ¯åç®è°±(æ­è¯)_ä¸­å¤®é¶æ²³å°å¹´èºæ¯å¢æ¼å±_æ¡æéæ¥é£è®°è°±-ç®__jianpujia-12677/001.gif
æè°¢é¢ç´ç®è°±	jianpujia	250631	4	简谱	æè°¢é¢ç´ç®è°±_å¿æ­æ¼å±-ç®è°±__jianpujia-250631	/home/caesium-132/jianpu/images-prep/jianpujia-crawl/æè°¢é¢ç´ç®è°±_å¿æ­æ¼å±-ç®è°±__jianpujia-250631/001.jpg
æä»èåæ¥ç®è°±	jianpujia	7077	4	简谱	æä»èåæ¥ç®è°±_å¤å°ä¼_å¥_æçééèåæ¢¦-ç®è°±__jianpujia-7077	/home/caesium-132/jianpu/images-prep/jianpujia-crawl/æä»èåæ¥ç®è°±_å¤å°ä¼_å¥_æçééèåæ¢¦-ç®è°±__jianpujia-7077/001.jpg
æä»¬å¤ä¹å¹¸ç¦ç®è°±	jianpujia	74588	1	简谱	æä»¬å¤ä¹å¹¸ç¦ç®è°±_å¿æ­æ¼å±-ç®è°±__jianpujia-74588	/home/caesium-132/jianpu/images-prep/jianpujia-crawl/æä»¬å¤ä¹å¹¸ç¦ç®è°±_å¿æ­æ¼å±-ç®è°±__jianpujia-74588/001.jpg
æä»¬æ¯å	jianpujia	20468	1	简谱	æä»¬æ¯å_±äº§ä¸»ä¹æ¥ç­äººç®è°±(æ­è¯)_å¿æ­_å°å¼©æ²è°±-ç®è°±__jianpujia-20468	/home/caesium-132/jianpu/images-prep/jianpujia-crawl/æä»¬æ¯å_±äº§ä¸»ä¹æ¥ç­äººç®è°±(æ­è¯)_å¿æ­_å°å¼©æ²è°±-ç®è°±__jianpujia-20468/001.jpg
æä»¬æ¯å¿«ä¹çå¥½æåç®è°±	jianpujia	21911	1	简谱	æä»¬æ¯å¿«ä¹çå¥½æåç®è°±(æ­è¯)_å¿æ­_æå¿æ²è°±-ç®è°±__jianpujia-21911	/home/caesium-132/jianpu/images-prep/jianpujia-crawl/æä»¬æ¯å¿«ä¹çå¥½æåç®è°±(æ­è¯)_å¿æ­_æå¿æ²è°±-ç®è°±__jianpujia-21911/001.jpg
æä»¬æ¯æ¥å¤©ç®è°±	jianpujia	9230	1	简谱	æä»¬æ¯æ¥å¤©ç®è°±(æ­è¯)âå°å¿åå±æ¼å±âå²­åå°è±¡æ²è°±-ç®è°±__jianpujia-9230	/home/caesium-132/jianpu/images-prep/jianpujia-crawl/æä»¬æ¯æ¥å¤©ç®è°±(æ­è¯)âå°å¿åå±æ¼å±âå²­åå°è±¡æ²è°±-ç®è°±__jianpujia-9230/001.gif
æä»¬çç¥å½æ¯è±å­ç®è°±	jianpujia	74532	1	简谱	æä»¬çç¥å½æ¯è±å­ç®è°±_å°ä¼´é¾å¿æ­æ¼å±-ç®è°±__jianpujia-74532	/home/caesium-132/jianpu/images-prep/jianpujia-crawl/æä»¬çç¥å½æ¯è±å­ç®è°±_å°ä¼´é¾å¿æ­æ¼å±-ç®è°±__jianpujia-74532/001.jpg
æä»¬ç¾ä¸½çç¥å½ç®è°±	jianpujia	22095	1	简谱	æä»¬ç¾ä¸½çç¥å½ç®è°±(æ­è¯)_å¿æ­_è°±åå¥½å¿æ_999ä¸ä¼_-ç®è°±__jianpujia-22095	/home/caesium-132/jianpu/images-prep/jianpujia-crawl/æä»¬ç¾ä¸½çç¥å½ç®è°±(æ­è¯)_å¿æ­_è°±åå¥½å¿æ_999ä¸ä¼_-ç®è°±__jianpujia-22095/001.gif
æä»¬è¦åé·éå¼çå¥½å°å¹´ç®è°±	jianpujia	20491	1	简谱	æä»¬è¦åé·éå¼çå¥½å°å¹´ç®è°±(æ­è¯)_å¿æ­_å°å¼©æ²è°±-ç®è°±__jianpujia-20491	/home/caesium-132/jianpu/images-prep/jianpujia-crawl/æä»¬è¦åé·éå¼çå¥½å°å¹´ç®è°±(æ­è¯)_å¿æ­_å°å¼©æ²è°±-ç®è°±__jianpujia-20491/001.jpg
æåæææçµè¯ç®è°±	jianpujia	22081	1	简谱	æåæææçµè¯ç®è°±(æ­è¯)_å¿æ­_è°±åå¥½å¿æ_999ä¸ä¼_-ç®è°±__jianpujia-22081	/home/caesium-132/jianpu/images-prep/jianpujia-crawl/æåæææçµè¯ç®è°±(æ­è¯)_å¿æ­_è°±åå¥½å¿æ_999ä¸ä¼_-ç®è°±__jianpujia-22081/001.gif
ææ¯ä¸ä¸ªç²å·å	jianpujia	15821	3	简谱	ææ¯ä¸ä¸ªç²å·å_ç®è°±_å¿æ­_æè¦æé£æ°æ¿å­ï¼å·å¾æ´æ¼äº®-ç®è°__jianpujia-15821	/home/caesium-132/jianpu/images-prep/jianpujia-crawl/ææ¯ä¸ä¸ªç²å·å_ç®è°±_å¿æ­_æè¦æé£æ°æ¿å­ï¼å·å¾æ´æ¼äº®-ç®è°__jianpujia-15821/001.jpg
ææ¯å¥½å®å®ç®è°±	jianpujia	26495	1	简谱	ææ¯å¥½å®å®ç®è°±(æ­è¯)_å¿æ­_éæ´²å®_è®°è°±-ç®è°±__jianpujia-26495	/home/caesium-132/jianpu/images-prep/jianpujia-crawl/ææ¯å¥½å®å®ç®è°±(æ­è¯)_å¿æ­_éæ´²å®_è®°è°±-ç®è°±__jianpujia-26495/001.jpg
ææ¯ç¥å½å¥½å¨å¨ç®è°±	jianpujia	21028	1	简谱	ææ¯ç¥å½å¥½å¨å¨ç®è°±(æ­è¯)_å¿ç«¥æ­æ²æ¼å±_è°±åå¤©æ©ä¸ä¼_-ç®è°±__jianpujia-21028	/home/caesium-132/jianpu/images-prep/jianpujia-crawl/ææ¯ç¥å½å¥½å¨å¨ç®è°±(æ­è¯)_å¿ç«¥æ­æ²æ¼å±_è°±åå¤©æ©ä¸ä¼_-ç®è°±__jianpujia-21028/001.jpg
æç±åäº¬å¤©å®é¨ç®è°±	jianpujia	9335	1	简谱	æç±åäº¬å¤©å®é¨ç®è°±(æ­è¯)_éé­ä¸å°å¿æ¼å±_å²­åå°è±¡æ²è°±-ç®__jianpujia-9335	/home/caesium-132/jianpu/images-prep/jianpujia-crawl/æç±åäº¬å¤©å®é¨ç®è°±(æ­è¯)_éé­ä¸å°å¿æ¼å±_å²­åå°è±¡æ²è°±-ç®__jianpujia-9335/001.gif
æçå¥½å¦å¦ç®è°±	jianpujia	15536	3	简谱	æçå¥½å¦å¦ç®è°±_å¿æ­_åå®è´ä¸èµ·å­¦é¦å¿æ­å§!-ç®è°±__jianpujia-15536	/home/caesium-132/jianpu/images-prep/jianpujia-crawl/æçå¥½å¦å¦ç®è°±_å¿æ­_åå®è´ä¸èµ·å­¦é¦å¿æ­å§!-ç®è°±__jianpujia-15536/001.jpg
æçå°å®å®ç®è°±	jianpujia	22054	1	简谱	æçå°å®å®ç®è°±(æ­è¯)_å¿æ­_å¥½å¿æ_æ²è°±-ç®è°±__jianpujia-22054	/home/caesium-132/jianpu/images-prep/jianpujia-crawl/æçå°å®å®ç®è°±(æ­è¯)_å¿æ­_å¥½å¿æ_æ²è°±-ç®è°±__jianpujia-22054/001.gif
æçèåæçç¼èåæ­æ²100é¦ç®è°±-ç®è°±	jianpujia	349651	1	简谱	æçèåæçç¼èåæ­æ²100é¦ç®è°±-ç®è°±__jianpujia-349651	/home/caesium-132/jianpu/images-prep/jianpujia-crawl/æçèåæçç¼èåæ­æ²100é¦ç®è°±-ç®è°±__jianpujia-349651/001.jpg
æçèåæ¢¦æçèåé­ç®è°±-ç®è°±	jianpujia	309930	1	简谱	æçèåæ¢¦æçèåé­ç®è°±-ç®è°±__jianpujia-309930	/home/caesium-132/jianpu/images-prep/jianpujia-crawl/æçèåæ¢¦æçèåé­ç®è°±-ç®è°±__jianpujia-309930/001.jpg
æçèåé¿å¦ç®è°±	jianpujia	160561	1	简谱	æçèåé¿å¦ç®è°±(æ­è¯)_èåé¨è·æ¼å±_ç§å¶èµ·èè®°è°±-ç®è°±__jianpujia-160561	/home/caesium-132/jianpu/images-prep/jianpujia-crawl/æçèåé¿å¦ç®è°±(æ­è¯)_èåé¨è·æ¼å±_ç§å¶èµ·èè®°è°±-ç®è°±__jianpujia-160561/001.gif
æè¦ä½	jianpujia	337301	3	简谱	æè¦ä½_çµå½±_é©´å¾æ°´_ä¸»é¢æ²çµå½±_é©´å¾æ°´_ä¸»é¢æ²ç®è°±_èç¼æ¼å±__jianpujia-337301	/home/caesium-132/jianpu/images-prep/jianpujia-crawl/æè¦ä½_çµå½±_é©´å¾æ°´_ä¸»é¢æ²çµå½±_é©´å¾æ°´_ä¸»é¢æ²ç®è°±_èç¼æ¼å±__jianpujia-337301/001.jpg
æçµè¯ç®è°±	jianpujia	42563	1	简谱	æçµè¯ç®è°±_å¿æ­æ¼å±-ç®è°±__jianpujia-42563	/home/caesium-132/jianpu/images-prep/jianpujia-crawl/æçµè¯ç®è°±_å¿æ­æ¼å±-ç®è°±__jianpujia-42563/001.jpg
æé	jianpujia	313397	1	简谱	æé_¸æ£æåæ°æ­ç®è°±_éçåæ¼å±_æåæ°æ­è¯æ²-ç®è°±__jianpujia-313397	/home/caesium-132/jianpu/images-prep/jianpujia-crawl/æé_¸æ£æåæ°æ­ç®è°±_éçåæ¼å±_æåæ°æ­è¯æ²-ç®è°±__jianpujia-313397/001.jpg
æ¾æåç®è°±	jianpujia	15551	4	简谱	æ¾æåç®è°±_å¿æ­_å±èµ·ç¸ç¸å¦å¦ä»¬å°æ¶åçç»å_¸å¿æ­-ç®è°±__jianpujia-15551	/home/caesium-132/jianpu/images-prep/jianpujia-crawl/æ¾æåç®è°±_å¿æ­_å±èµ·ç¸ç¸å¦å¦ä»¬å°æ¶åçç»å_¸å¿æ­-ç®è°±__jianpujia-15551/001.jpg
æç±çå¨èåé«ä½³è¯è½¦è¥å¨æ²	jianpujia	217566	1	简谱	æç±çå¨èåé«ä½³è¯è½¦è¥å¨æ²_æç±çå¨èåé«ä½³è¯_è½¦è¥å¨æ²__jianpujia-217566	/home/caesium-132/jianpu/images-prep/jianpujia-crawl/æç±çå¨èåé«ä½³è¯è½¦è¥å¨æ²_æç±çå¨èåé«ä½³è¯_è½¦è¥å¨æ²__jianpujia-217566/001.jpg
ææå¾ç®è°±	jianpujia	74409	1	简谱	ææå¾ç®è°±_å¿æ­-ç®è°±__jianpujia-74409	/home/caesium-132/jianpu/images-prep/jianpujia-crawl/ææå¾ç®è°±_å¿æ­-ç®è°±__jianpujia-74409/001.jpg
æèåç®è°±	jianpujia	22150	1	简谱	æèåç®è°±(æ­è¯)_å¿æ­_è°±åå¥½å¿æ_999ä¸ä¼_-ç®è°±__jianpujia-22150	/home/caesium-132/jianpu/images-prep/jianpujia-crawl/æèåç®è°±(æ­è¯)_å¿æ­_è°±åå¥½å¿æ_999ä¸ä¼_-ç®è°±__jianpujia-22150/001.gif
æèåé¢ç´ç®è°±	jianpujia	380006	3	简谱	æèåé¢ç´ç®è°±_å¿æ­æ¼å±-ç®è°±__jianpujia-380006	/home/caesium-132/jianpu/images-prep/jianpujia-crawl/æèåé¢ç´ç®è°±_å¿æ­æ¼å±-ç®è°±__jianpujia-380006/001.jpg
æç¯®æ²ç®è°±	jianpujia	15532	4	简谱	æç¯®æ²ç®è°±_èä¼¯ç¹_æ¸éè¿çµé­çæ¸©æåå±,æ¾æ¾ç²æ«-ç®è°±__jianpujia-15532	/home/caesium-132/jianpu/images-prep/jianpujia-crawl/æç¯®æ²ç®è°±_èä¼¯ç¹_æ¸éè¿çµé­çæ¸©æåå±,æ¾æ¾ç²æ«-ç®è°±__jianpujia-15532/001.jpg
æææç®è°±	jianpujia	22073	1	简谱	æææç®è°±(æ­è¯)_å¿æ­_è°±åå¥½å¿æ_999ä¸ä¼_-ç®è°±__jianpujia-22073	/home/caesium-132/jianpu/images-prep/jianpujia-crawl/æææç®è°±(æ­è¯)_å¿æ­_è°±åå¥½å¿æ_999ä¸ä¼_-ç®è°±__jianpujia-22073/001.gif
æ¾çæ­ç®è°±	jianpujia	22055	1	简谱	æ¾çæ­ç®è°±(æ­è¯)_å¿æ­_è°±åå¥½å¿æ_999ä¸ä¼_-ç®è°±__jianpujia-22055	/home/caesium-132/jianpu/images-prep/jianpujia-crawl/æ¾çæ­ç®è°±(æ­è¯)_å¿æ­_è°±åå¥½å¿æ_999ä¸ä¼_-ç®è°±__jianpujia-22055/001.gif
æ°é¸­å­ç®è°±	jianpujia	15778	5	简谱	æ°é¸­å­ç®è°±_å¿æ­_å«èä¸ªé¸­èæ±åå®¶-ç®è°±__jianpujia-15778	/home/caesium-132/jianpu/images-prep/jianpujia-crawl/æ°é¸­å­ç®è°±_å¿æ­_å«èä¸ªé¸­èæ±åå®¶-ç®è°±__jianpujia-15778/001.jpg
æ°å¹´å¥½ç®è°±	jianpujia	15563	4	简谱	æ°å¹´å¥½ç®è°±_å¿æ­_ä¸ä»½çè¯çç¥ç¦ï¼ç¥æ¨æ°å¹´å¿«ä¹-ç®è°±__jianpujia-15563	/home/caesium-132/jianpu/images-prep/jianpujia-crawl/æ°å¹´å¥½ç®è°±_å¿æ­_ä¸ä»½çè¯çç¥ç¦ï¼ç¥æ¨æ°å¹´å¿«ä¹-ç®è°±__jianpujia-15563/001.jpg
æ°å¹´å¥½é¢ç´ç®è°±	jianpujia	387554	4	简谱	æ°å¹´å¥½é¢ç´ç®è°±_å¿æ­æ¼å±-ç®è°±__jianpujia-387554	/home/caesium-132/jianpu/images-prep/jianpujia-crawl/æ°å¹´å¥½é¢ç´ç®è°±_å¿æ­æ¼å±-ç®è°±__jianpujia-387554/001.jpg
ææ¥æ­ç®è°±	jianpujia	22100	1	简谱	ææ¥æ­ç®è°±(æ­è¯)_å¿æ­_å¥½å¿æ_æ²è°±-ç®è°±__jianpujia-22100	/home/caesium-132/jianpu/images-prep/jianpujia-crawl/ææ¥æ­ç®è°±(æ­è¯)_å¿æ­_å¥½å¿æ_æ²è°±-ç®è°±__jianpujia-22100/001.gif
ææéäººå½ç®è°±	jianpujia	7603	1	简谱	ææéäººå½ç®è°±(æ­è¯)_äºè²ç³åå¶_è´°å©¶æ¼å±_å¤©ä¹éµè®°è°±-ç®è°__jianpujia-7603	/home/caesium-132/jianpu/images-prep/jianpujia-crawl/ææéäººå½ç®è°±(æ­è¯)_äºè²ç³åå¶_è´°å©¶æ¼å±_å¤©ä¹éµè®°è°±-ç®è°__jianpujia-7603/001.gif
æ¥å¤©å¨åªéç®è°±	jianpujia	15770	5	简谱	æ¥å¤©å¨åªéç®è°±_å¿æ­_å¿«æ¥å¿æ­éæ¾æ¥å¤©-ç®è°±__jianpujia-15770	/home/caesium-132/jianpu/images-prep/jianpujia-crawl/æ¥å¤©å¨åªéç®è°±_å¿æ­_å¿«æ¥å¿æ­éæ¾æ¥å¤©-ç®è°±__jianpujia-15770/001.jpg
æ¥æç®è°±	jianpujia	22097	1	简谱	æ¥æç®è°±(æ­è¯)_å¿æ­_å¥½å¿æ_æ²è°±-ç®è°±__jianpujia-22097	/home/caesium-132/jianpu/images-prep/jianpujia-crawl/æ¥æç®è°±(æ­è¯)_å¿æ­_å¥½å¿æ_æ²è°±-ç®è°±__jianpujia-22097/001.gif
æçªç®è°±	jianpujia	22090	1	简谱	æçªç®è°±(æ­è¯)_å¿æ­_è°±åå¥½å¿æ_999ä¸ä¼_-ç®è°±__jianpujia-22090	/home/caesium-132/jianpu/images-prep/jianpujia-crawl/æçªç®è°±(æ­è¯)_å¿æ­_è°±åå¥½å¿æ_999ä¸ä¼_-ç®è°±__jianpujia-22090/001.gif
æäº®å·´å·´ç®è°±	jianpujia	19592	3	简谱	æäº®å·´å·´ç®è°±(æ­è¯)_å¿æ­_è°±åéå·¥1944ä¸ä¼_-ç®è°±__jianpujia-19592	/home/caesium-132/jianpu/images-prep/jianpujia-crawl/æäº®å·´å·´ç®è°±(æ­è¯)_å¿æ­_è°±åéå·¥1944ä¸ä¼_-ç®è°±__jianpujia-19592/001.jpg
æçäºæ´ç»å	jianpujia	314355	1	简谱	æçäºæ´ç»å_¸æ°æ­100é¦ç®è°±_å¾å¿åæ¼å±_åææ°æ­_åå¿_ä¹ä¼_è___jianpujia-314355	/home/caesium-132/jianpu/images-prep/jianpujia-crawl/æçäºæ´ç»å_¸æ°æ­100é¦ç®è°±_å¾å¿åæ¼å±_åææ°æ­_åå¿_ä¹ä¼_è___jianpujia-314355/001.jpg
ææ	jianpujia	317853	1	简谱	ææ_ä¹é¾çµä½_æ1=be4_4_ä¼¤æå°ç®è°±_è¨å_æ¯å¹å¥_èåä¸åæ¼å±___jianpujia-317853	/home/caesium-132/jianpu/images-prep/jianpujia-crawl/ææ_ä¹é¾çµä½_æ1=be4_4_ä¼¤æå°ç®è°±_è¨å_æ¯å¹å¥_èåä¸åæ¼å±___jianpujia-317853/001.jpg
æèåæå»ºæ¹è¯é»æ¸	jianpujia	403707	1	简谱	æèåæå»ºæ¹è¯é»æ¸_ææ²æèåæå»ºæ¹è¯_é»æ¸_ææ²ç®è°±-ç®è°±__jianpujia-403707	/home/caesium-132/jianpu/images-prep/jianpujia-crawl/æèåæå»ºæ¹è¯é»æ¸_ææ²æèåæå»ºæ¹è¯_é»æ¸_ææ²ç®è°±-ç®è°±__jianpujia-403707/001.jpg
æ¨çæ°æ°æ°é¢ç´ç®è°±	jianpujia	149655	5	简谱	æ¨çæ°æ°æ°é¢ç´ç®è°±_å¿æ­æ¼å±-ç®è°±__jianpujia-149655	/home/caesium-132/jianpu/images-prep/jianpujia-crawl/æ¨çæ°æ°æ°é¢ç´ç®è°±_å¿æ­æ¼å±-ç®è°±__jianpujia-149655/001.jpg
æå±	jianpujia	22093	1	简谱	æå±_ç®è°±(æ­è¯)_å¿æ­_å¥½å¿æ_æ²è°±-ç®è°±__jianpujia-22093	/home/caesium-132/jianpu/images-prep/jianpujia-crawl/æå±_ç®è°±(æ­è¯)_å¿æ­_å¥½å¿æ_æ²è°±-ç®è°±__jianpujia-22093/001.gif
æ¢	jianpujia	18976	1	简谱	æ¢_å¨æ²ç®è°±(æ­è¯)_æ®·ç§æ¢_æ¼å±_çwzhæ²è°±-ç®è°±__jianpujia-18976	/home/caesium-132/jianpu/images-prep/jianpujia-crawl/æ¢_å¨æ²ç®è°±(æ­è¯)_æ®·ç§æ¢_æ¼å±_çwzhæ²è°±-ç®è°±__jianpujia-18976/001.jpg
æ¢¦åæ	jianpujia	22841	1	简谱	æ¢¦åæ_ä¹¡ç®è°±(æ­è¯)_é·å©·æ¼å±_ç§å¶èµ·èè®°è°±ä¸ä¼_-ç®è°±__jianpujia-22841	/home/caesium-132/jianpu/images-prep/jianpujia-crawl/æ¢¦åæ_ä¹¡ç®è°±(æ­è¯)_é·å©·æ¼å±_ç§å¶èµ·èè®°è°±ä¸ä¼_-ç®è°±__jianpujia-22841/001.gif
æ¢¦åèå	jianpujia	258501	4	简谱	æ¢¦åèå(èåæ­æ²)ç®è°±_ç½é¹æ²è°±-ç®è°±__jianpujia-258501	/home/caesium-132/jianpu/images-prep/jianpujia-crawl/æ¢¦åèå(èåæ­æ²)ç®è°±_ç½é¹æ²è°±-ç®è°±__jianpujia-258501/001.jpg
æ¢¦åèåç®è°±	jianpujia	159158	1	简谱	æ¢¦åèåç®è°±(æ­è¯)_çµæèåæ¼å±_ç§å¶èµ·èè®°è°±-ç®è°±__jianpujia-159158	/home/caesium-132/jianpu/images-prep/jianpujia-crawl/æ¢¦åèåç®è°±(æ­è¯)_çµæèåæ¼å±_ç§å¶èµ·èè®°è°±-ç®è°±__jianpujia-159158/001.gif
æ¢¦åèåèåæ­æ²100é¦ç®è°±-ç®è°±	jianpujia	349648	1	简谱	æ¢¦åèåèåæ­æ²100é¦ç®è°±-ç®è°±__jianpujia-349648	/home/caesium-132/jianpu/images-prep/jianpujia-crawl/æ¢¦åèåèåæ­æ²100é¦ç®è°±-ç®è°±__jianpujia-349648/001.jpg
æ¢¦æ°¸è¿å¨èåç®è°±	jianpujia	120742	3	简谱	æ¢¦æ°¸è¿å¨èåç®è°±_èåå¤§åè¯_èåä¸å-ç®è°±__jianpujia-120742	/home/caesium-132/jianpu/images-prep/jianpujia-crawl/æ¢¦æ°¸è¿å¨èåç®è°±_èåå¤§åè¯_èåä¸å-ç®è°±__jianpujia-120742/001.jpg
æ­ä»èåæ¥å¼	jianpujia	333873	1	简谱	æ­ä»èåæ¥å¼_å®æè¯å¼_å£«ç§æ²æ­ä»èåæ¥å¼_å®æè¯_å¼_å£«ç§æ²ç__jianpujia-333873	/home/caesium-132/jianpu/images-prep/jianpujia-crawl/æ­ä»èåæ¥å¼_å®æè¯å¼_å£«ç§æ²æ­ä»èåæ¥å¼_å®æè¯_å¼_å£«ç§æ²ç__jianpujia-333873/001.gif
æ­å±äºå°æ¾çéç®è°±	jianpujia	75595	1	简谱	æ­å±äºå°æ¾çéç®è°±(æ­è¯)_å¿æ­_Z.E.Z.æ²è°±-ç®è°±__jianpujia-75595	/home/caesium-132/jianpu/images-prep/jianpujia-crawl/æ­å±äºå°æ¾çéç®è°±(æ­è¯)_å¿æ­_Z.E.Z.æ²è°±-ç®è°±__jianpujia-75595/001.gif
æ­å£°ä¸å¾®ç¬ç®è°±	jianpujia	26267	1	简谱	æ­å£°ä¸å¾®ç¬ç®è°±(æ­è¯)_å¿æ­_æå¿æ²è°±-ç®è°±__jianpujia-26267	/home/caesium-132/jianpu/images-prep/jianpujia-crawl/æ­å£°ä¸å¾®ç¬ç®è°±(æ­è¯)_å¿æ­_æå¿æ²è°±-ç®è°±__jianpujia-26267/001.jpg
æ¯äº²èååå¿æ¯	jianpujia	338808	1	简谱	æ¯äº²èååå¿æ¯_è¯å¤å®æ£®æ²æ¯äº²èååå¿æ¯_è¯_å¤å®æ£®æ²ç®è°±-__jianpujia-338808	/home/caesium-132/jianpu/images-prep/jianpujia-crawl/æ¯äº²èååå¿æ¯_è¯å¤å®æ£®æ²æ¯äº²èååå¿æ¯_è¯_å¤å®æ£®æ²ç®è°±-__jianpujia-338808/001.jpg
æ¯å½æèµ°è¿èå¸çªåç®è°±	jianpujia	15574	5	简谱	æ¯å½æèµ°è¿èå¸çªåç®è°±_å¿æ­_å¯¹èå¸å´æ¬ç­ç±ä¹æ_çæ­æ²-ç®__jianpujia-15574	/home/caesium-132/jianpu/images-prep/jianpujia-crawl/æ¯å½æèµ°è¿èå¸çªåç®è°±_å¿æ­_å¯¹èå¸å´æ¬ç­ç±ä¹æ_çæ­æ²-ç®__jianpujia-15574/001.jpg
æ°æå£°ä¹èçº§æ­æ²ï¼åº·å®æ	jianpujia	256076	1	简谱	æ°æå£°ä¹èçº§æ­æ²ï¼åº·å®æ_æ­ç®è°±_æ°æ­æ¼å±_çwzhå¶ä½æ²è°±-ç®__jianpujia-256076	/home/caesium-132/jianpu/images-prep/jianpujia-crawl/æ°æå£°ä¹èçº§æ­æ²ï¼åº·å®æ_æ­ç®è°±_æ°æ­æ¼å±_çwzhå¶ä½æ²è°±-ç®__jianpujia-256076/001.jpg
æ°æ­ç®è°±	jianpujia	88633	1	简谱	æ°æ­ç®è°±_ä½å_ä¸­è¯_è¡ææ²-ç®è°±__jianpujia-88633	/home/caesium-132/jianpu/images-prep/jianpujia-crawl/æ°æ­ç®è°±_ä½å_ä¸­è¯_è¡ææ²-ç®è°±__jianpujia-88633/001.jpg
æ°¸è¿çå®¶ç®è°±	jianpujia	317561	1	简谱	æ°¸è¿çå®¶ç®è°±_èåè·¯æ¼«æ¼«æ¼å±_èåå¤§å_èåä¸åè¯æ²-ç®è°±__jianpujia-317561	/home/caesium-132/jianpu/images-prep/jianpujia-crawl/æ°¸è¿çå®¶ç®è°±_èåè·¯æ¼«æ¼«æ¼å±_èåå¤§å_èåä¸åè¯æ²-ç®è°±__jianpujia-317561/001.jpg
æ±åç®è°±	jianpujia	22099	1	简谱	æ±åç®è°±(æ­è¯)_å¿æ­_å¥½å¿æ_æ²è°±-ç®è°±__jianpujia-22099	/home/caesium-132/jianpu/images-prep/jianpujia-crawl/æ±åç®è°±(æ­è¯)_å¿æ­_å¥½å¿æ_æ²è°±-ç®è°±__jianpujia-22099/001.gif
æ³¼æ°´æ­ç®è°±	jianpujia	74234	1	简谱	æ³¼æ°´æ­ç®è°±__å¿æ­æ¼å±-ç®è°±__jianpujia-74234	/home/caesium-132/jianpu/images-prep/jianpujia-crawl/æ³¼æ°´æ­ç®è°±__å¿æ­æ¼å±-ç®è°±__jianpujia-74234/001.jpg
æ´å¨å¨åå°çè·³èç®è°±	jianpujia	15708	3	简谱	æ´å¨å¨åå°çè·³èç®è°±_å¿æ­_æä»¬ä¸èµ·æ¥è·³è-ç®è°±__jianpujia-15708	/home/caesium-132/jianpu/images-prep/jianpujia-crawl/æ´å¨å¨åå°çè·³èç®è°±_å¿æ­_æä»¬ä¸èµ·æ¥è·³è-ç®è°±__jianpujia-15708/001.jpg
æ´å¨å¨çæ¢¦é¢ç´ç®è°±	jianpujia	250727	7	简谱	æ´å¨å¨çæ¢¦é¢ç´ç®è°±_å¿æ­æ¼å±-ç®è°±__jianpujia-250727	/home/caesium-132/jianpu/images-prep/jianpujia-crawl/æ´å¨å¨çæ¢¦é¢ç´ç®è°±_å¿æ­æ¼å±-ç®è°±__jianpujia-250727/001.jpg
æ´æç»¢ç®è°±	jianpujia	22143	1	简谱	æ´æç»¢ç®è°±(æ­è¯)_å¿æ­_è°±åå¥½å¿æ_999ä¸ä¼_-ç®è°±__jianpujia-22143	/home/caesium-132/jianpu/images-prep/jianpujia-crawl/æ´æç»¢ç®è°±(æ­è¯)_å¿æ­_è°±åå¥½å¿æ_999ä¸ä¼_-ç®è°±__jianpujia-22143/001.gif
æ¸	jianpujia	244157	1	简谱	æ¸_æ°çèåç¥å½æè¯é°æ¯å¤æ²æ¸_æ°çèåç¥å½æè¯_é°æ¯å¤æ²ç__jianpujia-244157	/home/caesium-132/jianpu/images-prep/jianpujia-crawl/æ¸_æ°çèåç¥å½æè¯é°æ¯å¤æ²æ¸_æ°çèåç¥å½æè¯_é°æ¯å¤æ²ç__jianpujia-244157/001.gif
æ¸¸å­åç®è°±	jianpujia	22087	1	简谱	æ¸¸å­åç®è°±(æ­è¯)_å¿æ­_å¥½å¿æ_æ²è°±-ç®è°±__jianpujia-22087	/home/caesium-132/jianpu/images-prep/jianpujia-crawl/æ¸¸å­åç®è°±(æ­è¯)_å¿æ­_å¥½å¿æ_æ²è°±-ç®è°±__jianpujia-22087/001.gif
çåºæ°æ­ä¸é¦	jianpujia	85513	1	简谱	çåºæ°æ­ä¸é¦_ç®è°±_æ°æ­è¯_åè¿æ²-ç®è°±__jianpujia-85513	/home/caesium-132/jianpu/images-prep/jianpujia-crawl/çåºæ°æ­ä¸é¦_ç®è°±_æ°æ­è¯_åè¿æ²-ç®è°±__jianpujia-85513/001.jpg
çé¨ç®è°±	jianpujia	10484	1	简谱	çé¨ç®è°±(æ­è¯)_å°æ²å¿æ¼å±_æ¡æéæ¥é£è®°è°±-ç®è°±__jianpujia-10484	/home/caesium-132/jianpu/images-prep/jianpujia-crawl/çé¨ç®è°±(æ­è¯)_å°æ²å¿æ¼å±_æ¡æéæ¥é£è®°è°±-ç®è°±__jianpujia-10484/001.gif
çç«åªåªï¼å°å¿æ­æ²ï¼ç®è°±	jianpujia	9941	1	简谱	çç«åªåªï¼å°å¿æ­æ²ï¼ç®è°±(æ­è¯)_ç¨ç³æ¼å±_å²­åå°è±¡æ²è°±-ç®__jianpujia-9941	/home/caesium-132/jianpu/images-prep/jianpujia-crawl/çç«åªåªï¼å°å¿æ­æ²ï¼ç®è°±(æ­è¯)_ç¨ç³æ¼å±_å²­åå°è±¡æ²è°±-ç®__jianpujia-9941/001.gif
çå­å½æ¥èåä¸åè¨å	jianpujia	317610	1	简谱	çå­å½æ¥èåä¸åè¨å_æ¯ååæ²ç®è°±_èåä¸åæ¼å±_èåå¤§å__jianpujia-317610	/home/caesium-132/jianpu/images-prep/jianpujia-crawl/çå­å½æ¥èåä¸åè¨å_æ¯ååæ²ç®è°±_èåä¸åæ¼å±_èåå¤§å__jianpujia-317610/001.jpg
çå­å½æ¥èåä¸åè¨æ¯ååæ²ç®è°±	jianpujia	317494	1	简谱	çå­å½æ¥èåä¸åè¨æ¯ååæ²ç®è°±_èåå¤§åæ¼å±_èåå¤§å_è__jianpujia-317494	/home/caesium-132/jianpu/images-prep/jianpujia-crawl/çå­å½æ¥èåä¸åè¨æ¯ååæ²ç®è°±_èåå¤§åæ¼å±_èåå¤§å_è__jianpujia-317494/001.jpg
çå­ç®è°±	jianpujia	26253	1	简谱	çå­ç®è°±(æ­è¯)_å¿æ­_æå¿æ²è°±-ç®è°±__jianpujia-26253	/home/caesium-132/jianpu/images-prep/jianpujia-crawl/çå­ç®è°±(æ­è¯)_å¿æ­_æå¿æ²è°±-ç®è°±__jianpujia-26253/001.jpg
ç±ä¸ä½	jianpujia	90007	1	简谱	ç±ä¸ä½_ï¼èåç®è°±_å¼_å»ºå¿_è¯_èµµåæ²-ç®è°±__jianpujia-90007	/home/caesium-132/jianpu/images-prep/jianpujia-crawl/ç±ä¸ä½_ï¼èåç®è°±_å¼_å»ºå¿_è¯_èµµåæ²-ç®è°±__jianpujia-90007/001.jpg
ç±ä¸èåçå°æ²³ç¥é³èåææ²ç³»åä¹äºç®è°±-ç®è°±	jianpujia	244803	1	简谱	ç±ä¸èåçå°æ²³ç¥é³èåææ²ç³»åä¹äºç®è°±-ç®è°±__jianpujia-244803	/home/caesium-132/jianpu/images-prep/jianpujia-crawl/ç±ä¸èåçå°æ²³ç¥é³èåææ²ç³»åä¹äºç®è°±-ç®è°±__jianpujia-244803/001.jpg
ç±ææçèåç®è°±	jianpujia	145976	1	简谱	ç±ææçèåç®è°±_èåå¤§åè¯_èåä¸åæ²èåä¸å_-ç®è°±__jianpujia-145976	/home/caesium-132/jianpu/images-prep/jianpujia-crawl/ç±ææçèåç®è°±_èåå¤§åè¯_èåä¸åæ²èåä¸å_-ç®è°±__jianpujia-145976/001.jpg
ç±æ¯ä¸é¦æ­ç®è°±	jianpujia	26490	2	简谱	ç±æ¯ä¸é¦æ­ç®è°±(æ­è¯)_å¿æ­__é³ä¹å¤§å¸è¯¾_ä¸»é¢æ­-ç®è°±__jianpujia-26490	/home/caesium-132/jianpu/images-prep/jianpujia-crawl/ç±æ¯ä¸é¦æ­ç®è°±(æ­è¯)_å¿æ­__é³ä¹å¤§å¸è¯¾_ä¸»é¢æ­-ç®è°±__jianpujia-26490/001.jpg
ç±çèåå§ä»æ³¢è¯èµµå¤©åæ²ç±çèåå§ä»æ³¢è¯	jianpujia	347998	3	简谱	ç±çèåå§ä»æ³¢è¯èµµå¤©åæ²ç±çèåå§ä»æ³¢è¯_èµµå¤©åæ²ç®è°±-__jianpujia-347998	/home/caesium-132/jianpu/images-prep/jianpujia-crawl/ç±çèåå§ä»æ³¢è¯èµµå¤©åæ²ç±çèåå§ä»æ³¢è¯_èµµå¤©åæ²ç®è°±-__jianpujia-347998/001.jpg
ç¶äº²çèåæ¯äº²çæ²³èåæ­æ²100é¦ç®è°±-ç®è°±	jianpujia	349614	1	简谱	ç¶äº²çèåæ¯äº²çæ²³èåæ­æ²100é¦ç®è°±-ç®è°±__jianpujia-349614	/home/caesium-132/jianpu/images-prep/jianpujia-crawl/ç¶äº²çèåæ¯äº²çæ²³èåæ­æ²100é¦ç®è°±-ç®è°±__jianpujia-349614/001.jpg
ç·ç·å¤¸æå¥½ä¹ä¹é¢ç´ç®è°±	jianpujia	255729	3	简谱	ç·ç·å¤¸æå¥½ä¹ä¹é¢ç´ç®è°±_å¿æ­æ¼å±-ç®è°±__jianpujia-255729	/home/caesium-132/jianpu/images-prep/jianpujia-crawl/ç·ç·å¤¸æå¥½ä¹ä¹é¢ç´ç®è°±_å¿æ­æ¼å±-ç®è°±__jianpujia-255729/001.jpg
ç§äººç®è°±	jianpujia	313538	1	简谱	ç§äººç®è°±_èåä¸åæ¼å±_èåå¤§åãé»æ¦æ­¦_èåä¸åè¯æ²-ç®è__jianpujia-313538	/home/caesium-132/jianpu/images-prep/jianpujia-crawl/ç§äººç®è°±_èåä¸åæ¼å±_èåå¤§åãé»æ¦æ­¦_èåä¸åè¯æ²-ç®è__jianpujia-313538/001.gif
ç§ç«¥ç®è°±	jianpujia	22140	1	简谱	ç§ç«¥ç®è°±(æ­è¯)_å¿æ­_è°±åå¥½å¿æ_999ä¸ä¼_-ç®è°±__jianpujia-22140	/home/caesium-132/jianpu/images-prep/jianpujia-crawl/ç§ç«¥ç®è°±(æ­è¯)_å¿æ­_è°±åå¥½å¿æ_999ä¸ä¼_-ç®è°±__jianpujia-22140/001.gif
ç§ç¾å§å¨1=F4	jianpujia	315435	1	简谱	ç§ç¾å§å¨1=F4_4_æ·±æ_æ_æ¬å°ç®è°±_èåä¸åæ¼å±_èåå¤§å_èåä__jianpujia-315435	/home/caesium-132/jianpu/images-prep/jianpujia-crawl/ç§ç¾å§å¨1=F4_4_æ·±æ_æ_æ¬å°ç®è°±_èåä¸åæ¼å±_èåå¤§å_èåä__jianpujia-315435/001.jpg
ç§ç¾ç«¥ç®è°±	jianpujia	7484	3	简谱	ç§ç¾ç«¥ç®è°±_å¿æ­_ä¸é¦èåä¹æ­æ´æ¶¤ä½_çå¿çµ-ç®è°±__jianpujia-7484	/home/caesium-132/jianpu/images-prep/jianpujia-crawl/ç§ç¾ç«¥ç®è°±_å¿æ­_ä¸é¦èåä¹æ­æ´æ¶¤ä½_çå¿çµ-ç®è°±__jianpujia-7484/001.jpg
çµæèåä¸èµ·å¨å¹¿åºDJçç®è°±	jianpujia	300068	1	简谱	çµæèåä¸èµ·å¨å¹¿åºDJçç®è°±_èåä¸åæ¼å±_èåå¤§å_èåä¸__jianpujia-300068	/home/caesium-132/jianpu/images-prep/jianpujia-crawl/çµæèåä¸èµ·å¨å¹¿åºDJçç®è°±_èåä¸åæ¼å±_èåå¤§å_èåä¸__jianpujia-300068/001.jpg
çæ¥å¿«ä¹å®æ´å¥½å¬çé¢ç´ç®è°±	jianpujia	150149	4	简谱	çæ¥å¿«ä¹å®æ´å¥½å¬çé¢ç´ç®è°±_å¿æ­æ¼å±-ç®è°±__jianpujia-150149	/home/caesium-132/jianpu/images-prep/jianpujia-crawl/çæ¥å¿«ä¹å®æ´å¥½å¬çé¢ç´ç®è°±_å¿æ­æ¼å±-ç®è°±__jianpujia-150149/001.jpg
çæ¥å¿«ä¹ç®è°±	jianpujia	15833	4	简谱	çæ¥å¿«ä¹ç®è°±_å¿æ­_å²ä¸æ§ä»·æ¯æé«çæ­ï¼å­¦ä¼ä¸æ¬¡åç¨ç»ç__jianpujia-15833	/home/caesium-132/jianpu/images-prep/jianpujia-crawl/çæ¥å¿«ä¹ç®è°±_å¿æ­_å²ä¸æ§ä»·æ¯æé«çæ­ï¼å­¦ä¼ä¸æ¬¡åç¨ç»ç__jianpujia-15833/001.jpg
çæ¥æ­ç®è°±	jianpujia	26531	1	简谱	çæ¥æ­ç®è°±(æ­è¯)_å¿æ­_éæ´²å®è®°è°±-ç®è°±__jianpujia-26531	/home/caesium-132/jianpu/images-prep/jianpujia-crawl/çæ¥æ­ç®è°±(æ­è¯)_å¿æ­_éæ´²å®è®°è°±-ç®è°±__jianpujia-26531/001.jpg
ç»é¹¤éæ¥¼ç®è°±	jianpujia	22108	1	简谱	ç»é¹¤éæ¥¼ç®è°±(æ­è¯)_å¿æ­_å¥½å¿æ_æ²è°±-ç®è°±__jianpujia-22108	/home/caesium-132/jianpu/images-prep/jianpujia-crawl/ç»é¹¤éæ¥¼ç®è°±(æ­è¯)_å¿æ­_å¥½å¿æ_æ²è°±-ç®è°±__jianpujia-22108/001.gif
ç»é¹³éæ¥¼ç®è°±	jianpujia	12699	1	简谱	ç»é¹³éæ¥¼ç®è°±(æ­è¯)_å°æµ·é¾æ¼å±ç»æ¼å±_æ¡æéæ¥é£è®°è°±-ç®è°±__jianpujia-12699	/home/caesium-132/jianpu/images-prep/jianpujia-crawl/ç»é¹³éæ¥¼ç®è°±(æ­è¯)_å°æµ·é¾æ¼å±ç»æ¼å±_æ¡æéæ¥é£è®°è°±-ç®è°±__jianpujia-12699/001.gif
ç½äºææå°èåèåæ­æ²100é¦ç®è°±-ç®è°±	jianpujia	349596	1	简谱	ç½äºææå°èåèåæ­æ²100é¦ç®è°±-ç®è°±__jianpujia-349596	/home/caesium-132/jianpu/images-prep/jianpujia-crawl/ç½äºææå°èåèåæ­æ²100é¦ç®è°±-ç®è°±__jianpujia-349596/001.jpg
ç½é¾é©¬ç®è°±	jianpujia	74514	1	简谱	ç½é¾é©¬ç®è°±_TVå¨ç»_è¥¿æ¸¸è®°_çå°¾æ²-ç®è°±__jianpujia-74514	/home/caesium-132/jianpu/images-prep/jianpujia-crawl/ç½é¾é©¬ç®è°±_TVå¨ç»_è¥¿æ¸¸è®°_çå°¾æ²-ç®è°±__jianpujia-74514/001.jpg
ç¾å®¶å§ç®è°±	jianpujia	13171	1	简谱	ç¾å®¶å§ç®è°±(æ­è¯)_å°æµ·é¾æ¼å±ç»æ¼å±_æ¡æéæ¥é£è®°è°±-ç®è°±__jianpujia-13171	/home/caesium-132/jianpu/images-prep/jianpujia-crawl/ç¾å®¶å§ç®è°±(æ­è¯)_å°æµ·é¾æ¼å±ç»æ¼å±_æ¡æéæ¥é£è®°è°±-ç®è°±__jianpujia-13171/001.jpg
ç¸æç®è°±	jianpujia	22103	1	简谱	ç¸æç®è°±(æ­è¯)_å¿æ­_è°±åå¥½å¿æ_999ä¸ä¼_-ç®è°±__jianpujia-22103	/home/caesium-132/jianpu/images-prep/jianpujia-crawl/ç¸æç®è°±(æ­è¯)_å¿æ­_è°±åå¥½å¿æ_999ä¸ä¼_-ç®è°±__jianpujia-22103/001.gif
ç·æèåç®è°±	jianpujia	258878	1	简谱	ç·æèåç®è°±_èåå¤§ä¾_æ¼å±_é©¬æ­£å¯¿æ²è°±-ç®è°±__jianpujia-258878	/home/caesium-132/jianpu/images-prep/jianpujia-crawl/ç·æèåç®è°±_èåå¤§ä¾_æ¼å±_é©¬æ­£å¯¿æ²è°±-ç®è°±__jianpujia-258878/001.jpg
ç¥éä¸ç¥ééåæ°æ­	jianpujia	388759	6	简谱	ç¥éä¸ç¥ééåæ°æ­__æ¢¦ä¹æ_æ¼å±çç®è°±_æ¢¦ä¹æ_æ¼å±_éè¥¿æ°æ__jianpujia-388759	/home/caesium-132/jianpu/images-prep/jianpujia-crawl/ç¥éä¸ç¥ééåæ°æ­__æ¢¦ä¹æ_æ¼å±çç®è°±_æ¢¦ä¹æ_æ¼å±_éè¥¿æ°æ__jianpujia-388759/001.jpg
ç¥ä½	jianpujia	15824	4	简谱	ç¥ä½_çæ¥å¿«ä¹ç®è°±_å¿æ­_å_¶å®ä¸å¼å§å±çå¹¶ä¸æ¯ç¥ä½_çæ¥å¿«ä¹__jianpujia-15824	/home/caesium-132/jianpu/images-prep/jianpujia-crawl/ç¥ä½_çæ¥å¿«ä¹ç®è°±_å¿æ­_å_¶å®ä¸å¼å§å±çå¹¶ä¸æ¯ç¥ä½_çæ¥å¿«ä¹__jianpujia-15824/001.jpg
ç¥ç¦ç®è°±	jianpujia	238380	1	简谱	ç¥ç¦ç®è°±_èåæçæ¼å±_èåå¤§åãéæç_èåä¸åè¯æ²-ç®è__jianpujia-238380	/home/caesium-132/jianpu/images-prep/jianpujia-crawl/ç¥ç¦ç®è°±_èåæçæ¼å±_èåå¤§åãéæç_èåä¸åè¯æ²-ç®è__jianpujia-238380/001.jpg
ç¥ç¦èåç®è°±	jianpujia	307095	1	简谱	ç¥ç¦èåç®è°±_ä½ä¹å_°æ¼å±_èåå¤§å_èåä¸åè¯æ²-ç®è°±__jianpujia-307095	/home/caesium-132/jianpu/images-prep/jianpujia-crawl/ç¥ç¦èåç®è°±_ä½ä¹å_°æ¼å±_èåå¤§å_èåä¸åè¯æ²-ç®è°±__jianpujia-307095/001.jpg
ç§åï¼å°å¿æ­æ²ï¼ç®è°±	jianpujia	10021	1	简谱	ç§åï¼å°å¿æ­æ²ï¼ç®è°±(æ­è¯)_ç¨ç³æ¼å±_å²­åå°è±¡æ²è°±-ç®è°±__jianpujia-10021	/home/caesium-132/jianpu/images-prep/jianpujia-crawl/ç§åï¼å°å¿æ­æ²ï¼ç®è°±(æ­è¯)_ç¨ç³æ¼å±_å²­åå°è±¡æ²è°±-ç®è°±__jianpujia-10021/001.gif
ç«¥å¹´çå°æè½¦ï¼å°å¿æ­æ²ï¼ç®è°±	jianpujia	10022	1	简谱	ç«¥å¹´çå°æè½¦ï¼å°å¿æ­æ²ï¼ç®è°±(æ­è¯)_ç¨ç³æ¼å±_å²­åå°è±¡æ²è__jianpujia-10022	/home/caesium-132/jianpu/images-prep/jianpujia-crawl/ç«¥å¹´çå°æè½¦ï¼å°å¿æ­æ²ï¼ç®è°±(æ­è¯)_ç¨ç³æ¼å±_å²­åå°è±¡æ²è__jianpujia-10022/001.gif
ç«¥å¹´ï¼å°å¿æ­æ²ââå°æ¹¾æ	jianpujia	9855	1	简谱	ç«¥å¹´ï¼å°å¿æ­æ²ââå°æ¹¾æ_¡å­æ­æ²ï¼ç®è°±(æ­è¯)âå¼_è¾åæ¼å±__jianpujia-9855	/home/caesium-132/jianpu/images-prep/jianpujia-crawl/ç«¥å¹´ï¼å°å¿æ­æ²ââå°æ¹¾æ_¡å­æ­æ²ï¼ç®è°±(æ­è¯)âå¼_è¾åæ¼å±__jianpujia-9855/001.gif
ç­ä¸ä¸ªäººç­ä¸ä¸ªäººåå¡çµå½±ä¸»é¢æ²	jianpujia	395601	1	简谱	ç­ä¸ä¸ªäººç­ä¸ä¸ªäººåå¡çµå½±ä¸»é¢æ²_æè¤ä¸»é¢æ²EPHKç²¾åçç®è°±__jianpujia-395601	/home/caesium-132/jianpu/images-prep/jianpujia-crawl/ç­ä¸ä¸ªäººç­ä¸ä¸ªäººåå¡çµå½±ä¸»é¢æ²_æè¤ä¸»é¢æ²EPHKç²¾åçç®è°±__jianpujia-395601/001.jpg
ç²å·å	jianpujia	26419	5	简谱	ç²å·å_ç®è°±_å¿æ­_å°å°çäººå¿ï¼å¤§å¤§çæ¢¦æ³-ç®è°±__jianpujia-26419	/home/caesium-132/jianpu/images-prep/jianpujia-crawl/ç²å·å_ç®è°±_å¿æ­_å°å°çäººå¿ï¼å¤§å¤§çæ¢¦æ³-ç®è°±__jianpujia-26419/001.jpg
ç´«ç«¹è°ç®è°±	jianpujia	71684	1	简谱	ç´«ç«¹è°ç®è°±_ä¸æµ·æ°æ­_èå·æ°æ­-ç®è°±__jianpujia-71684	/home/caesium-132/jianpu/images-prep/jianpujia-crawl/ç´«ç«¹è°ç®è°±_ä¸æµ·æ°æ­_èå·æ°æ­-ç®è°±__jianpujia-71684/001.jpg
çº¢ææ­ç®è°±	jianpujia	15449	9	简谱	çº¢ææ­ç®è°±___ä¼_å±çº¢ææ­_éèµ°çº¢åè·¯-ç®è°±__jianpujia-15449	/home/caesium-132/jianpu/images-prep/jianpujia-crawl/çº¢ææ­ç®è°±___ä¼_å±çº¢ææ­_éèµ°çº¢åè·¯-ç®è°±__jianpujia-15449/001.jpg
çº¢é¢å·¾ä¹æ­ç®è°±	jianpujia	9338	1	简谱	çº¢é¢å·¾ä¹æ­ç®è°±(æ­è¯)_å¿æ­_å²­åå°è±¡æ²è°±-ç®è°±__jianpujia-9338	/home/caesium-132/jianpu/images-prep/jianpujia-crawl/çº¢é¢å·¾ä¹æ­ç®è°±(æ­è¯)_å¿æ­_å²­åå°è±¡æ²è°±-ç®è°±__jianpujia-9338/001.gif
çº¢é¼»å­é©¯é¹¿é²éå¤«ç®è°±	jianpujia	7101	5	简谱	çº¢é¼»å­é©¯é¹¿é²éå¤«ç®è°±_ç»å_¸å£è¯æ­æ²ï¼æä»¬çå£è¯è-ç®è°±__jianpujia-7101	/home/caesium-132/jianpu/images-prep/jianpujia-crawl/çº¢é¼»å­é©¯é¹¿é²éå¤«ç®è°±_ç»å_¸å£è¯æ­æ²ï¼æä»¬çå£è¯è-ç®è°±__jianpujia-7101/001.jpg
ç»¿è±éæ²³æºæ°æ­èéæ°æ­ç®è°±	jianpujia	240789	1	简谱	ç»¿è±éæ²³æºæ°æ­èéæ°æ­ç®è°±_å¼_è¿é¿æ¼å±_çæ¥éãç¨å»ºæ°è¯__jianpujia-240789	/home/caesium-132/jianpu/images-prep/jianpujia-crawl/ç»¿è±éæ²³æºæ°æ­èéæ°æ­ç®è°±_å¼_è¿é¿æ¼å±_çæ¥éãç¨å»ºæ°è¯__jianpujia-240789/001.jpg
ç¼ºå£ç­ä¸ä¸ªäººåå¡çµå½±ä¸»é¢æ²	jianpujia	395598	1	简谱	ç¼ºå£ç­ä¸ä¸ªäººåå¡çµå½±ä¸»é¢æ²_é¿æä¸»é¢æ²EPHKç²¾åçç®è°±_åº¾æ¾__jianpujia-395598	/home/caesium-132/jianpu/images-prep/jianpujia-crawl/ç¼ºå£ç­ä¸ä¸ªäººåå¡çµå½±ä¸»é¢æ²_é¿æä¸»é¢æ²EPHKç²¾åçç®è°±_åº¾æ¾__jianpujia-395598/001.jpg
ç¾å¡èåç¥é³èåé£æ	jianpujia	236915	1	简谱	ç¾å¡èåç¥é³èåé£æ_ç³»åä¹å_«ç®è°±-ç®è°±__jianpujia-236915	/home/caesium-132/jianpu/images-prep/jianpujia-crawl/ç¾å¡èåç¥é³èåé£æ_ç³»åä¹å_«ç®è°±-ç®è°±__jianpujia-236915/001.jpg
ç¾ä¸½çèååéè±å®æè±è¯å®æè±æ²ç¾ä¸½çèååéè±	jianpujia	415216	1	简谱	ç¾ä¸½çèååéè±å®æè±è¯å®æè±æ²ç¾ä¸½çèååéè±_å®æè__jianpujia-415216	/home/caesium-132/jianpu/images-prep/jianpujia-crawl/ç¾ä¸½çèååéè±å®æè±è¯å®æè±æ²ç¾ä¸½çèååéè±_å®æè__jianpujia-415216/001.gif
ç¾ä¸½çèåå­ä¹¦æè¯ç³ç±æ²ç¾ä¸½çèåå­ä¹¦æè¯	jianpujia	415214	1	简谱	ç¾ä¸½çèåå­ä¹¦æè¯ç³ç±æ²ç¾ä¸½çèåå­ä¹¦æè¯_ç³ç±æ²ç®è°±-__jianpujia-415214	/home/caesium-132/jianpu/images-prep/jianpujia-crawl/ç¾ä¸½çèåå­ä¹¦æè¯ç³ç±æ²ç¾ä¸½çèåå­ä¹¦æè¯_ç³ç±æ²ç®è°±-__jianpujia-415214/001.gif
ç¾ä¸½çèåæçå®¶èåæ­æ²100é¦ç®è°±-ç®è°±	jianpujia	349630	1	简谱	ç¾ä¸½çèåæçå®¶èåæ­æ²100é¦ç®è°±-ç®è°±__jianpujia-349630	/home/caesium-132/jianpu/images-prep/jianpujia-crawl/ç¾ä¸½çèåæçå®¶èåæ­æ²100é¦ç®è°±-ç®è°±__jianpujia-349630/001.jpg
ç¾ä¸½çèåç«¥ç«¥è¯å¼	jianpujia	400490	1	简谱	ç¾ä¸½çèåç«¥ç«¥è¯å¼_ææ²ç¾ä¸½çèåç«¥ç«¥è¯_å¼_ææ²ç®è°±-ç®è°±__jianpujia-400490	/home/caesium-132/jianpu/images-prep/jianpujia-crawl/ç¾ä¸½çèåç«¥ç«¥è¯å¼_ææ²ç¾ä¸½çèåç«¥ç«¥è¯_å¼_ææ²ç®è°±-ç®è°±__jianpujia-400490/001.jpg
ç¾ä¸½çèåç®è°±	jianpujia	313802	1	简谱	ç¾ä¸½çèåç®è°±_åä¹_åæ¼å±_åä¹_åãèåå¤§å_èåä¸åãè__jianpujia-313802	/home/caesium-132/jianpu/images-prep/jianpujia-crawl/ç¾ä¸½çèåç®è°±_åä¹_åæ¼å±_åä¹_åãèåå¤§å_èåä¸åãè__jianpujia-313802/001.jpg
ç¾ä¸½çèåè°¢æ·æ¸	jianpujia	214254	1	简谱	ç¾ä¸½çèåè°¢æ·æ¸_è¯é·æå³°æ²ç¾ä¸½çèåè°¢æ·æ¸_è¯_é·æå³°æ²ç__jianpujia-214254	/home/caesium-132/jianpu/images-prep/jianpujia-crawl/ç¾ä¸½çèåè°¢æ·æ¸_è¯é·æå³°æ²ç¾ä¸½çèåè°¢æ·æ¸_è¯_é·æå³°æ²ç__jianpujia-214254/001.jpg
ç¾çèåç¥é³èåé£æ	jianpujia	237000	1	简谱	ç¾çèåç¥é³èåé£æ_ç³»åä¹åç®è°±-ç®è°±__jianpujia-237000	/home/caesium-132/jianpu/images-prep/jianpujia-crawl/ç¾çèåç¥é³èåé£æ_ç³»åä¹åç®è°±-ç®è°±__jianpujia-237000/001.jpg
èå	jianpujia	22078	1	简谱	èå_ä¸è´å¡ç®è°±(æ­è¯)_å¿æ­_è°±åå¥½å¿æ_999ä¸ä¼_-ç®è°±__jianpujia-22078	/home/caesium-132/jianpu/images-prep/jianpujia-crawl/èå_ä¸è´å¡ç®è°±(æ­è¯)_å¿æ­_è°±åå¥½å¿æ_999ä¸ä¼_-ç®è°±__jianpujia-22078/001.gif
è±çèåéå·ãéå¤è¯éå·æ²è±çèåéå·ãéå¤è¯	jianpujia	410717	1	简谱	è±çèåéå·ãéå¤è¯éå·æ²è±çèåéå·ãéå¤è¯_éå·æ²ç__jianpujia-410717	/home/caesium-132/jianpu/images-prep/jianpujia-crawl/è±çèåéå·ãéå¤è¯éå·æ²è±çèåéå·ãéå¤è¯_éå·æ²ç__jianpujia-410717/001.gif
èèè±ç®è°±	jianpujia	75853	1	简谱	èèè±ç®è°±(æ­è¯)_å¿æ­_Z.E.Z.æ²è°±-ç®è°±__jianpujia-75853	/home/caesium-132/jianpu/images-prep/jianpujia-crawl/èèè±ç®è°±(æ­è¯)_å¿æ­_Z.E.Z.æ²è°±-ç®è°±__jianpujia-75853/001.gif
èåä¸çå°æ²³ç®è°±	jianpujia	318051	1	简谱	èåä¸çå°æ²³ç®è°±_ä¸åæ¼å±_é©¬æ­£å¯¿ãèåå¤§å_èåä¸åãé©__jianpujia-318051	/home/caesium-132/jianpu/images-prep/jianpujia-crawl/èåä¸çå°æ²³ç®è°±_ä¸åæ¼å±_é©¬æ­£å¯¿ãèåå¤§å_èåä¸åãé©__jianpujia-318051/001.jpg
èåä¹å¤1=bE2	jianpujia	315384	1	简谱	èåä¹å¤1=bE2_4_ä¸­éæ·±æ_å°ç®è°±_èåä¸åæ¼å±_èåå¤§åãé»æ__jianpujia-315384	/home/caesium-132/jianpu/images-prep/jianpujia-crawl/èåä¹å¤1=bE2_4_ä¸­éæ·±æ_å°ç®è°±_èåä¸åæ¼å±_èåå¤§åãé»æ__jianpujia-315384/001.jpg
èåä¹å¤å½±ç	jianpujia	311136	1	简谱	èåä¹å¤å½±ç_ç»¿è²çèå_ææ²ç®è°±-ç®è°±__jianpujia-311136	/home/caesium-132/jianpu/images-prep/jianpujia-crawl/èåä¹å¤å½±ç_ç»¿è²çèå_ææ²ç®è°±-ç®è°±__jianpujia-311136/001.jpg
èåå¿å¥³ç±èåç«åè¯é©¬å¤é°æ²èåå¿å¥³ç±èåç«åè¯	jianpujia	424663	1	简谱	èåå¿å¥³ç±èåç«åè¯é©¬å¤é°æ²èåå¿å¥³ç±èåç«åè¯_é©¬å¤é__jianpujia-424663	/home/caesium-132/jianpu/images-prep/jianpujia-crawl/èåå¿å¥³ç±èåç«åè¯é©¬å¤é°æ²èåå¿å¥³ç±èåç«åè¯_é©¬å¤é__jianpujia-424663/001.gif
èåå¿å¥³ç±èåç®è°±	jianpujia	25865	1	简谱	èåå¿å¥³ç±èåç®è°±(æ­è¯)_å¾å¨_æ¼å±_ç§å¶èµ·èè®°è°±ä¸ä¼_-ç®è°±__jianpujia-25865	/home/caesium-132/jianpu/images-prep/jianpujia-crawl/èåå¿å¥³ç±èåç®è°±(æ­è¯)_å¾å¨_æ¼å±_ç§å¶èµ·èè®°è°±ä¸ä¼_-ç®è°±__jianpujia-25865/001.gif
èåå¿å¥³ç±èåç®è°±-ç®è°±	jianpujia	419556	1	简谱	èåå¿å¥³ç±èåç®è°±-ç®è°±__jianpujia-419556	/home/caesium-132/jianpu/images-prep/jianpujia-crawl/èåå¿å¥³ç±èåç®è°±-ç®è°±__jianpujia-419556/001.gif
èååç­ä½	jianpujia	310421	1	简谱	èååç­ä½_èåä¸åè¨æ¯ååæ²ç®è°±_é©¬æ­£å¯¿æ¼å±_é©¬æ­£å¯¿_èå__jianpujia-310421	/home/caesium-132/jianpu/images-prep/jianpujia-crawl/èååç­ä½_èåä¸åè¨æ¯ååæ²ç®è°±_é©¬æ­£å¯¿æ¼å±_é©¬æ­£å¯¿_èå__jianpujia-310421/001.jpg
èååå­ç®è°±	jianpujia	116335	3	简谱	èååå­ç®è°±_åå»ºææ¼å±_èååå­åä½èæ¯-ç®è°±__jianpujia-116335	/home/caesium-132/jianpu/images-prep/jianpujia-crawl/èååå­ç®è°±_åå»ºææ¼å±_èååå­åä½èæ¯-ç®è°±__jianpujia-116335/001.jpg
èååæçæ¯äº²é½Â·æ¯åæ	jianpujia	407952	1	简谱	èååæçæ¯äº²é½Â·æ¯åæ_¼è¯ä¾¯å«å½æ²èååæçæ¯äº²é½Â·æ¯å__jianpujia-407952	/home/caesium-132/jianpu/images-prep/jianpujia-crawl/èååæçæ¯äº²é½Â·æ¯åæ_¼è¯ä¾¯å«å½æ²èååæçæ¯äº²é½Â·æ¯å__jianpujia-407952/001.jpg
èååèåææ¥è¿ç®è°±	jianpujia	234787	1	简谱	èååèåææ¥è¿ç®è°±_æé¨æ¼å±_å¤å¼å¶ä½æ²è°±-ç®è°±__jianpujia-234787	/home/caesium-132/jianpu/images-prep/jianpujia-crawl/èååèåææ¥è¿ç®è°±_æé¨æ¼å±_å¤å¼å¶ä½æ²è°±-ç®è°±__jianpujia-234787/001.gif
èååèåç®è°±	jianpujia	25682	1	简谱	èååèåç®è°±(æ­è¯)_å»èæ¼å±_ç§å¶èµ·èè®°è°±ä¸ä¼_-ç®è°±__jianpujia-25682	/home/caesium-132/jianpu/images-prep/jianpujia-crawl/èååèåç®è°±(æ­è¯)_å»èæ¼å±_ç§å¶èµ·èè®°è°±ä¸ä¼_-ç®è°±__jianpujia-25682/001.gif
èååèåç®è°±-ç®è°±	jianpujia	212698	1	简谱	èååèåç®è°±-ç®è°±__jianpujia-212698	/home/caesium-132/jianpu/images-prep/jianpujia-crawl/èååèåç®è°±-ç®è°±__jianpujia-212698/001.jpg
èåå§å¨è¨æ¥å¨ç®è°±	jianpujia	160502	1	简谱	èåå§å¨è¨æ¥å¨ç®è°±(æ­è¯)_èåèèæ¼å±_ç§å¶èµ·èè®°è°±-ç®è°±__jianpujia-160502	/home/caesium-132/jianpu/images-prep/jianpujia-crawl/èåå§å¨è¨æ¥å¨ç®è°±(æ­è¯)_èåèèæ¼å±_ç§å¶èµ·èè®°è°±-ç®è°±__jianpujia-160502/001.gif
èåæç®è°±	jianpujia	14985	4	简谱	èåæç®è°±_é½å³°_èåå¿å¥³å¿_é¡»ä¼å±çä¸é¦æ­ï¼å¤©ç±ä¹é³å¨äºº__jianpujia-14985	/home/caesium-132/jianpu/images-prep/jianpujia-crawl/èåæç®è°±_é½å³°_èåå¿å¥³å¿_é¡»ä¼å±çä¸é¦æ­ï¼å¤©ç±ä¹é³å¨äºº__jianpujia-14985/001.jpg
èåæèåæ­æ²100é¦ç®è°±-ç®è°±	jianpujia	349599	1	简谱	èåæèåæ­æ²100é¦ç®è°±-ç®è°±__jianpujia-349599	/home/caesium-132/jianpu/images-prep/jianpujia-crawl/èåæèåæ­æ²100é¦ç®è°±-ç®è°±__jianpujia-349599/001.jpg
èåæé©å·è¯å¼	jianpujia	212282	1	简谱	èåæé©å·è¯å¼_ç«ä¸­æ²èåæé©å·è¯_å¼_ç«ä¸­æ²ç®è°±-ç®è°±__jianpujia-212282	/home/caesium-132/jianpu/images-prep/jianpujia-crawl/èåæé©å·è¯å¼_ç«ä¸­æ²èåæé©å·è¯_å¼_ç«ä¸­æ²ç®è°±-ç®è°±__jianpujia-212282/001.gif
èåæ	jianpujia	238383	1	简谱	èåæ_æç®è°±_èåå¹ºå¦¹æ¼å±_èåå¤§å_èåä¸åè¯æ²-ç®è°±__jianpujia-238383	/home/caesium-132/jianpu/images-prep/jianpujia-crawl/èåæ_æç®è°±_èåå¹ºå¦¹æ¼å±_èåå¤§å_èåä¸åè¯æ²-ç®è°±__jianpujia-238383/001.jpg
èåææç¾çå®¶ä¹¡ååï¼èåææç¾ä¸½çå®¶ç®è°±-ç®è°±	jianpujia	419523	1	简谱	èåææç¾çå®¶ä¹¡ååï¼èåææç¾ä¸½çå®¶ç®è°±-ç®è°±__jianpujia-419523	/home/caesium-132/jianpu/images-prep/jianpujia-crawl/èåææç¾çå®¶ä¹¡ååï¼èåææç¾ä¸½çå®¶ç®è°±-ç®è°±__jianpujia-419523/001.gif
èåæçæç±ç®è°±	jianpujia	417878	1	简谱	èåæçæç±ç®è°±_ç©çº¢æ¢_æ¼å±_è°¢å¹¿å¨_èåå¸æ¥å¤å¾·è¯æ²-ç®è__jianpujia-417878	/home/caesium-132/jianpu/images-prep/jianpujia-crawl/èåæçæç±ç®è°±_ç©çº¢æ¢_æ¼å±_è°¢å¹¿å¨_èåå¸æ¥å¤å¾·è¯æ²-ç®è__jianpujia-417878/001.gif
èåæçæç±è¨ä»è±è¯é¿æ±æ±æ²èåæçæç±è¨ä»è±è¯	jianpujia	410572	1	简谱	èåæçæç±è¨ä»è±è¯é¿æ±æ±æ²èåæçæç±è¨ä»è±è¯_é¿æ±æ__jianpujia-410572	/home/caesium-132/jianpu/images-prep/jianpujia-crawl/èåæçæç±è¨ä»è±è¯é¿æ±æ±æ²èåæçæç±è¨ä»è±è¯_é¿æ±æ__jianpujia-410572/001.gif
èåæ	jianpujia	349477	1	简谱	èåæ_åæ²³èåæ­æ²100é¦ç®è°±_å¾·å¾·çæ¼å±_çç¶_å¼æ_¼åå¤«è¯æ__jianpujia-349477	/home/caesium-132/jianpu/images-prep/jianpujia-crawl/èåæ_åæ²³èåæ­æ²100é¦ç®è°±_å¾·å¾·çæ¼å±_çç¶_å¼æ_¼åå¤«è¯æ__jianpujia-349477/001.jpg
èåæ¥ä¸èèåä¸åè¨å	jianpujia	238450	1	简谱	èåæ¥ä¸èèåä¸åè¨å_æ¯ååæ²ç®è°±_èåä¸åæ¼å±_èåå¤§__jianpujia-238450	/home/caesium-132/jianpu/images-prep/jianpujia-crawl/èåæ¥ä¸èèåä¸åè¨å_æ¯ååæ²ç®è°±_èåä¸åæ¼å±_èåå¤§__jianpujia-238450/001.jpg
èåæ¨æ²	jianpujia	318488	3	简谱	èåæ¨æ²_èåæ¨æ²_ä¸»é¢æ²ç®è°±_é¿å½±ä¹å¢åå±éæ¼å±_é©¬ææ²å__jianpujia-318488	/home/caesium-132/jianpu/images-prep/jianpujia-crawl/èåæ¨æ²_èåæ¨æ²_ä¸»é¢æ²ç®è°±_é¿å½±ä¹å¢åå±éæ¼å±_é©¬ææ²å__jianpujia-318488/001.jpg
èåæ¨æ²ç®è°±	jianpujia	74770	3	简谱	èåæ¨æ²ç®è°±(æ­è¯)_æ¼å±_çµå½±_èåæ¨æ²_ææ²-ç®è°±__jianpujia-74770	/home/caesium-132/jianpu/images-prep/jianpujia-crawl/èåæ¨æ²ç®è°±(æ­è¯)_æ¼å±_çµå½±_èåæ¨æ²_ææ²-ç®è°±__jianpujia-74770/001.jpg
èåæå	jianpujia	349604	1	简谱	èåæå_æ²èåæ­æ²100é¦ç®è°±-ç®è°±__jianpujia-349604	/home/caesium-132/jianpu/images-prep/jianpujia-crawl/èåæå_æ²èåæ­æ²100é¦ç®è°±-ç®è°±__jianpujia-349604/001.jpg
èåæ­æ²100é¦ï¼æå¿µèåç®è°±-ç®è°±	jianpujia	349631	1	简谱	èåæ­æ²100é¦ï¼æå¿µèåç®è°±-ç®è°±__jianpujia-349631	/home/caesium-132/jianpu/images-prep/jianpujia-crawl/èåæ­æ²100é¦ï¼æå¿µèåç®è°±-ç®è°±__jianpujia-349631/001.jpg
èåæ­æ²100é¦ï¼æèåå´å¯è¯ä¹å»ºåæ²èåæ­æ²100é¦ï¼æèå	jianpujia	349643	1	简谱	èåæ­æ²100é¦ï¼æèåå´å¯è¯ä¹å»ºåæ²èåæ­æ²100é¦ï¼æèå__jianpujia-349643	/home/caesium-132/jianpu/images-prep/jianpujia-crawl/èåæ­æ²100é¦ï¼æèåå´å¯è¯ä¹å»ºåæ²èåæ­æ²100é¦ï¼æèå__jianpujia-349643/001.jpg
èåæ­æ²100é¦ï¼ç±ä¸èåç±ä¸ä½	jianpujia	349466	1	简谱	èåæ­æ²100é¦ï¼ç±ä¸èåç±ä¸ä½_ç®è°±-ç®è°±__jianpujia-349466	/home/caesium-132/jianpu/images-prep/jianpujia-crawl/èåæ­æ²100é¦ï¼ç±ä¸èåç±ä¸ä½_ç®è°±-ç®è°±__jianpujia-349466/001.jpg
èåæ­æ²100é¦ï¼ç¾ä¸½çèåå­ä¹¦æè¯ç³ç±æ²èåæ­æ²100é¦ï¼ç¾	jianpujia	349645	1	简谱	èåæ­æ²100é¦ï¼ç¾ä¸½çèåå­ä¹¦æè¯ç³ç±æ²èåæ­æ²100é¦ï¼ç¾__jianpujia-349645	/home/caesium-132/jianpu/images-prep/jianpujia-crawl/èåæ­æ²100é¦ï¼ç¾ä¸½çèåå­ä¹¦æè¯ç³ç±æ²èåæ­æ²100é¦ï¼ç¾__jianpujia-349645/001.jpg
èåæ­æ²100é¦ï¼èåä¸æè±ç®è°±-ç®è°±	jianpujia	349464	1	简谱	èåæ­æ²100é¦ï¼èåä¸æè±ç®è°±-ç®è°±__jianpujia-349464	/home/caesium-132/jianpu/images-prep/jianpujia-crawl/èåæ­æ²100é¦ï¼èåä¸æè±ç®è°±-ç®è°±__jianpujia-349464/001.jpg
èåæ­æ²100é¦ï¼èåå¤æ­ç®è°±-ç®è°±	jianpujia	349461	1	简谱	èåæ­æ²100é¦ï¼èåå¤æ­ç®è°±-ç®è°±__jianpujia-349461	/home/caesium-132/jianpu/images-prep/jianpujia-crawl/èåæ­æ²100é¦ï¼èåå¤æ­ç®è°±-ç®è°±__jianpujia-349461/001.jpg
èåæ­æ²100é¦ï¼èåå°å¤æ²ç®è°±-ç®è°±	jianpujia	349458	1	简谱	èåæ­æ²100é¦ï¼èåå°å¤æ²ç®è°±-ç®è°±__jianpujia-349458	/home/caesium-132/jianpu/images-prep/jianpujia-crawl/èåæ­æ²100é¦ï¼èåå°å¤æ²ç®è°±-ç®è°±__jianpujia-349458/001.jpg
èåæ­æ²100é¦ï¼èåæ¾æ­ç®è°±-ç®è°±	jianpujia	349475	1	简谱	èåæ­æ²100é¦ï¼èåæ¾æ­ç®è°±-ç®è°±__jianpujia-349475	/home/caesium-132/jianpu/images-prep/jianpujia-crawl/èåæ­æ²100é¦ï¼èåæ¾æ­ç®è°±-ç®è°±__jianpujia-349475/001.jpg
èåæ­æ²100é¦ï¼è¯·å°èåæ¥ç®è°±-ç®è°±	jianpujia	349637	1	简谱	èåæ­æ²100é¦ï¼è¯·å°èåæ¥ç®è°±-ç®è°±__jianpujia-349637	/home/caesium-132/jianpu/images-prep/jianpujia-crawl/èåæ­æ²100é¦ï¼è¯·å°èåæ¥ç®è°±-ç®è°±__jianpujia-349637/001.jpg
èåæ¯äº²ä¾¯å¼ºè¯ä¾¯å¼ºæ²èåæ¯äº²ä¾¯å¼ºè¯	jianpujia	240582	1	简谱	èåæ¯äº²ä¾¯å¼ºè¯ä¾¯å¼ºæ²èåæ¯äº²ä¾¯å¼ºè¯_ä¾¯å¼ºæ²ç®è°±-ç®è°±__jianpujia-240582	/home/caesium-132/jianpu/images-prep/jianpujia-crawl/èåæ¯äº²ä¾¯å¼ºè¯ä¾¯å¼ºæ²èåæ¯äº²ä¾¯å¼ºè¯_ä¾¯å¼ºæ²ç®è°±-ç®è°±__jianpujia-240582/001.gif
èåæµ·éä¸æ	jianpujia	394083	1	简谱	èåæµ·éä¸æ_§è¯å¼_èºåæ²èåæµ·éä¸æ_§è¯_å¼_èºåæ²ç®è°±-ç®è°±__jianpujia-394083	/home/caesium-132/jianpu/images-prep/jianpujia-crawl/èåæµ·éä¸æ_§è¯å¼_èºåæ²èåæµ·éä¸æ_§è¯_å¼_èºåæ²ç®è°±-ç®è°±__jianpujia-394083/001.jpg
èåæµ·éçè¯è¡å°éæ²èåæµ·éçè¯	jianpujia	347747	1	简谱	èåæµ·éçè¯è¡å°éæ²èåæµ·éçè¯_è¡å°éæ²ç®è°±-ç®è°±__jianpujia-347747	/home/caesium-132/jianpu/images-prep/jianpujia-crawl/èåæµ·éçè¯è¡å°éæ²èåæµ·éçè¯_è¡å°éæ²ç®è°±-ç®è°±__jianpujia-347747/001.gif
èåæ¹ï¼èåé¨ç¬å±æ­æ²ç®è°±	jianpujia	418203	1	简谱	èåæ¹ï¼èåé¨ç¬å±æ­æ²ç®è°±_éç£é«æ¼å±_ç«å_æ¯ç´æå_å¾è¯__jianpujia-418203	/home/caesium-132/jianpu/images-prep/jianpujia-crawl/èåæ¹ï¼èåé¨ç¬å±æ­æ²ç®è°±_éç£é«æ¼å±_ç«å_æ¯ç´æå_å¾è¯__jianpujia-418203/001.jpg
èåç¶äº²æ¯äº²æ²³æå®é¸¿è¯æä¹èæ²èåç¶äº²æ¯äº²æ²³æå®é¸¿è¯	jianpujia	399501	1	简谱	èåç¶äº²æ¯äº²æ²³æå®é¸¿è¯æä¹èæ²èåç¶äº²æ¯äº²æ²³æå®é¸¿è¯____jianpujia-399501	/home/caesium-132/jianpu/images-prep/jianpujia-crawl/èåç¶äº²æ¯äº²æ²³æå®é¸¿è¯æä¹èæ²èåç¶äº²æ¯äº²æ²³æå®é¸¿è¯____jianpujia-399501/001.jpg
èåçå³éæç§åè¯å¼	jianpujia	211190	1	简谱	èåçå³éæç§åè¯å¼_èºåæ²èåçå³éæç§åè¯_å¼_èºåæ²ç__jianpujia-211190	/home/caesium-132/jianpu/images-prep/jianpujia-crawl/èåçå³éæç§åè¯å¼_èºåæ²èåçå³éæç§åè¯_å¼_èºåæ²ç__jianpujia-211190/001.jpg
èåçå³éæ½å³°è¯å­æ¬æ²èåçå³éæ½å³°è¯	jianpujia	347495	1	简谱	èåçå³éæ½å³°è¯å­æ¬æ²èåçå³éæ½å³°è¯_å­æ¬æ²ç®è°±-ç®è°±__jianpujia-347495	/home/caesium-132/jianpu/images-prep/jianpujia-crawl/èåçå³éæ½å³°è¯å­æ¬æ²èåçå³éæ½å³°è¯_å­æ¬æ²ç®è°±-ç®è°±__jianpujia-347495/001.jpg
èåçå³éèæ¥å¡æå¾è¯ä¸½é¹°æ²èåçå³éèæ¥å¡æå¾è¯	jianpujia	349431	1	简谱	èåçå³éèæ¥å¡æå¾è¯ä¸½é¹°æ²èåçå³éèæ¥å¡æå¾è¯_ä¸½é__jianpujia-349431	/home/caesium-132/jianpu/images-prep/jianpujia-crawl/èåçå³éèæ¥å¡æå¾è¯ä¸½é¹°æ²èåçå³éèæ¥å¡æå¾è¯_ä¸½é__jianpujia-349431/001.gif
èåçå¤©å	jianpujia	405651	1	简谱	èåçå¤©å_ä½ä¹ç«è¯è¦å®¶åæ²èåçå¤©å_ä½ä¹ç«è¯_è¦å®¶åæ²ç__jianpujia-405651	/home/caesium-132/jianpu/images-prep/jianpujia-crawl/èåçå¤©å_ä½ä¹ç«è¯è¦å®¶åæ²èåçå¤©å_ä½ä¹ç«è¯_è¦å®¶åæ²ç__jianpujia-405651/001.gif
èåçå¤©ç©ºè¢é¾è¯è¢é¾æ²èåçå¤©ç©ºè¢é¾è¯	jianpujia	335176	1	简谱	èåçå¤©ç©ºè¢é¾è¯è¢é¾æ²èåçå¤©ç©ºè¢é¾è¯_è¢é¾æ²ç®è°±-ç®è°±__jianpujia-335176	/home/caesium-132/jianpu/images-prep/jianpujia-crawl/èåçå¤©ç©ºè¢é¾è¯è¢é¾æ²èåçå¤©ç©ºè¢é¾è¯_è¢é¾æ²ç®è°±-ç®è°±__jianpujia-335176/001.jpg
èåçæ	jianpujia	130364	1	简谱	èåçæ__èåçç±ç®è°±_ä¸æ¹åè¯_ä¸æ¹åæ²æçç_-ç®è°±__jianpujia-130364	/home/caesium-132/jianpu/images-prep/jianpujia-crawl/èåçæ__èåçç±ç®è°±_ä¸æ¹åè¯_ä¸æ¹åæ²æçç_-ç®è°±__jianpujia-130364/001.gif
èåçæ¿è¯ºèåä¸åè¨å	jianpujia	301762	1	简谱	èåçæ¿è¯ºèåä¸åè¨å_æ¯ååæ²ç®è°±_èåç¾å¨¥æ¼å±_é©¬æ­£å¯¿__jianpujia-301762	/home/caesium-132/jianpu/images-prep/jianpujia-crawl/èåçæ¿è¯ºèåä¸åè¨å_æ¯ååæ²ç®è°±_èåç¾å¨¥æ¼å±_é©¬æ­£å¯¿__jianpujia-301762/001.jpg
èåçæ	jianpujia	392510	1	简谱	èåçæ_äºé¹å¼ºè¯æåºç°æ²èåçæ_äºé¹å¼ºè¯_æåºç°æ²ç®è°±-__jianpujia-392510	/home/caesium-132/jianpu/images-prep/jianpujia-crawl/èåçæ_äºé¹å¼ºè¯æåºç°æ²èåçæ_äºé¹å¼ºè¯_æåºç°æ²ç®è°±-__jianpujia-392510/001.jpg
èåçæäº®èåæ­æ²100é¦ç®è°±	jianpujia	349473	1	简谱	èåçæäº®èåæ­æ²100é¦ç®è°±_äºé£æ¼å±_å¨å_µ_éäºé£è¯æ²-ç®è__jianpujia-349473	/home/caesium-132/jianpu/images-prep/jianpujia-crawl/èåçæäº®èåæ­æ²100é¦ç®è°±_äºé£æ¼å±_å¨å_µ_éäºé£è¯æ²-ç®è__jianpujia-349473/001.jpg
èåçæ¢¦æ³ä¾¯å«å½è¯ä¾¯å«å½æ²èåçæ¢¦æ³ä¾¯å«å½è¯	jianpujia	408982	1	简谱	èåçæ¢¦æ³ä¾¯å«å½è¯ä¾¯å«å½æ²èåçæ¢¦æ³ä¾¯å«å½è¯_ä¾¯å«å½æ²ç__jianpujia-408982	/home/caesium-132/jianpu/images-prep/jianpujia-crawl/èåçæ¢¦æ³ä¾¯å«å½è¯ä¾¯å«å½æ²èåçæ¢¦æ³ä¾¯å«å½è¯_ä¾¯å«å½æ²ç__jianpujia-408982/001.jpg
èåçæ­å±ç»èåå¬ç®è°±	jianpujia	125357	1	简谱	èåçæ­å±ç»èåå¬ç®è°±_å®å®æ¥è¯_ç±³æå¤©æ²-ç®è°±__jianpujia-125357	/home/caesium-132/jianpu/images-prep/jianpujia-crawl/èåçæ­å±ç»èåå¬ç®è°±_å®å®æ¥è¯_ç±³æå¤©æ²-ç®è°±__jianpujia-125357/001.jpg
èåçæ­å±ç»èåå¬ç®è°±-ç®è°±	jianpujia	401916	1	简谱	èåçæ­å±ç»èåå¬ç®è°±-ç®è°±__jianpujia-401916	/home/caesium-132/jianpu/images-prep/jianpujia-crawl/èåçæ­å±ç»èåå¬ç®è°±-ç®è°±__jianpujia-401916/001.jpg
èåçæ¯äº²æ²³è¡ä¸½åè¯ææææ²èåçæ¯äº²æ²³è¡ä¸½åè¯	jianpujia	212501	1	简谱	èåçæ¯äº²æ²³è¡ä¸½åè¯ææææ²èåçæ¯äº²æ²³è¡ä¸½åè¯_æææ__jianpujia-212501	/home/caesium-132/jianpu/images-prep/jianpujia-crawl/èåçæ¯äº²æ²³è¡ä¸½åè¯ææææ²èåçæ¯äº²æ²³è¡ä¸½åè¯_æææ__jianpujia-212501/001.jpg
èåçæ²³ç®è°±	jianpujia	129051	1	简谱	èåçæ²³ç®è°±_èµµåäºè¯_éæèæ²èåé¨è·_-ç®è°±__jianpujia-129051	/home/caesium-132/jianpu/images-prep/jianpujia-crawl/èåçæ²³ç®è°±_èµµåäºè¯_éæèæ²èåé¨è·_-ç®è°±__jianpujia-129051/001.gif
èåçæ²³ï¼èåçæ­ç®è°±-ç®è°±	jianpujia	341957	1	简谱	èåçæ²³ï¼èåçæ­ç®è°±-ç®è°±__jianpujia-341957	/home/caesium-132/jianpu/images-prep/jianpujia-crawl/èåçæ²³ï¼èåçæ­ç®è°±-ç®è°±__jianpujia-341957/001.jpg
èåçè·¯ç»¿æ¨è¯é©¬ååææ²èåçè·¯ç»¿æ¨è¯	jianpujia	410752	1	简谱	èåçè·¯ç»¿æ¨è¯é©¬ååææ²èåçè·¯ç»¿æ¨è¯_é©¬ååææ²ç®è°±-__jianpujia-410752	/home/caesium-132/jianpu/images-prep/jianpujia-crawl/èåçè·¯ç»¿æ¨è¯é©¬ååææ²èåçè·¯ç»¿æ¨è¯_é©¬ååææ²ç®è°±-__jianpujia-410752/001.jpg
èåçéé¹°ç®è°±	jianpujia	79885	1	简谱	èåçéé¹°ç®è°±_èåå¤§åè¯_èåä¸åæ²-ç®è°±__jianpujia-79885	/home/caesium-132/jianpu/images-prep/jianpujia-crawl/èåçéé¹°ç®è°±_èåå¤§åè¯_èåä¸åæ²-ç®è°±__jianpujia-79885/001.jpg
èåçéé¹°èåå¤§åè¯èåä¸åæ²èåçéé¹°èåå¤§åè¯	jianpujia	326615	1	简谱	èåçéé¹°èåå¤§åè¯èåä¸åæ²èåçéé¹°èåå¤§åè¯_èå__jianpujia-326615	/home/caesium-132/jianpu/images-prep/jianpujia-crawl/èåçéé¹°èåå¤§åè¯èåä¸åæ²èåçéé¹°èåå¤§åè¯_èå__jianpujia-326615/001.jpg
èåçé£éååè¯è°¢ä¼æ²èåçé£éååè¯	jianpujia	212954	1	简谱	èåçé£éååè¯è°¢ä¼æ²èåçé£éååè¯__è°¢ä¼æ²ç®è°±-ç®è°__jianpujia-212954	/home/caesium-132/jianpu/images-prep/jianpujia-crawl/èåçé£éååè¯è°¢ä¼æ²èåçé£éååè¯__è°¢ä¼æ²ç®è°±-ç®è°__jianpujia-212954/001.gif
èåç®è°±	jianpujia	260758	1	简谱	èåç®è°±_ä¸è¾éæ¼å±_å´è±ç·æ²è°±-ç®è°±__jianpujia-260758	/home/caesium-132/jianpu/images-prep/jianpujia-crawl/èåç®è°±_ä¸è¾éæ¼å±_å´è±ç·æ²è°±-ç®è°±__jianpujia-260758/001.jpg
èåè±å¼ç®è°±	jianpujia	335976	1	简谱	èåè±å¼ç®è°±_çå°¾è¶æ¼å±_èåèè_èåèèè¯æ²-ç®è°±__jianpujia-335976	/home/caesium-132/jianpu/images-prep/jianpujia-crawl/èåè±å¼ç®è°±_çå°¾è¶æ¼å±_èåèè_èåèèè¯æ²-ç®è°±__jianpujia-335976/001.gif
èåèåæç±ä½	jianpujia	233871	1	简谱	èåèåæç±ä½_ç®è°±-ç®è°±__jianpujia-233871	/home/caesium-132/jianpu/images-prep/jianpujia-crawl/èåèåæç±ä½_ç®è°±-ç®è°±__jianpujia-233871/001.jpg
èåèµæ­çµå½±	jianpujia	350143	1	简谱	èåèµæ­çµå½±_èåè±éå°å§å¦¹_ææ²ç®è°±-ç®è°±__jianpujia-350143	/home/caesium-132/jianpu/images-prep/jianpujia-crawl/èåèµæ­çµå½±_èåè±éå°å§å¦¹_ææ²ç®è°±-ç®è°±__jianpujia-350143/001.gif
èåèµæ­ç®è°±	jianpujia	8912	1	简谱	èåèµæ­ç®è°±(æ­è¯)_âæ°æâåå±å¢æ¼å±_çµå½±_èåè±éå°å§__jianpujia-8912	/home/caesium-132/jianpu/images-prep/jianpujia-crawl/èåèµæ­ç®è°±(æ­è¯)_âæ°æâåå±å¢æ¼å±_çµå½±_èåè±éå°å§__jianpujia-8912/001.gif
èåèµæ­ï¼çµå½±	jianpujia	254422	1	简谱	èåèµæ­ï¼çµå½±_èåè±éå°å§å¦¹_ææ²ï¼ç®è°±_âæ°æâåå±å__jianpujia-254422	/home/caesium-132/jianpu/images-prep/jianpujia-crawl/èåèµæ­ï¼çµå½±_èåè±éå°å§å¦¹_ææ²ï¼ç®è°±_âæ°æâåå±å__jianpujia-254422/001.gif
èåé¨ï¼èåæ¹ç®è°±	jianpujia	23650	1	简谱	èåé¨ï¼èåæ¹ç®è°±(æ­è¯)_éç£é«æ¼å±_ç§å¶èµ·è_è®°è°±ä¸ä¼_-ç®__jianpujia-23650	/home/caesium-132/jianpu/images-prep/jianpujia-crawl/èåé¨ï¼èåæ¹ç®è°±(æ­è¯)_éç£é«æ¼å±_ç§å¶èµ·è_è®°è°±ä¸ä¼_-ç®__jianpujia-23650/001.gif
èåé	jianpujia	130947	1	简谱	èåé_èåèç®è°±_æå½æ¦_-ç®è°±__jianpujia-130947	/home/caesium-132/jianpu/images-prep/jianpujia-crawl/èåé_èåèç®è°±_æå½æ¦_-ç®è°±__jianpujia-130947/001.gif
èåé¢åä»æè¯éé¾æ²èåé¢åä»æè¯	jianpujia	422647	1	简谱	èåé¢åä»æè¯éé¾æ²èåé¢åä»æè¯_éé¾æ²ç®è°±_å·´é³å­å___jianpujia-422647	/home/caesium-132/jianpu/images-prep/jianpujia-crawl/èåé¢åä»æè¯éé¾æ²èåé¢åä»æè¯_éé¾æ²ç®è°±_å·´é³å­å___jianpujia-422647/001.gif
èåé¢å	jianpujia	422609	1	简谱	èåé¢å_é£é³å¤ªè¯ç­ç¦è¿ªæ²èåé¢å_é£é³å¤ªè¯_ç­ç¦è¿ªæ²ç®è°±-__jianpujia-422609	/home/caesium-132/jianpu/images-prep/jianpujia-crawl/èåé¢å_é£é³å¤ªè¯ç­ç¦è¿ªæ²èåé¢å_é£é³å¤ªè¯_ç­ç¦è¿ªæ²ç®è°±-__jianpujia-422609/001.gif
èåé£æ²çãå¼	jianpujia	420317	1	简谱	èåé£æ²çãå¼_æåè¯èåäºå_¶å_¶æ_¼æ²èåé£æ²çãå¼_æåè¯__jianpujia-420317	/home/caesium-132/jianpu/images-prep/jianpujia-crawl/èåé£æ²çãå¼_æåè¯èåäºå_¶å_¶æ_¼æ²èåé£æ²çãå¼_æåè¯__jianpujia-420317/001.gif
èåé£éç³è¯æ¯æ²»æ²èåé£éç³è¯	jianpujia	400882	1	简谱	èåé£éç³è¯æ¯æ²»æ²èåé£éç³è¯_æ¯æ²»æ²ç®è°±-ç®è°±__jianpujia-400882	/home/caesium-132/jianpu/images-prep/jianpujia-crawl/èåé£éç³è¯æ¯æ²»æ²èåé£éç³è¯_æ¯æ²»æ²ç®è°±-ç®è°±__jianpujia-400882/001.jpg
èåé£ï¼11.èåæ	jianpujia	146211	1	简谱	èåé£ï¼11.èåæ_ç®è°±_åå·´å¾è¯_æ¥å¹²æ²-ç®è°±__jianpujia-146211	/home/caesium-132/jianpu/images-prep/jianpujia-crawl/èåé£ï¼11.èåæ_ç®è°±_åå·´å¾è¯_æ¥å¹²æ²-ç®è°±__jianpujia-146211/001.jpg
èåé¦èµéæè¯é»èåªæ²èåé¦èµéæè¯	jianpujia	337459	1	简谱	èåé¦èµéæè¯é»èåªæ²èåé¦èµéæè¯_é»èåªæ²ç®è°±-ç®è°±__jianpujia-337459	/home/caesium-132/jianpu/images-prep/jianpujia-crawl/èåé¦èµéæè¯é»èåªæ²èåé¦èµéæè¯_é»èåªæ²ç®è°±-ç®è°±__jianpujia-337459/001.jpg
èåéªé©¬èåè±ç®è°±-ç®è°±	jianpujia	345298	1	简谱	èåéªé©¬èåè±ç®è°±-ç®è°±__jianpujia-345298	/home/caesium-132/jianpu/images-prep/jianpujia-crawl/èåéªé©¬èåè±ç®è°±-ç®è°±__jianpujia-345298/001.jpg
èåé­æ¨è±æ°è¯æææ²èåé­æ¨è±æ°è¯	jianpujia	240397	1	简谱	èåé­æ¨è±æ°è¯æææ²èåé­æ¨è±æ°è¯_æææ²ç®è°±-ç®è°±__jianpujia-240397	/home/caesium-132/jianpu/images-prep/jianpujia-crawl/èåé­æ¨è±æ°è¯æææ²èåé­æ¨è±æ°è¯_æææ²ç®è°±-ç®è°±__jianpujia-240397/001.jpg
èåï¼å¤©èµçåç¤¼ç®è°±	jianpujia	64275	1	简谱	èåï¼å¤©èµçåç¤¼ç®è°±_æ¨æå®è¯_ä¹éæ¥æ²-ç®è°±__jianpujia-64275	/home/caesium-132/jianpu/images-prep/jianpujia-crawl/èåï¼å¤©èµçåç¤¼ç®è°±_æ¨æå®è¯_ä¹éæ¥æ²-ç®è°±__jianpujia-64275/001.gif
èåï¼å·©ä¹æ¯èå	jianpujia	83533	1	简谱	èåï¼å·©ä¹æ¯èå_ç®è°±_ä»»å¿èè¯_çéäºæ²-ç®è°±__jianpujia-83533	/home/caesium-132/jianpu/images-prep/jianpujia-crawl/èåï¼å·©ä¹æ¯èå_ç®è°±_ä»»å¿èè¯_çéäºæ²-ç®è°±__jianpujia-83533/001.jpg
èåï¼å·©ä¹æ¯èåç®è°±-ç®è°±	jianpujia	410579	1	简谱	èåï¼å·©ä¹æ¯èåç®è°±-ç®è°±__jianpujia-410579	/home/caesium-132/jianpu/images-prep/jianpujia-crawl/èåï¼å·©ä¹æ¯èåç®è°±-ç®è°±__jianpujia-410579/001.jpg
èåï¼æå¹¸ç¦çå®¶å­ç®è°±	jianpujia	90559	1	简谱	èåï¼æå¹¸ç¦çå®¶å­ç®è°±_å·¦æ²³æ°´è¯_å·¦æ²³æ°´æ²-ç®è°±__jianpujia-90559	/home/caesium-132/jianpu/images-prep/jianpujia-crawl/èåï¼æå¹¸ç¦çå®¶å­ç®è°±_å·¦æ²³æ°´è¯_å·¦æ²³æ°´æ²-ç®è°±__jianpujia-90559/001.jpg
èåï¼æå¿ä¸­çæ­ç®è°±	jianpujia	226801	1	简谱	èåï¼æå¿ä¸­çæ­ç®è°±_åæ¶æ¶æ¼å±_å¤å¼å¶ä½æ²è°±-ç®è°±__jianpujia-226801	/home/caesium-132/jianpu/images-prep/jianpujia-crawl/èåï¼æå¿ä¸­çæ­ç®è°±_åæ¶æ¶æ¼å±_å¤å¼å¶ä½æ²è°±-ç®è°±__jianpujia-226801/001.gif
èåï¼æææçå°æ¹ç®è°±	jianpujia	64591	1	简谱	èåï¼æææçå°æ¹ç®è°±_æ¨æå®è¯_ä¹éæ¥æ²-ç®è°±__jianpujia-64591	/home/caesium-132/jianpu/images-prep/jianpujia-crawl/èåï¼æææçå°æ¹ç®è°±_æ¨æå®è¯_ä¹éæ¥æ²-ç®è°±__jianpujia-64591/001.jpg
èåï¼æææçæ	jianpujia	101905	1	简谱	èåï¼æææçæ_ä¹¡ç®è°±_åè¶è¯_é½å³°æ²-ç®è°±__jianpujia-101905	/home/caesium-132/jianpu/images-prep/jianpujia-crawl/èåï¼æææçæ_ä¹¡ç®è°±_åè¶è¯_é½å³°æ²-ç®è°±__jianpujia-101905/001.jpg
èåï¼ææ¯ä½	jianpujia	77154	1	简谱	èåï¼ææ¯ä½_çé©¬å¤´ç´ç®è°±_å¼_å®æè¯_ææµ·ææ²-ç®è°±__jianpujia-77154	/home/caesium-132/jianpu/images-prep/jianpujia-crawl/èåï¼ææ¯ä½_çé©¬å¤´ç´ç®è°±_å¼_å®æè¯_ææµ·ææ²-ç®è°±__jianpujia-77154/001.gif
èåï¼ææ°¸è¿çå®¶ä¹¡ç®è°±	jianpujia	104584	1	简谱	èåï¼ææ°¸è¿çå®¶ä¹¡ç®è°±_é¿å¤ææ³°è¯_éåéæ²-ç®è°±__jianpujia-104584	/home/caesium-132/jianpu/images-prep/jianpujia-crawl/èåï¼ææ°¸è¿çå®¶ä¹¡ç®è°±_é¿å¤ææ³°è¯_éåéæ²-ç®è°±__jianpujia-104584/001.jpg
èåï¼ææ°¸è¿çå®¶ç®è°±	jianpujia	64886	1	简谱	èåï¼ææ°¸è¿çå®¶ç®è°±_ç½å¿_ä¹è¯_ä¹æ¥ä¸½åæ²å¶èéè£³_-ç®è°±__jianpujia-64886	/home/caesium-132/jianpu/images-prep/jianpujia-crawl/èåï¼ææ°¸è¿çå®¶ç®è°±_ç½å¿_ä¹è¯_ä¹æ¥ä¸½åæ²å¶èéè£³_-ç®è°±__jianpujia-64886/001.jpg
èåï¼æçµé­åå½çå¤©å	jianpujia	138709	1	简谱	èåï¼æçµé­åå½çå¤©å_ç®è°±_å¼_æå®è¯_å´éæ²-ç®è°±__jianpujia-138709	/home/caesium-132/jianpu/images-prep/jianpujia-crawl/èåï¼æçµé­åå½çå¤©å_ç®è°±_å¼_æå®è¯_å´éæ²-ç®è°±__jianpujia-138709/001.jpg
èåï¼æçå½çæç¯®ç®è°±	jianpujia	100308	1	简谱	èåï¼æçå½çæç¯®ç®è°±_å¼_å®å_´è¯_èµµåæ£®æ²-ç®è°±__jianpujia-100308	/home/caesium-132/jianpu/images-prep/jianpujia-crawl/èåï¼æçå½çæç¯®ç®è°±_å¼_å®å_´è¯_èµµåæ£®æ²-ç®è°±__jianpujia-100308/001.jpg
èåï¼æçå®¶ä¹¡ç®è°±	jianpujia	98007	1	简谱	èåï¼æçå®¶ä¹¡ç®è°±_å¨å»ºåè¯_ç½å»ºæ°æ²-ç®è°±__jianpujia-98007	/home/caesium-132/jianpu/images-prep/jianpujia-crawl/èåï¼æçå®¶ä¹¡ç®è°±_å¨å»ºåè¯_ç½å»ºæ°æ²-ç®è°±__jianpujia-98007/001.jpg
èåï¼æçæ	jianpujia	90135	1	简谱	èåï¼æçæ_ä¹¡ç®è°±_çµè§ç_èåé£æ__ææ²-ç®è°±__jianpujia-90135	/home/caesium-132/jianpu/images-prep/jianpujia-crawl/èåï¼æçæ_ä¹¡ç®è°±_çµè§ç_èåé£æ__ææ²-ç®è°±__jianpujia-90135/001.jpg
èåï¼æçæ¢¦ä¸­æ	jianpujia	24746	1	简谱	èåï¼æçæ¢¦ä¸­æ_äººç®è°±(æ­è¯)_å¯çèæ¼å±_ç§å¶èµ·èè®°è°±ä¸ä__jianpujia-24746	/home/caesium-132/jianpu/images-prep/jianpujia-crawl/èåï¼æçæ¢¦ä¸­æ_äººç®è°±(æ­è¯)_å¯çèæ¼å±_ç§å¶èµ·èè®°è°±ä¸ä__jianpujia-24746/001.gif
èåï¼æçæ¯äº²ç®è°±	jianpujia	97113	1	简谱	èåï¼æçæ¯äº²ç®è°±_èµµéåè¯_å¼_æéæ²çå°¾è¶_-ç®è°±__jianpujia-97113	/home/caesium-132/jianpu/images-prep/jianpujia-crawl/èåï¼æçæ¯äº²ç®è°±_èµµéåè¯_å¼_æéæ²çå°¾è¶_-ç®è°±__jianpujia-97113/001.jpg
èåï¼æç·æçå°æ¹ç®è°±	jianpujia	381729	3	简谱	èåï¼æç·æçå°æ¹ç®è°±_å§ææ°æ¼å±_è¦ç¶åé¦å¶è°±-ç®è°±__jianpujia-381729	/home/caesium-132/jianpu/images-prep/jianpujia-crawl/èåï¼æç·æçå°æ¹ç®è°±_å§ææ°æ¼å±_è¦ç¶åé¦å¶è°±-ç®è°±__jianpujia-381729/001.jpg
èåï¼æç·æçæ	jianpujia	105842	1	简谱	èåï¼æç·æçæ_ä¹¡ç®è°±_å¼_å»ºä¸­è¯_ä¸¥æ¸_åæ²-ç®è°±__jianpujia-105842	/home/caesium-132/jianpu/images-prep/jianpujia-crawl/èåï¼æç·æçæ_ä¹¡ç®è°±_å¼_å»ºä¸­è¯_ä¸¥æ¸_åæ²-ç®è°±__jianpujia-105842/001.jpg
èåï¼æ°¸è¿çèåç®è°±-ç®è°±	jianpujia	317704	1	简谱	èåï¼æ°¸è¿çèåç®è°±-ç®è°±__jianpujia-317704	/home/caesium-132/jianpu/images-prep/jianpujia-crawl/èåï¼æ°¸è¿çèåç®è°±-ç®è°±__jianpujia-317704/001.jpg
èåï¼ç»¿è²çæµ·æ´ç®è°±	jianpujia	85070	1	简谱	èåï¼ç»¿è²çæµ·æ´ç®è°±_å¼_æ´ªæ³è¯_åå¾·æ³¢æ²-ç®è°±__jianpujia-85070	/home/caesium-132/jianpu/images-prep/jianpujia-crawl/èåï¼ç»¿è²çæµ·æ´ç®è°±_å¼_æ´ªæ³è¯_åå¾·æ³¢æ²-ç®è°±__jianpujia-85070/001.jpg
èåï¼èåç®è°±	jianpujia	68676	2	简谱	èåï¼èåç®è°±_è¡ä½³å©è¯_æç¿¼æ²-ç®è°±__jianpujia-68676	/home/caesium-132/jianpu/images-prep/jianpujia-crawl/èåï¼èåç®è°±_è¡ä½³å©è¯_æç¿¼æ²-ç®è°±__jianpujia-68676/001.jpg
èåï¼èåç®è°±-ç®è°±	jianpujia	301243	2	简谱	èåï¼èåç®è°±-ç®è°±__jianpujia-301243	/home/caesium-132/jianpu/images-prep/jianpujia-crawl/èåï¼èåç®è°±-ç®è°±__jianpujia-301243/001.jpg
èåï¼èåï¼æä»¬çå®¶å­ç®è°±-ç®è°±	jianpujia	328243	1	简谱	èåï¼èåï¼æä»¬çå®¶å­ç®è°±-ç®è°±__jianpujia-328243	/home/caesium-132/jianpu/images-prep/jianpujia-crawl/èåï¼èåï¼æä»¬çå®¶å­ç®è°±-ç®è°±__jianpujia-328243/001.jpg
è«è¦å¨ç®è°±	jianpujia	74518	1	简谱	è«è¦å¨ç®è°±_å¿æ­æ¼å±-ç®è°±__jianpujia-74518	/home/caesium-132/jianpu/images-prep/jianpujia-crawl/è«è¦å¨ç®è°±_å¿æ­æ¼å±-ç®è°±__jianpujia-74518/001.jpg
èææ°æ­èæ²éï¼é¿éæ°æ­ç®è°±	jianpujia	77462	1	简谱	èææ°æ­èæ²éï¼é¿éæ°æ­ç®è°±_-ç®è°±__jianpujia-77462	/home/caesium-132/jianpu/images-prep/jianpujia-crawl/èææ°æ­èæ²éï¼é¿éæ°æ­ç®è°±_-ç®è°±__jianpujia-77462/001.jpg
èææ°æ­èæ²éï¼é¿éæ°æ­ç®è°±-ç®è°±	jianpujia	355374	1	简谱	èææ°æ­èæ²éï¼é¿éæ°æ­ç®è°±-ç®è°±__jianpujia-355374	/home/caesium-132/jianpu/images-prep/jianpujia-crawl/èææ°æ­èæ²éï¼é¿éæ°æ­ç®è°±-ç®è°±__jianpujia-355374/001.jpg
è«å¿é£ç®è°±	jianpujia	75159	1	简谱	è«å¿é£ç®è°±(æ­è¯)_å¿æ­æ¼å±_å°å¶æ­æ²è°±-ç®è°±__jianpujia-75159	/home/caesium-132/jianpu/images-prep/jianpujia-crawl/è«å¿é£ç®è°±(æ­è¯)_å¿æ­æ¼å±_å°å¶æ­æ²è°±-ç®è°±__jianpujia-75159/001.gif
èçä¸é»é¹é¸ç®è°±	jianpujia	15619	5	简谱	èçä¸é»é¹é¸ç®è°±_å¿æ­_é¿é»é¿é»é¹é¸ä¸è¦ç¬-ç®è°±__jianpujia-15619	/home/caesium-132/jianpu/images-prep/jianpujia-crawl/èçä¸é»é¹é¸ç®è°±_å¿æ­_é¿é»é¿é»é¹é¸ä¸è¦ç¬-ç®è°±__jianpujia-15619/001.jpg
è®©æä»¬è¡èµ·åæ¡¨ç®è°±	jianpujia	26282	1	简谱	è®©æä»¬è¡èµ·åæ¡¨ç®è°±(æ­è¯)_å¿æ­_æå¿æ²è°±-ç®è°±__jianpujia-26282	/home/caesium-132/jianpu/images-prep/jianpujia-crawl/è®©æä»¬è¡èµ·åæ¡¨ç®è°±(æ­è¯)_å¿æ­_æå¿æ²è°±-ç®è°±__jianpujia-26282/001.jpg
è®ºè¯­ç®è°±	jianpujia	13165	2	简谱	è®ºè¯­ç®è°±(æ­è¯)_å°æµ·é¾æ¼å±ç»æ¼å±_æ¡æéæ¥é£è®°è°±-ç®è°±__jianpujia-13165	/home/caesium-132/jianpu/images-prep/jianpujia-crawl/è®ºè¯­ç®è°±(æ­è¯)_å°æµ·é¾æ¼å±ç»æ¼å±_æ¡æéæ¥é£è®°è°±-ç®è°±__jianpujia-13165/001.jpg
è¯çèå	jianpujia	104118	1	简谱	è¯çèå_ç»çèåç®è°±_ç¨å»ºæè¯_å´ç¾å­æ²-ç®è°±__jianpujia-104118	/home/caesium-132/jianpu/images-prep/jianpujia-crawl/è¯çèå_ç»çèåç®è°±_ç¨å»ºæè¯_å´ç¾å­æ²-ç®è°±__jianpujia-104118/001.jpg
è¯çèåï¼ç»çèåæ­£è°±ç®è°±-ç®è°±	jianpujia	412203	2	简谱	è¯çèåï¼ç»çèåæ­£è°±ç®è°±-ç®è°±__jianpujia-412203	/home/caesium-132/jianpu/images-prep/jianpujia-crawl/è¯çèåï¼ç»çèåæ­£è°±ç®è°±-ç®è°±__jianpujia-412203/001.jpg
è¯çèåï¼ç»çèåç¨å»ºæè¯å´ç¾å­æ²ãæ­£è°±è¯çèåï¼ç»ç	jianpujia	405077	1	简谱	è¯çèåï¼ç»çèåç¨å»ºæè¯å´ç¾å­æ²ãæ­£è°±è¯çèåï¼ç»ç__jianpujia-405077	/home/caesium-132/jianpu/images-prep/jianpujia-crawl/è¯çèåï¼ç»çèåç¨å»ºæè¯å´ç¾å­æ²ãæ­£è°±è¯çèåï¼ç»ç__jianpujia-405077/001.jpg
è¯çèåï¼ç»çèåç®è°±	jianpujia	64922	1	简谱	è¯çèåï¼ç»çèåç®è°±_ç¨å»ºæè¯_æéæ²-ç®è°±__jianpujia-64922	/home/caesium-132/jianpu/images-prep/jianpujia-crawl/è¯çèåï¼ç»çèåç®è°±_ç¨å»ºæè¯_æéæ²-ç®è°±__jianpujia-64922/001.jpg
è¯»ä¹¦éç®è°±	jianpujia	26513	1	简谱	è¯»ä¹¦éç®è°±(æ­è¯)_å¿æ­_éæ´²å®è®°è°±-ç®è°±__jianpujia-26513	/home/caesium-132/jianpu/images-prep/jianpujia-crawl/è¯»ä¹¦éç®è°±(æ­è¯)_å¿æ­_éæ´²å®è®°è°±-ç®è°±__jianpujia-26513/001.jpg
è¯»åè¯ç®è°±	jianpujia	22118	1	简谱	è¯»åè¯ç®è°±(æ­è¯)_å¿æ­_å¥½å¿æ_æ²è°±-ç®è°±__jianpujia-22118	/home/caesium-132/jianpu/images-prep/jianpujia-crawl/è¯»åè¯ç®è°±(æ­è¯)_å¿æ­_å¥½å¿æ_æ²è°±-ç®è°±__jianpujia-22118/001.gif
è°·å»ºè¬æ°å­¦å	jianpujia	12684	1	简谱	è°·å»ºè¬æ°å­¦å_å¿æ­ç³»åï¼åå­æç®è°±(æ­è¯)_æ¼å±_æ¡æéæ¥é£è__jianpujia-12684	/home/caesium-132/jianpu/images-prep/jianpujia-crawl/è°·å»ºè¬æ°å­¦å_å¿æ­ç³»åï¼åå­æç®è°±(æ­è¯)_æ¼å±_æ¡æéæ¥é£è__jianpujia-12684/001.gif
è±è±åå¦å¦ç®è°±	jianpujia	22124	1	简谱	è±è±åå¦å¦ç®è°±(æ­è¯)_å¿æ­_è°±åå¥½å¿æ_999ä¸ä¼_-ç®è°±__jianpujia-22124	/home/caesium-132/jianpu/images-prep/jianpujia-crawl/è±è±åå¦å¦ç®è°±(æ­è¯)_å¿æ­_è°±åå¥½å¿æ_999ä¸ä¼_-ç®è°±__jianpujia-22124/001.gif
è´ç¦å¿æ­ç¬¬ä¸å¥å¹¿æ­ä½æç®è°±	jianpujia	43072	1	简谱	è´ç¦å¿æ­ç¬¬ä¸å¥å¹¿æ­ä½æç®è°±(æ­è¯)_è´ç¦å¿æ­-ç®è°±__jianpujia-43072	/home/caesium-132/jianpu/images-prep/jianpujia-crawl/è´ç¦å¿æ­ç¬¬ä¸å¥å¹¿æ­ä½æç®è°±(æ­è¯)_è´ç¦å¿æ­-ç®è°±__jianpujia-43072/001.jpg
èµå¾å¤åèéå«ç®è°±	jianpujia	22113	1	简谱	èµå¾å¤åèéå«ç®è°±(æ­è¯)_å¿æ­_å¥½å¿æ_æ²è°±-ç®è°±__jianpujia-22113	/home/caesium-132/jianpu/images-prep/jianpujia-crawl/èµå¾å¤åèéå«ç®è°±(æ­è¯)_å¿æ­_å¥½å¿æ_æ²è°±-ç®è°±__jianpujia-22113/001.gif
è·¯ç¯ä¸çå°å§å¨ç®è°±	jianpujia	9998	1	简谱	è·¯ç¯ä¸çå°å§å¨ç®è°±(æ­è¯)_éæ´ä»ªæ¼å±_å²­åå°è±¡æ²è°±-ç®è°±__jianpujia-9998	/home/caesium-132/jianpu/images-prep/jianpujia-crawl/è·¯ç¯ä¸çå°å§å¨ç®è°±(æ­è¯)_éæ´ä»ªæ¼å±_å²­åå°è±¡æ²è°±-ç®è°±__jianpujia-9998/001.gif
è¿·äººçèåç¥å½æè¯é°æ¯å¤æ²è¿·äººçèåç¥å½æè¯	jianpujia	420617	1	简谱	è¿·äººçèåç¥å½æè¯é°æ¯å¤æ²è¿·äººçèåç¥å½æè¯_é°æ¯å¤æ²ç__jianpujia-420617	/home/caesium-132/jianpu/images-prep/jianpujia-crawl/è¿·äººçèåç¥å½æè¯é°æ¯å¤æ²è¿·äººçèåç¥å½æè¯_é°æ¯å¤æ²ç__jianpujia-420617/001.gif
éå¾·ç»ç®è°±	jianpujia	13162	1	简谱	éå¾·ç»ç®è°±(æ­è¯)_å°æµ·é¾æ¼å±ç»æ¼å±_æ¡æéæ¥é£è®°è°±-ç®è°±__jianpujia-13162	/home/caesium-132/jianpu/images-prep/jianpujia-crawl/éå¾·ç»ç®è°±(æ­è¯)_å°æµ·é¾æ¼å±ç»æ¼å±_æ¡æéæ¥é£è®°è°±-ç®è°±__jianpujia-13162/001.jpg
é£çèåååï¼é£æ¯èåç®è°±-ç®è°±	jianpujia	397576	1	简谱	é£çèåååï¼é£æ¯èåç®è°±-ç®è°±__jianpujia-397576	/home/caesium-132/jianpu/images-prep/jianpujia-crawl/é£çèåååï¼é£æ¯èåç®è°±-ç®è°±__jianpujia-397576/001.gif
é¦è¾¾èåç¥é³èåé£æ	jianpujia	236319	1	简谱	é¦è¾¾èåç¥é³èåé£æ_ç³»åä¹åç®è°±-ç®è°±__jianpujia-236319	/home/caesium-132/jianpu/images-prep/jianpujia-crawl/é¦è¾¾èåç¥é³èåé£æ_ç³»åä¹åç®è°±-ç®è°±__jianpujia-236319/001.jpg
éæ¸¸ç®è°±	jianpujia	74632	1	简谱	éæ¸¸ç®è°±_å¿æ­æ¼å±-ç®è°±__jianpujia-74632	/home/caesium-132/jianpu/images-prep/jianpujia-crawl/éæ¸¸ç®è°±_å¿æ­æ¼å±-ç®è°±__jianpujia-74632/001.jpg
éè±«æ¥èåºé©å½æ°æ­è¥¿èæ°æ­ç®è°±-ç®è°±	jianpujia	405755	1	简谱	éè±«æ¥èåºé©å½æ°æ­è¥¿èæ°æ­ç®è°±-ç®è°±__jianpujia-405755	/home/caesium-132/jianpu/images-prep/jianpujia-crawl/éè±«æ¥èåºé©å½æ°æ­è¥¿èæ°æ­ç®è°±-ç®è°±__jianpujia-405755/001.jpg
éèèçå°å§å¨ç®è°±	jianpujia	14539	4	简谱	éèèçå°å§å¨ç®è°±_å¤ä¸äºæ·æ°ï¼å¤ä¸äºä¹è¶£ï¼å¤ä¸äºèªå¨-__jianpujia-14539	/home/caesium-132/jianpu/images-prep/jianpujia-crawl/éèèçå°å§å¨ç®è°±_å¤ä¸äºæ·æ°ï¼å¤ä¸äºä¹è¶£ï¼å¤ä¸äºèªå¨-__jianpujia-14539/001.jpg
éææ	jianpujia	22088	1	简谱	éææ_ç®è°±(æ­è¯)_å¿æ­_è°±åå¥½å¿æ_999ä¸ä¼_-ç®è°±__jianpujia-22088	/home/caesium-132/jianpu/images-prep/jianpujia-crawl/éææ_ç®è°±(æ­è¯)_å¿æ­_è°±åå¥½å¿æ_999ä¸ä¼_-ç®è°±__jianpujia-22088/001.gif
éå¿åå®å½ç®è°±	jianpujia	74293	1	简谱	éå¿åå®å½ç®è°±_å¿æ­-ç®è°±__jianpujia-74293	/home/caesium-132/jianpu/images-prep/jianpujia-crawl/éå¿åå®å½ç®è°±_å¿æ­-ç®è°±__jianpujia-74293/001.jpg
éå°è¿è¡æ²ç®è°±	jianpujia	26542	1	简谱	éå°è¿è¡æ²ç®è°±(æ­è¯)_å¿æ­_éæ´²å®è®°è°±-ç®è°±__jianpujia-26542	/home/caesium-132/jianpu/images-prep/jianpujia-crawl/éå°è¿è¡æ²ç®è°±(æ­è¯)_å¿æ­_éæ´²å®è®°è°±-ç®è°±__jianpujia-26542/001.jpg
é¿æ­è¡ç®è°±	jianpujia	22111	1	简谱	é¿æ­è¡ç®è°±(æ­è¯)_å¿æ­_å¥½å¿æ_æ²è°±-ç®è°±__jianpujia-22111	/home/caesium-132/jianpu/images-prep/jianpujia-crawl/é¿æ­è¡ç®è°±(æ­è¯)_å¿æ­_å¥½å¿æ_æ²è°±-ç®è°±__jianpujia-22111/001.gif
é¿ç¸æç®è°±	jianpujia	22102	1	简谱	é¿ç¸æç®è°±(æ­è¯)_å¿æ­_å¥½å¿æ_æ²è°±-ç®è°±__jianpujia-22102	/home/caesium-132/jianpu/images-prep/jianpujia-crawl/é¿ç¸æç®è°±(æ­è¯)_å¿æ­_å¥½å¿æ_æ²è°±-ç®è°±__jianpujia-22102/001.gif
é®åæ­ç®è°±	jianpujia	74580	1	简谱	é®åæ­ç®è°±_å¿æ­æ¼å±-ç®è°±__jianpujia-74580	/home/caesium-132/jianpu/images-prep/jianpujia-crawl/é®åæ­ç®è°±_å¿æ­æ¼å±-ç®è°±__jianpujia-74580/001.jpg
é¾ä»¥æä½	jianpujia	238455	1	简谱	é¾ä»¥æä½_æ¾ä¸èåä¸åè¨æ¯ååæ²ç®è°±_èåè¥¿å­æ¼å±_é©¬æ­£å¯¿__jianpujia-238455	/home/caesium-132/jianpu/images-prep/jianpujia-crawl/é¾ä»¥æä½_æ¾ä¸èåä¸åè¨æ¯ååæ²ç®è°±_èåè¥¿å­æ¼å±_é©¬æ­£å¯¿__jianpujia-238455/001.jpg
é¾å¿èåç»½ç»§ä¸è¯åå¸æ¬æ²é¾å¿èå	jianpujia	404043	1	简谱	é¾å¿èåç»½ç»§ä¸è¯åå¸æ¬æ²é¾å¿èå_ç»½ç»§ä¸è¯_åå¸æ¬æ²ç®è°±__jianpujia-404043	/home/caesium-132/jianpu/images-prep/jianpujia-crawl/é¾å¿èåç»½ç»§ä¸è¯åå¸æ¬æ²é¾å¿èå_ç»½ç»§ä¸è¯_åå¸æ¬æ²ç®è°±__jianpujia-404043/001.jpg
éªç»è±ç®è°±	jianpujia	26252	1	简谱	éªç»è±ç®è°±(æ­è¯)_å¿æ­_æå¿æ²è°±-ç®è°±__jianpujia-26252	/home/caesium-132/jianpu/images-prep/jianpujia-crawl/éªç»è±ç®è°±(æ­è¯)_å¿æ­_æå¿æ²è°±-ç®è°±__jianpujia-26252/001.jpg
éªè±ç®è°±	jianpujia	22085	1	简谱	éªè±ç®è°±(æ­è¯)_å¿æ­_è°±åå¥½å¿æ_999ä¸ä¼_-ç®è°±__jianpujia-22085	/home/caesium-132/jianpu/images-prep/jianpujia-crawl/éªè±ç®è°±(æ­è¯)_å¿æ­_è°±åå¥½å¿æ_999ä¸ä¼_-ç®è°±__jianpujia-22085/001.gif
éå¤æç®è°±	jianpujia	22116	1	简谱	éå¤æç®è°±(æ­è¯)_å¿æ­_å¥½å¿æ_æ²è°±-ç®è°±__jianpujia-22116	/home/caesium-132/jianpu/images-prep/jianpujia-crawl/éå¤æç®è°±(æ­è¯)_å¿æ­_å¥½å¿æ_æ²è°±-ç®è°±__jianpujia-22116/001.gif
é¢åçç¾ç¾	jianpujia	228154	1	简谱	é¢åçç¾ç¾(èåä¸åè¨å_æ¯ååæ²)ç®è°±_èåééæ¼å±_é©¬æ­£å__jianpujia-228154	/home/caesium-132/jianpu/images-prep/jianpujia-crawl/é¢åçç¾ç¾(èåä¸åè¨å_æ¯ååæ²)ç®è°±_èåééæ¼å±_é©¬æ­£å__jianpujia-228154/001.jpg
é£è¿èåæ¨æåè¯éåç§æ²é£è¿èåæ¨æåè¯	jianpujia	344512	1	简谱	é£è¿èåæ¨æåè¯éåç§æ²é£è¿èåæ¨æåè¯_éåç§æ²ç®è°±-__jianpujia-344512	/home/caesium-132/jianpu/images-prep/jianpujia-crawl/é£è¿èåæ¨æåè¯éåç§æ²é£è¿èåæ¨æåè¯_éåç§æ²ç®è°±-__jianpujia-344512/001.jpg
é£éå®å®å½é¢ç´ç®è°±	jianpujia	148525	4	简谱	é£éå®å®å½é¢ç´ç®è°±_å¿æ­æ¼å±-ç®è°±__jianpujia-148525	/home/caesium-132/jianpu/images-prep/jianpujia-crawl/é£éå®å®å½é¢ç´ç®è°±_å¿æ­æ¼å±-ç®è°±__jianpujia-148525/001.jpg
é¦åç­ç½èåä¸åè¨å	jianpujia	233730	3	简谱	é¦åç­ç½èåä¸åè¨å_æ¯æ²ç®è°±_èåä¸åæ¼å±_é©¬æ­£å¯¿_è°±ï¼è__jianpujia-233730	/home/caesium-132/jianpu/images-prep/jianpujia-crawl/é¦åç­ç½èåä¸åè¨å_æ¯æ²ç®è°±_èåä¸åæ¼å±_é©¬æ­£å¯¿_è°±ï¼è__jianpujia-233730/001.jpg
é©¬å	jianpujia	7504	4	简谱	é©¬å_°è°£ç®è°±_å¿æ­_ææç³è®©ä½_åå°å¤©çæ_éªçç«¥å¹´ä¸­-ç®è°±__jianpujia-7504	/home/caesium-132/jianpu/images-prep/jianpujia-crawl/é©¬å_°è°£ç®è°±_å¿æ­_ææç³è®©ä½_åå°å¤©çæ_éªçç«¥å¹´ä¸­-ç®è°±__jianpujia-7504/001.jpg
é©¬å¤´ç´èåé£ç®è°±	jianpujia	325095	2	简谱	é©¬å¤´ç´èåé£ç®è°±_èåå_å¦¹æ¼å±_ä¾¯è³å¹³_é­æ°¸å©è¯æ²-ç®è°±__jianpujia-325095	/home/caesium-132/jianpu/images-prep/jianpujia-crawl/é©¬å¤´ç´èåé£ç®è°±_èåå_å¦¹æ¼å±_ä¾¯è³å¹³_é­æ°¸å©è¯æ²-ç®è°±__jianpujia-325095/001.jpg
é«é«å±±ä¸åå·æ°æ­ãå¨äºå¹³å¡«è¯ç®è°±	jianpujia	420215	2	简谱	é«é«å±±ä¸åå·æ°æ­ãå¨äºå¹³å¡«è¯ç®è°±_å¼_ç±æ¼å±_å¨äºå¹³_åå·æ°__jianpujia-420215	/home/caesium-132/jianpu/images-prep/jianpujia-crawl/é«é«å±±ä¸åå·æ°æ­ãå¨äºå¹³å¡«è¯ç®è°±_å¼_ç±æ¼å±_å¨äºå¹³_åå·æ°__jianpujia-420215/001.gif
é²å°è±ç®è°±å¿æ­	jianpujia	15690	8	简谱	é²å°è±ç®è°±å¿æ­_æ­é¢æ¯ç±çç»å_¸-ç®è°±__jianpujia-15690	/home/caesium-132/jianpu/images-prep/jianpujia-crawl/é²å°è±ç®è°±å¿æ­_æ­é¢æ¯ç±çç»å_¸-ç®è°±__jianpujia-15690/001.jpg
é»ç¼çéæ³¢è¯æ¨æ¥åæ²ãå¿æ­é»ç¼çéæ³¢è¯	jianpujia	397525	1	简谱	é»ç¼çéæ³¢è¯æ¨æ¥åæ²ãå¿æ­é»ç¼çéæ³¢è¯_æ¨æ¥åæ²ãå¿æ­ç__jianpujia-397525	/home/caesium-132/jianpu/images-prep/jianpujia-crawl/é»ç¼çéæ³¢è¯æ¨æ¥åæ²ãå¿æ­é»ç¼çéæ³¢è¯_æ¨æ¥åæ²ãå¿æ­ç__jianpujia-397525/001.jpg
​10如画江山	qupu123	316216	6	简谱	​10如画江山（双谱）__qupu123-316216	/home/caesium-132/jianpu/images-prep/qupu123-crawl/​10如画江山（双谱）__qupu123-316216/001.jpg
​11今宵如此美丽	qupu123	316430	4	简谱	​11今宵如此美丽（双谱）__qupu123-316430	/home/caesium-132/jianpu/images-prep/qupu123-crawl/​11今宵如此美丽（双谱）__qupu123-316430/001.jpg
​11田野的春天	qupu123	314059	5	简谱	​11田野的春天（双谱）__qupu123-314059	/home/caesium-132/jianpu/images-prep/qupu123-crawl/​11田野的春天（双谱）__qupu123-314059/001.jpg
​11节日圆舞曲	qupu123	315509	5	简谱	​11节日圆舞曲（双谱）__qupu123-315509	/home/caesium-132/jianpu/images-prep/qupu123-crawl/​11节日圆舞曲（双谱）__qupu123-315509/001.jpg
​12神州共举杯	qupu123	315511	4	简谱	​12神州共举杯（双谱）__qupu123-315511	/home/caesium-132/jianpu/images-prep/qupu123-crawl/​12神州共举杯（双谱）__qupu123-315511/001.jpg
​13一路芬芳	qupu123	316434	5	简谱	​13一路芬芳（双谱）__qupu123-316434	/home/caesium-132/jianpu/images-prep/qupu123-crawl/​13一路芬芳（双谱）__qupu123-316434/001.jpg
​14亲爱的人	qupu123	314062	4	简谱	​14亲爱的人（双谱）__qupu123-314062	/home/caesium-132/jianpu/images-prep/qupu123-sweep/​14亲爱的人（双谱）__qupu123-314062/001.jpg
​15梦故乡	qupu123	315516	5	简谱	​15梦故乡（双谱）__qupu123-315516	/home/caesium-132/jianpu/images-prep/qupu123-crawl/​15梦故乡（双谱）__qupu123-315516/001.jpg
​16军营里的红玫瑰	qupu123	314064	4	简谱	​16军营里的红玫瑰（双谱）__qupu123-314064	/home/caesium-132/jianpu/images-prep/qupu123-crawl/​16军营里的红玫瑰（双谱）__qupu123-314064/001.jpg
​16幸福的家园	qupu123	316438	5	简谱	​16幸福的家园（双谱）__qupu123-316438	/home/caesium-132/jianpu/images-prep/qupu123-crawl/​16幸福的家园（双谱）__qupu123-316438/001.jpg
​1把幸福给你	qupu123	316207	4	简谱	​1把幸福给你（双谱）__qupu123-316207	/home/caesium-132/jianpu/images-prep/qupu123-sweep/​1把幸福给你（双谱）__qupu123-316207/001.jpg
​20我心伴你去护航	qupu123	316442	4	简谱	​20我心伴你去护航（双谱）__qupu123-316442	/home/caesium-132/jianpu/images-prep/qupu123-crawl/​20我心伴你去护航（双谱）__qupu123-316442/001.jpg
​21在和平年代	qupu123	316597	2	简谱	​21在和平年代（双谱）__qupu123-316597	/home/caesium-132/jianpu/images-prep/qupu123-sweep/​21在和平年代（双谱）__qupu123-316597/001.jpg
​21守望	qupu123	313055	5	简谱	​21守望（双谱）（电视剧《中国远征军》主题歌）__qupu123-313055	/home/caesium-132/jianpu/images-prep/qupu123-sweep/​21守望（双谱）（电视剧《中国远征军》主题歌）__qupu123-313055/001.jpg
​22两岸一家亲	qupu123	313056	3	简谱	​22两岸一家亲（双谱）__qupu123-313056	/home/caesium-132/jianpu/images-prep/qupu123-sweep/​22两岸一家亲（双谱）__qupu123-313056/001.jpg
​22相亲相爱	qupu123	316598	4	简谱	​22相亲相爱（双谱）__qupu123-316598	/home/caesium-132/jianpu/images-prep/qupu123-sweep/​22相亲相爱（双谱）__qupu123-316598/001.jpg
​22这片海有我	qupu123	315661	5	简谱	​22这片海有我（双谱）__qupu123-315661	/home/caesium-132/jianpu/images-prep/qupu123-crawl/​22这片海有我（双谱）__qupu123-315661/001.jpg
​23浪淘沙	qupu123	315662	4	简谱	​23浪淘沙_北戴河（双谱）__qupu123-315662	/home/caesium-132/jianpu/images-prep/qupu123-crawl/​23浪淘沙_北戴河（双谱）__qupu123-315662/001.jpg
​24仰望天空	qupu123	315663	4	简谱	​24仰望天空（双谱）__qupu123-315663	/home/caesium-132/jianpu/images-prep/qupu123-crawl/​24仰望天空（双谱）__qupu123-315663/001.jpg
​25天泉	qupu123	313061	5	简谱	​25天泉（双谱）__qupu123-313061	/home/caesium-132/jianpu/images-prep/qupu123-crawl/​25天泉（双谱）__qupu123-313061/001.jpg
​25我的深情为你守候	qupu123	315664	7	简谱	​25我的深情为你守候（双谱）__qupu123-315664	/home/caesium-132/jianpu/images-prep/qupu123-crawl/​25我的深情为你守候（双谱）__qupu123-315664/001.jpg
​26老家	qupu123	315665	4	简谱	​26老家（双谱）__qupu123-315665	/home/caesium-132/jianpu/images-prep/qupu123-crawl/​26老家（双谱）__qupu123-315665/001.jpg
​28这片黑土地	qupu123	316604	4	简谱	​28这片黑土地（双谱）__qupu123-316604	/home/caesium-132/jianpu/images-prep/qupu123-crawl/​28这片黑土地（双谱）__qupu123-316604/001.jpg
​29生命如花	qupu123	316605	6	简谱	​29生命如花（双谱）__qupu123-316605	/home/caesium-132/jianpu/images-prep/qupu123-crawl/​29生命如花（双谱）__qupu123-316605/001.jpg
​29西部，让我走近你	qupu123	314952	6	简谱	​29西部，让我走近你（双谱）__qupu123-314952	/home/caesium-132/jianpu/images-prep/qupu123-crawl/​29西部，让我走近你（双谱）__qupu123-314952/001.jpg
​2中国，我为你歌唱	qupu123	316208	3	简谱	​2中国，我为你歌唱（双谱）__qupu123-316208	/home/caesium-132/jianpu/images-prep/qupu123-sweep/​2中国，我为你歌唱（双谱）__qupu123-316208/001.jpg
​2爱在中华	qupu123	315402	3	简谱	​2爱在中华（双谱）__qupu123-315402	/home/caesium-132/jianpu/images-prep/qupu123-crawl/​2爱在中华（双谱）__qupu123-315402/001.jpg
​2祖国，我的最爱	qupu123	313836	4	简谱	​2祖国，我的最爱（双谱）__qupu123-313836	/home/caesium-132/jianpu/images-prep/qupu123-crawl/​2祖国，我的最爱（双谱）__qupu123-313836/001.jpg
​31一生的爱只为你	qupu123	316900	3	简谱	​31一生的爱只为你（双谱）__qupu123-316900	/home/caesium-132/jianpu/images-prep/qupu123-sweep/​31一生的爱只为你（双谱）__qupu123-316900/001.jpg
​32你有多少爱	qupu123	313353	3	简谱	​32你有多少爱（双谱）__qupu123-313353	/home/caesium-132/jianpu/images-prep/qupu123-sweep/​32你有多少爱（双谱）__qupu123-313353/001.jpg
​33化蝶	qupu123	316902	4	简谱	​33化蝶（双谱）__qupu123-316902	/home/caesium-132/jianpu/images-prep/qupu123-sweep/​33化蝶（双谱）__qupu123-316902/001.jpg
​33说给大海	qupu123	315820	6	简谱	​33说给大海（双谱）__qupu123-315820	/home/caesium-132/jianpu/images-prep/qupu123-crawl/​33说给大海（双谱）__qupu123-315820/001.jpg
​34故乡探雨	qupu123	313355	5	简谱	​34故乡探雨（双谱）__qupu123-313355	/home/caesium-132/jianpu/images-prep/qupu123-sweep/​34故乡探雨（双谱）__qupu123-313355/001.jpg
​34风筝	qupu123	314957	5	简谱	​34风筝（双谱）__qupu123-314957	/home/caesium-132/jianpu/images-prep/qupu123-crawl/​34风筝（双谱）__qupu123-314957/001.jpg
​35同一条河	qupu123	314958	5	简谱	​35同一条河（双谱）__qupu123-314958	/home/caesium-132/jianpu/images-prep/qupu123-crawl/​35同一条河（双谱）__qupu123-314958/001.jpg
​35夜来香	qupu123	313356	4	简谱	​35夜来香（双谱）__qupu123-313356	/home/caesium-132/jianpu/images-prep/qupu123-sweep/​35夜来香（双谱）__qupu123-313356/001.jpg
​35大海与高山	qupu123	315822	4	简谱	​35大海与高山（双谱）__qupu123-315822	/home/caesium-132/jianpu/images-prep/qupu123-crawl/​35大海与高山（双谱）__qupu123-315822/001.jpg
​36月光	qupu123	315823	4	简谱	​36月光（双谱）__qupu123-315823	/home/caesium-132/jianpu/images-prep/qupu123-crawl/​36月光（双谱）__qupu123-315823/001.jpg
​36马兰花	qupu123	316905	3	简谱	​36马兰花（双谱）__qupu123-316905	/home/caesium-132/jianpu/images-prep/qupu123-sweep/​36马兰花（双谱）__qupu123-316905/001.jpg
​37密林深处的梦	qupu123	315074	2	简谱	​37密林深处的梦（双谱）__qupu123-315074	/home/caesium-132/jianpu/images-prep/qupu123-sweep/​37密林深处的梦（双谱）__qupu123-315074/001.jpg
​37星夜摇篮	qupu123	315824	3	简谱	​37星夜摇篮（双谱）（选自交响合唱《春潮》）__qupu123-315824	/home/caesium-132/jianpu/images-prep/qupu123-crawl/​37星夜摇篮（双谱）（选自交响合唱《春潮》）__qupu123-315824/001.jpg
​38出门在外的人	qupu123	315076	5	简谱	​38出门在外的人（双谱）__qupu123-315076	/home/caesium-132/jianpu/images-prep/qupu123-crawl/​38出门在外的人（双谱）__qupu123-315076/001.jpg
​39淋湿的梦	qupu123	315078	5	简谱	​39淋湿的梦（双谱）__qupu123-315078	/home/caesium-132/jianpu/images-prep/qupu123-crawl/​39淋湿的梦（双谱）__qupu123-315078/001.jpg
​39送友人	qupu123	316908	3	简谱	​39送友人（双谱）__qupu123-316908	/home/caesium-132/jianpu/images-prep/qupu123-crawl/​39送友人（双谱）__qupu123-316908/001.jpg
​3中国的笑容	qupu123	313837	4	简谱	​3中国的笑容（双谱）__qupu123-313837	/home/caesium-132/jianpu/images-prep/qupu123-crawl/​3中国的笑容（双谱）__qupu123-313837/001.jpg
​3走遍中国	qupu123	315403	5	简谱	​3走遍中国（双谱）__qupu123-315403	/home/caesium-132/jianpu/images-prep/qupu123-crawl/​3走遍中国（双谱）__qupu123-315403/001.jpg
​40红楼一梦	qupu123	316909	4	简谱	​40红楼一梦（双谱）__qupu123-316909	/home/caesium-132/jianpu/images-prep/qupu123-crawl/​40红楼一梦（双谱）__qupu123-316909/001.jpg
​41明月千里	qupu123	315082	4	简谱	​41明月千里（双谱）__qupu123-315082	/home/caesium-132/jianpu/images-prep/qupu123-crawl/​41明月千里（双谱）__qupu123-315082/001.jpg
​42来生来世把你爱	qupu123	317049	6	简谱	​42来生来世把你爱（双谱）（歌剧《运河谣》选段）__qupu123-317049	/home/caesium-132/jianpu/images-prep/qupu123-crawl/​42来生来世把你爱（双谱）（歌剧《运河谣》选段）__qupu123-317049/001.jpg
​42雁子	qupu123	315945	4	简谱	​42雁子（双谱）__qupu123-315945	/home/caesium-132/jianpu/images-prep/qupu123-crawl/​42雁子（双谱）__qupu123-315945/001.jpg
​43绿叶对根的情意	qupu123	315946	3	简谱	​43绿叶对根的情意（双谱）__qupu123-315946	/home/caesium-132/jianpu/images-prep/qupu123-sweep/​43绿叶对根的情意（双谱）__qupu123-315946/001.jpg
​43花神	qupu123	315086	4	简谱	​43花神（双谱）__qupu123-315086	/home/caesium-132/jianpu/images-prep/qupu123-crawl/​43花神（双谱）__qupu123-315086/001.jpg
​44暗香	qupu123	315947	3	简谱	​44暗香（双谱）__qupu123-315947	/home/caesium-132/jianpu/images-prep/qupu123-sweep/​44暗香（双谱）__qupu123-315947/001.jpg
​48锦瑟	qupu123	315214	5	简谱	​48锦瑟（双谱）__qupu123-315214	/home/caesium-132/jianpu/images-prep/qupu123-crawl/​48锦瑟（双谱）__qupu123-315214/001.jpg
​50丝绸之路	qupu123	316033	4	简谱	​50丝绸之路（双谱）__qupu123-316033	/home/caesium-132/jianpu/images-prep/qupu123-crawl/​50丝绸之路（双谱）__qupu123-316033/001.jpg
​55情未了，情难断	qupu123	316038	4	简谱	​55情未了，情难断（双谱）__qupu123-316038	/home/caesium-132/jianpu/images-prep/qupu123-crawl/​55情未了，情难断（双谱）__qupu123-316038/001.jpg
​56一首桃花	qupu123	316039	4	简谱	​56一首桃花（双谱）（选自歌剧《再别康桥》）__qupu123-316039	/home/caesium-132/jianpu/images-prep/qupu123-crawl/​56一首桃花（双谱）（选自歌剧《再别康桥》）__qupu123-316039/001.jpg
​56轻轻推开一扇窗	qupu123	315225	5	简谱	​56轻轻推开一扇窗（双谱）（音乐剧《星》选曲）__qupu123-315225	/home/caesium-132/jianpu/images-prep/qupu123-sweep/​56轻轻推开一扇窗（双谱）（音乐剧《星》选曲）__qupu123-315225/001.jpg
​57向远方	qupu123	316041	4	简谱	​57向远方（双谱）（歌剧《太阳雪》主题歌）__qupu123-316041	/home/caesium-132/jianpu/images-prep/qupu123-crawl/​57向远方（双谱）（歌剧《太阳雪》主题歌）__qupu123-316041/001.jpg
​5无尽的爱	qupu123	315224	5	简谱	​5无尽的爱（双谱）（电影《神话》主题歌）__qupu123-315224	/home/caesium-132/jianpu/images-prep/qupu123-sweep/​5无尽的爱（双谱）（电影《神话》主题歌）__qupu123-315224/001.jpg
​5祖国万岁	qupu123	316211	5	简谱	​5祖国万岁（双谱）__qupu123-316211	/home/caesium-132/jianpu/images-prep/qupu123-crawl/​5祖国万岁（双谱）__qupu123-316211/001.jpg
​6我们就是中国	qupu123	315407	4	简谱	​6我们就是中国（双谱）__qupu123-315407	/home/caesium-132/jianpu/images-prep/qupu123-crawl/​6我们就是中国（双谱）__qupu123-315407/001.jpg
​7唱不够亲爱的祖国	qupu123	315409	4	简谱	​7唱不够亲爱的祖国（双谱）__qupu123-315409	/home/caesium-132/jianpu/images-prep/qupu123-crawl/​7唱不够亲爱的祖国（双谱）__qupu123-315409/001.jpg
​7大美中华	qupu123	316213	5	简谱	​7大美中华（双谱）__qupu123-316213	/home/caesium-132/jianpu/images-prep/qupu123-crawl/​7大美中华（双谱）__qupu123-316213/001.jpg
​7我与祖国同行	qupu123	314055	3	简谱	​7我与祖国同行（双谱）__qupu123-314055	/home/caesium-132/jianpu/images-prep/qupu123-sweep/​7我与祖国同行（双谱）__qupu123-314055/001.jpg
​8绿色中国	qupu123	314056	7	简谱	​8绿色中国（双谱）__qupu123-314056	/home/caesium-132/jianpu/images-prep/qupu123-crawl/​8绿色中国（双谱）__qupu123-314056/001.jpg
​一个人的时候	qupu123	326569	1	简谱	​一个人的时候__qupu123-326569	/home/caesium-132/jianpu/images-prep/qupu123-sweep/​一个人的时候__qupu123-326569/001.jpg
​一个人的残局	qupu123	316044	1	简谱	​一个人的残局__qupu123-316044	/home/caesium-132/jianpu/images-prep/qupu123-sweep/​一个人的残局__qupu123-316044/001.jpg
​一意孤行	jianpujia	12325	1	简谱	​一意孤行简谱(歌词)_Aki阿杰演唱_桃李醉春风记谱__jianpujia-12325	/home/caesium-132/jianpu/images-prep/jianpujia-1106/​一意孤行简谱(歌词)_Aki阿杰演唱_桃李醉春风记谱__jianpujia-12325/001.png
​三棵树的情怀	qupu123	325551	1	简谱	​三棵树的情怀__qupu123-325551	/home/caesium-132/jianpu/images-prep/qupu123-sweep/​三棵树的情怀__qupu123-325551/001.jpg
​书香年华	jianpujia	11940	1	简谱	​书香年华简谱(歌词)_许嵩孙涛演唱_桃李醉春风记谱__jianpujia-11940	/home/caesium-132/jianpu/images-prep/jianpujia-693/​书香年华简谱(歌词)_许嵩孙涛演唱_桃李醉春风记谱__jianpujia-11940/001.gif
​人到中年一幅画	qupu123	325583	1	简谱	​人到中年一幅画__qupu123-325583	/home/caesium-132/jianpu/images-prep/qupu123-sweep/​人到中年一幅画__qupu123-325583/001.png
​伊雪之冬	qupu123	315444	1	简谱	​伊雪之冬__qupu123-315444	/home/caesium-132/jianpu/images-prep/qupu123-sweep/​伊雪之冬__qupu123-315444/001.jpg
​你就是我今生的依靠	qupu123	316046	1	简谱	​你就是我今生的依靠__qupu123-316046	/home/caesium-132/jianpu/images-prep/qupu123-sweep/​你就是我今生的依靠__qupu123-316046/001.jpg
​再看一眼	jianpujia	11516	1	简谱	​再看一眼简谱(歌词)_谭晶演唱_桃李醉春风记谱__jianpujia-11516	/home/caesium-132/jianpu/images-prep/jianpujia-7224/​再看一眼简谱(歌词)_谭晶演唱_桃李醉春风记谱__jianpujia-11516/001.gif
​再说同学情	qupu123	320082	1	简谱	​再说同学情__qupu123-320082	/home/caesium-132/jianpu/images-prep/qupu123-sweep/​再说同学情__qupu123-320082/001.jpg
​千古	jianpujia	11328	1	简谱	​千古简谱(歌词)_阿兰演唱_电视剧_花千骨_主题曲__jianpujia-11328	/home/caesium-132/jianpu/images-prep/jianpujia-693/​千古简谱(歌词)_阿兰演唱_电视剧_花千骨_主题曲__jianpujia-11328/001.gif
​只为一个爱	qupu123	326327	1	简谱	​只为一个爱__qupu123-326327	/home/caesium-132/jianpu/images-prep/qupu123-sweep/​只为一个爱__qupu123-326327/001.jpg
​唱吧，朋友	qupu123	315448	1	简谱	​唱吧，朋友__qupu123-315448	/home/caesium-132/jianpu/images-prep/qupu123-sweep/​唱吧，朋友__qupu123-315448/001.jpg
​在无风的时光遇见你	qupu123	317685	1	简谱	​在无风的时光遇见你__qupu123-317685	/home/caesium-132/jianpu/images-prep/qupu123-sweep/​在无风的时光遇见你__qupu123-317685/001.png
​在第一场雪里想你	qupu123	315113	1	简谱	​在第一场雪里想你__qupu123-315113	/home/caesium-132/jianpu/images-prep/qupu123-sweep/​在第一场雪里想你__qupu123-315113/001.png
​宋朝的秋天	qupu123	315438	1	简谱	​宋朝的秋天__qupu123-315438	/home/caesium-132/jianpu/images-prep/qupu123-sweep/​宋朝的秋天__qupu123-315438/001.png
​忘尽心中情	qupu123	223275	1	简谱	​忘尽心中情 （香港电视剧《苏乞儿》主题歌）__qupu123-223275	/home/caesium-132/jianpu/images-prep/qupu123-mp015/​忘尽心中情 （香港电视剧《苏乞儿》主题歌）__qupu123-223275/001.jpg
​感悟初春	qupu123	327235	1	简谱	​感悟初春__qupu123-327235	/home/caesium-132/jianpu/images-prep/qupu123-sweep/​感悟初春__qupu123-327235/001.png
​我的情思	qupu123	327952	1	简谱	​我的情思__qupu123-327952	/home/caesium-132/jianpu/images-prep/qupu123-sweep/​我的情思__qupu123-327952/001.png
​放下爱的独尊	qupu123	322972	1	简谱	​放下爱的独尊__qupu123-322972	/home/caesium-132/jianpu/images-prep/qupu123-sweep/​放下爱的独尊__qupu123-322972/001.jpg
​普通朋友	qupu123	245906	1	简谱	​普通朋友__qupu123-245906	/home/caesium-132/jianpu/images-prep/qupu123-mp050/​普通朋友__qupu123-245906/001.jpg
​朋友，北京有请	qupu123	315560	2	简谱	​朋友，北京有请__qupu123-315560	/home/caesium-132/jianpu/images-prep/qupu123-sweep/​朋友，北京有请__qupu123-315560/001.jpg
​梦乡	jianpujia	11477	1	简谱	​梦乡简谱(歌词)_孟小童演唱_桃李醉春风记谱__jianpujia-11477	/home/caesium-132/jianpu/images-prep/jianpujia-1106/​梦乡简谱(歌词)_孟小童演唱_桃李醉春风记谱__jianpujia-11477/001.gif
​梧桐灯	jianpujia	12315	2	简谱	​梧桐灯简谱(歌词)_许嵩演唱_桃李醉春风记谱__jianpujia-12315	/home/caesium-132/jianpu/images-prep/jianpujia-693/​梧桐灯简谱(歌词)_许嵩演唱_桃李醉春风记谱__jianpujia-12315/001.png
​楚留香	qupu123	223884	1	简谱	​楚留香 （香港电视剧《楚留香（79郑少秋版）》主题歌）__qupu123-223884	/home/caesium-132/jianpu/images-prep/qupu123-hk/​楚留香 （香港电视剧《楚留香（79郑少秋版）》主题歌）__qupu123-223884/001.jpg
​江湖笑痴言	qupu123	320083	1	简谱	​江湖笑痴言__qupu123-320083	/home/caesium-132/jianpu/images-prep/qupu123-sweep/​江湖笑痴言__qupu123-320083/001.jpg
​烟雨忆江南	qupu123	315434	1	简谱	​烟雨忆江南__qupu123-315434	/home/caesium-132/jianpu/images-prep/qupu123-sweep/​烟雨忆江南__qupu123-315434/001.jpg
​爱过了又如何	qupu123	315447	1	简谱	​爱过了又如何__qupu123-315447	/home/caesium-132/jianpu/images-prep/qupu123-sweep/​爱过了又如何__qupu123-315447/001.jpg
​红尘一世谁渡	qupu123	327951	1	简谱	​红尘一世谁渡__qupu123-327951	/home/caesium-132/jianpu/images-prep/qupu123-sweep/​红尘一世谁渡__qupu123-327951/001.png
​绵绵相思绵绵愁	qupu123	315442	1	简谱	​绵绵相思绵绵愁__qupu123-315442	/home/caesium-132/jianpu/images-prep/qupu123-sweep/​绵绵相思绵绵愁__qupu123-315442/001.jpg
​美丽女孩·爱的歌	qupu123	325590	1	简谱	​美丽女孩·爱的歌__qupu123-325590	/home/caesium-132/jianpu/images-prep/qupu123-sweep/​美丽女孩·爱的歌__qupu123-325590/001.jpg
​莫问	jianpujia	11266	1	简谱	​莫问简谱(歌词)_清漪演唱_桃李醉春风记谱__jianpujia-11266	/home/caesium-132/jianpu/images-prep/jianpujia-1106/​莫问简谱(歌词)_清漪演唱_桃李醉春风记谱__jianpujia-11266/001.gif
​诗和美酒永远在前方	qupu123	320637	1	简谱	​诗和美酒永远在前方__qupu123-320637	/home/caesium-132/jianpu/images-prep/qupu123-sweep/​诗和美酒永远在前方__qupu123-320637/001.jpg
​走在中央大街上	qupu123	315119	1	简谱	​走在中央大街上__qupu123-315119	/home/caesium-132/jianpu/images-prep/qupu123-sweep/​走在中央大街上__qupu123-315119/001.jpg
​逝去的约定	qupu123	315446	1	简谱	​逝去的约定__qupu123-315446	/home/caesium-132/jianpu/images-prep/qupu123-sweep/​逝去的约定__qupu123-315446/001.jpg
​醒来吧，朋友	qupu123	325550	1	简谱	​醒来吧，朋友__qupu123-325550	/home/caesium-132/jianpu/images-prep/qupu123-sweep/​醒来吧，朋友__qupu123-325550/001.jpg
★LOVE★	jianpucn	177479	1	简谱	★LOVE★__jianpucn-177479	/home/caesium-132/jianpu/images-prep/jianpucn-beyond/★LOVE★__jianpucn-177479/001.jpg
★两颗心★	jianpucn	177640	1	简谱	★两颗心★__jianpucn-177640	/home/caesium-132/jianpu/images-prep/jianpucn-beyond/★两颗心★__jianpucn-177640/001.jpg
★交织千个心★	jianpucn	172096	1	简谱	★交织千个心★__jianpucn-172096	/home/caesium-132/jianpu/images-prep/jianpucn-beyond/★交织千个心★__jianpucn-172096/001.jpg
★原谅我今天★	jianpucn	172514	2	简谱	★原谅我今天★__jianpucn-172514	/home/caesium-132/jianpu/images-prep/jianpucn-beyond/★原谅我今天★__jianpucn-172514/001.jpg
★大地★	jianpucn	199172	1	简谱	★大地★__jianpucn-199172	/home/caesium-132/jianpu/images-prep/jianpucn-beyond/★大地★__jianpucn-199172/001.jpg
★情人★	jianpucn	172192	2	简谱	★情人★__jianpucn-172192	/home/caesium-132/jianpu/images-prep/jianpucn-beyond/★情人★__jianpucn-172192/001.jpg
★最想念你★	jianpucn	176475	2	简谱	★最想念你★__jianpucn-176475	/home/caesium-132/jianpu/images-prep/jianpucn-beyond/★最想念你★__jianpucn-176475/001.jpg
★海阔天空★	jianpucn	172610	2	简谱	★海阔天空★__jianpucn-172610	/home/caesium-132/jianpu/images-prep/jianpucn-beyond/★海阔天空★__jianpucn-172610/001.jpg
★灰色轨迹★	jianpucn	208498	2	简谱	★灰色轨迹★__jianpucn-208498	/home/caesium-132/jianpu/images-prep/jianpucn-beyond/★灰色轨迹★__jianpucn-208498/001.jpg
★长城★	jianpucn	177423	1	简谱	★长城★__jianpucn-177423	/home/caesium-132/jianpu/images-prep/jianpucn-beyond/★长城★__jianpucn-177423/001.jpg
《Hey Jude》高清	jianpucn	207835	4	改编	《Hey Jude》高清吉他谱__jianpucn-207835	/home/caesium-132/jianpu/images-prep/jianpucn-pop/《Hey Jude》高清吉他谱__jianpucn-207835/001.jpg
《K歌之王》 中级版	jianpucn	450758	3	改编	《K歌之王》 中级版（ 吉他教学）__jianpucn-450758	/home/caesium-132/jianpu/images-prep/jianpucn-pop/《K歌之王》 中级版（ 吉他教学）__jianpucn-450758/001.jpg
《K歌之王》 初级版	jianpucn	450759	3	改编	《K歌之王》 初级版（ 吉他教学）__jianpucn-450759	/home/caesium-132/jianpu/images-prep/jianpucn-pop/《K歌之王》 初级版（ 吉他教学）__jianpucn-450759/001.jpg
《Love you you》吉他谱by午夜编配	jianpucn	171572	4	改编	《Love you you》吉他谱by午夜编配__jianpucn-171572	/home/caesium-132/jianpu/images-prep/jianpucn-linjunjie/《Love you you》吉他谱by午夜编配__jianpucn-171572/001.jpg
《T1213121》五月天 适合初学者	jianpucn	200272	3	简谱	《T1213121》五月天 适合初学者__jianpucn-200272	/home/caesium-132/jianpu/images-prep/jianpucn-wuyuetian/《T1213121》五月天 适合初学者__jianpucn-200272/001.jpg
《七里香》-周杰伦	qupu123	362625	2	改编	《七里香》-周杰伦（吉他曲谱）__qupu123-362625	/home/caesium-132/jianpu/images-prep/qupu123-zhoujielun/《七里香》-周杰伦（吉他曲谱）__qupu123-362625/001.jpg
《七里香》吉他谱C调入门版 周杰伦 高音教编配 猴哥吉他教学	qupu123	348769	2	改编	《七里香》吉他谱C调入门版 周杰伦 高音教编配 猴哥吉他教学__qupu123-348769	/home/caesium-132/jianpu/images-prep/qupu123-zhoujielun/《七里香》吉他谱C调入门版 周杰伦 高音教编配 猴哥吉他教学__qupu123-348769/001.jpg
《不存在的情人》 钢琴独奏	jianpucn	225442	2	改编	《不存在的情人》 钢琴独奏__jianpucn-225442	/home/caesium-132/jianpu/images-prep/jianpucn-linjunjie/《不存在的情人》 钢琴独奏__jianpucn-225442/001.jpg
《不懂》钢琴伴奏完美版Ver1 0	jianpucn	232487	2	改编	《不懂》钢琴伴奏完美版Ver1 0__jianpucn-232487	/home/caesium-132/jianpu/images-prep/jianpucn-linjunjie/《不懂》钢琴伴奏完美版Ver1 0__jianpucn-232487/001.jpg
《不柒》吉他谱G调精华版 毛不易 高音教编配	qupu123	337502	1	改编	《不柒》吉他谱G调精华版 毛不易 高音教编配__qupu123-337502	/home/caesium-132/jianpu/images-prep/qupu123-maobuyi/《不柒》吉他谱G调精华版 毛不易 高音教编配__qupu123-337502/001.jpg
《不能说的秘密》JAY的SECRET	jianpucn	106453	2	简谱	《不能说的秘密》JAY的SECRET__jianpucn-106453	/home/caesium-132/jianpu/images-prep/jianpucn-zhoujielun/《不能说的秘密》JAY的SECRET__jianpucn-106453/001.jpg
《不能说的秘密》快把他爸弹哭的曲子	jianpucn	106446	1	简谱	《不能说的秘密》快把他爸弹哭的曲子__jianpucn-106446	/home/caesium-132/jianpu/images-prep/jianpucn-zhoujielun/《不能说的秘密》快把他爸弹哭的曲子__jianpucn-106446/001.jpg
《不能说的秘密》斗琴第一首	jianpucn	106450	1	简谱	《不能说的秘密》斗琴第一首__jianpucn-106450	/home/caesium-132/jianpu/images-prep/jianpucn-zhoujielun/《不能说的秘密》斗琴第一首__jianpucn-106450/001.jpg
《不能说的秘密》笛子钢琴合奏	jianpucn	106451	1	改编	《不能说的秘密》笛子钢琴合奏__jianpucn-106451	/home/caesium-132/jianpu/images-prep/jianpucn-zhoujielun/《不能说的秘密》笛子钢琴合奏__jianpucn-106451/001.jpg
《丑八怪》 C调标准高清版 高音教编配	jianpucn	422456	1	改编	《丑八怪》 C调标准高清版 高音教编配__jianpucn-422456	/home/caesium-132/jianpu/images-prep/jianpucn-xuezhiqian/《丑八怪》 C调标准高清版 高音教编配__jianpucn-422456/001.jpg
《丑八怪》 G调入门高清版 高音教编配	jianpucn	422544	1	改编	《丑八怪》 G调入门高清版 高音教编配__jianpucn-422544	/home/caesium-132/jianpu/images-prep/jianpucn-xuezhiqian/《丑八怪》 G调入门高清版 高音教编配__jianpucn-422544/001.jpg
《为爱痴狂》吉他谱G调入门版 高音教编配 猴哥吉他教学	qupu123	352063	1	改编	《为爱痴狂》吉他谱G调入门版 高音教编配 猴哥吉他教学__qupu123-352063	/home/caesium-132/jianpu/images-prep/qupu123-mp079/《为爱痴狂》吉他谱G调入门版 高音教编配 猴哥吉他教学__qupu123-352063/001.jpg
《传奇》吉他谱C调精华版 李建	qupu123	340388	1	改编	《传奇》吉他谱C调精华版 李建_王菲 高音教编配__qupu123-340388	/home/caesium-132/jianpu/images-prep/qupu123-wangfei/《传奇》吉他谱C调精华版 李建_王菲 高音教编配__qupu123-340388/001.jpg
《修炼爱情》C调超原版中级版	jianpucn	348973	2	简谱	《修炼爱情》C调超原版中级版（ 编谱）__jianpucn-348973	/home/caesium-132/jianpu/images-prep/jianpucn-linjunjie/《修炼爱情》C调超原版中级版（ 编谱）__jianpucn-348973/001.jpg
《修炼爱情》简单初学版	jianpucn	348974	2	简谱	《修炼爱情》简单初学版（ 编谱）__jianpucn-348974	/home/caesium-132/jianpu/images-prep/jianpucn-linjunjie/《修炼爱情》简单初学版（ 编谱）__jianpucn-348974/001.jpg
《修炼爱情》超原版中级版	jianpucn	349084	2	简谱	《修炼爱情》超原版中级版（酷音小伟编谱）__jianpucn-349084	/home/caesium-132/jianpu/images-prep/jianpucn-linjunjie/《修炼爱情》超原版中级版（酷音小伟编谱）__jianpucn-349084/001.jpg
《倒带》 C调入门版	jianpucn	429773	1	改编	《倒带》 C调入门版( 吉他教学)__jianpucn-429773	/home/caesium-132/jianpu/images-prep/jianpucn-caiyilin/《倒带》 C调入门版( 吉他教学)__jianpucn-429773/001.jpg
《倒带》 C调初级进阶版	jianpucn	429772	1	改编	《倒带》 C调初级进阶版( 吉他教学)__jianpucn-429772	/home/caesium-132/jianpu/images-prep/jianpucn-caiyilin/《倒带》 C调初级进阶版( 吉他教学)__jianpucn-429772/001.jpg
《倩女幽魂》背景音乐——梦&nbsp;&nbsp;	jianpucn	150214	1	简谱	《倩女幽魂》背景音乐——梦&nbsp;&nbsp;__jianpucn-150214	/home/caesium-132/jianpu/images-prep/jianpucn-title/《倩女幽魂》背景音乐——梦&nbsp;&nbsp;__jianpucn-150214/001.jpg
《像我这样的人》 C调扫弦版 高音教编配	jianpucn	422344	1	改编	《像我这样的人》 C调扫弦版 高音教编配__jianpucn-422344	/home/caesium-132/jianpu/images-prep/jianpucn-maobuyi/《像我这样的人》 C调扫弦版 高音教编配__jianpucn-422344/001.jpg
《像我这样的人》 C调标准版吉他弹唱教学 高音教	jianpucn	422216	1	改编	《像我这样的人》 C调标准版吉他弹唱教学 高音教__jianpucn-422216	/home/caesium-132/jianpu/images-prep/jianpucn-maobuyi/《像我这样的人》 C调标准版吉他弹唱教学 高音教__jianpucn-422216/001.jpg
《光年之外》 C调简单版	jianpucn	427829	2	改编	《光年之外》 C调简单版（ 吉他教学）__jianpucn-427829	/home/caesium-132/jianpu/images-prep/jianpucn-dengziqi/《光年之外》 C调简单版（ 吉他教学）__jianpucn-427829/001.jpg
《光年之外》 C调精华版 G E M 高音教编配	jianpucn	424271	1	改编	《光年之外》 C调精华版 G E M 高音教编配__jianpucn-424271	/home/caesium-132/jianpu/images-prep/jianpucn-dengziqi/《光年之外》 C调精华版 G E M 高音教编配__jianpucn-424271/001.jpg
《光年之外》 G调入门版 高音教编配	jianpucn	424631	1	改编	《光年之外》 G调入门版 高音教编配__jianpucn-424631	/home/caesium-132/jianpu/images-prep/jianpucn-dengziqi/《光年之外》 G调入门版 高音教编配__jianpucn-424631/001.jpg
《光年之外》 G调指法中级版	jianpucn	427830	2	改编	《光年之外》 G调指法中级版（ 吉他教学）__jianpucn-427830	/home/caesium-132/jianpu/images-prep/jianpucn-dengziqi/《光年之外》 G调指法中级版（ 吉他教学）__jianpucn-427830/001.jpg
《光年之外》吉他谱G调入门版 邓紫棋 高音教编配	qupu123	336424	3	改编	《光年之外》吉他谱G调入门版 邓紫棋 高音教编配__qupu123-336424	/home/caesium-132/jianpu/images-prep/qupu123-dengziqi/《光年之外》吉他谱G调入门版 邓紫棋 高音教编配__qupu123-336424/001.jpg
《再见理想》 中级版 吉他教学	jianpucn	452246	3	改编	《再见理想》 中级版 吉他教学（带教学视频）__jianpucn-452246	/home/caesium-132/jianpu/images-prep/jianpucn-beyond/《再见理想》 中级版 吉他教学（带教学视频）__jianpucn-452246/001.jpg
《再见理想》 初级版 吉他教学	jianpucn	452247	3	改编	《再见理想》 初级版 吉他教学__jianpucn-452247	/home/caesium-132/jianpu/images-prep/jianpucn-beyond/《再见理想》 初级版 吉他教学__jianpucn-452247/001.jpg
《冷雨夜》 初级简单版 吉他弹唱教学	jianpucn	446015	3	改编	《冷雨夜》 初级简单版 吉他弹唱教学__jianpucn-446015	/home/caesium-132/jianpu/images-prep/jianpucn-beyond/《冷雨夜》 初级简单版 吉他弹唱教学__jianpucn-446015/001.jpg
《刚刚好》超原版超好听酷音小伟吉他教学	jianpucn	349630	2	改编	《刚刚好》超原版超好听酷音小伟吉他教学__jianpucn-349630	/home/caesium-132/jianpu/images-prep/jianpucn-xuezhiqian/《刚刚好》超原版超好听酷音小伟吉他教学__jianpucn-349630/001.jpg
《北京北京》吉他谱C调入门版 汪峰 高音教编配 猴哥吉他教学	qupu123	346714	1	改编	《北京北京》吉他谱C调入门版 汪峰 高音教编配 猴哥吉他教学__qupu123-346714	/home/caesium-132/jianpu/images-prep/qupu123-wangfeng/《北京北京》吉他谱C调入门版 汪峰 高音教编配 猴哥吉他教学__qupu123-346714/001.jpg
《北京爱情故事》主题曲《北京北京》	jianpucn	189836	3	改编	《北京爱情故事》主题曲《北京北京》吉他谱__jianpucn-189836	/home/caesium-132/jianpu/images-prep/jianpucn-wangfeng/《北京爱情故事》主题曲《北京北京》吉他谱__jianpucn-189836/001.jpg
《北京青年》-片尾曲《 存在》-汪峰 六线谱	jianpucn	209107	2	简谱	《北京青年》-片尾曲《 存在》-汪峰 六线谱__jianpucn-209107	/home/caesium-132/jianpu/images-prep/jianpucn-wangfeng/《北京青年》-片尾曲《 存在》-汪峰 六线谱__jianpucn-209107/001.jpg
《千里之外》吉他谱C调入门版 周杰伦 高音教编配	qupu123	341217	2	改编	《千里之外》吉他谱C调入门版 周杰伦 高音教编配__qupu123-341217	/home/caesium-132/jianpu/images-prep/qupu123-zhoujielun/《千里之外》吉他谱C调入门版 周杰伦 高音教编配__qupu123-341217/001.jpg
《原来爱情这么伤》精制版	jianpucn	122225	2	简谱	《原来爱情这么伤》精制版__jianpucn-122225	/home/caesium-132/jianpu/images-prep/jianpucn-pop/《原来爱情这么伤》精制版__jianpucn-122225/001.jpg
《后会无期》 简单版 吉他弹唱教学	jianpucn	434870	1	改编	《后会无期》 简单版 吉他弹唱教学__jianpucn-434870	/home/caesium-132/jianpu/images-prep/jianpucn-dengziqi/《后会无期》 简单版 吉他弹唱教学__jianpucn-434870/001.jpg
《哎呦~不错嘛!》周杰伦钢琴大串烧	jianpucn	181257	2	改编	《哎呦~不错嘛!》周杰伦钢琴大串烧__jianpucn-181257	/home/caesium-132/jianpu/images-prep/jianpucn-zhoujielun/《哎呦~不错嘛!》周杰伦钢琴大串烧__jianpucn-181257/001.jpg
《喜欢你》 吉他教学	jianpucn	431306	1	改编	《喜欢你》 吉他教学__jianpucn-431306	/home/caesium-132/jianpu/images-prep/jianpucn-beyond/《喜欢你》 吉他教学__jianpucn-431306/001.jpg
《多远都要在一起》	jianpucn	282824	2	简谱	《多远都要在一起》__jianpucn-282824	/home/caesium-132/jianpu/images-prep/jianpucn-dengziqi/《多远都要在一起》__jianpucn-282824/001.jpg
《天份》 D调精华版 高音教编配	jianpucn	425161	1	改编	《天份》 D调精华版 高音教编配__jianpucn-425161	/home/caesium-132/jianpu/images-prep/jianpucn-xuezhiqian/《天份》 D调精华版 高音教编配__jianpucn-425161/001.jpg
《天份》吉他谱C调入门版 薛之谦 高音教编配	qupu123	336651	1	改编	《天份》吉他谱C调入门版 薛之谦 高音教编配__qupu123-336651	/home/caesium-132/jianpu/images-prep/qupu123-xuezhiqian/《天份》吉他谱C调入门版 薛之谦 高音教编配__qupu123-336651/001.jpg
《天份》吉他谱D调精华版 薛之谦 高音教编配	qupu123	336645	3	改编	《天份》吉他谱D调精华版 薛之谦 高音教编配__qupu123-336645	/home/caesium-132/jianpu/images-prep/qupu123-xuezhiqian/《天份》吉他谱D调精华版 薛之谦 高音教编配__qupu123-336645/001.jpg
《她说》吉他谱C调入门版 林俊杰 高音教编配 猴哥吉他教学	qupu123	348894	1	改编	《她说》吉他谱C调入门版 林俊杰 高音教编配 猴哥吉他教学__qupu123-348894	/home/caesium-132/jianpu/images-prep/qupu123-linjunjie/《她说》吉他谱C调入门版 林俊杰 高音教编配 猴哥吉他教学__qupu123-348894/001.jpg
《好久不见》吉他谱C调精华版 陈奕迅 高音教编配 猴哥吉他教学	qupu123	348944	1	改编	《好久不见》吉他谱C调精华版 陈奕迅 高音教编配 猴哥吉他教学__qupu123-348944	/home/caesium-132/jianpu/images-prep/qupu123-chenyixun/《好久不见》吉他谱C调精华版 陈奕迅 高音教编配 猴哥吉他教学__qupu123-348944/001.jpg
《如果这就是爱情》小霖重新编配版	jianpucn	231185	2	改编	《如果这就是爱情》小霖重新编配版__jianpucn-231185	/home/caesium-132/jianpu/images-prep/jianpucn-pop/《如果这就是爱情》小霖重新编配版__jianpucn-231185/001.jpg
《存在》弹唱华丽精编版	jianpucn	245695	2	改编	《存在》弹唱华丽精编版__jianpucn-245695	/home/caesium-132/jianpu/images-prep/jianpucn-dengziqi/《存在》弹唱华丽精编版__jianpucn-245695/001.jpg
《安河桥》	qupu123	360054	2	简谱	《安河桥》（宋冬野）__qupu123-360054	/home/caesium-132/jianpu/images-prep/qupu123-kw/《安河桥》（宋冬野）__qupu123-360054/001.png
《平凡之路》双吉他精华版	jianpucn	428467	2	改编	《平凡之路》双吉他精华版__jianpucn-428467	/home/caesium-132/jianpu/images-prep/jianpucn-pushu/《平凡之路》双吉他精华版__jianpucn-428467/001.jpg
《平凡之路》完整吉他	jianpucn	266379	2	改编	《平凡之路》完整吉他弹唱谱__jianpucn-266379	/home/caesium-132/jianpu/images-prep/jianpucn-pushu/《平凡之路》完整吉他弹唱谱__jianpucn-266379/001.jpg
《平凡的一天》-	jianpucn	448414	1	简谱	《平凡的一天》-__jianpucn-448414	/home/caesium-132/jianpu/images-prep/jianpucn-maobuyi/《平凡的一天》-__jianpucn-448414/001.jpg
《平凡的一天》-毛不易	qupu123	363273	1	改编	《平凡的一天》-毛不易（吉他曲谱）__qupu123-363273	/home/caesium-132/jianpu/images-prep/qupu123-maobuyi/《平凡的一天》-毛不易（吉他曲谱）__qupu123-363273/001.jpg
《开国元勋朱德》片尾曲《扁担歌》	jianpucn	273359	1	简谱	《开国元勋朱德》片尾曲《扁担歌》__jianpucn-273359	/home/caesium-132/jianpu/images-prep/jianpucn-hanlei/《开国元勋朱德》片尾曲《扁担歌》__jianpucn-273359/001.jpg
《弹唱》 C调版 酷音小伟吉他教学	jianpucn	408488	1	改编	《弹唱》 C调版 酷音小伟吉他教学__jianpucn-408488	/home/caesium-132/jianpu/images-prep/jianpucn-linjunjie/《弹唱》 C调版 酷音小伟吉他教学__jianpucn-408488/001.jpg
《弹唱》G调版	jianpucn	408489	1	改编	《弹唱》G调版__jianpucn-408489	/home/caesium-132/jianpu/images-prep/jianpucn-linjunjie/《弹唱》G调版__jianpucn-408489/001.jpg
《当我想你的时候》 G调入门版 编配 猴哥吉他教学	jianpucn	440017	2	改编	《当我想你的时候》 G调入门版 编配 猴哥吉他教学__jianpucn-440017	/home/caesium-132/jianpu/images-prep/jianpucn-wangfeng/《当我想你的时候》 G调入门版 编配 猴哥吉他教学__jianpucn-440017/001.jpg
《忆秦娥·满月》	qupu123	396286	3	简谱	《忆秦娥·满月》（原创）__qupu123-396286	/home/caesium-132/jianpu/images-prep/qupu123-crawl/《忆秦娥·满月》（原创）__qupu123-396286/001.jpg
《忆秦楼月》	qupu123	396205	3	简谱	《忆秦楼月》（原创）__qupu123-396205	/home/caesium-132/jianpu/images-prep/qupu123-crawl/《忆秦楼月》（原创）__qupu123-396205/001.jpg
《忘不了》简易弹唱版 -	jianpucn	254082	2	改编	《忘不了》简易弹唱版 -__jianpucn-254082	/home/caesium-132/jianpu/images-prep/jianpucn-tongange/《忘不了》简易弹唱版 -__jianpucn-254082/001.jpg
《怒放的生命》 C调精华版 编配 猴哥吉他教学	jianpucn	439722	1	改编	《怒放的生命》 C调精华版 编配 猴哥吉他教学__jianpucn-439722	/home/caesium-132/jianpu/images-prep/jianpucn-wangfeng/《怒放的生命》 C调精华版 编配 猴哥吉他教学__jianpucn-439722/001.jpg
《情网》吉他六线谱—至尊宝编配版本	jianpucn	143619	1	改编	《情网》吉他六线谱—至尊宝编配版本__jianpucn-143619	/home/caesium-132/jianpu/images-prep/jianpucn-zhangxueyou/《情网》吉他六线谱—至尊宝编配版本__jianpucn-143619/001.jpg
《愚人的国度》吉他谱C调精华版 孙燕姿 高音教编配	qupu123	340066	1	改编	《愚人的国度》吉他谱C调精华版 孙燕姿 高音教编配__qupu123-340066	/home/caesium-132/jianpu/images-prep/qupu123-sunyanzi/《愚人的国度》吉他谱C调精华版 孙燕姿 高音教编配__qupu123-340066/001.jpg
《愛上一個不回家的人》	jianpucn	188896	2	简谱	《愛上一個不回家的人》（一）__jianpucn-188896	/home/caesium-132/jianpu/images-prep/jianpucn-pop/《愛上一個不回家的人》（一）__jianpucn-188896/001.jpg
《我们说好的》	jianpucn	233958	2	简谱	《我们说好的》（musicfish版）__jianpucn-233958	/home/caesium-132/jianpu/images-prep/jianpucn-pop/《我们说好的》（musicfish版）__jianpucn-233958/001.jpg
《我只在乎你》初学版	jianpucn	254792	1	简谱	《我只在乎你》初学版__jianpucn-254792	/home/caesium-132/jianpu/images-prep/jianpucn-denglijun/《我只在乎你》初学版__jianpucn-254792/001.jpg
《我的中国心》钢琴弹唱版	jianpucn	235393	2	改编	《我的中国心》钢琴弹唱版__jianpucn-235393	/home/caesium-132/jianpu/images-prep/jianpucn-zhangmingmin/《我的中国心》钢琴弹唱版__jianpucn-235393/001.jpg
《我要我们在一起》钢琴伴奏谱	jianpucn	248494	4	改编	《我要我们在一起》钢琴伴奏谱__jianpucn-248494	/home/caesium-132/jianpu/images-prep/jianpucn-dengziqi/《我要我们在一起》钢琴伴奏谱__jianpucn-248494/001.jpg
《战友情长——谨以此歌怀念战友致敬军旅时光》	qupu123	396113	1	简谱	《战友情长——谨以此歌怀念战友致敬军旅时光》__qupu123-396113	/home/caesium-132/jianpu/images-prep/qupu123-crawl/《战友情长——谨以此歌怀念战友致敬军旅时光》__qupu123-396113/001.gif
《执子之手共白头》一斑词 南风曲&nbsp;&nbsp;	jianpucn	168092	1	简谱	《执子之手共白头》一斑词 南风曲&nbsp;&nbsp;__jianpucn-168092	/home/caesium-132/jianpu/images-prep/jianpucn-title/《执子之手共白头》一斑词 南风曲&nbsp;&nbsp;__jianpucn-168092/001.jpg
《承诺——鄂温克族自治旗公安局交通管理大队之歌》	qupu123	395640	1	简谱	《承诺——鄂温克族自治旗公安局交通管理大队之歌》（本歌曲为原创歌曲）__qupu123-395640	/home/caesium-132/jianpu/images-prep/qupu123-crawl/《承诺——鄂温克族自治旗公安局交通管理大队之歌》（本歌曲为原创歌曲）__qupu123-395640/001.jpg
《探皇陵》众家儿郎且退后	qupu123	242820	1	简谱	《探皇陵》众家儿郎且退后（京剧选段、京胡谱）__qupu123-242820	/home/caesium-132/jianpu/images-prep/qupu123-mp033/《探皇陵》众家儿郎且退后（京剧选段、京胡谱）__qupu123-242820/001.png
《方圆几里》超原版超好听	jianpucn	349206	2	简谱	《方圆几里》超原版超好听（酷音小伟）__jianpucn-349206	/home/caesium-132/jianpu/images-prep/jianpucn-xuezhiqian/《方圆几里》超原版超好听（酷音小伟）__jianpucn-349206/001.jpg
《旅行》 C调初级版 吉他教学	jianpucn	452616	3	改编	《旅行》 C调初级版 吉他教学__jianpucn-452616	/home/caesium-132/jianpu/images-prep/jianpucn-xuwei/《旅行》 C调初级版 吉他教学__jianpucn-452616/001.jpg
《旅行》吉他谱G调精华版 许巍 高音教编配	qupu123	340326	1	改编	《旅行》吉他谱G调精华版 许巍 高音教编配__qupu123-340326	/home/caesium-132/jianpu/images-prep/qupu123-xuwei/《旅行》吉他谱G调精华版 许巍 高音教编配__qupu123-340326/001.jpg
《旋木》吉他谱C调精华版 王菲 高音教编配	qupu123	340406	1	改编	《旋木》吉他谱C调精华版 王菲 高音教编配__qupu123-340406	/home/caesium-132/jianpu/images-prep/qupu123-wangfei/《旋木》吉他谱C调精华版 王菲 高音教编配__qupu123-340406/001.jpg
《晴天》C调中级版酷音小伟编谱	jianpucn	344459	2	简谱	《晴天》C调中级版酷音小伟编谱__jianpucn-344459	/home/caesium-132/jianpu/images-prep/jianpucn-zhoujielun/《晴天》C调中级版酷音小伟编谱__jianpucn-344459/001.jpg
《晴天》吉他谱G调精华版 周杰伦 高音教编配	qupu123	340354	2	改编	《晴天》吉他谱G调精华版 周杰伦 高音教编配__qupu123-340354	/home/caesium-132/jianpu/images-prep/qupu123-zhoujielun/《晴天》吉他谱G调精华版 周杰伦 高音教编配__qupu123-340354/001.jpg
《暧昧》 C调 酷音小伟吉他教学	jianpucn	414111	2	改编	《暧昧》 C调 酷音小伟吉他教学__jianpucn-414111	/home/caesium-132/jianpu/images-prep/jianpucn-xuezhiqian/《暧昧》 C调 酷音小伟吉他教学__jianpucn-414111/001.jpg
《暧昧》 C调指法 完美弹唱版	jianpucn	413966	2	改编	《暧昧》 C调指法 完美弹唱版（ 吉他教学）__jianpucn-413966	/home/caesium-132/jianpu/images-prep/jianpucn-xuezhiqian/《暧昧》 C调指法 完美弹唱版（ 吉他教学）__jianpucn-413966/001.jpg
《暧昧》 简单版 酷音小伟编谱	jianpucn	414112	2	简谱	《暧昧》 简单版 酷音小伟编谱__jianpucn-414112	/home/caesium-132/jianpu/images-prep/jianpucn-xuezhiqian/《暧昧》 简单版 酷音小伟编谱__jianpucn-414112/001.jpg
《曾经的你》吉他谱D调精华版 许巍 高音教编配	qupu123	340118	1	改编	《曾经的你》吉他谱D调精华版 许巍 高音教编配__qupu123-340118	/home/caesium-132/jianpu/images-prep/qupu123-xuwei/《曾经的你》吉他谱D调精华版 许巍 高音教编配__qupu123-340118/001.jpg
《最伟大的作品》 中级版带前奏间奏尾奏 吉他教学	jianpucn	452343	3	改编	《最伟大的作品》 中级版带前奏间奏尾奏 吉他教学（带教学视频）__jianpucn-452343	/home/caesium-132/jianpu/images-prep/jianpucn-zhoujielun/《最伟大的作品》 中级版带前奏间奏尾奏 吉他教学（带教学视频）__jianpucn-452343/001.jpg
《月亮代表我的心》 C调入门版 编配 猴哥吉他教学	jianpucn	439132	1	改编	《月亮代表我的心》 C调入门版 编配 猴哥吉他教学__jianpucn-439132	/home/caesium-132/jianpu/images-prep/jianpucn-denglijun/《月亮代表我的心》 C调入门版 编配 猴哥吉他教学__jianpucn-439132/001.jpg
《月亮代表我的心》 酷音小伟吉他弹唱教学吉他自学教程	jianpucn	425775	1	改编	《月亮代表我的心》 酷音小伟吉他弹唱教学吉他自学教程__jianpucn-425775	/home/caesium-132/jianpu/images-prep/jianpucn-denglijun/《月亮代表我的心》 酷音小伟吉他弹唱教学吉他自学教程__jianpucn-425775/001.jpg
《有个爱你的人不容易》 吉他弹唱教学G调入门版	jianpucn	440788	1	改编	《有个爱你的人不容易》 吉他弹唱教学G调入门版__jianpucn-440788	/home/caesium-132/jianpu/images-prep/jianpucn-naying/《有个爱你的人不容易》 吉他弹唱教学G调入门版__jianpucn-440788/001.jpg
《来自天堂的恶魔》吉他谱G调入门版 G.E.M.邓紫棋 高音教编配 猴哥吉他教学	qupu123	345200	2	改编	《来自天堂的恶魔》吉他谱G调入门版 G.E.M.邓紫棋 高音教编配 猴哥吉他教学__qupu123-345200	/home/caesium-132/jianpu/images-prep/qupu123-dengziqi/《来自天堂的恶魔》吉他谱G调入门版 G.E.M.邓紫棋 高音教编配 猴哥吉他教学__qupu123-345200/001.jpg
《水管的友情》	jianpucn	247660	3	简谱	《水管的友情》__jianpucn-247660	/home/caesium-132/jianpu/images-prep/jianpucn-zhoujielun/《水管的友情》__jianpucn-247660/001.jpg
《泡沫》吉他谱D调精华版 邓紫棋 高音教编配	qupu123	340027	1	改编	《泡沫》吉他谱D调精华版 邓紫棋 高音教编配__qupu123-340027	/home/caesium-132/jianpu/images-prep/qupu123-dengziqi/《泡沫》吉他谱D调精华版 邓紫棋 高音教编配__qupu123-340027/001.jpg
《海阔天空》一把吉他最强版	jianpucn	312254	2	改编	《海阔天空》一把吉他最强版__jianpucn-312254	/home/caesium-132/jianpu/images-prep/jianpucn-beyond/《海阔天空》一把吉他最强版__jianpucn-312254/001.jpg
《温柔	jianpucn	208460	1	改编	《温柔_》原版编配-五月天__jianpucn-208460	/home/caesium-132/jianpu/images-prep/jianpucn-wuyuetian/《温柔_》原版编配-五月天__jianpucn-208460/001.jpg
《漂洋过海来看你》 简单版	jianpucn	423177	1	改编	《漂洋过海来看你》 简单版（ 吉他教学）__jianpucn-423177	/home/caesium-132/jianpu/images-prep/jianpucn-lizongsheng/《漂洋过海来看你》 简单版（ 吉他教学）__jianpucn-423177/001.jpg
《演员》 原版A调 及教学视频	jianpucn	313835	2	改编	《演员》 原版A调 及教学视频（ 编配）__jianpucn-313835	/home/caesium-132/jianpu/images-prep/jianpucn-xuezhiqian/《演员》 原版A调 及教学视频（ 编配）__jianpucn-313835/001.jpg
《演员》 原版C调轻松弹唱	jianpucn	314180	2	改编	《演员》 原版C调轻松弹唱（ 编谱）__jianpucn-314180	/home/caesium-132/jianpu/images-prep/jianpucn-xuezhiqian/《演员》 原版C调轻松弹唱（ 编谱）__jianpucn-314180/001.jpg
《烦恼歌》吉他谱G调精华版 张学友 高音教编配	qupu123	338447	2	改编	《烦恼歌》吉他谱G调精华版 张学友 高音教编配__qupu123-338447	/home/caesium-132/jianpu/images-prep/qupu123-zhangxueyou/《烦恼歌》吉他谱G调精华版 张学友 高音教编配__qupu123-338447/001.jpg
《爱与希望》钢琴伴奏 郝氏谱	jianpucn	232136	2	改编	《爱与希望》钢琴伴奏 郝氏谱__jianpucn-232136	/home/caesium-132/jianpu/images-prep/jianpucn-linjunjie/《爱与希望》钢琴伴奏 郝氏谱__jianpucn-232136/001.jpg
《爱要怎么说出口》吉他谱C调入门版 林俊杰 高音教编配	qupu123	341893	1	改编	《爱要怎么说出口》吉他谱C调入门版 林俊杰 高音教编配__qupu123-341893	/home/caesium-132/jianpu/images-prep/qupu123-linjunjie/《爱要怎么说出口》吉他谱C调入门版 林俊杰 高音教编配__qupu123-341893/001.jpg
《相随相伴》	qupu123	395660	1	简谱	《相随相伴》（原创歌曲）__qupu123-395660	/home/caesium-132/jianpu/images-prep/qupu123-crawl/《相随相伴》（原创歌曲）__qupu123-395660/001.jpg
《硬币》 吉他弹唱教学C调入门版	jianpucn	441346	1	改编	《硬币》 吉他弹唱教学C调入门版__jianpucn-441346	/home/caesium-132/jianpu/images-prep/jianpucn-wangfeng/《硬币》 吉他弹唱教学C调入门版__jianpucn-441346/001.jpg
《等你下课》 C调入门高清版 高音教编配	jianpucn	422913	1	改编	《等你下课》 C调入门高清版 高音教编配__jianpucn-422913	/home/caesium-132/jianpu/images-prep/jianpucn-zhoujielun/《等你下课》 C调入门高清版 高音教编配__jianpucn-422913/001.jpg
《等你下课》 G调标准高清版 高音教编配	jianpucn	422898	1	改编	《等你下课》 G调标准高清版 高音教编配__jianpucn-422898	/home/caesium-132/jianpu/images-prep/jianpucn-zhoujielun/《等你下课》 G调标准高清版 高音教编配__jianpucn-422898/001.jpg
《算什么男人》 适合新手	jianpucn	278474	1	简谱	《算什么男人》 适合新手__jianpucn-278474	/home/caesium-132/jianpu/images-prep/jianpucn-zhoujielun/《算什么男人》 适合新手__jianpucn-278474/001.jpg
《算什么男人》吉他谱C调精华版 周杰伦 高音教编配 猴哥吉他教学	qupu123	348840	1	改编	《算什么男人》吉他谱C调精华版 周杰伦 高音教编配 猴哥吉他教学__qupu123-348840	/home/caesium-132/jianpu/images-prep/qupu123-nb/《算什么男人》吉他谱C调精华版 周杰伦 高音教编配 猴哥吉他教学__qupu123-348840/001.jpg
《红莓花儿开》	jianpucn	442347	1	简谱	《红莓花儿开》（电影《囧妈》片尾曲 毛不易演唱版本）__jianpucn-442347	/home/caesium-132/jianpu/images-prep/jianpucn-maobuyi/《红莓花儿开》（电影《囧妈》片尾曲 毛不易演唱版本）__jianpucn-442347/001.jpg
《练习》 吉他弹唱教学G调入门版 猴哥吉他教学	jianpucn	440209	1	改编	《练习》 吉他弹唱教学G调入门版 猴哥吉他教学__jianpucn-440209	/home/caesium-132/jianpu/images-prep/jianpucn-liudehua/《练习》 吉他弹唱教学G调入门版 猴哥吉他教学__jianpucn-440209/001.jpg
《绅士》 酷音小伟编谱	jianpucn	347364	2	简谱	《绅士》 酷音小伟编谱__jianpucn-347364	/home/caesium-132/jianpu/images-prep/jianpucn-xuezhiqian/《绅士》 酷音小伟编谱__jianpucn-347364/001.jpg
《绅士》G转A调指法	jianpucn	346863	2	改编	《绅士》G转A调指法（ 吉他教学）__jianpucn-346863	/home/caesium-132/jianpu/images-prep/jianpucn-xuezhiqian/《绅士》G转A调指法（ 吉他教学）__jianpucn-346863/001.jpg
《耗尽》 初级进阶带教学视频	jianpucn	448643	3	改编	《耗尽》 初级进阶带教学视频（ 吉他弹唱教学）__jianpucn-448643	/home/caesium-132/jianpu/images-prep/jianpucn-xuezhiqian/《耗尽》 初级进阶带教学视频（ 吉他弹唱教学）__jianpucn-448643/001.jpg
《背对背拥抱》 C调入门版 高音教编配	jianpucn	430934	1	改编	《背对背拥抱》 C调入门版 高音教编配__jianpucn-430934	/home/caesium-132/jianpu/images-prep/jianpucn-linjunjie/《背对背拥抱》 C调入门版 高音教编配__jianpucn-430934/001.jpg
《让我欢喜让我忧》 中级版 带弹唱示范 编谱	jianpucn	473246	3	改编	《让我欢喜让我忧》 中级版 带弹唱示范 编谱__jianpucn-473246	/home/caesium-132/jianpu/images-prep/jianpucn-zhouhuajian/《让我欢喜让我忧》 中级版 带弹唱示范 编谱__jianpucn-473246/001.jpg
《让我留在你身边》 C转D调指法	jianpucn	403455	1	简谱	《让我留在你身边》 C转D调指法（ 编谱）__jianpucn-403455	/home/caesium-132/jianpu/images-prep/jianpucn-pop/《让我留在你身边》 C转D调指法（ 编谱）__jianpucn-403455/001.jpg
《让我留在你身边》 G转A调适合男女生声线	jianpucn	403456	1	简谱	《让我留在你身边》 G转A调适合男女生声线（ 编谱）__jianpucn-403456	/home/caesium-132/jianpu/images-prep/jianpucn-pop/《让我留在你身边》 G转A调适合男女生声线（ 编谱）__jianpucn-403456/001.jpg
《让我留在身边》超原版酷音小伟编谱	jianpucn	403486	1	简谱	《让我留在身边》超原版酷音小伟编谱__jianpucn-403486	/home/caesium-132/jianpu/images-prep/jianpucn-pop/《让我留在身边》超原版酷音小伟编谱__jianpucn-403486/001.jpg
《记得》吉他谱G调入门版 林俊杰 高音教编配 猴哥吉他教学	qupu123	349212	1	改编	《记得》吉他谱G调入门版 林俊杰 高音教编配 猴哥吉他教学__qupu123-349212	/home/caesium-132/jianpu/images-prep/qupu123-linjunjie/《记得》吉他谱G调入门版 林俊杰 高音教编配 猴哥吉他教学__qupu123-349212/001.jpg
《贝加尔湖畔》 C调指法	jianpucn	416400	1	简谱	《贝加尔湖畔》 C调指法（ 编谱）__jianpucn-416400	/home/caesium-132/jianpu/images-prep/jianpucn-lijian/《贝加尔湖畔》 C调指法（ 编谱）__jianpucn-416400/001.jpg
《贝加尔湖畔》酷音小伟吉他教学	jianpucn	416619	1	改编	《贝加尔湖畔》酷音小伟吉他教学__jianpucn-416619	/home/caesium-132/jianpu/images-prep/jianpucn-lijian/《贝加尔湖畔》酷音小伟吉他教学__jianpucn-416619/001.jpg
《边寨情》艺术歌曲三首：1.红云哟红云	qupu123	325027	3	改编	《边寨情》艺术歌曲三首：1.红云哟红云（正谱）__qupu123-325027	/home/caesium-132/jianpu/images-prep/qupu123-crawl/《边寨情》艺术歌曲三首：1.红云哟红云（正谱）__qupu123-325027/001.jpg
《边寨情》艺术歌曲三首：2.蓝天哟蓝天	qupu123	325028	3	改编	《边寨情》艺术歌曲三首：2.蓝天哟蓝天（正谱）__qupu123-325028	/home/caesium-132/jianpu/images-prep/qupu123-crawl/《边寨情》艺术歌曲三首：2.蓝天哟蓝天（正谱）__qupu123-325028/001.jpg
《边寨情》艺术歌曲三首：3.有了金太阳	qupu123	325029	4	改编	《边寨情》艺术歌曲三首：3.有了金太阳（正谱）__qupu123-325029	/home/caesium-132/jianpu/images-prep/qupu123-crawl/《边寨情》艺术歌曲三首：3.有了金太阳（正谱）__qupu123-325029/001.jpg
《金陵祭》选曲二首：月光	qupu123	324030	3	改编	《金陵祭》选曲二首：月光（童声领唱与合唱、五线谱）__qupu123-324030	/home/caesium-132/jianpu/images-prep/qupu123-crawl/《金陵祭》选曲二首：月光（童声领唱与合唱、五线谱）__qupu123-324030/001.jpg
《金陵祭》选曲二首：涅槃	qupu123	324032	5	改编	《金陵祭》选曲二首：涅槃（五线谱）__qupu123-324032	/home/caesium-132/jianpu/images-prep/qupu123-crawl/《金陵祭》选曲二首：涅槃（五线谱）__qupu123-324032/001.jpg
《错过的烟火》原版 G调中级版 吉他教学	jianpucn	452524	3	改编	《错过的烟火》原版 G调中级版 吉他教学__jianpucn-452524	/home/caesium-132/jianpu/images-prep/jianpucn-zhoujielun/《错过的烟火》原版 G调中级版 吉他教学__jianpucn-452524/001.jpg
《長髮的女郎》	jianpucn	180627	2	简谱	《長髮的女郎》__jianpucn-180627	/home/caesium-132/jianpu/images-prep/jianpucn-feiyuqing/《長髮的女郎》__jianpucn-180627/001.jpg
《陪你度过漫长岁月》全网完美版	jianpucn	312249	2	简谱	《陪你度过漫长岁月》全网完美版__jianpucn-312249	/home/caesium-132/jianpu/images-prep/jianpucn-pop/《陪你度过漫长岁月》全网完美版__jianpucn-312249/001.jpg
【十分爱】张敬轩指弹	jianpucn	175972	1	改编	【十分爱】张敬轩指弹__jianpucn-175972	/home/caesium-132/jianpu/images-prep/jianpucn-pop/【十分爱】张敬轩指弹__jianpucn-175972/001.jpg
【日】Lemon电视剧	jianpujia	338491	5	简谱	【日】Lemon电视剧_非自然死亡_主题曲_ドラマ「アンナチュラル」主題歌【日】Lemon电视剧_非自然死亡_主题曲____jianpujia-338491	/home/caesium-132/jianpu/images-prep/jianpujia-cat388/【日】Lemon电视剧_非自然死亡_主题曲_ドラマ「アンナチュラル」主題歌【日】Lemon电视剧_非自然死亡_主题曲____jianpujia-338491/001.png
【琅琅吉他】给我一首歌的时间---周杰伦	jianpucn	172533	2	改编	【琅琅吉他】给我一首歌的时间---周杰伦__jianpucn-172533	/home/caesium-132/jianpu/images-prep/jianpucn-zhoujielun/【琅琅吉他】给我一首歌的时间---周杰伦__jianpucn-172533/001.jpg
】古剑奇谭】爱你没错 -	jianpucn	266447	2	简谱	】古剑奇谭】爱你没错 -__jianpucn-266447	/home/caesium-132/jianpu/images-prep/jianpucn-zhangxinzhe/】古剑奇谭】爱你没错 -__jianpucn-266447/001.jpg
】山南山北走一回】-	jianpucn	243227	1	简谱	】山南山北走一回】-__jianpucn-243227	/home/caesium-132/jianpu/images-prep/jianpucn-denglijun/】山南山北走一回】-__jianpucn-243227/001.jpg
】泡沫】C调简易版	jianpucn	248229	4	简谱	】泡沫】C调简易版__jianpucn-248229	/home/caesium-132/jianpu/images-prep/jianpucn-dengziqi/】泡沫】C调简易版__jianpucn-248229/001.jpg
】谁是心上人】-	jianpucn	242894	1	简谱	】谁是心上人】-__jianpucn-242894	/home/caesium-132/jianpu/images-prep/jianpucn-denglijun/】谁是心上人】-__jianpucn-242894/001.jpg
一	jianpujia	386873	3	简谱	一简谱_刘德华演唱_杏花弦外雨制谱__jianpujia-386873	/home/caesium-132/jianpu/images-prep/jianpujia-art855/一简谱_刘德华演唱_杏花弦外雨制谱__jianpujia-386873/001.jpg
一世功名倾刻消	qupu123	317691	1	简谱	一世功名倾刻消__qupu123-317691	/home/caesium-132/jianpu/images-prep/qupu123-sweep/一世功名倾刻消__qupu123-317691/001.png
一世情愿	jianpucn	213681	1	简谱	一世情愿__jianpucn-213681	/home/caesium-132/jianpu/images-prep/jianpucn-tongange/一世情愿__jianpucn-213681/001.jpg
一世情缘，思念长长	qupu123	314979	1	简谱	一世情缘，思念长长__qupu123-314979	/home/caesium-132/jianpu/images-prep/qupu123-sweep/一世情缘，思念长长__qupu123-314979/001.jpg
一丝不挂 假面 版	jianpucn	215558	2	简谱	一丝不挂 假面 版__jianpucn-215558	/home/caesium-132/jianpu/images-prep/jianpucn-pop/一丝不挂 假面 版__jianpucn-215558/001.jpg
一丝不挂钢琴	jianpujia	250625	5	改编	一丝不挂钢琴简谱_陈奕迅演唱__jianpujia-250625	/home/caesium-132/jianpu/images-prep/jianpujia-art315/一丝不挂钢琴简谱_陈奕迅演唱__jianpujia-250625/001.png
一个人 完美版	jianpucn	88227	1	简谱	一个人 完美版__jianpucn-88227	/home/caesium-132/jianpu/images-prep/jianpucn-pop/一个人 完美版__jianpucn-88227/001.jpg
一个人住	jianpucn	2614	1	简谱	一个人住__jianpucn-2614	/home/caesium-132/jianpu/images-prep/jianpucn-pop/一个人住__jianpucn-2614/001.jpg
一个人在	jianpucn	213656	1	简谱	一个人在__jianpucn-213656	/home/caesium-132/jianpu/images-prep/jianpucn-pop/一个人在__jianpucn-213656/001.jpg
一个人想着一个人	qupu123	307918	1	简谱	一个人想着一个人__qupu123-307918	/home/caesium-132/jianpu/images-prep/qupu123-sweep/一个人想着一个人__qupu123-307918/001.png
一个人的情人节	qupu123	321417	1	简谱	一个人的情人节（赵伟词 黄永杰曲）__qupu123-321417	/home/caesium-132/jianpu/images-prep/qupu123-sweep/一个人的情人节（赵伟词 黄永杰曲）__qupu123-321417/001.jpg
一个人睡	jianpucn	260268	2	简谱	一个人睡__jianpucn-260268	/home/caesium-132/jianpu/images-prep/jianpucn-liudehua/一个人睡__jianpucn-260268/001.jpg
一个永远不好的伤口	qupu123	305412	1	简谱	一个永远不好的伤口__qupu123-305412	/home/caesium-132/jianpu/images-prep/qupu123-sweep/一个永远不好的伤口__qupu123-305412/001.png
一个秋天	qupu123	305425	1	简谱	一个秋天__qupu123-305425	/home/caesium-132/jianpu/images-prep/qupu123-sweep/一个秋天__qupu123-305425/001.jpg
一代天骄	jianpucn	433772	1	简谱	一代天骄(最后的讨伐)__jianpucn-433772	/home/caesium-132/jianpu/images-prep/jianpucn-fenghuangchuanqi/一代天骄(最后的讨伐)__jianpucn-433772/001.jpg
一切刚刚好	qupu123	355001	1	简谱	一切刚刚好（李健 词曲）__qupu123-355001	/home/caesium-132/jianpu/images-prep/qupu123-lijian/一切刚刚好（李健 词曲）__qupu123-355001/001.png
一切还好	jianpucn	8758	3	简谱	一切还好__jianpucn-8758	/home/caesium-132/jianpu/images-prep/jianpucn-pop/一切还好__jianpucn-8758/001.jpg
一切都已过去	qupu123	314166	1	简谱	一切都已过去（张弛词 王焱曲）__qupu123-314166	/home/caesium-132/jianpu/images-prep/qupu123-sweep/一切都已过去（张弛词 王焱曲）__qupu123-314166/001.png
一切随缘	qupu123	328335	1	简谱	一切随缘（潘月剑词 林文彬曲）__qupu123-328335	/home/caesium-132/jianpu/images-prep/qupu123-sweep/一切随缘（潘月剑词 林文彬曲）__qupu123-328335/001.jpg
一剪梅 吉他独奏谱	jianpucn	90641	2	改编	一剪梅 吉他独奏谱（五线谱）__jianpucn-90641	/home/caesium-132/jianpu/images-prep/jianpucn-zhangmingmin/一剪梅 吉他独奏谱（五线谱）__jianpucn-90641/001.jpg
一剪梅-高清大图版	jianpucn	257334	1	简谱	一剪梅-高清大图版__jianpucn-257334	/home/caesium-132/jianpu/images-prep/jianpucn-feiyuqing/一剪梅-高清大图版__jianpucn-257334/001.jpg
一千个伤心的理由-总谱完美版	jianpucn	208798	2	改编	一千个伤心的理由-总谱完美版__jianpucn-208798	/home/caesium-132/jianpu/images-prep/jianpucn-zhangxueyou/一千个伤心的理由-总谱完美版__jianpucn-208798/001.jpg
一千个伤心的理由C调简单好听版	jianpucn	472176	4	简谱	一千个伤心的理由C调简单好听版__jianpucn-472176	/home/caesium-132/jianpu/images-prep/jianpucn-zhangxueyou/一千个伤心的理由C调简单好听版__jianpucn-472176/001.jpg
一千个伤心的理由钢琴	jianpujia	252727	5	改编	一千个伤心的理由钢琴简谱_张学友演唱__jianpujia-252727	/home/caesium-132/jianpu/images-prep/jianpujia-art414/一千个伤心的理由钢琴简谱_张学友演唱__jianpujia-252727/001.png
一千年以	jianpucn	199390	3	简谱	一千年以__jianpucn-199390	/home/caesium-132/jianpu/images-prep/jianpucn-linjunjie/一千年以__jianpucn-199390/001.jpg
一千年以前	jianpucn	103870	1	简谱	一千年以前__jianpucn-103870	/home/caesium-132/jianpu/images-prep/jianpucn-linjunjie/一千年以前__jianpucn-103870/001.jpg
一千年以后 歌曲类 钢琴伴奏谱	jianpucn	112810	1	改编	一千年以后 歌曲类 钢琴伴奏谱__jianpucn-112810	/home/caesium-132/jianpu/images-prep/jianpucn-linjunjie/一千年以后 歌曲类 钢琴伴奏谱__jianpucn-112810/001.jpg
一千年以后-弹唱 吉他类 流行	jianpucn	113274	2	改编	一千年以后-弹唱 吉他类 流行__jianpucn-113274	/home/caesium-132/jianpu/images-prep/jianpucn-linjunjie/一千年以后-弹唱 吉他类 流行__jianpucn-113274/001.jpg
一千年以后-弹唱版	jianpucn	101798	2	改编	一千年以后-弹唱版__jianpucn-101798	/home/caesium-132/jianpu/images-prep/jianpucn-linjunjie/一千年以后-弹唱版__jianpucn-101798/001.jpg
一千年以后-扫描版	jianpucn	202499	2	简谱	一千年以后-扫描版__jianpucn-202499	/home/caesium-132/jianpu/images-prep/jianpucn-linjunjie/一千年以后-扫描版__jianpucn-202499/001.jpg
一千年以后－简易版 键盘类 钢琴	jianpucn	114706	1	改编	一千年以后－简易版 键盘类 钢琴__jianpucn-114706	/home/caesium-132/jianpu/images-prep/jianpucn-linjunjie/一千年以后－简易版 键盘类 钢琴__jianpucn-114706/001.jpg
一千年以後	jianpucn	213663	1	简谱	一千年以後__jianpucn-213663	/home/caesium-132/jianpu/images-prep/jianpucn-linjunjie/一千年以後__jianpucn-213663/001.jpg
一半钢琴	jianpujia	150281	4	改编	一半钢琴简谱_薛之谦演唱__jianpujia-150281	/home/caesium-132/jianpu/images-prep/jianpujia-351/一半钢琴简谱_薛之谦演唱__jianpujia-150281/001.png
一双小手	qupu123	328405	2	简谱	一双小手（寒枫词_罗晓航曲）__qupu123-328405	/home/caesium-132/jianpu/images-prep/qupu123-crawl/一双小手（寒枫词_罗晓航曲）__qupu123-328405/001.jpg
一只小花狗钢琴	jianpujia	234413	4	改编	一只小花狗钢琴简谱_儿歌演唱__jianpujia-234413	/home/caesium-132/jianpu/images-prep/jianpujia-3462/一只小花狗钢琴简谱_儿歌演唱__jianpujia-234413/001.png
一场游戏一场梦 吉他类 流行	jianpucn	117689	2	改编	一场游戏一场梦 吉他类 流行__jianpucn-117689	/home/caesium-132/jianpu/images-prep/jianpucn-qiqin/一场游戏一场梦 吉他类 流行__jianpucn-117689/001.jpg
一块红布&nbsp;&nbsp;	jianpucn	46377	1	简谱	一块红布&nbsp;&nbsp;__jianpucn-46377	/home/caesium-132/jianpu/images-prep/jianpucn-title/一块红布&nbsp;&nbsp;__jianpucn-46377/001.jpg
一壶乡愁	jianpucn	3964	3	简谱	一壶乡愁__jianpucn-3964	/home/caesium-132/jianpu/images-prep/jianpucn-liudehua/一壶乡愁__jianpucn-3964/001.jpg
一定会	jianpucn	457462	2	改编	一定会 （ C调原版编配）__jianpucn-457462	/home/caesium-132/jianpu/images-prep/jianpucn-linjunjie/一定会 （ C调原版编配）__jianpucn-457462/001.jpg
一定会 林俊杰	qupu123	372249	4	改编	一定会 林俊杰 吉他谱（无限延音编配）__qupu123-372249	/home/caesium-132/jianpu/images-prep/qupu123-linjunjie/一定会 林俊杰 吉他谱（无限延音编配）__qupu123-372249/001.jpg
一定要幸福	jianpucn	102783	2	简谱	一定要幸福（ＤＥＭＯ）__jianpucn-102783	/home/caesium-132/jianpu/images-prep/jianpucn-zhoujielun/一定要幸福（ＤＥＭＯ）__jianpucn-102783/001.jpg
一帘幽梦千年长	qupu123	335360	2	简谱	一帘幽梦千年长__qupu123-335360	/home/caesium-132/jianpu/images-prep/qupu123-crawl/一帘幽梦千年长__qupu123-335360/001.jpg
一年更比一年好	qupu123	305101	1	改编	一年更比一年好（石作良词 文林曲、五线谱）__qupu123-305101	/home/caesium-132/jianpu/images-prep/qupu123-sweep/一年更比一年好（石作良词 文林曲、五线谱）__qupu123-305101/001.jpg
一往情深的恋人	jianpucn	136138	1	简谱	一往情深的恋人__jianpucn-136138	/home/caesium-132/jianpu/images-prep/jianpucn-lijian/一往情深的恋人__jianpucn-136138/001.jpg
一往情深的恋人 吉他弹唱谱 —	jianpucn	231900	1	改编	一往情深的恋人 吉他弹唱谱 —__jianpucn-231900	/home/caesium-132/jianpu/images-prep/jianpucn-lijian/一往情深的恋人 吉他弹唱谱 —__jianpucn-231900/001.jpg
一时无俩	jianpucn	103754	2	简谱	一时无俩__jianpucn-103754	/home/caesium-132/jianpu/images-prep/jianpucn-twins/一时无俩__jianpucn-103754/001.jpg
一时无雨	jianpucn	96622	2	简谱	一时无雨__jianpucn-96622	/home/caesium-132/jianpu/images-prep/jianpucn-twins/一时无雨__jianpucn-96622/001.jpg
一时的选择钢琴	jianpujia	383572	6	改编	一时的选择钢琴简谱_林俊杰演唱__jianpujia-383572	/home/caesium-132/jianpu/images-prep/jianpujia-499/一时的选择钢琴简谱_林俊杰演唱__jianpujia-383572/001.png
一晚长大	jianpucn	3967	3	简谱	一晚长大__jianpucn-3967	/home/caesium-132/jianpu/images-prep/jianpucn-liudehua/一晚长大__jianpucn-3967/001.jpg
一曲觅知音	qupu123	335185	2	简谱	一曲觅知音__qupu123-335185	/home/caesium-132/jianpu/images-prep/qupu123-crawl/一曲觅知音__qupu123-335185/001.jpg
一月和一日	qupu123	306538	1	改编	一月和一日 （五线谱）__qupu123-306538	/home/caesium-132/jianpu/images-prep/qupu123-sweep/一月和一日 （五线谱）__qupu123-306538/001.png
一朵彩云飘过来	qupu123	305551	1	简谱	一朵彩云飘过来__qupu123-305551	/home/caesium-132/jianpu/images-prep/qupu123-sweep/一朵彩云飘过来__qupu123-305551/001.jpg
一束红玫瑰	qupu123	312101	1	简谱	一束红玫瑰__qupu123-312101	/home/caesium-132/jianpu/images-prep/qupu123-sweep/一束红玫瑰__qupu123-312101/001.jpg
一样的夏天	jianpucn	4811	1	简谱	一样的夏天__jianpucn-4811	/home/caesium-132/jianpu/images-prep/jianpucn-pop/一样的夏天__jianpucn-4811/001.jpg
一梦千年	qupu123	308164	1	简谱	一梦千年（雷喜明词 高福友曲）__qupu123-308164	/home/caesium-132/jianpu/images-prep/qupu123-sweep/一梦千年（雷喜明词 高福友曲）__qupu123-308164/001.jpg
一步几重天	qupu123	315840	1	简谱	一步几重天__qupu123-315840	/home/caesium-132/jianpu/images-prep/qupu123-sweep/一步几重天__qupu123-315840/001.jpg
一江水	jianpucn	90025	1	简谱	一江水__jianpucn-90025	/home/caesium-132/jianpu/images-prep/jianpucn-xuwei/一江水__jianpucn-90025/001.jpg
一点点钢琴	jianpujia	380059	5	改编	一点点钢琴简谱_周杰伦演唱__jianpujia-380059	/home/caesium-132/jianpu/images-prep/jianpujia-583/一点点钢琴简谱_周杰伦演唱__jianpujia-380059/001.png
一片痴情付流水	qupu123	324228	1	简谱	一片痴情付流水__qupu123-324228	/home/caesium-132/jianpu/images-prep/qupu123-sweep/一片痴情付流水__qupu123-324228/001.jpg
一生中最爱的人&nbsp;&nbsp;	jianpucn	130805	1	简谱	一生中最爱的人&nbsp;&nbsp;__jianpucn-130805	/home/caesium-132/jianpu/images-prep/jianpucn-title/一生中最爱的人&nbsp;&nbsp;__jianpucn-130805/001.jpg
一生何求&nbsp;&nbsp;	jianpucn	35455	1	简谱	一生何求&nbsp;&nbsp;__jianpucn-35455	/home/caesium-132/jianpu/images-prep/jianpucn-title/一生何求&nbsp;&nbsp;__jianpucn-35455/001.jpg
一生何求插曲&nbsp;&nbsp;	jianpucn	275076	1	简谱	一生何求插曲&nbsp;&nbsp;__jianpucn-275076	/home/caesium-132/jianpu/images-prep/jianpucn-title/一生何求插曲&nbsp;&nbsp;__jianpucn-275076/001.jpg
一生只对你微笑	jianpujia	18191	1	简谱	一生只对你微笑简谱(歌词)_王丽达演唱_王wzh曲谱__jianpujia-18191	/home/caesium-132/jianpu/images-prep/jianpujia-12500/一生只对你微笑简谱(歌词)_王丽达演唱_王wzh曲谱__jianpujia-18191/001.jpg
一生只有一次	qupu123	305420	1	简谱	一生只有一次__qupu123-305420	/home/caesium-132/jianpu/images-prep/qupu123-sweep/一生只有一次__qupu123-305420/001.png
一生只爱你	qupu123	335503	2	简谱	一生只爱你（陈天明_词曲）__qupu123-335503	/home/caesium-132/jianpu/images-prep/qupu123-crawl/一生只爱你（陈天明_词曲）__qupu123-335503/001.jpg
一生所爱&nbsp;&nbsp;	jianpucn	409788	3	简谱	一生所爱&nbsp;&nbsp;__jianpucn-409788	/home/caesium-132/jianpu/images-prep/jianpucn-title/一生所爱&nbsp;&nbsp;__jianpucn-409788/001.jpg
一生才能平安	qupu123	318730	1	简谱	一生才能平安__qupu123-318730	/home/caesium-132/jianpu/images-prep/qupu123-sweep/一生才能平安__qupu123-318730/001.jpg
一程山水一场旧梦	qupu123	396350	3	简谱	一程山水一场旧梦__qupu123-396350	/home/caesium-132/jianpu/images-prep/qupu123-crawl/一程山水一场旧梦__qupu123-396350/001.jpg
一程山路钢琴	jianpujia	150629	4	改编	一程山路钢琴简谱_毛不易演唱__jianpujia-150629	/home/caesium-132/jianpu/images-prep/jianpujia-362/一程山路钢琴简谱_毛不易演唱__jianpujia-150629/001.png
一缕执念	jianpujia	13942	1	简谱	一缕执念简谱(歌词)_周深演唱_桃李醉春风记谱__jianpujia-13942	/home/caesium-132/jianpu/images-prep/jianpujia-380/一缕执念简谱(歌词)_周深演唱_桃李醉春风记谱__jianpujia-13942/001.png
一起走过的日子钢琴	jianpujia	246225	4	改编	一起走过的日子钢琴简谱_刘德华演唱__jianpujia-246225	/home/caesium-132/jianpu/images-prep/jianpujia-art855/一起走过的日子钢琴简谱_刘德华演唱__jianpujia-246225/001.png
一路上有你 歌曲类 钢琴伴奏谱	jianpucn	112812	2	改编	一路上有你 歌曲类 钢琴伴奏谱__jianpucn-112812	/home/caesium-132/jianpu/images-prep/jianpucn-zhangxueyou/一路上有你 歌曲类 钢琴伴奏谱__jianpucn-112812/001.jpg
一路上有你钢琴	jianpujia	148648	2	改编	一路上有你钢琴简谱_张学友演唱__jianpujia-148648	/home/caesium-132/jianpu/images-prep/jianpujia-414/一路上有你钢琴简谱_张学友演唱__jianpujia-148648/001.png
一路同行	qupu123	318055	2	简谱	一路同行__qupu123-318055	/home/caesium-132/jianpu/images-prep/qupu123-crawl/一路同行__qupu123-318055/001.jpg
一路向前	qupu123	306504	1	简谱	一路向前（赵伟词 姜刚雷曲）__qupu123-306504	/home/caesium-132/jianpu/images-prep/qupu123-sweep/一路向前（赵伟词 姜刚雷曲）__qupu123-306504/001.jpg
一路向北	jianpucn	468261	1	改编	一路向北 （ C调指法编配）__jianpucn-468261	/home/caesium-132/jianpu/images-prep/jianpucn-zhoujielun/一路向北 （ C调指法编配）__jianpucn-468261/001.jpg
一路向北-弹唱 吉他类 流行	jianpucn	113275	2	改编	一路向北-弹唱 吉他类 流行__jianpucn-113275	/home/caesium-132/jianpu/images-prep/jianpucn-zhoujielun/一路向北-弹唱 吉他类 流行__jianpucn-113275/001.jpg
一路向北-演奏版	jianpucn	103630	2	简谱	一路向北-演奏版__jianpucn-103630	/home/caesium-132/jianpu/images-prep/jianpucn-zhoujielun/一路向北-演奏版__jianpucn-103630/001.jpg
一路向北—简易版 键盘类 钢琴	jianpucn	97395	2	改编	一路向北—简易版 键盘类 钢琴__jianpucn-97395	/home/caesium-132/jianpu/images-prep/jianpucn-zhoujielun/一路向北—简易版 键盘类 钢琴__jianpucn-97395/001.jpg
一路向北指弹	jianpucn	457633	1	改编	一路向北指弹 （ 简单版独奏 ）__jianpucn-457633	/home/caesium-132/jianpu/images-prep/jianpucn-zhoujielun/一路向北指弹 （ 简单版独奏 ）__jianpucn-457633/001.jpg
一路平安	qupu123	311039	1	简谱	一路平安（于蓄词 陈涤非曲）__qupu123-311039	/home/caesium-132/jianpu/images-prep/qupu123-sweep/一路平安（于蓄词 陈涤非曲）__qupu123-311039/001.png
一路有你们陪伴	qupu123	307703	1	简谱	一路有你们陪伴__qupu123-307703	/home/caesium-132/jianpu/images-prep/qupu123-sweep/一路有你们陪伴__qupu123-307703/001.jpg
一辈子的十分钟	jianpucn	89934	2	简谱	一辈子的十分钟__jianpucn-89934	/home/caesium-132/jianpu/images-prep/jianpucn-lijian/一辈子的十分钟__jianpucn-89934/001.jpg
一颗不变心 键盘类 钢琴	jianpucn	115934	2	改编	一颗不变心 键盘类 钢琴__jianpucn-115934	/home/caesium-132/jianpu/images-prep/jianpucn-pop/一颗不变心 键盘类 钢琴__jianpucn-115934/001.jpg
一颗红豆	qupu123	225605	1	简谱	一颗红豆（同名电影主题曲）__qupu123-225605	/home/caesium-132/jianpu/images-prep/_offtarget/一颗红豆（同名电影主题曲）__qupu123-225605/001.png
丁小琴编-10铁蹄下的歌女	qupu123	324961	3	改编	丁小琴编-10铁蹄下的歌女（正谱）__qupu123-324961	/home/caesium-132/jianpu/images-prep/qupu123-crawl/丁小琴编-10铁蹄下的歌女（正谱）__qupu123-324961/001.jpg
丁小琴编-11渔光曲	qupu123	324962	3	改编	丁小琴编-11渔光曲（正谱）__qupu123-324962	/home/caesium-132/jianpu/images-prep/qupu123-crawl/丁小琴编-11渔光曲（正谱）__qupu123-324962/001.jpg
丁小琴编-15一个黑人姑娘在歌唱	qupu123	324966	4	改编	丁小琴编-15一个黑人姑娘在歌唱（正谱）__qupu123-324966	/home/caesium-132/jianpu/images-prep/qupu123-crawl/丁小琴编-15一个黑人姑娘在歌唱（正谱）__qupu123-324966/001.jpg
丁小琴编-17踏雪寻梅	qupu123	325173	2	改编	丁小琴编-17踏雪寻梅（正谱）__qupu123-325173	/home/caesium-132/jianpu/images-prep/qupu123-crawl/丁小琴编-17踏雪寻梅（正谱）__qupu123-325173/001.jpg
丁小琴编-19打起手鼓唱起歌	qupu123	325175	3	改编	丁小琴编-19打起手鼓唱起歌（正谱）__qupu123-325175	/home/caesium-132/jianpu/images-prep/qupu123-crawl/丁小琴编-19打起手鼓唱起歌（正谱）__qupu123-325175/001.jpg
丁小琴编-23半屏山	qupu123	325228	3	改编	丁小琴编-23半屏山（正谱）__qupu123-325228	/home/caesium-132/jianpu/images-prep/qupu123-crawl/丁小琴编-23半屏山（正谱）__qupu123-325228/001.jpg
丁小琴编-24故乡的小路	qupu123	325230	2	改编	丁小琴编-24故乡的小路（正谱）__qupu123-325230	/home/caesium-132/jianpu/images-prep/qupu123-crawl/丁小琴编-24故乡的小路（正谱）__qupu123-325230/001.jpg
丁小琴编-25我住长江头	qupu123	325231	4	改编	丁小琴编-25我住长江头（正谱）__qupu123-325231	/home/caesium-132/jianpu/images-prep/qupu123-crawl/丁小琴编-25我住长江头（正谱）__qupu123-325231/001.jpg
丁小琴编-26生死相依我苦恋着你	qupu123	325232	2	改编	丁小琴编-26生死相依我苦恋着你（正谱）__qupu123-325232	/home/caesium-132/jianpu/images-prep/qupu123-crawl/丁小琴编-26生死相依我苦恋着你（正谱）__qupu123-325232/001.jpg
丁小琴编-27美丽的孔雀河	qupu123	325233	3	改编	丁小琴编-27美丽的孔雀河（正谱）__qupu123-325233	/home/caesium-132/jianpu/images-prep/qupu123-crawl/丁小琴编-27美丽的孔雀河（正谱）__qupu123-325233/001.jpg
丁小琴编-28祖国，慈祥的母亲	qupu123	325234	3	改编	丁小琴编-28祖国，慈祥的母亲（正谱）__qupu123-325234	/home/caesium-132/jianpu/images-prep/qupu123-crawl/丁小琴编-28祖国，慈祥的母亲（正谱）__qupu123-325234/001.jpg
丁小琴编-29赛里木湖起了风浪	qupu123	325235	3	改编	丁小琴编-29赛里木湖起了风浪（正谱）__qupu123-325235	/home/caesium-132/jianpu/images-prep/qupu123-crawl/丁小琴编-29赛里木湖起了风浪（正谱）__qupu123-325235/001.jpg
丁小琴编-30清晰的记忆	qupu123	325236	3	改编	丁小琴编-30清晰的记忆（正谱）__qupu123-325236	/home/caesium-132/jianpu/images-prep/qupu123-crawl/丁小琴编-30清晰的记忆（正谱）__qupu123-325236/001.jpg
丁小琴编-31思乡曲	qupu123	325277	2	改编	丁小琴编-31思乡曲（正谱）__qupu123-325277	/home/caesium-132/jianpu/images-prep/qupu123-crawl/丁小琴编-31思乡曲（正谱）__qupu123-325277/001.jpg
丁小琴编-33月之故乡	qupu123	325279	3	改编	丁小琴编-33月之故乡（正谱）__qupu123-325279	/home/caesium-132/jianpu/images-prep/qupu123-crawl/丁小琴编-33月之故乡（正谱）__qupu123-325279/001.jpg
丁小琴编-34把我的奶名儿叫	qupu123	325280	5	改编	丁小琴编-34把我的奶名儿叫（正谱）__qupu123-325280	/home/caesium-132/jianpu/images-prep/qupu123-crawl/丁小琴编-34把我的奶名儿叫（正谱）__qupu123-325280/001.jpg
丁小琴编-35雪花	qupu123	325281	4	改编	丁小琴编-35雪花（正谱）__qupu123-325281	/home/caesium-132/jianpu/images-prep/qupu123-crawl/丁小琴编-35雪花（正谱）__qupu123-325281/001.jpg
丁小琴编-37岁月悠悠	qupu123	325283	3	改编	丁小琴编-37岁月悠悠（正谱）__qupu123-325283	/home/caesium-132/jianpu/images-prep/qupu123-crawl/丁小琴编-37岁月悠悠（正谱）__qupu123-325283/001.jpg
丁小琴编-38长城永在我心上	qupu123	325284	3	改编	丁小琴编-38长城永在我心上（正谱）__qupu123-325284	/home/caesium-132/jianpu/images-prep/qupu123-crawl/丁小琴编-38长城永在我心上（正谱）__qupu123-325284/001.jpg
丁小琴编-39蝶恋花·答李淑一	qupu123	325285	3	改编	丁小琴编-39蝶恋花·答李淑一（正谱）__qupu123-325285	/home/caesium-132/jianpu/images-prep/qupu123-crawl/丁小琴编-39蝶恋花·答李淑一（正谱）__qupu123-325285/001.jpg
丁小琴编-9大海啊，故乡	qupu123	324960	2	改编	丁小琴编-9大海啊，故乡（正谱）_王立平_词曲__qupu123-324960	/home/caesium-132/jianpu/images-prep/qupu123-crawl/丁小琴编-9大海啊，故乡（正谱）_王立平_词曲__qupu123-324960/001.jpg
丁香啊丁香	jianpujia	19922	1	简谱	丁香啊丁香简谱(歌词)_谭晶、李双江演唱_沈公宝曲谱__jianpujia-19922	/home/caesium-132/jianpu/images-prep/jianpujia-7224/丁香啊丁香简谱(歌词)_谭晶、李双江演唱_沈公宝曲谱__jianpujia-19922/001.jpg
丁香花	qupu123	336145	1	简谱	丁香花（袁浩_词曲）__qupu123-336145	/home/caesium-132/jianpu/images-prep/qupu123-crawl/丁香花（袁浩_词曲）__qupu123-336145/001.jpg
七夕	jianpujia	11007	1	简谱	七夕简谱(歌词)_许嵩演唱_桃李醉春风记谱__jianpujia-11007	/home/caesium-132/jianpu/images-prep/jianpujia-693/七夕简谱(歌词)_许嵩演唱_桃李醉春风记谱__jianpujia-11007/001.gif
七夕情人节	qupu123	308006	1	简谱	七夕情人节（周永财 词曲）__qupu123-308006	/home/caesium-132/jianpu/images-prep/qupu123-sweep/七夕情人节（周永财 词曲）__qupu123-308006/001.jpg
七子之歌	qupu123	250643	1	简谱	七子之歌（ukulele四线谱）__qupu123-250643	/home/caesium-132/jianpu/images-prep/qupu123-kw/七子之歌（ukulele四线谱）__qupu123-250643/001.jpg
七百年后	jianpucn	118945	2	简谱	七百年后__jianpucn-118945	/home/caesium-132/jianpu/images-prep/jianpucn-pop/七百年后__jianpucn-118945/001.jpg
七道江1946	qupu123	320103	1	简谱	七道江1946__qupu123-320103	/home/caesium-132/jianpu/images-prep/qupu123-sweep/七道江1946__qupu123-320103/001.png
七里香 唯美即兴	jianpucn	218658	2	简谱	七里香 唯美即兴__jianpucn-218658	/home/caesium-132/jianpu/images-prep/jianpucn-zhoujielun/七里香 唯美即兴__jianpucn-218658/001.jpg
七里香 歌曲类 钢琴伴奏谱	jianpucn	112365	2	改编	七里香 歌曲类 钢琴伴奏谱__jianpucn-112365	/home/caesium-132/jianpu/images-prep/jianpucn-zhoujielun/七里香 歌曲类 钢琴伴奏谱__jianpucn-112365/001.jpg
七里香-弹唱 吉他类 流行	jianpucn	113089	2	改编	七里香-弹唱 吉他类 流行__jianpucn-113089	/home/caesium-132/jianpu/images-prep/jianpucn-zhoujielun/七里香-弹唱 吉他类 流行__jianpucn-113089/001.jpg
七里香-演奏版	jianpucn	103636	2	简谱	七里香-演奏版__jianpucn-103636	/home/caesium-132/jianpu/images-prep/jianpucn-zhoujielun/七里香-演奏版__jianpucn-103636/001.jpg
七里香独奏	jianpucn	200562	3	改编	七里香独奏__jianpucn-200562	/home/caesium-132/jianpu/images-prep/jianpucn-zhoujielun/七里香独奏__jianpucn-200562/001.jpg
七里香－简易版 键盘类 钢琴	jianpucn	114755	2	改编	七里香－简易版 键盘类 钢琴__jianpucn-114755	/home/caesium-132/jianpu/images-prep/jianpucn-zhoujielun/七里香－简易版 键盘类 钢琴__jianpucn-114755/001.jpg
万众一心托起幸福明天	qupu123	322886	1	简谱	万众一心托起幸福明天__qupu123-322886	/home/caesium-132/jianpu/images-prep/qupu123-sweep/万众一心托起幸福明天__qupu123-322886/001.jpg
万古江南第一花	qupu123	322966	1	简谱	万古江南第一花（梅传忠词 南风曲）__qupu123-322966	/home/caesium-132/jianpu/images-prep/qupu123-sweep/万古江南第一花（梅传忠词 南风曲）__qupu123-322966/001.jpg
万叶千声-玉楼春 —	jianpucn	245489	1	简谱	万叶千声-玉楼春 —__jianpucn-245489	/home/caesium-132/jianpu/images-prep/jianpucn-denglijun/万叶千声-玉楼春 —__jianpucn-245489/001.jpg
万里长城永不倒	qupu123	196190	1	简谱	万里长城永不倒__qupu123-196190	/home/caesium-132/jianpu/images-prep/qupu123-mp001/万里长城永不倒__qupu123-196190/001.jpg
三九的冰雪路	qupu123	318990	1	简谱	三九的冰雪路__qupu123-318990	/home/caesium-132/jianpu/images-prep/qupu123-sweep/三九的冰雪路__qupu123-318990/001.jpg
三代情缘	qupu123	311063	1	简谱	三代情缘__qupu123-311063	/home/caesium-132/jianpu/images-prep/qupu123-sweep/三代情缘__qupu123-311063/001.jpg
三只小马	qupu123	328309	2	简谱	三只小马__qupu123-328309	/home/caesium-132/jianpu/images-prep/qupu123-crawl/三只小马__qupu123-328309/001.jpg
三吋日光-回赠编辑斯斯	jianpucn	178481	2	简谱	三吋日光-回赠编辑斯斯__jianpucn-178481	/home/caesium-132/jianpu/images-prep/jianpucn-liangjingru/三吋日光-回赠编辑斯斯__jianpucn-178481/001.jpg
三峡有支幸福的歌1	jianpucn	131691	1	简谱	三峡有支幸福的歌1（电影《三峡情思》主题歌）__jianpucn-131691	/home/caesium-132/jianpu/images-prep/jianpucn-liguyi/三峡有支幸福的歌1（电影《三峡情思》主题歌）__jianpucn-131691/001.jpg
三年二班 to me	jianpucn	218056	2	简谱	三年二班 to me__jianpucn-218056	/home/caesium-132/jianpu/images-prep/jianpucn-zhoujielun/三年二班 to me__jianpucn-218056/001.jpg
三江源	qupu123	335059	4	改编	三江源（吴玉军词_朴瑞星曲、正谱）__qupu123-335059	/home/caesium-132/jianpu/images-prep/qupu123-crawl/三江源（吴玉军词_朴瑞星曲、正谱）__qupu123-335059/001.jpg
三湾有棵红枫树	qupu123	312366	1	简谱	三湾有棵红枫树__qupu123-312366	/home/caesium-132/jianpu/images-prep/qupu123-sweep/三湾有棵红枫树__qupu123-312366/001.png
三湾来了毛委员 钢伴谱	jianpucn	222377	2	简谱	三湾来了毛委员 钢伴谱__jianpucn-222377	/home/caesium-132/jianpu/images-prep/jianpucn-songzuying/三湾来了毛委员 钢伴谱__jianpucn-222377/001.jpg
三生石上刻情缘	qupu123	306656	1	简谱	三生石上刻情缘__qupu123-306656	/home/caesium-132/jianpu/images-prep/qupu123-sweep/三生石上刻情缘__qupu123-306656/001.jpg
三笑	qupu123	330860	1	简谱	三笑（蒋燕_词曲）__qupu123-330860	/home/caesium-132/jianpu/images-prep/qupu123-crawl/三笑（蒋燕_词曲）__qupu123-330860/001.gif
上上签-认证谱	jianpucn	94419	2	改编	上上签-认证谱吉他谱( 六线谱)__jianpucn-94419	/home/caesium-132/jianpu/images-prep/jianpucn-zhouhuajian/上上签-认证谱吉他谱( 六线谱)__jianpucn-94419/001.jpg
上善若水	jianpujia	20164	1	简谱	上善若水简谱(歌词)_谭晶演唱_momoliu曲谱__jianpujia-20164	/home/caesium-132/jianpu/images-prep/jianpujia-7224/上善若水简谱(歌词)_谭晶演唱_momoliu曲谱__jianpujia-20164/001.jpg
上山坡下山坡	qupu123	311970	1	简谱	上山坡下山坡__qupu123-311970	/home/caesium-132/jianpu/images-prep/qupu123-sweep/上山坡下山坡__qupu123-311970/001.jpg
上海1943	jianpucn	90553	1	简谱	上海1943__jianpucn-90553	/home/caesium-132/jianpu/images-prep/jianpucn-zhoujielun/上海1943__jianpucn-90553/001.jpg
上海人&nbsp;&nbsp;	jianpucn	475629	11	简谱	上海人&nbsp;&nbsp;__jianpucn-475629	/home/caesium-132/jianpu/images-prep/test-jianpucn/上海人&nbsp;&nbsp;__jianpucn-475629/001.jpg
上海青年一起来	qupu123	327313	1	简谱	上海青年一起来__qupu123-327313	/home/caesium-132/jianpu/images-prep/qupu123-sweep/上海青年一起来__qupu123-327313/001.jpg
下一个天亮&nbsp;&nbsp;	jianpucn	119246	1	简谱	下一个天亮&nbsp;&nbsp;__jianpucn-119246	/home/caesium-132/jianpu/images-prep/jianpucn-title/下一个天亮&nbsp;&nbsp;__jianpucn-119246/001.jpg
下一站天后-泠冷飘花	jianpucn	102481	2	简谱	下一站天后-泠冷飘花__jianpucn-102481	/home/caesium-132/jianpu/images-prep/jianpucn-twins/下一站天后-泠冷飘花__jianpucn-102481/001.jpg
下次如果离开你	jianpucn	2608	1	简谱	下次如果离开你__jianpucn-2608	/home/caesium-132/jianpu/images-prep/jianpucn-pop/下次如果离开你__jianpucn-2608/001.jpg
下辈子如果我还记得你	qupu123	20174	1	简谱	下辈子如果我还记得你__qupu123-20174	/home/caesium-132/jianpu/images-prep/_offtarget/下辈子如果我还记得你__qupu123-20174/001.jpg
下雨了尤克里里谱	jianpucn	458585	4	改编	下雨了尤克里里谱（ C调 ）__jianpucn-458585	/home/caesium-132/jianpu/images-prep/jianpucn-xuezhiqian/下雨了尤克里里谱（ C调 ）__jianpucn-458585/001.jpg
下雨了钢琴	jianpujia	149011	6	改编	下雨了钢琴简谱_薛之谦演唱__jianpujia-149011	/home/caesium-132/jianpu/images-prep/jianpujia-351/下雨了钢琴简谱_薛之谦演唱__jianpujia-149011/001.png
不下雨就出太阳吧	jianpucn	100622	2	简谱	不下雨就出太阳吧__jianpucn-100622	/home/caesium-132/jianpu/images-prep/jianpucn-pop/不下雨就出太阳吧__jianpucn-100622/001.jpg
不为谁而作的歌尤克里里谱	jianpucn	458578	1	改编	不为谁而作的歌尤克里里谱（ C调）__jianpucn-458578	/home/caesium-132/jianpu/images-prep/jianpucn-linjunjie/不为谁而作的歌尤克里里谱（ C调）__jianpucn-458578/001.jpg
不会分离	jianpucn	91340	2	简谱	不会分离(吉它谱)__jianpucn-91340	/home/caesium-132/jianpu/images-prep/jianpucn-pop/不会分离(吉它谱)__jianpucn-91340/001.jpg
不像个大人	jianpucn	195680	1	简谱	不像个大人__jianpucn-195680	/home/caesium-132/jianpu/images-prep/jianpucn-zhanghuimei/不像个大人__jianpucn-195680/001.jpg
不再回眸	qupu123	327662	1	简谱	不再回眸__qupu123-327662	/home/caesium-132/jianpu/images-prep/qupu123-sweep/不再回眸__qupu123-327662/001.jpg
不再寂寞	qupu123	321591	1	简谱	不再寂寞__qupu123-321591	/home/caesium-132/jianpu/images-prep/qupu123-sweep/不再寂寞__qupu123-321591/001.jpg
不再犹豫钢琴	jianpujia	250184	4	改编	不再犹豫钢琴简谱_Beyond演唱__jianpujia-250184	/home/caesium-132/jianpu/images-prep/jianpujia-art3246/不再犹豫钢琴简谱_Beyond演唱__jianpujia-250184/001.png
不再见	jianpujia	10390	1	简谱	不再见简谱(歌词)_陈学冬演唱_电影_小时代3_插曲__jianpujia-10390	/home/caesium-132/jianpu/images-prep/jianpujia-478/不再见简谱(歌词)_陈学冬演唱_电影_小时代3_插曲__jianpujia-10390/001.gif
不可一世 吉他 —	jianpucn	234084	2	改编	不可一世 吉他 — （扫描版）__jianpucn-234084	/home/caesium-132/jianpu/images-prep/jianpucn-beyond/不可一世 吉他 — （扫描版）__jianpucn-234084/001.jpg
不可代替	qupu123	323487	1	简谱	不可代替__qupu123-323487	/home/caesium-132/jianpu/images-prep/qupu123-sweep/不可代替__qupu123-323487/001.jpg
不后悔爱过你	qupu123	370390	3	简谱	不后悔爱过你__qupu123-370390	/home/caesium-132/jianpu/images-prep/qupu123-crawl/不后悔爱过你__qupu123-370390/001.jpg
不如不见	jianpucn	171760	2	简谱	不如不见__jianpucn-171760	/home/caesium-132/jianpu/images-prep/jianpucn-pop/不如不见__jianpucn-171760/001.jpg
不存在的情人 五线谱—	jianpucn	225514	2	改编	不存在的情人 五线谱—__jianpucn-225514	/home/caesium-132/jianpu/images-prep/jianpucn-linjunjie/不存在的情人 五线谱—__jianpucn-225514/001.jpg
不完美小孩	jianpucn	413923	2	改编	不完美小孩（尤克里里弹唱谱）__jianpucn-413923	/home/caesium-132/jianpu/images-prep/jianpucn-xuezhiqian/不完美小孩（尤克里里弹唱谱）__jianpucn-413923/001.jpg
不属于我的世界	qupu123	314248	1	简谱	不属于我的世界__qupu123-314248	/home/caesium-132/jianpu/images-prep/qupu123-sweep/不属于我的世界__qupu123-314248/001.jpg
不必勉强	jianpucn	90345	1	简谱	不必勉强__jianpucn-90345	/home/caesium-132/jianpu/images-prep/jianpucn-qiqin/不必勉强__jianpucn-90345/001.jpg
不怪才怪	qupu123	326123	1	简谱	不怪才怪__qupu123-326123	/home/caesium-132/jianpu/images-prep/qupu123-sweep/不怪才怪__qupu123-326123/001.jpg
不想失去你	jianpucn	231641	2	改编	不想失去你（吉他弹唱）__jianpucn-231641	/home/caesium-132/jianpu/images-prep/jianpucn-zhangxueyou/不想失去你（吉他弹唱）__jianpucn-231641/001.jpg
不想让你哭	qupu123	329408	3	改编	不想让你哭（正谱）__qupu123-329408	/home/caesium-132/jianpu/images-prep/qupu123-sweep/不想让你哭（正谱）__qupu123-329408/001.png
不懂-Jennifermao	jianpucn	100540	2	简谱	不懂-Jennifermao__jianpucn-100540	/home/caesium-132/jianpu/images-prep/jianpucn-linjunjie/不懂-Jennifermao__jianpucn-100540/001.jpg
不懂-伴奏	jianpucn	121857	2	改编	不懂-伴奏__jianpucn-121857	/home/caesium-132/jianpu/images-prep/jianpucn-linjunjie/不懂-伴奏__jianpucn-121857/001.jpg
不懂钢琴	jianpujia	377896	7	改编	不懂钢琴简谱_林俊杰演唱__jianpujia-377896	/home/caesium-132/jianpu/images-prep/jianpujia-499/不懂钢琴简谱_林俊杰演唱__jianpujia-377896/001.png
不敢回到你梦里	qupu123	327663	1	简谱	不敢回到你梦里__qupu123-327663	/home/caesium-132/jianpu/images-prep/qupu123-sweep/不敢回到你梦里__qupu123-327663/001.jpg
不是我不明白-	jianpucn	101183	2	改编	不是我不明白-(欣仔改编弹唱版)__jianpucn-101183	/home/caesium-132/jianpu/images-prep/jianpucn-pop/不是我不明白-(欣仔改编弹唱版)__jianpucn-101183/001.jpg
不是我不爱你	qupu123	309265	1	简谱	不是我不爱你 （萍子词 刘起发曲）__qupu123-309265	/home/caesium-132/jianpu/images-prep/qupu123-sweep/不是我不爱你 （萍子词 刘起发曲）__qupu123-309265/001.jpg
不是真的爱我	jianpucn	10075	1	简谱	不是真的爱我__jianpucn-10075	/home/caesium-132/jianpu/images-prep/jianpucn-pop/不是真的爱我__jianpucn-10075/001.jpg
不来也不去	jianpucn	178803	2	简谱	不来也不去__jianpucn-178803	/home/caesium-132/jianpu/images-prep/jianpucn-pop/不来也不去__jianpucn-178803/001.jpg
不染	jianpucn	471005	1	改编	不染 （ G调指法简单版编配）__jianpucn-471005	/home/caesium-132/jianpu/images-prep/jianpucn-maobuyi/不染 （ G调指法简单版编配）__jianpucn-471005/001.jpg
不死之身	jianpucn	102718	1	简谱	不死之身__jianpucn-102718	/home/caesium-132/jianpu/images-prep/jianpucn-linjunjie/不死之身__jianpucn-102718/001.jpg
不死之身--钢琴弹唱版	jianpucn	101955	2	改编	不死之身--钢琴弹唱版__jianpucn-101955	/home/caesium-132/jianpu/images-prep/jianpucn-linjunjie/不死之身--钢琴弹唱版__jianpucn-101955/001.jpg
不流泪的机场	jianpucn	10438	3	简谱	不流泪的机场__jianpucn-10438	/home/caesium-132/jianpu/images-prep/jianpucn-linjunjie/不流泪的机场__jianpucn-10438/001.jpg
不潮不用花钱钢琴	jianpujia	377981	6	改编	不潮不用花钱钢琴简谱_林俊杰演唱__jianpujia-377981	/home/caesium-132/jianpu/images-prep/jianpujia-499/不潮不用花钱钢琴简谱_林俊杰演唱__jianpujia-377981/001.png
不灭星光	qupu123	321590	1	简谱	不灭星光__qupu123-321590	/home/caesium-132/jianpu/images-prep/qupu123-sweep/不灭星光__qupu123-321590/001.jpg
不爱我	jianpucn	458342	1	简谱	不爱我 （ G调指法简单版）__jianpucn-458342	/home/caesium-132/jianpu/images-prep/jianpucn-xuezhiqian/不爱我 （ G调指法简单版）__jianpucn-458342/001.jpg
不爱我就拉倒	jianpucn	458529	1	改编	不爱我就拉倒 （ C调指法编配）__jianpucn-458529	/home/caesium-132/jianpu/images-prep/jianpucn-zhoujielun/不爱我就拉倒 （ C调指法编配）__jianpucn-458529/001.jpg
不知道的爱	qupu123	321592	1	简谱	不知道的爱__qupu123-321592	/home/caesium-132/jianpu/images-prep/qupu123-sweep/不知道的爱__qupu123-321592/001.jpg
不离	qupu123	323653	1	简谱	不离__qupu123-323653	/home/caesium-132/jianpu/images-prep/qupu123-sweep/不离__qupu123-323653/001.jpg
不老的传说	jianpucn	2075	1	简谱	不老的传说__jianpucn-2075	/home/caesium-132/jianpu/images-prep/jianpucn-zhangxueyou/不老的传说__jianpucn-2075/001.jpg
不老的太阳神	qupu123	313987	1	简谱	不老的太阳神__qupu123-313987	/home/caesium-132/jianpu/images-prep/qupu123-sweep/不老的太阳神__qupu123-313987/001.png
不老谣	qupu123	326418	1	简谱	不老谣（刘岐山词 于珂群曲）__qupu123-326418	/home/caesium-132/jianpu/images-prep/qupu123-sweep/不老谣（刘岐山词 于珂群曲）__qupu123-326418/001.jpg
不能再等待	jianpucn	103036	2	简谱	不能再等待__jianpucn-103036	/home/caesium-132/jianpu/images-prep/jianpucn-pop/不能再等待__jianpucn-103036/001.jpg
不能和你分手	jianpucn	33994	1	简谱	不能和你分手（《还珠格格》主题曲）&nbsp;&nbsp;__jianpucn-33994	/home/caesium-132/jianpu/images-prep/jianpucn-title/不能和你分手（《还珠格格》主题曲）&nbsp;&nbsp;__jianpucn-33994/001.jpg
不能和你分手&nbsp;&nbsp;	jianpucn	85585	1	简谱	不能和你分手&nbsp;&nbsp;__jianpucn-85585	/home/caesium-132/jianpu/images-prep/jianpucn-title/不能和你分手&nbsp;&nbsp;__jianpucn-85585/001.jpg
不能说的秘密-弹唱-緋村剑心版	jianpucn	99588	2	改编	不能说的秘密-弹唱-緋村剑心版__jianpucn-99588	/home/caesium-132/jianpu/images-prep/jianpucn-zhoujielun/不能说的秘密-弹唱-緋村剑心版__jianpucn-99588/001.jpg
不能说的秘密-鸠玖版	jianpucn	99461	2	简谱	不能说的秘密-鸠玖版__jianpucn-99461	/home/caesium-132/jianpu/images-prep/jianpucn-zhoujielun/不能说的秘密-鸠玖版__jianpucn-99461/001.jpg
不能说的秘密之二 木吉他版	jianpucn	213189	1	改编	不能说的秘密之二 木吉他版__jianpucn-213189	/home/caesium-132/jianpu/images-prep/jianpucn-zhoujielun/不能说的秘密之二 木吉他版__jianpucn-213189/001.jpg
不能说的秘密吉他 —扫描版	jianpucn	234002	2	改编	不能说的秘密吉他 —扫描版__jianpucn-234002	/home/caesium-132/jianpu/images-prep/jianpucn-zhoujielun/不能说的秘密吉他 —扫描版__jianpucn-234002/001.jpg
不能说的秘密小插曲	jianpucn	195633	1	简谱	不能说的秘密小插曲__jianpucn-195633	/home/caesium-132/jianpu/images-prep/jianpucn-zhoujielun/不能说的秘密小插曲__jianpucn-195633/001.jpg
不能说的秘密指弹	jianpucn	457376	1	改编	不能说的秘密指弹 （ 独奏 ）__jianpucn-457376	/home/caesium-132/jianpu/images-prep/jianpucn-zhoujielun/不能说的秘密指弹 （ 独奏 ）__jianpucn-457376/001.jpg
不能说的秘密斗琴二----简化版	jianpucn	181810	2	简谱	不能说的秘密斗琴二----简化版__jianpucn-181810	/home/caesium-132/jianpu/images-prep/jianpucn-zhoujielun/不能说的秘密斗琴二----简化版__jianpucn-181810/001.jpg
不能说的秘密春之歌	jianpucn	174690	1	简谱	不能说的秘密春之歌__jianpucn-174690	/home/caesium-132/jianpu/images-prep/jianpucn-zhoujielun/不能说的秘密春之歌__jianpucn-174690/001.jpg
不能说的秘密片尾曲钢琴	jianpujia	380458	2	改编	不能说的秘密片尾曲钢琴简谱_周杰伦演唱__jianpujia-380458	/home/caesium-132/jianpu/images-prep/jianpujia-583/不能说的秘密片尾曲钢琴简谱_周杰伦演唱__jianpujia-380458/001.png
不要太多	jianpucn	502	1	简谱	不要太多__jianpucn-502	/home/caesium-132/jianpu/images-prep/jianpucn-pop/不要太多__jianpucn-502/001.jpg
不要说 不能说的感觉	jianpucn	239037	1	简谱	不要说 不能说的感觉__jianpucn-239037	/home/caesium-132/jianpu/images-prep/jianpucn-zhangxinzhe/不要说 不能说的感觉__jianpucn-239037/001.jpg
不要说再见	qupu123	311794	1	简谱	不要说再见__qupu123-311794	/home/caesium-132/jianpu/images-prep/qupu123-sweep/不要说再见__qupu123-311794/001.jpg
不要说话钢琴	jianpujia	151579	7	改编	不要说话钢琴简谱_陈奕迅演唱__jianpujia-151579	/home/caesium-132/jianpu/images-prep/jianpujia-art315/不要说话钢琴简谱_陈奕迅演唱__jianpujia-151579/001.png
不论今宵或明天	jianpujia	18716	1	简谱	不论今宵或明天简谱(歌词)_邓丽君演唱_王wzh曲谱__jianpujia-18716	/home/caesium-132/jianpu/images-prep/jianpujia-1252/不论今宵或明天简谱(歌词)_邓丽君演唱_王wzh曲谱__jianpujia-18716/001.gif
不该钢琴	jianpujia	380028	5	改编	不该钢琴简谱_周杰伦演唱__jianpujia-380028	/home/caesium-132/jianpu/images-prep/jianpujia-583/不该钢琴简谱_周杰伦演唱__jianpujia-380028/001.png
不说话	jianpujia	13473	1	简谱	不说话简谱(歌词)_周深演唱_电影_大护法_概念曲__jianpujia-13473	/home/caesium-132/jianpu/images-prep/jianpujia-380/不说话简谱(歌词)_周深演唱_电影_大护法_概念曲__jianpujia-13473/001.png
不说钢琴	jianpujia	149014	7	改编	不说钢琴简谱_李荣浩演唱__jianpujia-149014	/home/caesium-132/jianpu/images-prep/jianpujia-478/不说钢琴简谱_李荣浩演唱__jianpujia-149014/001.png
不负好时光	qupu123	305587	1	简谱	不负好时光__qupu123-305587	/home/caesium-132/jianpu/images-prep/qupu123-sweep/不负好时光__qupu123-305587/001.png
不遗憾	jianpucn	463609	1	改编	不遗憾 （ C调指法原版编配）__jianpucn-463609	/home/caesium-132/jianpu/images-prep/jianpucn-lironghao/不遗憾 （ C调指法原版编配）__jianpucn-463609/001.jpg
与卿钢琴	jianpujia	153047	3	改编	与卿钢琴简谱_数字双手_周深__jianpujia-153047	/home/caesium-132/jianpu/images-prep/jianpujia-380/与卿钢琴简谱_数字双手_周深__jianpujia-153047/001.png
与火星的孩子对话	jianpucn	457457	2	简谱	与火星的孩子对话 （ D调原版）__jianpucn-457457	/home/caesium-132/jianpu/images-prep/jianpucn-huachenyu/与火星的孩子对话 （ D调原版）__jianpucn-457457/001.jpg
与爱相约	qupu123	308593	1	简谱	与爱相约__qupu123-308593	/home/caesium-132/jianpu/images-prep/qupu123-sweep/与爱相约__qupu123-308593/001.jpg
丑八怪 C调 及教学	jianpucn	320318	4	改编	丑八怪 C调 及教学（ 吉他教学）__jianpucn-320318	/home/caesium-132/jianpu/images-prep/jianpucn-xuezhiqian/丑八怪 C调 及教学（ 吉他教学）__jianpucn-320318/001.jpg
丑八怪 薛之谦	qupu123	239026	4	改编	丑八怪 薛之谦（酷音小伟吉他教学）__qupu123-239026	/home/caesium-132/jianpu/images-prep/qupu123-xuezhiqian/丑八怪 薛之谦（酷音小伟吉他教学）__qupu123-239026/001.jpg
丑八怪钢琴	jianpujia	149454	7	改编	丑八怪钢琴简谱_薛之谦演唱__jianpujia-149454	/home/caesium-132/jianpu/images-prep/jianpujia-351/丑八怪钢琴简谱_薛之谦演唱__jianpujia-149454/001.png
专心换伤心	qupu123	303259	1	简谱	专心换伤心__qupu123-303259	/home/caesium-132/jianpu/images-prep/qupu123-sweep/专心换伤心__qupu123-303259/001.jpg
且听风吟-弹唱 吉他类 流行	jianpucn	113086	2	改编	且听风吟-弹唱 吉他类 流行__jianpucn-113086	/home/caesium-132/jianpu/images-prep/jianpucn-pushu/且听风吟-弹唱 吉他类 流行__jianpucn-113086/001.jpg
世上买不到后悔药	qupu123	371052	3	简谱	世上买不到后悔药__qupu123-371052	/home/caesium-132/jianpu/images-prep/qupu123-crawl/世上买不到后悔药__qupu123-371052/001.jpg
世代追随	jianpujia	20111	1	简谱	世代追随简谱(歌词)_王丽达演唱_momoliu曲谱__jianpujia-20111	/home/caesium-132/jianpu/images-prep/jianpujia-12500/世代追随简谱(歌词)_王丽达演唱_momoliu曲谱__jianpujia-20111/001.jpg
世界上不存在的歌	jianpucn	468256	1	简谱	世界上不存在的歌 （ C调原版）__jianpucn-468256	/home/caesium-132/jianpu/images-prep/jianpucn-pop/世界上不存在的歌 （ C调原版）__jianpucn-468256/001.jpg
世界之巅	jianpucn	109441	1	简谱	世界之巅 （简谱版）__jianpucn-109441	/home/caesium-132/jianpu/images-prep/jianpucn-pop/世界之巅 （简谱版）__jianpucn-109441/001.jpg
世界停顿	qupu123	305312	1	简谱	世界停顿__qupu123-305312	/home/caesium-132/jianpu/images-prep/qupu123-sweep/世界停顿__qupu123-305312/001.jpg
世界未日	jianpucn	172313	2	简谱	世界未日__jianpucn-172313	/home/caesium-132/jianpu/images-prep/jianpucn-zhoujielun/世界未日__jianpucn-172313/001.jpg
世界末日	jianpucn	109442	1	简谱	世界末日（简谱版）__jianpucn-109442	/home/caesium-132/jianpu/images-prep/jianpucn-pop/世界末日（简谱版）__jianpucn-109442/001.jpg
世界末日-弹唱版	jianpucn	102677	2	改编	世界末日-弹唱版__jianpucn-102677	/home/caesium-132/jianpu/images-prep/jianpucn-zhoujielun/世界末日-弹唱版__jianpucn-102677/001.jpg
世纪中国梦	qupu123	373395	3	简谱	世纪中国梦（合唱简谱）__qupu123-373395	/home/caesium-132/jianpu/images-prep/qupu123-crawl/世纪中国梦（合唱简谱）__qupu123-373395/001.jpg
世间始终你好&nbsp;&nbsp;	jianpucn	35821	1	简谱	世间始终你好&nbsp;&nbsp;__jianpucn-35821	/home/caesium-132/jianpu/images-prep/jianpucn-title/世间始终你好&nbsp;&nbsp;__jianpucn-35821/001.jpg
世间的美丽鸟	qupu123	312489	1	简谱	世间的美丽鸟__qupu123-312489	/home/caesium-132/jianpu/images-prep/qupu123-sweep/世间的美丽鸟__qupu123-312489/001.jpg
东山飘雨西山晴	jianpucn	156541	1	简谱	东山飘雨西山晴（彩谱）__jianpucn-156541	/home/caesium-132/jianpu/images-prep/jianpucn-denglijun/东山飘雨西山晴（彩谱）__jianpucn-156541/001.jpg
东方中国	qupu123	333953	4	简谱	东方中国（梁和平词_夏孙惠美曲）__qupu123-333953	/home/caesium-132/jianpu/images-prep/qupu123-crawl/东方中国（梁和平词_夏孙惠美曲）__qupu123-333953/001.jpg
东方之美	qupu123	318178	3	简谱	东方之美__qupu123-318178	/home/caesium-132/jianpu/images-prep/qupu123-sweep/东方之美__qupu123-318178/001.png
东方的太阳东方的月亮	jianpucn	44771	2	改编	东方的太阳东方的月亮(五线谱_简谱对照)__jianpucn-44771	/home/caesium-132/jianpu/images-prep/jianpucn-yanweiwen/东方的太阳东方的月亮(五线谱_简谱对照)__jianpucn-44771/001.jpg
东江之歌	jianpucn	343186	1	简谱	东江之歌 （作词 于 沙 作曲 邹启炎）__jianpucn-343186	/home/caesium-132/jianpu/images-prep/jianpucn-songzuying/东江之歌 （作词 于 沙 作曲 邹启炎）__jianpucn-343186/001.jpg
东边日出西边雨-主题曲	jianpucn	104590	2	简谱	东边日出西边雨-主题曲__jianpucn-104590	/home/caesium-132/jianpu/images-prep/jianpucn-liuhuan/东边日出西边雨-主题曲__jianpucn-104590/001.jpg
东风破-我为Jay狂编配版	jianpucn	102955	2	改编	东风破-我为Jay狂编配版__jianpucn-102955	/home/caesium-132/jianpu/images-prep/jianpucn-zhoujielun/东风破-我为Jay狂编配版__jianpucn-102955/001.jpg
东风破－简易版 键盘类 钢琴	jianpucn	113800	1	改编	东风破－简易版 键盘类 钢琴__jianpucn-113800	/home/caesium-132/jianpu/images-prep/jianpucn-zhoujielun/东风破－简易版 键盘类 钢琴__jianpucn-113800/001.jpg
丝路 歌曲类 钢琴伴奏谱	jianpucn	112414	2	改编	丝路 歌曲类 钢琴伴奏谱__jianpucn-112414	/home/caesium-132/jianpu/images-prep/jianpucn-pop/丝路 歌曲类 钢琴伴奏谱__jianpucn-112414/001.jpg
丝路-简易版-弹唱 吉他类 流行	jianpucn	113128	2	改编	丝路-简易版-弹唱 吉他类 流行__jianpucn-113128	/home/caesium-132/jianpu/images-prep/jianpucn-liangjingru/丝路-简易版-弹唱 吉他类 流行__jianpucn-113128/001.jpg
丝路—简易版 键盘类 钢琴	jianpucn	113603	1	改编	丝路—简易版 键盘类 钢琴__jianpucn-113603	/home/caesium-132/jianpu/images-prep/jianpucn-pop/丝路—简易版 键盘类 钢琴__jianpucn-113603/001.jpg
丝路长长	qupu123	329828	8	改编	丝路长长（正谱）__qupu123-329828	/home/caesium-132/jianpu/images-prep/qupu123-crawl/丝路长长（正谱）__qupu123-329828/001.jpg
丢架	jianpucn	104007	2	简谱	丢架__jianpucn-104007	/home/caesium-132/jianpu/images-prep/jianpucn-twins/丢架__jianpucn-104007/001.jpg
两个人的荒岛	jianpucn	153196	1	简谱	两个人的荒岛__jianpucn-153196	/home/caesium-132/jianpu/images-prep/jianpucn-linjunjie/两个人的荒岛__jianpucn-153196/001.jpg
两个你	jianpucn	457601	1	简谱	两个你 （ 《两个自己》C调 ）__jianpucn-457601	/home/caesium-132/jianpu/images-prep/jianpucn-dengziqi/两个你 （ 《两个自己》C调 ）__jianpucn-457601/001.jpg
两只老虎钢琴	jianpujia	234428	4	改编	两只老虎钢琴简谱_儿歌演唱__jianpujia-234428	/home/caesium-132/jianpu/images-prep/jianpujia-3462/两只老虎钢琴简谱_儿歌演唱__jianpujia-234428/001.png
两天	jianpucn	54882	1	简谱	两天__jianpucn-54882	/home/caesium-132/jianpu/images-prep/jianpucn-xuwei/两天__jianpucn-54882/001.jpg
两朵金花	qupu123	320091	1	简谱	两朵金花__qupu123-320091	/home/caesium-132/jianpu/images-prep/qupu123-sweep/两朵金花__qupu123-320091/001.jpg
两颗心	jianpucn	3588	1	简谱	两颗心__jianpucn-3588	/home/caesium-132/jianpu/images-prep/jianpucn-beyond/两颗心__jianpucn-3588/001.jpg
中华儿女多豪迈	qupu123	333674	2	简谱	中华儿女多豪迈__qupu123-333674	/home/caesium-132/jianpu/images-prep/qupu123-crawl/中华儿女多豪迈__qupu123-333674/001.jpg
中华民族一家亲	qupu123	307959	1	简谱	中华民族一家亲（周永财词 周永财曲）__qupu123-307959	/home/caesium-132/jianpu/images-prep/qupu123-sweep/中华民族一家亲（周永财词 周永财曲）__qupu123-307959/001.jpg
中国	qupu123	333388	2	简谱	中国_中国__qupu123-333388	/home/caesium-132/jianpu/images-prep/qupu123-crawl/中国_中国__qupu123-333388/001.jpg
中国不哭	qupu123	311093	1	简谱	中国不哭（谢安庆词 陈涤非曲）__qupu123-311093	/home/caesium-132/jianpu/images-prep/qupu123-sweep/中国不哭（谢安庆词 陈涤非曲）__qupu123-311093/001.jpg
中国人钢琴	jianpujia	253305	3	改编	中国人钢琴简谱_刘德华演唱__jianpujia-253305	/home/caesium-132/jianpu/images-prep/jianpujia-art855/中国人钢琴简谱_刘德华演唱__jianpujia-253305/001.png
中国刑警之歌	qupu123	323225	2	简谱	中国刑警之歌（纪铭战词 陆新强曲）__qupu123-323225	/home/caesium-132/jianpu/images-prep/qupu123-sweep/中国刑警之歌（纪铭战词 陆新强曲）__qupu123-323225/001.jpg
中国威武	qupu123	303046	1	简谱	中国威武__qupu123-303046	/home/caesium-132/jianpu/images-prep/qupu123-sweep/中国威武__qupu123-303046/001.jpg
中国就在这里	qupu123	323829	1	简谱	中国就在这里__qupu123-323829	/home/caesium-132/jianpu/images-prep/qupu123-sweep/中国就在这里__qupu123-323829/001.jpg
中国智慧	qupu123	369902	2	简谱	中国智慧__qupu123-369902	/home/caesium-132/jianpu/images-prep/qupu123-crawl/中国智慧__qupu123-369902/001.jpg
中国梦·点亮未来	qupu123	331570	3	改编	中国梦·点亮未来（正谱）__qupu123-331570	/home/caesium-132/jianpu/images-prep/qupu123-crawl/中国梦·点亮未来（正谱）__qupu123-331570/001.jpg
中国梦，我为你喝彩	qupu123	306782	4	改编	中国梦，我为你喝彩（正谱）__qupu123-306782	/home/caesium-132/jianpu/images-prep/qupu123-crawl/中国梦，我为你喝彩（正谱）__qupu123-306782/001.jpg
中国步伐	jianpujia	20055	1	简谱	中国步伐简谱(歌词)_汤子星王丽达演唱_momoliu曲谱__jianpujia-20055	/home/caesium-132/jianpu/images-prep/jianpujia-12500/中国步伐简谱(歌词)_汤子星王丽达演唱_momoliu曲谱__jianpujia-20055/001.jpg
中国流行风	qupu123	323234	1	简谱	中国流行风__qupu123-323234	/home/caesium-132/jianpu/images-prep/qupu123-sweep/中国流行风__qupu123-323234/001.png
中国球迷之歌	qupu123	321464	1	简谱	中国球迷之歌__qupu123-321464	/home/caesium-132/jianpu/images-prep/qupu123-sweep/中国球迷之歌__qupu123-321464/001.jpg
中国的希望	jianpucn	51088	1	简谱	中国的希望__jianpucn-51088	/home/caesium-132/jianpu/images-prep/jianpucn-zhangye/中国的希望__jianpucn-51088/001.jpg
中国的新时代	qupu123	335821	11	改编	中国的新时代（正谱）__qupu123-335821	/home/caesium-132/jianpu/images-prep/qupu123-crawl/中国的新时代（正谱）__qupu123-335821/001.jpg
中国精神	qupu123	326328	1	简谱	中国精神（乔明全词 山清曲）__qupu123-326328	/home/caesium-132/jianpu/images-prep/qupu123-sweep/中国精神（乔明全词 山清曲）__qupu123-326328/001.jpg
中国节拍 震动世界	jianpucn	216199	2	简谱	中国节拍 震动世界__jianpucn-216199	/home/caesium-132/jianpu/images-prep/jianpucn-zhangxueyou/中国节拍 震动世界__jianpucn-216199/001.jpg
中国话	qupu123	192745	1	简谱	中国话（曹光斌词 朝乐蒙曲）__qupu123-192745	/home/caesium-132/jianpu/images-prep/qupu123-mp046/中国话（曹光斌词 朝乐蒙曲）__qupu123-192745/001.jpg
中国话 大文化	qupu123	115149	1	简谱	中国话 大文化__qupu123-115149	/home/caesium-132/jianpu/images-prep/qupu123-mp046/中国话 大文化__qupu123-115149/001.jpg
中国高铁嗨嗨嗨	qupu123	315715	1	简谱	中国高铁嗨嗨嗨__qupu123-315715	/home/caesium-132/jianpu/images-prep/qupu123-sweep/中国高铁嗨嗨嗨__qupu123-315715/001.jpg
中国，我属于你	qupu123	324155	2	改编	中国，我属于你（伊彬配伴奏版、正谱）__qupu123-324155	/home/caesium-132/jianpu/images-prep/qupu123-crawl/中国，我属于你（伊彬配伴奏版、正谱）__qupu123-324155/001.jpg
中学时代	jianpujia	21952	2	简谱	中学时代简谱_李健演唱_孙世彦制谱__jianpujia-21952	/home/caesium-132/jianpu/images-prep/jianpujia-1106/中学时代简谱_李健演唱_孙世彦制谱__jianpujia-21952/001.jpg
中秋情 &nbsp;&nbsp;	jianpucn	475610	6	简谱	中秋情 &nbsp;&nbsp;__jianpucn-475610	/home/caesium-132/jianpu/images-prep/test-jianpucn/中秋情 &nbsp;&nbsp;__jianpucn-475610/001.jpg
丰收中国年【混声合唱】了	jianpucn	475157	12	简谱	丰收中国年【混声合唱】了__jianpucn-475157	/home/caesium-132/jianpu/images-prep/ready4/丰收中国年【混声合唱】了__jianpucn-475157/001.jpg
串联弹唱周杰伦三首歌曲	jianpucn	182967	2	改编	串联弹唱周杰伦三首歌曲__jianpucn-182967	/home/caesium-132/jianpu/images-prep/jianpucn-zhoujielun/串联弹唱周杰伦三首歌曲__jianpucn-182967/001.jpg
临安初雨	jianpujia	12905	1	简谱	临安初雨简谱(歌词)_周深演唱_桃李醉春风记谱__jianpujia-12905	/home/caesium-132/jianpu/images-prep/jianpujia-380/临安初雨简谱(歌词)_周深演唱_桃李醉春风记谱__jianpujia-12905/001.gif
丹东的姑娘	qupu123	303697	1	简谱	丹东的姑娘（又名：阿里郎圆舞曲）__qupu123-303697	/home/caesium-132/jianpu/images-prep/qupu123-sweep/丹东的姑娘（又名：阿里郎圆舞曲）__qupu123-303697/001.jpg
丹心一片	qupu123	323762	3	改编	丹心一片（选自歌剧《孙武》、正谱）__qupu123-323762	/home/caesium-132/jianpu/images-prep/qupu123-crawl/丹心一片（选自歌剧《孙武》、正谱）__qupu123-323762/001.jpg
为了你 为了我 -G调	jianpucn	470493	2	简谱	为了你 为了我 -G调__jianpucn-470493	/home/caesium-132/jianpu/images-prep/jianpucn-beyond/为了你 为了我 -G调__jianpucn-470493/001.jpg
为了你为了我	jianpucn	49397	1	简谱	为了你为了我__jianpucn-49397	/home/caesium-132/jianpu/images-prep/jianpucn-beyond/为了你为了我__jianpucn-49397/001.jpg
为了你为了我—beyond	jianpucn	172026	1	简谱	为了你为了我—beyond__jianpucn-172026	/home/caesium-132/jianpu/images-prep/jianpucn-beyond/为了你为了我—beyond__jianpucn-172026/001.jpg
为了你，为了我-认证谱	jianpucn	175161	1	简谱	为了你，为了我-认证谱__jianpucn-175161	/home/caesium-132/jianpu/images-prep/jianpucn-beyond/为了你，为了我-认证谱__jianpucn-175161/001.jpg
为了这一刻	qupu123	311029	1	简谱	为了这一刻（张书君词 陈涤非曲）__qupu123-311029	/home/caesium-132/jianpu/images-prep/qupu123-sweep/为了这一刻（张书君词 陈涤非曲）__qupu123-311029/001.png
为了遇见你 -G调	jianpucn	470623	2	简谱	为了遇见你 -G调__jianpucn-470623	/home/caesium-132/jianpu/images-prep/jianpucn-xuezhiqian/为了遇见你 -G调__jianpucn-470623/001.jpg
为了遇见你钢琴	jianpujia	149662	5	改编	为了遇见你钢琴简谱_薛之谦演唱__jianpujia-149662	/home/caesium-132/jianpu/images-prep/jianpujia-351/为了遇见你钢琴简谱_薛之谦演唱__jianpujia-149662/001.png
为你	qupu123	321416	1	简谱	为你（赵伟词 黄永胜曲）__qupu123-321416	/home/caesium-132/jianpu/images-prep/qupu123-sweep/为你（赵伟词 黄永胜曲）__qupu123-321416/001.jpg
为你写下这首情歌	jianpucn	467134	3	简谱	为你写下这首情歌 （ C调指法）__jianpucn-467134	/home/caesium-132/jianpu/images-prep/jianpucn-wuyuetian/为你写下这首情歌 （ C调指法）__jianpucn-467134/001.jpg
为你平定的天下	jianpujia	10710	1	简谱	为你平定的天下简谱(歌词)_李剑青演唱_电视剧_风中奇缘_主题曲__jianpujia-10710	/home/caesium-132/jianpu/images-prep/jianpujia-1192/为你平定的天下简谱(歌词)_李剑青演唱_电视剧_风中奇缘_主题曲__jianpujia-10710/001.gif
为你画眉	qupu123	335266	1	简谱	为你画眉（蒋燕_词曲）__qupu123-335266	/home/caesium-132/jianpu/images-prep/qupu123-crawl/为你画眉（蒋燕_词曲）__qupu123-335266/001.gif
为你而歌	jianpucn	4901	1	简谱	为你而歌__jianpucn-4901	/home/caesium-132/jianpu/images-prep/jianpucn-tianzhen/为你而歌__jianpucn-4901/001.jpg
为你钟情钢琴	jianpujia	249723	4	改编	为你钟情钢琴简谱_张国荣演唱__jianpujia-249723	/home/caesium-132/jianpu/images-prep/jianpujia-art1542/为你钟情钢琴简谱_张国荣演唱__jianpujia-249723/001.png
为爱打开彷徨锁	qupu123	318916	1	简谱	为爱打开彷徨锁__qupu123-318916	/home/caesium-132/jianpu/images-prep/qupu123-sweep/为爱打开彷徨锁__qupu123-318916/001.jpg
为爱瘦一次 吉他类 流行	jianpucn	117718	1	改编	为爱瘦一次 吉他类 流行__jianpucn-117718	/home/caesium-132/jianpu/images-prep/jianpucn-liudehua/为爱瘦一次 吉他类 流行__jianpucn-117718/001.jpg
为生命歌唱	qupu123	321603	1	简谱	为生命歌唱__qupu123-321603	/home/caesium-132/jianpu/images-prep/qupu123-sweep/为生命歌唱__qupu123-321603/001.jpg
为黄果树瀑布干杯	qupu123	334400	2	简谱	为黄果树瀑布干杯（刘爱斌词_王志刚曲）__qupu123-334400	/home/caesium-132/jianpu/images-prep/qupu123-crawl/为黄果树瀑布干杯（刘爱斌词_王志刚曲）__qupu123-334400/001.jpg
主旋律	jianpucn	245169	1	简谱	主旋律（后半部分主旋律）__jianpucn-245169	/home/caesium-132/jianpu/images-prep/jianpucn-pop/主旋律（后半部分主旋律）__jianpucn-245169/001.jpg
主旋律前半部分	jianpucn	248243	4	简谱	主旋律前半部分__jianpucn-248243	/home/caesium-132/jianpu/images-prep/jianpucn-pop/主旋律前半部分__jianpucn-248243/001.jpg
举起这杯迎新的酒	qupu123	324816	3	改编	举起这杯迎新的酒（正谱）__qupu123-324816	/home/caesium-132/jianpu/images-prep/qupu123-crawl/举起这杯迎新的酒（正谱）__qupu123-324816/001.jpg
久别重逢	qupu123	326375	4	改编	久别重逢（史可夫词_陈世祥曲、二重唱、正谱）__qupu123-326375	/home/caesium-132/jianpu/images-prep/qupu123-crawl/久别重逢（史可夫词_陈世祥曲、二重唱、正谱）__qupu123-326375/001.jpg
乌克丽丽	jianpucn	470799	2	简谱	乌克丽丽 （ C调指法扫弦版）__jianpucn-470799	/home/caesium-132/jianpu/images-prep/jianpucn-zhoujielun/乌克丽丽 （ C调指法扫弦版）__jianpucn-470799/001.jpg
乌兰巴托的夜	qupu123	395214	4	简谱	乌兰巴托的夜__qupu123-395214	/home/caesium-132/jianpu/images-prep/qupu123-crawl/乌兰巴托的夜__qupu123-395214/001.jpg
乌梅子酱钢琴	jianpujia	387917	7	改编	乌梅子酱钢琴简谱_李荣浩演唱__jianpujia-387917	/home/caesium-132/jianpu/images-prep/jianpujia-478/乌梅子酱钢琴简谱_李荣浩演唱__jianpujia-387917/001.png
乌江自勿刎	qupu123	322549	4	改编	乌江自勿刎（选自舞剧《项羽》第五幕、正谱）__qupu123-322549	/home/caesium-132/jianpu/images-prep/qupu123-crawl/乌江自勿刎（选自舞剧《项羽》第五幕、正谱）__qupu123-322549/001.jpg
乐逍遥	qupu123	307029	1	简谱	乐逍遥（刘从光词 刘莎曲）__qupu123-307029	/home/caesium-132/jianpu/images-prep/qupu123-sweep/乐逍遥（刘从光词 刘莎曲）__qupu123-307029/001.jpg
乔巴山之歌	qupu123	46222	2	简谱	乔巴山之歌（蒙古）__qupu123-46222	/home/caesium-132/jianpu/images-prep/qupu123-crawl/乔巴山之歌（蒙古）__qupu123-46222/001.jpg
乘上儿童小火车	qupu123	322547	2	改编	乘上儿童小火车（三部合唱、五线谱）__qupu123-322547	/home/caesium-132/jianpu/images-prep/qupu123-crawl/乘上儿童小火车（三部合唱、五线谱）__qupu123-322547/001.jpg
乘着歌声的翅膀飞吧	qupu123	326345	1	简谱	乘着歌声的翅膀飞吧__qupu123-326345	/home/caesium-132/jianpu/images-prep/qupu123-sweep/乘着歌声的翅膀飞吧__qupu123-326345/001.jpg
九号球	jianpucn	39970	1	简谱	九号球__jianpucn-39970	/home/caesium-132/jianpu/images-prep/jianpucn-wuyuetian/九号球__jianpucn-39970/001.jpg
九月-弹唱 吉他类 流行	jianpucn	112963	2	改编	九月-弹唱 吉他类 流行__jianpucn-112963	/home/caesium-132/jianpu/images-prep/jianpucn-pushu/九月-弹唱 吉他类 流行__jianpucn-112963/001.jpg
习酒一杯 好运天天来	qupu123	325372	1	简谱	习酒一杯 好运天天来__qupu123-325372	/home/caesium-132/jianpu/images-prep/qupu123-sweep/习酒一杯 好运天天来__qupu123-325372/001.jpg
乡村不一样	qupu123	320085	1	简谱	乡村不一样__qupu123-320085	/home/caesium-132/jianpu/images-prep/qupu123-sweep/乡村不一样__qupu123-320085/001.jpg
乱世佳人—原版 键盘类 钢琴	jianpucn	114554	1	改编	乱世佳人—原版 键盘类 钢琴__jianpucn-114554	/home/caesium-132/jianpu/images-prep/jianpucn-twins/乱世佳人—原版 键盘类 钢琴__jianpucn-114554/001.jpg
乱世浮生	jianpucn	131109	2	简谱	乱世浮生__jianpucn-131109	/home/caesium-132/jianpu/images-prep/jianpucn-wuyuetian/乱世浮生__jianpucn-131109/001.jpg
二月的节奏	qupu123	325749	3	简谱	二月的节奏__qupu123-325749	/home/caesium-132/jianpu/images-prep/qupu123-sweep/二月的节奏__qupu123-325749/001.jpg
二月里来	jianpujia	314236	1	简谱	二月里来_陕西民歌经典民歌100首简谱__jianpujia-314236	/home/caesium-132/jianpu/images-prep/jianpujia-22807/二月里来_陕西民歌经典民歌100首简谱__jianpujia-314236/001.png
二零三钢琴	jianpujia	150712	6	改编	二零三钢琴简谱_毛不易演唱__jianpujia-150712	/home/caesium-132/jianpu/images-prep/jianpujia-362/二零三钢琴简谱_毛不易演唱__jianpujia-150712/001.png
云上情歌	qupu123	370547	3	简谱	云上情歌__qupu123-370547	/home/caesium-132/jianpu/images-prep/qupu123-crawl/云上情歌__qupu123-370547/001.jpg
云上的日子	qupu123	351117	1	简谱	云上的日子（李健）__qupu123-351117	/home/caesium-132/jianpu/images-prep/qupu123-lijian/云上的日子（李健）__qupu123-351117/001.jpg
云中的月亮	jianpucn	125014	1	简谱	云中的月亮__jianpucn-125014	/home/caesium-132/jianpu/images-prep/jianpucn-tenggeer/云中的月亮__jianpucn-125014/001.jpg
云中苗寨	jianpucn	38770	1	简谱	云中苗寨__jianpucn-38770	/home/caesium-132/jianpu/images-prep/jianpucn-songzuying/云中苗寨__jianpucn-38770/001.jpg
云图	qupu123	307924	1	简谱	云图__qupu123-307924	/home/caesium-132/jianpu/images-prep/qupu123-sweep/云图__qupu123-307924/001.jpg
云宫迅音	qupu123	283446	1	简谱	云宫迅音 （电视连续剧《西游记 》片头曲 ）__qupu123-283446	/home/caesium-132/jianpu/images-prep/qupu123-kw/云宫迅音 （电视连续剧《西游记 》片头曲 ）__qupu123-283446/001.jpg
云朵上的草原草原丁喜萨斯原创曲	jianpujia	239248	1	简谱	云朵上的草原草原丁喜萨斯原创曲简谱_草原大哈演唱_草原大哈、逍遥_草原丁喜词曲__jianpujia-239248	/home/caesium-132/jianpu/images-prep/jianpujia-6223/云朵上的草原草原丁喜萨斯原创曲简谱_草原大哈演唱_草原大哈、逍遥_草原丁喜词曲__jianpujia-239248/001.png
云水情歌	qupu123	314034	1	简谱	云水情歌__qupu123-314034	/home/caesium-132/jianpu/images-prep/qupu123-sweep/云水情歌__qupu123-314034/001.jpg
云白白天蓝蓝	qupu123	322585	1	简谱	云白白天蓝蓝（潮语歌曲）__qupu123-322585	/home/caesium-132/jianpu/images-prep/qupu123-sweep/云白白天蓝蓝（潮语歌曲）__qupu123-322585/001.jpg
云的心事	qupu123	311032	1	简谱	云的心事__qupu123-311032	/home/caesium-132/jianpu/images-prep/qupu123-sweep/云的心事__qupu123-311032/001.png
云裳羽衣曲	jianpujia	14414	1	简谱	云裳羽衣曲简谱(歌词)_周深演唱_桃李醉春风记谱__jianpujia-14414	/home/caesium-132/jianpu/images-prep/jianpujia-380/云裳羽衣曲简谱(歌词)_周深演唱_桃李醉春风记谱__jianpujia-14414/001.png
五妹	qupu123	304896	1	简谱	五妹__qupu123-304896	/home/caesium-132/jianpu/images-prep/qupu123-sweep/五妹__qupu123-304896/001.jpg
五月	qupu123	333447	3	简谱	五月_故乡的麦浪（又名：故乡的麦浪）__qupu123-333447	/home/caesium-132/jianpu/images-prep/qupu123-crawl/五月_故乡的麦浪（又名：故乡的麦浪）__qupu123-333447/001.jpg
五月天 T1213121	qupu123	368542	1	改编	五月天 T1213121 吉他谱（无限延音编配）__qupu123-368542	/home/caesium-132/jianpu/images-prep/qupu123-wuyuetian/五月天 T1213121 吉他谱（无限延音编配）__qupu123-368542/001.jpg
五月天 你不是真正的快乐	qupu123	343910	4	改编	五月天 你不是真正的快乐 吉他谱（无限延音编配）__qupu123-343910	/home/caesium-132/jianpu/images-prep/qupu123-wuyuetian/五月天 你不是真正的快乐 吉他谱（无限延音编配）__qupu123-343910/001.jpg
五月天 倔强 吉他谱 G调指法	qupu123	343425	4	改编	五月天 倔强 吉他谱 G调指法（无限延音编配）__qupu123-343425	/home/caesium-132/jianpu/images-prep/qupu123-wuyuetian/五月天 倔强 吉他谱 G调指法（无限延音编配）__qupu123-343425/001.jpg
五月天 后青春期的诗	qupu123	368630	3	改编	五月天 后青春期的诗 吉他谱（无限延音编配）__qupu123-368630	/home/caesium-132/jianpu/images-prep/qupu123-wuyuetian/五月天 后青春期的诗 吉他谱（无限延音编配）__qupu123-368630/001.jpg
五月天 听不到	qupu123	368544	4	改编	五月天 听不到 吉他谱（无限延音编配）__qupu123-368544	/home/caesium-132/jianpu/images-prep/qupu123-wuyuetian/五月天 听不到 吉他谱（无限延音编配）__qupu123-368544/001.jpg
五月天 恋爱ING 吉他谱 C调指法	qupu123	348981	4	改编	五月天 恋爱ING 吉他谱 C调指法（无限延音编配）__qupu123-348981	/home/caesium-132/jianpu/images-prep/qupu123-wuyuetian/五月天 恋爱ING 吉他谱 C调指法（无限延音编配）__qupu123-348981/001.jpg
五月天 我不愿让你一个人	qupu123	341588	4	改编	五月天 我不愿让你一个人 吉他谱（无限延音编配）__qupu123-341588	/home/caesium-132/jianpu/images-prep/qupu123-wuyuetian/五月天 我不愿让你一个人 吉他谱（无限延音编配）__qupu123-341588/001.jpg
五月天 拥抱	qupu123	341456	3	改编	五月天 拥抱 吉他谱（无限延音编配）__qupu123-341456	/home/caesium-132/jianpu/images-prep/qupu123-wuyuetian/五月天 拥抱 吉他谱（无限延音编配）__qupu123-341456/001.jpg
五月天 时光机	qupu123	346856	3	改编	五月天 时光机 吉他谱（无限延音编配）__qupu123-346856	/home/caesium-132/jianpu/images-prep/qupu123-wuyuetian/五月天 时光机 吉他谱（无限延音编配）__qupu123-346856/001.jpg
五月天 温柔	qupu123	341587	3	改编	五月天 温柔 吉他谱（无限延音编配）__qupu123-341587	/home/caesium-132/jianpu/images-prep/qupu123-wuyuetian/五月天 温柔 吉他谱（无限延音编配）__qupu123-341587/001.jpg
五月天 突然好想你	qupu123	354005	4	改编	五月天 突然好想你 吉他谱（无限延音编配）__qupu123-354005	/home/caesium-132/jianpu/images-prep/qupu123-wuyuetian/五月天 突然好想你 吉他谱（无限延音编配）__qupu123-354005/001.jpg
五月天《听不到》切音版超清谱 老歌大叔吉他教室出品	qupu123	342886	3	改编	五月天《听不到》切音版超清谱 老歌大叔吉他教室出品__qupu123-342886	/home/caesium-132/jianpu/images-prep/qupu123-wuyuetian/五月天《听不到》切音版超清谱 老歌大叔吉他教室出品__qupu123-342886/001.jpg
五月的风	qupu123	336064	2	简谱	五月的风（线简谱对照版）__qupu123-336064	/home/caesium-132/jianpu/images-prep/qupu123-crawl/五月的风（线简谱对照版）__qupu123-336064/001.jpg
五月的麦地	qupu123	322599	1	简谱	五月的麦地__qupu123-322599	/home/caesium-132/jianpu/images-prep/qupu123-sweep/五月的麦地__qupu123-322599/001.jpg
五线谱版二部合唱：斑鸠调	qupu123	326802	3	改编	五线谱版二部合唱：斑鸠调__qupu123-326802	/home/caesium-132/jianpu/images-prep/qupu123-crawl/五线谱版二部合唱：斑鸠调__qupu123-326802/001.jpg
五线谱版二部合唱：灯碗碗开花在窗台	qupu123	326849	3	改编	五线谱版二部合唱：灯碗碗开花在窗台__qupu123-326849	/home/caesium-132/jianpu/images-prep/qupu123-crawl/五线谱版二部合唱：灯碗碗开花在窗台__qupu123-326849/001.jpg
五线谱版二部合唱：红红的中国结	qupu123	326909	2	改编	五线谱版二部合唱：红红的中国结__qupu123-326909	/home/caesium-132/jianpu/images-prep/qupu123-crawl/五线谱版二部合唱：红红的中国结__qupu123-326909/001.jpg
五线谱版二重唱：中秋	qupu123	326923	4	改编	五线谱版二重唱：中秋__qupu123-326923	/home/caesium-132/jianpu/images-prep/qupu123-crawl/五线谱版二重唱：中秋__qupu123-326923/001.jpg
五线谱版二重唱：八月桂花遍地开	qupu123	326800	3	改编	五线谱版二重唱：八月桂花遍地开__qupu123-326800	/home/caesium-132/jianpu/images-prep/qupu123-crawl/五线谱版二重唱：八月桂花遍地开__qupu123-326800/001.jpg
五线谱版二重唱：十八岁的歌，十八岁的笑	qupu123	326928	3	改编	五线谱版二重唱：十八岁的歌，十八岁的笑__qupu123-326928	/home/caesium-132/jianpu/images-prep/qupu123-crawl/五线谱版二重唱：十八岁的歌，十八岁的笑__qupu123-326928/001.jpg
五线谱版二重唱：十大姐	qupu123	326932	2	改编	五线谱版二重唱：十大姐__qupu123-326932	/home/caesium-132/jianpu/images-prep/qupu123-crawl/五线谱版二重唱：十大姐__qupu123-326932/001.jpg
五线谱版二重唱：地球啊，母亲	qupu123	326848	2	改编	五线谱版二重唱：地球啊，母亲__qupu123-326848	/home/caesium-132/jianpu/images-prep/qupu123-crawl/五线谱版二重唱：地球啊，母亲__qupu123-326848/001.jpg
五线谱版二重唱：多么美	qupu123	326850	2	改编	五线谱版二重唱：多么美__qupu123-326850	/home/caesium-132/jianpu/images-prep/qupu123-crawl/五线谱版二重唱：多么美__qupu123-326850/001.jpg
五线谱版二重唱：大红旗赞	qupu123	326847	3	改编	五线谱版二重唱：大红旗赞__qupu123-326847	/home/caesium-132/jianpu/images-prep/qupu123-crawl/五线谱版二重唱：大红旗赞__qupu123-326847/001.jpg
五线谱版二重唱：我们的八小时以外	qupu123	326917	2	改编	五线谱版二重唱：我们的八小时以外__qupu123-326917	/home/caesium-132/jianpu/images-prep/qupu123-crawl/五线谱版二重唱：我们的八小时以外__qupu123-326917/001.jpg
五线谱版二重唱：摘菜调	qupu123	326922	3	改编	五线谱版二重唱：摘菜调__qupu123-326922	/home/caesium-132/jianpu/images-prep/qupu123-crawl/五线谱版二重唱：摘菜调__qupu123-326922/001.jpg
五线谱版二重唱：故乡恋	qupu123	326851	3	改编	五线谱版二重唱：故乡恋__qupu123-326851	/home/caesium-132/jianpu/images-prep/qupu123-crawl/五线谱版二重唱：故乡恋__qupu123-326851/001.jpg
五线谱版二重唱：明天的美景今天描	qupu123	326799	3	改编	五线谱版二重唱：明天的美景今天描__qupu123-326799	/home/caesium-132/jianpu/images-prep/qupu123-crawl/五线谱版二重唱：明天的美景今天描__qupu123-326799/001.jpg
五线谱版二重唱：星星跟着月亮走	qupu123	326918	2	改编	五线谱版二重唱：星星跟着月亮走__qupu123-326918	/home/caesium-132/jianpu/images-prep/qupu123-crawl/五线谱版二重唱：星星跟着月亮走__qupu123-326918/001.jpg
五线谱版二重唱：映山红	qupu123	326933	3	改编	五线谱版二重唱：映山红（影片《闪闪的红星》插曲）__qupu123-326933	/home/caesium-132/jianpu/images-prep/qupu123-crawl/五线谱版二重唱：映山红（影片《闪闪的红星》插曲）__qupu123-326933/001.jpg
五线谱版二重唱：映山红的家乡	qupu123	326920	2	改编	五线谱版二重唱：映山红的家乡__qupu123-326920	/home/caesium-132/jianpu/images-prep/qupu123-crawl/五线谱版二重唱：映山红的家乡__qupu123-326920/001.jpg
五线谱版二重唱：欢乐的敖包会	qupu123	326910	2	改编	五线谱版二重唱：欢乐的敖包会__qupu123-326910	/home/caesium-132/jianpu/images-prep/qupu123-crawl/五线谱版二重唱：欢乐的敖包会__qupu123-326910/001.jpg
五线谱版二重唱：永远的马头琴	qupu123	326921	3	改编	五线谱版二重唱：永远的马头琴__qupu123-326921	/home/caesium-132/jianpu/images-prep/qupu123-crawl/五线谱版二重唱：永远的马头琴__qupu123-326921/001.jpg
五线谱版二重唱：清晨，我们踏上小道	qupu123	326916	2	改编	五线谱版二重唱：清晨，我们踏上小道__qupu123-326916	/home/caesium-132/jianpu/images-prep/qupu123-crawl/五线谱版二重唱：清晨，我们踏上小道__qupu123-326916/001.jpg
五线谱版二重唱：火箭兵的梦	qupu123	326930	2	改编	五线谱版二重唱：火箭兵的梦__qupu123-326930	/home/caesium-132/jianpu/images-prep/qupu123-crawl/五线谱版二重唱：火箭兵的梦__qupu123-326930/001.jpg
五线谱版二重唱：留下一片荫凉	qupu123	326914	2	改编	五线谱版二重唱：留下一片荫凉__qupu123-326914	/home/caesium-132/jianpu/images-prep/qupu123-crawl/五线谱版二重唱：留下一片荫凉__qupu123-326914/001.jpg
五线谱版二重唱：礼貌歌	qupu123	326913	3	改编	五线谱版二重唱：礼貌歌__qupu123-326913	/home/caesium-132/jianpu/images-prep/qupu123-crawl/五线谱版二重唱：礼貌歌__qupu123-326913/001.jpg
五线谱版二重唱：祖国万岁	qupu123	326927	3	改编	五线谱版二重唱：祖国万岁__qupu123-326927	/home/caesium-132/jianpu/images-prep/qupu123-crawl/五线谱版二重唱：祖国万岁__qupu123-326927/001.jpg
五线谱版二重唱：祖国，您听我说	qupu123	326925	3	改编	五线谱版二重唱：祖国，您听我说__qupu123-326925	/home/caesium-132/jianpu/images-prep/qupu123-crawl/五线谱版二重唱：祖国，您听我说__qupu123-326925/001.jpg
五线谱版二重唱：祖国，我的太阳	qupu123	326926	2	改编	五线谱版二重唱：祖国，我的太阳__qupu123-326926	/home/caesium-132/jianpu/images-prep/qupu123-crawl/五线谱版二重唱：祖国，我的太阳__qupu123-326926/001.jpg
五线谱版二重唱：祝愿歌	qupu123	326924	2	改编	五线谱版二重唱：祝愿歌__qupu123-326924	/home/caesium-132/jianpu/images-prep/qupu123-crawl/五线谱版二重唱：祝愿歌__qupu123-326924/001.jpg
五线谱版二重唱：芦花	qupu123	326931	2	改编	五线谱版二重唱：芦花__qupu123-326931	/home/caesium-132/jianpu/images-prep/qupu123-crawl/五线谱版二重唱：芦花__qupu123-326931/001.jpg
五线谱版二重唱：金梭和银梭	qupu123	326912	2	改编	五线谱版二重唱：金梭和银梭__qupu123-326912	/home/caesium-132/jianpu/images-prep/qupu123-crawl/五线谱版二重唱：金梭和银梭__qupu123-326912/001.jpg
五线谱版二重唱：钱塘问潮	qupu123	326915	3	改编	五线谱版二重唱：钱塘问潮__qupu123-326915	/home/caesium-132/jianpu/images-prep/qupu123-crawl/五线谱版二重唱：钱塘问潮__qupu123-326915/001.jpg
五线谱版二重唱：阿里阿里	qupu123	326929	3	改编	五线谱版二重唱：阿里阿里__qupu123-326929	/home/caesium-132/jianpu/images-prep/qupu123-crawl/五线谱版二重唱：阿里阿里__qupu123-326929/001.jpg
交亲亲	qupu123	326911	3	改编	交亲亲（五线谱）__qupu123-326911	/home/caesium-132/jianpu/images-prep/qupu123-crawl/交亲亲（五线谱）__qupu123-326911/001.jpg
交换	qupu123	336063	2	简谱	交换（线简谱对照版）__qupu123-336063	/home/caesium-132/jianpu/images-prep/qupu123-crawl/交换（线简谱对照版）__qupu123-336063/001.jpg
交换余生	jianpucn	467030	2	改编	交换余生 （ C调原版编配）__jianpucn-467030	/home/caesium-132/jianpu/images-prep/jianpucn-linjunjie/交换余生 （ C调原版编配）__jianpucn-467030/001.jpg
交织千个心	jianpucn	3284	1	简谱	交织千个心__jianpucn-3284	/home/caesium-132/jianpu/images-prep/jianpucn-beyond/交织千个心__jianpucn-3284/001.jpg
亲亲你啊李清照	qupu123	307970	1	简谱	亲亲你啊李清照__qupu123-307970	/home/caesium-132/jianpu/images-prep/qupu123-sweep/亲亲你啊李清照__qupu123-307970/001.png
亲亲我的宝贝-jilai编配版	jianpucn	171455	2	改编	亲亲我的宝贝-jilai编配版__jianpucn-171455	/home/caesium-132/jianpu/images-prep/jianpucn-zhouhuajian/亲亲我的宝贝-jilai编配版__jianpucn-171455/001.jpg
亲亲襄阳	qupu123	336141	2	简谱	亲亲襄阳（吴明发词_周佳荣曲）__qupu123-336141	/home/caesium-132/jianpu/images-prep/qupu123-crawl/亲亲襄阳（吴明发词_周佳荣曲）__qupu123-336141/001.jpg
亲人送别金沙滩	jianpucn	39390	1	简谱	亲人送别金沙滩__jianpucn-39390	/home/caesium-132/jianpu/images-prep/jianpucn-suxiaoming/亲人送别金沙滩__jianpucn-39390/001.jpg
亲妹子	qupu123	326711	1	简谱	亲妹子__qupu123-326711	/home/caesium-132/jianpu/images-prep/qupu123-sweep/亲妹子__qupu123-326711/001.jpg
亲密爱人&nbsp;&nbsp;	jianpucn	31969	1	简谱	亲密爱人&nbsp;&nbsp;__jianpucn-31969	/home/caesium-132/jianpu/images-prep/jianpucn-title/亲密爱人&nbsp;&nbsp;__jianpucn-31969/001.jpg
亲朋勿友	jianpucn	101427	2	简谱	亲朋勿友__jianpucn-101427	/home/caesium-132/jianpu/images-prep/jianpucn-twins/亲朋勿友__jianpucn-101427/001.jpg
亲爱的	qupu123	203870	1	简谱	亲爱的（刘德华演唱版）__qupu123-203870	/home/caesium-132/jianpu/images-prep/qupu123-liudehua/亲爱的（刘德华演唱版）__qupu123-203870/001.png
亲爱的今夜你在哪里 C调	jianpucn	318385	2	简谱	亲爱的今夜你在哪里 C调__jianpucn-318385	/home/caesium-132/jianpu/images-prep/jianpucn-wangfeng/亲爱的今夜你在哪里 C调__jianpucn-318385/001.jpg
亲爱的今夜你在哪里 C调 韩凛吉他工作室	jianpucn	318315	1	改编	亲爱的今夜你在哪里 C调 韩凛吉他工作室（韩凛原版编配）__jianpucn-318315	/home/caesium-132/jianpu/images-prep/jianpucn-wangfeng/亲爱的今夜你在哪里 C调 韩凛吉他工作室（韩凛原版编配）__jianpucn-318315/001.jpg
亲爱的今夜你在哪里 F调	jianpucn	318384	2	简谱	亲爱的今夜你在哪里 F调__jianpucn-318384	/home/caesium-132/jianpu/images-prep/jianpucn-wangfeng/亲爱的今夜你在哪里 F调__jianpucn-318384/001.jpg
亲爱的今夜你在哪里 F调 韩凛吉他工作室	jianpucn	318314	1	改编	亲爱的今夜你在哪里 F调 韩凛吉他工作室 （韩凛原版编配）__jianpucn-318314	/home/caesium-132/jianpu/images-prep/jianpucn-wangfeng/亲爱的今夜你在哪里 F调 韩凛吉他工作室 （韩凛原版编配）__jianpucn-318314/001.jpg
亲爱的你啊&nbsp;&nbsp;	jianpucn	456570	3	简谱	亲爱的你啊&nbsp;&nbsp;__jianpucn-456570	/home/caesium-132/jianpu/images-prep/jianpucn-title/亲爱的你啊&nbsp;&nbsp;__jianpucn-456570/001.jpg
亲爱的塞罕坝	qupu123	334778	4	简谱	亲爱的塞罕坝__qupu123-334778	/home/caesium-132/jianpu/images-prep/qupu123-crawl/亲爱的塞罕坝__qupu123-334778/001.jpg
亲爱的小孩	jianpucn	40291	1	简谱	亲爱的小孩(《法外情》插曲)__jianpucn-40291	/home/caesium-132/jianpu/images-prep/jianpucn-pop/亲爱的小孩(《法外情》插曲)__jianpucn-40291/001.jpg
亲爱的朋友	qupu123	323757	3	改编	亲爱的朋友（合唱、正谱）__qupu123-323757	/home/caesium-132/jianpu/images-prep/qupu123-crawl/亲爱的朋友（合唱、正谱）__qupu123-323757/001.jpg
亲爱的爸爸	qupu123	332645	2	简谱	亲爱的爸爸（陆有良词曲）__qupu123-332645	/home/caesium-132/jianpu/images-prep/qupu123-crawl/亲爱的爸爸（陆有良词曲）__qupu123-332645/001.jpg
亲爱的那不是爱情	qupu123	350936	2	改编	亲爱的那不是爱情（简和谱）__qupu123-350936	/home/caesium-132/jianpu/images-prep/qupu123-mp048/亲爱的那不是爱情（简和谱）__qupu123-350936/001.jpg
人人都有一个梦	qupu123	321124	1	简谱	人人都有一个梦__qupu123-321124	/home/caesium-132/jianpu/images-prep/qupu123-sweep/人人都有一个梦__qupu123-321124/001.jpg
人在世上活一回	qupu123	309273	1	简谱	人在世上活一回__qupu123-309273	/home/caesium-132/jianpu/images-prep/qupu123-sweep/人在世上活一回__qupu123-309273/001.png
人来人往	jianpucn	461900	2	改编	人来人往 （ G调指法编配）__jianpucn-461900	/home/caesium-132/jianpu/images-prep/jianpucn-pop/人来人往 （ G调指法编配）__jianpucn-461900/001.jpg
人来人往钢琴	jianpujia	150685	6	改编	人来人往钢琴简谱_陈奕迅演唱__jianpujia-150685	/home/caesium-132/jianpu/images-prep/jianpujia-art315/人来人往钢琴简谱_陈奕迅演唱__jianpujia-150685/001.png
人民的好公仆	qupu123	333785	2	改编	人民的好公仆（潺泉二胡_词曲）__qupu123-333785	/home/caesium-132/jianpu/images-prep/qupu123-crawl/人民的好公仆（潺泉二胡_词曲）__qupu123-333785/001.jpg
人生一世不容易	qupu123	370128	3	简谱	人生一世不容易__qupu123-370128	/home/caesium-132/jianpu/images-prep/qupu123-crawl/人生一世不容易__qupu123-370128/001.jpg
人生不易	qupu123	370156	3	简谱	人生不易__qupu123-370156	/home/caesium-132/jianpu/images-prep/qupu123-crawl/人生不易__qupu123-370156/001.jpg
人生不过三杯酒	qupu123	371049	3	简谱	人生不过三杯酒__qupu123-371049	/home/caesium-132/jianpu/images-prep/qupu123-crawl/人生不过三杯酒__qupu123-371049/001.jpg
人生就是戏	qupu123	327113	2	简谱	人生就是戏（秋惠词 姚敏曲）__qupu123-327113	/home/caesium-132/jianpu/images-prep/qupu123-sweep/人生就是戏（秋惠词 姚敏曲）__qupu123-327113/001.png
人生恍如梦	jianpujia	13474	1	简谱	人生恍如梦简谱(歌词)_谭晶演唱_桃李醉春风记谱__jianpujia-13474	/home/caesium-132/jianpu/images-prep/jianpujia-7224/人生恍如梦简谱(歌词)_谭晶演唱_桃李醉春风记谱__jianpujia-13474/001.png
人生无悔 电视连续剧	jianpucn	60189	1	简谱	人生无悔 电视连续剧(风雨丽人)片尾主题歌__jianpucn-60189	/home/caesium-132/jianpu/images-prep/jianpucn-liuhuan/人生无悔 电视连续剧(风雨丽人)片尾主题歌__jianpucn-60189/001.jpg
人生是一支唱不完的歌	qupu123	314165	1	简谱	人生是一支唱不完的歌__qupu123-314165	/home/caesium-132/jianpu/images-prep/qupu123-sweep/人生是一支唱不完的歌__qupu123-314165/001.jpg
人生海海	jianpucn	44333	3	简谱	人生海海__jianpucn-44333	/home/caesium-132/jianpu/images-prep/jianpucn-wuyuetian/人生海海__jianpucn-44333/001.jpg
人生过半回头看	qupu123	327943	1	简谱	人生过半回头看__qupu123-327943	/home/caesium-132/jianpu/images-prep/qupu123-sweep/人生过半回头看__qupu123-327943/001.jpg
人生还如初见时美丽	qupu123	311025	1	简谱	人生还如初见时美丽__qupu123-311025	/home/caesium-132/jianpu/images-prep/qupu123-sweep/人生还如初见时美丽__qupu123-311025/001.png
人生难得一知己	qupu123	307336	1	简谱	人生难得一知己（陈达词 梁海洋曲）__qupu123-307336	/home/caesium-132/jianpu/images-prep/qupu123-sweep/人生难得一知己（陈达词 梁海洋曲）__qupu123-307336/001.jpg
人生风雨路	qupu123	306071	1	简谱	人生风雨路__qupu123-306071	/home/caesium-132/jianpu/images-prep/qupu123-sweep/人生风雨路__qupu123-306071/001.jpg
人间城	qupu123	355458	1	简谱	人间城__qupu123-355458	/home/caesium-132/jianpu/images-prep/qupu123-hk/人间城__qupu123-355458/001.png
人间明天会更好	qupu123	305207	1	简谱	人间明天会更好__qupu123-305207	/home/caesium-132/jianpu/images-prep/qupu123-sweep/人间明天会更好__qupu123-305207/001.jpg
人间钢琴	jianpujia	252439	4	改编	人间钢琴简谱_王菲演唱__jianpujia-252439	/home/caesium-132/jianpu/images-prep/jianpujia-art3395/人间钢琴简谱_王菲演唱__jianpujia-252439/001.png
人面桃花	jianpucn	233356	1	简谱	人面桃花（ ） — 彩谱版__jianpucn-233356	/home/caesium-132/jianpu/images-prep/jianpucn-denglijun/人面桃花（ ） — 彩谱版__jianpucn-233356/001.jpg
今世有缘	qupu123	370176	1	简谱	今世有缘__qupu123-370176	/home/caesium-132/jianpu/images-prep/qupu123-crawl/今世有缘__qupu123-370176/001.gif
今夜	jianpucn	1235	3	简谱	今夜__jianpucn-1235	/home/caesium-132/jianpu/images-prep/jianpucn-xuwei/今夜__jianpucn-1235/001.jpg
今夜我把月光写尽	qupu123	323378	3	改编	今夜我把月光写尽（正谱）__qupu123-323378	/home/caesium-132/jianpu/images-prep/qupu123-crawl/今夜我把月光写尽（正谱）__qupu123-323378/001.jpg
今夜的滋味	jianpucn	2149	1	简谱	今夜的滋味__jianpucn-2149	/home/caesium-132/jianpu/images-prep/jianpucn-pushu/今夜的滋味__jianpucn-2149/001.jpg
今天你要嫁给我	jianpucn	11054	1	简谱	今天你要嫁给我__jianpucn-11054	/home/caesium-132/jianpu/images-prep/jianpucn-caiyilin/今天你要嫁给我__jianpucn-11054/001.jpg
今天的大中国	qupu123	309216	1	简谱	今天的大中国__qupu123-309216	/home/caesium-132/jianpu/images-prep/qupu123-sweep/今天的大中国__qupu123-309216/001.png
今天的我-童安格	jianpucn	156727	1	简谱	今天的我-童安格__jianpucn-156727	/home/caesium-132/jianpu/images-prep/jianpucn-tongange/今天的我-童安格__jianpucn-156727/001.jpg
今宵多珍重	qupu123	294770	1	简谱	今宵多珍重__qupu123-294770	/home/caesium-132/jianpu/images-prep/qupu123-hk/今宵多珍重__qupu123-294770/001.png
今年流行发红包	qupu123	316060	1	简谱	今年流行发红包__qupu123-316060	/home/caesium-132/jianpu/images-prep/qupu123-sweep/今年流行发红包__qupu123-316060/001.jpg
今生好好爱	qupu123	311272	1	简谱	今生好好爱__qupu123-311272	/home/caesium-132/jianpu/images-prep/qupu123-sweep/今生好好爱__qupu123-311272/001.jpg
今生有缘	qupu123	320231	1	简谱	今生有缘（杨瑞波词 刘昌贵曲）__qupu123-320231	/home/caesium-132/jianpu/images-prep/qupu123-sweep/今生有缘（杨瑞波词 刘昌贵曲）__qupu123-320231/001.jpg
今生难得有情人	qupu123	199784	1	简谱	今生难得有情人（郭峰词曲）__qupu123-199784	/home/caesium-132/jianpu/images-prep/qupu123-hk/今生难得有情人（郭峰词曲）__qupu123-199784/001.jpg
仍然是要闯	jianpucn	37135	1	简谱	仍然是要闯__jianpucn-37135	/home/caesium-132/jianpu/images-prep/jianpucn-beyond/仍然是要闯__jianpucn-37135/001.jpg
仍然是要闯乐队	jianpucn	213155	1	改编	仍然是要闯乐队__jianpucn-213155	/home/caesium-132/jianpu/images-prep/jianpucn-beyond/仍然是要闯乐队__jianpucn-213155/001.jpg
仍然要闯-认证谱	jianpucn	282914	1	简谱	仍然要闯-认证谱__jianpucn-282914	/home/caesium-132/jianpu/images-prep/jianpucn-beyond/仍然要闯-认证谱__jianpucn-282914/001.jpg
从何说起钢琴	jianpujia	252602	4	改编	从何说起钢琴简谱_陈奕迅演唱__jianpujia-252602	/home/caesium-132/jianpu/images-prep/jianpujia-art315/从何说起钢琴简谱_陈奕迅演唱__jianpujia-252602/001.png
从后赶上	qupu123	305127	1	简谱	从后赶上__qupu123-305127	/home/caesium-132/jianpu/images-prep/qupu123-sweep/从后赶上__qupu123-305127/001.png
从头在来	jianpucn	199557	3	简谱	从头在来__jianpucn-199557	/home/caesium-132/jianpu/images-prep/jianpucn-liuhuan/从头在来__jianpucn-199557/001.jpg
从开始到现在	jianpucn	105032	2	简谱	从开始到现在__jianpucn-105032	/home/caesium-132/jianpu/images-prep/jianpucn-zhangxinzhe/从开始到现在__jianpucn-105032/001.jpg
从开始到现在 弹唱版 键盘类 钢琴	jianpucn	113489	2	改编	从开始到现在 弹唱版 键盘类 钢琴__jianpucn-113489	/home/caesium-132/jianpu/images-prep/jianpucn-zhangxinzhe/从开始到现在 弹唱版 键盘类 钢琴__jianpucn-113489/001.jpg
从开始到现在-幸福版	jianpucn	101337	2	简谱	从开始到现在-幸福版__jianpucn-101337	/home/caesium-132/jianpu/images-prep/jianpucn-zhangxinzhe/从开始到现在-幸福版__jianpucn-101337/001.jpg
从开始到现在－冬日恋歌	jianpucn	109482	1	改编	从开始到现在－冬日恋歌（高音萨克斯）__jianpucn-109482	/home/caesium-132/jianpu/images-prep/jianpucn-pop/从开始到现在－冬日恋歌（高音萨克斯）__jianpucn-109482/001.jpg
仓颉	jianpucn	470586	3	改编	仓颉 （ C调指法原版编配）__jianpucn-470586	/home/caesium-132/jianpu/images-prep/jianpucn-wuyuetian/仓颉 （ C调指法原版编配）__jianpucn-470586/001.jpg
他一个人	jianpucn	39898	3	简谱	他一个人__jianpucn-39898	/home/caesium-132/jianpu/images-prep/jianpucn-pop/他一个人__jianpucn-39898/001.jpg
他一定很爱你—阿杜	jianpucn	170032	1	简谱	他一定很爱你—阿杜__jianpucn-170032	/home/caesium-132/jianpu/images-prep/jianpucn-pop/他一定很爱你—阿杜__jianpucn-170032/001.jpg
他和你	qupu123	304714	1	简谱	他和你__qupu123-304714	/home/caesium-132/jianpu/images-prep/qupu123-sweep/他和你__qupu123-304714/001.jpg
他来听我的演唱会	jianpucn	189978	2	简谱	他来听我的演唱会__jianpucn-189978	/home/caesium-132/jianpu/images-prep/jianpucn-zhangxueyou/他来听我的演唱会__jianpucn-189978/001.jpg
他的唯一	qupu123	307907	1	简谱	他的唯一__qupu123-307907	/home/caesium-132/jianpu/images-prep/qupu123-sweep/他的唯一__qupu123-307907/001.jpg
仙鹤	jianpucn	38810	1	简谱	仙鹤__jianpucn-38810	/home/caesium-132/jianpu/images-prep/jianpucn-pop/仙鹤__jianpucn-38810/001.jpg
以后要做的事	jianpucn	445875	1	改编	以后要做的事( C调弹唱谱)__jianpucn-445875	/home/caesium-132/jianpu/images-prep/jianpucn-linjunjie/以后要做的事( C调弹唱谱)__jianpucn-445875/001.jpg
以后要做的事情 完整版	jianpucn	223369	2	简谱	以后要做的事情 完整版__jianpucn-223369	/home/caesium-132/jianpu/images-prep/jianpucn-linjunjie/以后要做的事情 完整版__jianpucn-223369/001.jpg
以父之名	jianpucn	101511	2	简谱	以父之名__jianpucn-101511	/home/caesium-132/jianpu/images-prep/jianpucn-zhoujielun/以父之名__jianpucn-101511/001.jpg
仰望	jianpucn	39900	1	简谱	仰望__jianpucn-39900	/home/caesium-132/jianpu/images-prep/jianpucn-pop/仰望__jianpucn-39900/001.jpg
任性	jianpucn	102710	2	简谱	任性__jianpucn-102710	/home/caesium-132/jianpu/images-prep/jianpucn-pop/任性__jianpucn-102710/001.jpg
任意门	jianpucn	412147	1	简谱	任意门__jianpucn-412147	/home/caesium-132/jianpu/images-prep/jianpucn-wuyuetian/任意门__jianpucn-412147/001.jpg
任贤齐【怀念的故事】	jianpucn	198262	2	简谱	任贤齐【怀念的故事】__jianpucn-198262	/home/caesium-132/jianpu/images-prep/jianpucn-renxianqi/任贤齐【怀念的故事】__jianpucn-198262/001.jpg
任贤齐【老张的歌】伴奏谱+间奏	jianpucn	175431	2	改编	任贤齐【老张的歌】伴奏谱+间奏（GTP）__jianpucn-175431	/home/caesium-132/jianpu/images-prep/jianpucn-renxianqi/任贤齐【老张的歌】伴奏谱+间奏（GTP）__jianpucn-175431/001.jpg
企业版三大纪律八项注意	qupu123	329672	1	简谱	企业版三大纪律八项注意__qupu123-329672	/home/caesium-132/jianpu/images-prep/qupu123-sweep/企业版三大纪律八项注意__qupu123-329672/001.jpg
伏尔塔瓦河	qupu123	396999	1	简谱	伏尔塔瓦河（三声部合唱）__qupu123-396999	/home/caesium-132/jianpu/images-prep/qupu123-crawl/伏尔塔瓦河（三声部合唱）__qupu123-396999/001.gif
众里寻你 钢琴伴奏	jianpucn	222894	2	改编	众里寻你 钢琴伴奏__jianpucn-222894	/home/caesium-132/jianpu/images-prep/jianpucn-hanhong/众里寻你 钢琴伴奏__jianpucn-222894/001.jpg
会呼吸的痛	jianpucn	457662	1	简谱	会呼吸的痛 （ G调指法）__jianpucn-457662	/home/caesium-132/jianpu/images-prep/jianpucn-pop/会呼吸的痛 （ G调指法）__jianpucn-457662/001.jpg
会呼吸的痛-完全弹唱	jianpucn	122224	2	改编	会呼吸的痛-完全弹唱__jianpucn-122224	/home/caesium-132/jianpu/images-prep/jianpucn-liangjingru/会呼吸的痛-完全弹唱__jianpucn-122224/001.jpg
会呼吸的痛－梁静茹－吉他六线谱	jianpucn	208180	2	改编	会呼吸的痛－梁静茹－吉他六线谱（非正式版）__jianpucn-208180	/home/caesium-132/jianpu/images-prep/jianpucn-pop/会呼吸的痛－梁静茹－吉他六线谱（非正式版）__jianpucn-208180/001.jpg
会唱歌的弹壳	qupu123	306563	1	简谱	会唱歌的弹壳__qupu123-306563	/home/caesium-132/jianpu/images-prep/qupu123-sweep/会唱歌的弹壳__qupu123-306563/001.jpg
会有那么一天	jianpucn	103864	2	简谱	会有那么一天__jianpucn-103864	/home/caesium-132/jianpu/images-prep/jianpucn-linjunjie/会有那么一天__jianpucn-103864/001.jpg
伟大的复兴	qupu123	311070	1	简谱	伟大的复兴（胡宏伟词 陈涤非曲）__qupu123-311070	/home/caesium-132/jianpu/images-prep/qupu123-sweep/伟大的复兴（胡宏伟词 陈涤非曲）__qupu123-311070/001.jpg
伟大的接力	qupu123	311071	1	简谱	伟大的接力（胡宏伟词 陈涤非曲）__qupu123-311071	/home/caesium-132/jianpu/images-prep/qupu123-sweep/伟大的接力（胡宏伟词 陈涤非曲）__qupu123-311071/001.jpg
伟大的渺小	jianpucn	444507	2	改编	伟大的渺小( C调吉他)__jianpucn-444507	/home/caesium-132/jianpu/images-prep/jianpucn-linjunjie/伟大的渺小( C调吉他)__jianpucn-444507/001.jpg
传奇简单版钢琴	jianpujia	252791	2	改编	传奇简单版钢琴简谱_王菲演唱__jianpujia-252791	/home/caesium-132/jianpu/images-prep/jianpujia-art3395/传奇简单版钢琴简谱_王菲演唱__jianpujia-252791/001.png
传奇钢琴	jianpujia	252562	5	改编	传奇钢琴简谱_王菲演唱__jianpujia-252562	/home/caesium-132/jianpu/images-prep/jianpujia-art3395/传奇钢琴简谱_王菲演唱__jianpujia-252562/001.png
传说中的大学	qupu123	308462	1	简谱	传说中的大学__qupu123-308462	/home/caesium-132/jianpu/images-prep/qupu123-sweep/传说中的大学__qupu123-308462/001.png
伤了的美丽	qupu123	321573	1	简谱	伤了的美丽__qupu123-321573	/home/caesium-132/jianpu/images-prep/qupu123-sweep/伤了的美丽__qupu123-321573/001.jpg
伤信-弹唱版	jianpucn	103759	2	改编	伤信-弹唱版__jianpucn-103759	/home/caesium-132/jianpu/images-prep/jianpucn-pop/伤信-弹唱版__jianpucn-103759/001.jpg
伤心的人别听慢歌 和弦编配版	jianpucn	223435	1	改编	伤心的人别听慢歌 和弦编配版__jianpucn-223435	/home/caesium-132/jianpu/images-prep/jianpucn-wuyuetian/伤心的人别听慢歌 和弦编配版__jianpucn-223435/001.jpg
伤心的人别听慢歌 怪兽电吉他演奏-优化版本	jianpucn	471016	2	改编	伤心的人别听慢歌 怪兽电吉他演奏-优化版本__jianpucn-471016	/home/caesium-132/jianpu/images-prep/jianpucn-wuyuetian/伤心的人别听慢歌 怪兽电吉他演奏-优化版本__jianpucn-471016/001.jpg
伤心的人别听慢歌钢琴	jianpujia	152759	4	改编	伤心的人别听慢歌钢琴简谱_数字双手_五月天__jianpujia-152759	/home/caesium-132/jianpu/images-prep/jianpujia-1192/伤心的人别听慢歌钢琴简谱_数字双手_五月天__jianpujia-152759/001.png
伤痕10	jianpucn	154272	1	简谱	伤痕10__jianpucn-154272	/home/caesium-132/jianpu/images-prep/jianpucn-pop/伤痕10__jianpucn-154272/001.jpg
伤痕11	jianpucn	154274	1	简谱	伤痕11__jianpucn-154274	/home/caesium-132/jianpu/images-prep/jianpucn-pop/伤痕11__jianpucn-154274/001.jpg
伤痕2	jianpucn	154265	1	简谱	伤痕2__jianpucn-154265	/home/caesium-132/jianpu/images-prep/jianpucn-pop/伤痕2__jianpucn-154265/001.jpg
伤痕3	jianpucn	154267	1	简谱	伤痕3__jianpucn-154267	/home/caesium-132/jianpu/images-prep/jianpucn-pop/伤痕3__jianpucn-154267/001.jpg
伤痕4	jianpucn	154266	1	简谱	伤痕4__jianpucn-154266	/home/caesium-132/jianpu/images-prep/jianpucn-pop/伤痕4__jianpucn-154266/001.jpg
伤痕5	jianpucn	154269	1	简谱	伤痕5__jianpucn-154269	/home/caesium-132/jianpu/images-prep/jianpucn-pop/伤痕5__jianpucn-154269/001.jpg
伤痕6	jianpucn	154268	1	简谱	伤痕6__jianpucn-154268	/home/caesium-132/jianpu/images-prep/jianpucn-pop/伤痕6__jianpucn-154268/001.jpg
伤痕7	jianpucn	154271	1	简谱	伤痕7__jianpucn-154271	/home/caesium-132/jianpu/images-prep/jianpucn-pop/伤痕7__jianpucn-154271/001.jpg
伤痕9	jianpucn	154273	1	简谱	伤痕9__jianpucn-154273	/home/caesium-132/jianpu/images-prep/jianpucn-pop/伤痕9__jianpucn-154273/001.jpg
似是故人来&nbsp;&nbsp;	jianpucn	43959	1	简谱	似是故人来&nbsp;&nbsp;__jianpucn-43959	/home/caesium-132/jianpu/images-prep/jianpucn-title/似是故人来&nbsp;&nbsp;__jianpucn-43959/001.jpg
似雨还晴	qupu123	306158	1	简谱	似雨还晴__qupu123-306158	/home/caesium-132/jianpu/images-prep/qupu123-sweep/似雨还晴__qupu123-306158/001.jpg
伽蓝雨 烟花易冷 独奏	jianpucn	207881	2	改编	伽蓝雨 烟花易冷 独奏__jianpucn-207881	/home/caesium-132/jianpu/images-prep/jianpucn-zhoujielun/伽蓝雨 烟花易冷 独奏__jianpucn-207881/001.jpg
但愿人长久钢琴	jianpujia	150360	4	改编	但愿人长久钢琴简谱_邓丽君演唱__jianpujia-150360	/home/caesium-132/jianpu/images-prep/jianpujia-1252/但愿人长久钢琴简谱_邓丽君演唱__jianpujia-150360/001.png
但愿人间春常在	qupu123	325916	1	简谱	但愿人间春常在__qupu123-325916	/home/caesium-132/jianpu/images-prep/qupu123-sweep/但愿人间春常在__qupu123-325916/001.png
但愿岁月可回首	qupu123	336078	2	简谱	但愿岁月可回首（作词：杜劲松作曲：李怀东）__qupu123-336078	/home/caesium-132/jianpu/images-prep/qupu123-crawl/但愿岁月可回首（作词：杜劲松作曲：李怀东）__qupu123-336078/001.jpg
低等动物	jianpucn	7483	3	简谱	低等动物__jianpucn-7483	/home/caesium-132/jianpu/images-prep/jianpucn-pop/低等动物__jianpucn-7483/001.jpg
低等动物园	jianpucn	122366	1	简谱	低等动物园__jianpucn-122366	/home/caesium-132/jianpu/images-prep/jianpucn-pop/低等动物园__jianpucn-122366/001.jpg
何处是家	qupu123	335819	2	简谱	何处是家__qupu123-335819	/home/caesium-132/jianpu/images-prep/qupu123-crawl/何处是家__qupu123-335819/001.jpg
何日君再来 —	jianpucn	227567	2	改编	何日君再来 — （中老年钢琴曲集两版本合一）__jianpucn-227567	/home/caesium-132/jianpu/images-prep/jianpucn-denglijun/何日君再来 — （中老年钢琴曲集两版本合一）__jianpucn-227567/001.jpg
何日君再来-重温旧琴演奏版	jianpucn	174616	2	简谱	何日君再来-重温旧琴演奏版__jianpucn-174616	/home/caesium-132/jianpu/images-prep/jianpucn-denglijun/何日君再来-重温旧琴演奏版__jianpucn-174616/001.jpg
余震	jianpucn	471340	1	改编	余震 （ C调指法原版编配）__jianpucn-471340	/home/caesium-132/jianpu/images-prep/jianpucn-pop/余震 （ C调指法原版编配）__jianpucn-471340/001.jpg
作曲家	jianpujia	7972	3	简谱	作曲家简谱_李荣浩_为音乐奋斗着的年轻人来自内心深处的呐喊__jianpujia-7972	/home/caesium-132/jianpu/images-prep/jianpujia-478/作曲家简谱_李荣浩_为音乐奋斗着的年轻人来自内心深处的呐喊__jianpujia-7972/001.png
你不是一个人 -C调	jianpucn	463419	2	简谱	你不是一个人 -C调__jianpucn-463419	/home/caesium-132/jianpu/images-prep/jianpucn-xuezhiqian/你不是一个人 -C调__jianpucn-463419/001.jpg
你不是好情人	jianpucn	101028	2	简谱	你不是好情人__jianpucn-101028	/home/caesium-132/jianpu/images-prep/jianpucn-twins/你不是好情人__jianpucn-101028/001.jpg
你不是第一个离开的人	jianpucn	461955	1	简谱	你不是第一个离开的人__jianpucn-461955	/home/caesium-132/jianpu/images-prep/jianpucn-dengziqi/你不是第一个离开的人__jianpucn-461955/001.jpg
你从我身边匆匆地走开	qupu123	322973	1	简谱	你从我身边匆匆地走开__qupu123-322973	/home/caesium-132/jianpu/images-prep/qupu123-sweep/你从我身边匆匆地走开__qupu123-322973/001.jpg
你们	jianpucn	4358	3	简谱	你们__jianpucn-4358	/home/caesium-132/jianpu/images-prep/jianpucn-zhouhuajian/你们__jianpucn-4358/001.jpg
你会明白 弹唱版 键盘类 钢琴	jianpucn	113482	2	改编	你会明白 弹唱版 键盘类 钢琴__jianpucn-113482	/home/caesium-132/jianpu/images-prep/jianpucn-qiyu/你会明白 弹唱版 键盘类 钢琴__jianpucn-113482/001.jpg
你叫什么名字	jianpucn	5778	1	简谱	你叫什么名字__jianpucn-5778	/home/caesium-132/jianpu/images-prep/jianpucn-pop/你叫什么名字__jianpucn-5778/001.jpg
你听得到	jianpucn	458048	2	改编	你听得到 （ G调指法编配）__jianpucn-458048	/home/caesium-132/jianpu/images-prep/jianpucn-zhoujielun/你听得到 （ G调指法编配）__jianpucn-458048/001.jpg
你呀高兴地别太早	qupu123	310063	1	简谱	你呀高兴地别太早__qupu123-310063	/home/caesium-132/jianpu/images-prep/qupu123-sweep/你呀高兴地别太早__qupu123-310063/001.jpg
你和我	jianpucn	11484	1	简谱	你和我__jianpucn-11484	/home/caesium-132/jianpu/images-prep/jianpucn-liuhuan/你和我__jianpucn-11484/001.jpg
你在我心里	jianpujia	17717	1	简谱	你在我心里简谱(歌词)_邓丽君演唱_君羊曲谱__jianpujia-17717	/home/caesium-132/jianpu/images-prep/jianpujia-1252/你在我心里简谱(歌词)_邓丽君演唱_君羊曲谱__jianpujia-17717/001.gif
你在终点等我钢琴	jianpujia	149017	5	改编	你在终点等我钢琴简谱_王菲演唱__jianpujia-149017	/home/caesium-132/jianpu/images-prep/jianpujia-3395/你在终点等我钢琴简谱_王菲演唱__jianpujia-149017/001.png
你好吗 爵士钢琴	jianpucn	222043	2	改编	你好吗 爵士钢琴__jianpucn-222043	/home/caesium-132/jianpu/images-prep/jianpucn-zhoujielun/你好吗 爵士钢琴__jianpucn-222043/001.jpg
你好春天	jianpucn	47015	1	简谱	你好春天__jianpucn-47015	/home/caesium-132/jianpu/images-prep/jianpucn-pop/你好春天__jianpucn-47015/001.jpg
你好木卡姆	qupu123	310152	1	简谱	你好木卡姆__qupu123-310152	/home/caesium-132/jianpu/images-prep/qupu123-sweep/你好木卡姆__qupu123-310152/001.jpg
你好，老刀	qupu123	326437	1	简谱	你好，老刀__qupu123-326437	/home/caesium-132/jianpu/images-prep/qupu123-sweep/你好，老刀__qupu123-326437/001.jpg
你好，陌生人简谱歌词	jianpujia	387908	2	简谱	你好，陌生人简谱歌词_毛不易演唱_2023春晚歌曲__jianpujia-387908	/home/caesium-132/jianpu/images-prep/jianpujia-362/你好，陌生人简谱歌词_毛不易演唱_2023春晚歌曲__jianpujia-387908/001.png
你家在哪里	qupu123	327109	1	简谱	你家在哪里（陈庆祥 词曲）__qupu123-327109	/home/caesium-132/jianpu/images-prep/qupu123-sweep/你家在哪里（陈庆祥 词曲）__qupu123-327109/001.jpg
你就是我的知己	qupu123	306003	1	简谱	你就是我的知己__qupu123-306003	/home/caesium-132/jianpu/images-prep/qupu123-sweep/你就是我的知己__qupu123-306003/001.jpg
你就象个小孩	jianpucn	2596	3	简谱	你就象个小孩__jianpucn-2596	/home/caesium-132/jianpu/images-prep/jianpucn-pop/你就象个小孩__jianpucn-2596/001.jpg
你很好	jianpucn	2593	1	简谱	你很好__jianpucn-2593	/home/caesium-132/jianpu/images-prep/jianpucn-pop/你很好__jianpucn-2593/001.jpg
你快回来	qupu123	383116	3	简谱	你快回来__qupu123-383116	/home/caesium-132/jianpu/images-prep/qupu123-mp088/你快回来__qupu123-383116/001.png
你怎么舍得我难过 键盘类 钢琴	jianpucn	115968	2	改编	你怎么舍得我难过 键盘类 钢琴__jianpucn-115968	/home/caesium-132/jianpu/images-prep/jianpucn-pop/你怎么舍得我难过 键盘类 钢琴__jianpucn-115968/001.jpg
你怎么舍得我难过 间奏	jianpucn	223492	1	简谱	你怎么舍得我难过 间奏__jianpucn-223492	/home/caesium-132/jianpu/images-prep/jianpucn-pop/你怎么舍得我难过 间奏__jianpucn-223492/001.jpg
你怎么舍得我难过-琴放版	jianpucn	8474	1	简谱	你怎么舍得我难过-琴放版__jianpucn-8474	/home/caesium-132/jianpu/images-prep/jianpucn-pop/你怎么舍得我难过-琴放版__jianpucn-8474/001.jpg
你怎么舍得我难过2	jianpucn	213258	1	简谱	你怎么舍得我难过2__jianpucn-213258	/home/caesium-132/jianpu/images-prep/jianpucn-pop/你怎么舍得我难过2__jianpucn-213258/001.jpg
你怎么舍的我难过	jianpucn	213215	1	简谱	你怎么舍的我难过__jianpucn-213215	/home/caesium-132/jianpu/images-prep/jianpucn-pop/你怎么舍的我难过__jianpucn-213215/001.jpg
你怎么说钢琴	jianpujia	150365	4	改编	你怎么说钢琴简谱_邓丽君演唱__jianpujia-150365	/home/caesium-132/jianpu/images-prep/jianpujia-1252/你怎么说钢琴简谱_邓丽君演唱__jianpujia-150365/001.png
你愿意 我愿意吉他	jianpucn	220381	1	改编	你愿意 我愿意吉他__jianpucn-220381	/home/caesium-132/jianpu/images-prep/jianpucn-renxianqi/你愿意 我愿意吉他__jianpucn-220381/001.jpg
你我	qupu123	309899	1	简谱	你我 （董莎莎词 赵国清曲）__qupu123-309899	/home/caesium-132/jianpu/images-prep/qupu123-sweep/你我 （董莎莎词 赵国清曲）__qupu123-309899/001.jpg
你我的爱情刷新这一切	qupu123	318560	1	简谱	你我的爱情刷新这一切__qupu123-318560	/home/caesium-132/jianpu/images-prep/qupu123-sweep/你我的爱情刷新这一切__qupu123-318560/001.jpg
你把我灌醉简单缩短版	jianpucn	216225	1	简谱	你把我灌醉简单缩短版__jianpucn-216225	/home/caesium-132/jianpu/images-prep/jianpucn-liudehua/你把我灌醉简单缩短版__jianpucn-216225/001.jpg
你把春天留下来	jianpujia	20064	1	简谱	你把春天留下来简谱(歌词)_王丽达演唱_momoliu曲谱__jianpujia-20064	/home/caesium-132/jianpu/images-prep/jianpujia-12500/你把春天留下来简谱(歌词)_王丽达演唱_momoliu曲谱__jianpujia-20064/001.jpg
你把爱情给了谁	qupu123	324221	1	简谱	你把爱情给了谁__qupu123-324221	/home/caesium-132/jianpu/images-prep/qupu123-sweep/你把爱情给了谁__qupu123-324221/001.png
你无情无义	qupu123	369966	3	简谱	你无情无义__qupu123-369966	/home/caesium-132/jianpu/images-prep/qupu123-crawl/你无情无义__qupu123-369966/001.jpg
你是不是还爱着我	qupu123	310290	1	简谱	你是不是还爱着我__qupu123-310290	/home/caesium-132/jianpu/images-prep/qupu123-sweep/你是不是还爱着我__qupu123-310290/001.jpg
你是我一生中最大的骄傲	jianpucn	275844	1	简谱	你是我一生中最大的骄傲__jianpucn-275844	/home/caesium-132/jianpu/images-prep/jianpucn-liudehua/你是我一生中最大的骄傲__jianpucn-275844/001.jpg
你是我一生的追逐	qupu123	90718	1	简谱	你是我一生的追逐（电视剧《渴望激情》主题歌）__qupu123-90718	/home/caesium-132/jianpu/images-prep/_offtarget/你是我一生的追逐（电视剧《渴望激情》主题歌）__qupu123-90718/001.jpg
你是我今生该等的人	qupu123	327105	1	简谱	你是我今生该等的人__qupu123-327105	/home/caesium-132/jianpu/images-prep/qupu123-sweep/你是我今生该等的人__qupu123-327105/001.png
你是我佛前种下的一朵莲	qupu123	309559	1	简谱	你是我佛前种下的一朵莲__qupu123-309559	/home/caesium-132/jianpu/images-prep/qupu123-sweep/你是我佛前种下的一朵莲__qupu123-309559/001.jpg
你是我心中的绿	jianpucn	58021	1	简谱	你是我心中的绿__jianpucn-58021	/home/caesium-132/jianpu/images-prep/jianpucn-zhouhuajian/你是我心中的绿__jianpucn-58021/001.jpg
你是我心爱的姑娘-	jianpucn	278184	1	简谱	你是我心爱的姑娘-__jianpucn-278184	/home/caesium-132/jianpu/images-prep/jianpucn-wangfeng/你是我心爱的姑娘-__jianpucn-278184/001.jpg
你是我心里最爱的最爱	qupu123	334175	2	简谱	你是我心里最爱的最爱（作词：杜劲松作曲：_李怀东）__qupu123-334175	/home/caesium-132/jianpu/images-prep/qupu123-crawl/你是我心里最爱的最爱（作词：杜劲松作曲：_李怀东）__qupu123-334175/001.jpg
你是我所有	jianpucn	126956	2	简谱	你是我所有__jianpucn-126956	/home/caesium-132/jianpu/images-prep/jianpucn-liudehua/你是我所有__jianpucn-126956/001.jpg
你是我最爱的女人	qupu123	311897	1	简谱	你是我最爱的女人（黄艳词 yhmwms曲）__qupu123-311897	/home/caesium-132/jianpu/images-prep/qupu123-sweep/你是我最爱的女人（黄艳词 yhmwms曲）__qupu123-311897/001.jpg
你是我最爱的男人	qupu123	312501	1	简谱	你是我最爱的男人（yhmwms 词曲 ）__qupu123-312501	/home/caesium-132/jianpu/images-prep/qupu123-sweep/你是我最爱的男人（yhmwms 词曲 ）__qupu123-312501/001.jpg
你是我最美的缘	qupu123	326068	1	简谱	你是我最美的缘（路曦 词曲）__qupu123-326068	/home/caesium-132/jianpu/images-prep/qupu123-sweep/你是我最美的缘（路曦 词曲）__qupu123-326068/001.jpg
你是我的唯一	qupu123	334458	2	简谱	你是我的唯一（巴秀拉_词曲）__qupu123-334458	/home/caesium-132/jianpu/images-prep/qupu123-crawl/你是我的唯一（巴秀拉_词曲）__qupu123-334458/001.jpg
你是我的奇迹	qupu123	305091	1	简谱	你是我的奇迹（安百花词 南风曲）__qupu123-305091	/home/caesium-132/jianpu/images-prep/qupu123-sweep/你是我的奇迹（安百花词 南风曲）__qupu123-305091/001.jpg
你是梵音我是青莲	qupu123	309612	1	简谱	你是梵音我是青莲__qupu123-309612	/home/caesium-132/jianpu/images-prep/qupu123-sweep/你是梵音我是青莲__qupu123-309612/001.jpg
你是谁的谁	qupu123	306396	1	简谱	你是谁的谁（冷桂平词 刘世昌曲）__qupu123-306396	/home/caesium-132/jianpu/images-prep/qupu123-sweep/你是谁的谁（冷桂平词 刘世昌曲）__qupu123-306396/001.jpg
你是这样的人 键盘类 钢琴	jianpucn	114717	2	改编	你是这样的人 键盘类 钢琴__jianpucn-114717	/home/caesium-132/jianpu/images-prep/jianpucn-liuhuan/你是这样的人 键盘类 钢琴__jianpucn-114717/001.jpg
你是风儿我是沙	jianpucn	59415	2	简谱	你是风儿我是沙(《还珠格格Ⅱ》主题曲)&nbsp;&nbsp;__jianpucn-59415	/home/caesium-132/jianpu/images-prep/jianpucn-title/你是风儿我是沙(《还珠格格Ⅱ》主题曲)&nbsp;&nbsp;__jianpucn-59415/001.jpg
你是风儿我是沙&nbsp;&nbsp;	jianpucn	35769	1	简谱	你是风儿我是沙&nbsp;&nbsp;__jianpucn-35769	/home/caesium-132/jianpu/images-prep/jianpucn-title/你是风儿我是沙&nbsp;&nbsp;__jianpucn-35769/001.jpg
你是风儿我是沙啊她是家	qupu123	105534	1	简谱	你是风儿我是沙啊她是家__qupu123-105534	/home/caesium-132/jianpu/images-prep/_offtarget/你是风儿我是沙啊她是家__qupu123-105534/001.jpg
你是风，你是雨	qupu123	326340	1	简谱	你是风，你是雨__qupu123-326340	/home/caesium-132/jianpu/images-prep/qupu123-sweep/你是风，你是雨__qupu123-326340/001.jpg
你曾到过这个地方	qupu123	312864	1	简谱	你曾到过这个地方__qupu123-312864	/home/caesium-132/jianpu/images-prep/qupu123-sweep/你曾到过这个地方__qupu123-312864/001.jpg
你最珍贵	jianpujia	7391	3	简谱	你最珍贵简谱(歌词)_张学友高慧君演唱_桃李醉春风记谱__jianpujia-7391	/home/caesium-132/jianpu/images-prep/jianpujia-414/你最珍贵简谱(歌词)_张学友高慧君演唱_桃李醉春风记谱__jianpujia-7391/001.png
你有多久没回家	qupu123	309617	1	简谱	你有多久没回家__qupu123-309617	/home/caesium-132/jianpu/images-prep/qupu123-sweep/你有多久没回家__qupu123-309617/001.jpg
你有故事我有酒	qupu123	317425	1	简谱	你有故事我有酒__qupu123-317425	/home/caesium-132/jianpu/images-prep/qupu123-sweep/你有故事我有酒__qupu123-317425/001.jpg
你有没有听到我哭泣	jianpucn	190936	1	简谱	你有没有听到我哭泣__jianpucn-190936	/home/caesium-132/jianpu/images-prep/jianpucn-wangfeng/你有没有听到我哭泣__jianpucn-190936/001.jpg
你比从前块乐	jianpucn	90496	3	简谱	你比从前块乐__jianpucn-90496	/home/caesium-132/jianpu/images-prep/jianpucn-zhoujielun/你比从前块乐__jianpucn-90496/001.jpg
你比从前快乐	jianpucn	100531	1	简谱	你比从前快乐__jianpucn-100531	/home/caesium-132/jianpu/images-prep/jianpucn-zhoujielun/你比从前快乐__jianpucn-100531/001.jpg
你永远不懂我	qupu123	395223	1	简谱	你永远不懂我（电吹管技巧谱_曲谱）__qupu123-395223	/home/caesium-132/jianpu/images-prep/qupu123-crawl/你永远不懂我（电吹管技巧谱_曲谱）__qupu123-395223/001.jpg
你的名字我的姓氏钢琴	jianpujia	251453	7	改编	你的名字我的姓氏钢琴简谱_张学友演唱__jianpujia-251453	/home/caesium-132/jianpu/images-prep/jianpujia-art414/你的名字我的姓氏钢琴简谱_张学友演唱__jianpujia-251453/001.png
你的味道	jianpucn	188610	1	简谱	你的味道__jianpucn-188610	/home/caesium-132/jianpu/images-prep/jianpucn-mengtingwei/你的味道__jianpucn-188610/001.jpg
你的眼神	jianpucn	102422	2	简谱	你的眼神__jianpucn-102422	/home/caesium-132/jianpu/images-prep/jianpucn-caiqin/你的眼神__jianpucn-102422/001.jpg
你的眼神 吉他类 流行	jianpucn	91225	1	改编	你的眼神 吉他类 流行__jianpucn-91225	/home/caesium-132/jianpu/images-prep/jianpucn-caiqin/你的眼神 吉他类 流行__jianpucn-91225/001.jpg
你的背包钢琴	jianpujia	150024	6	改编	你的背包钢琴简谱_陈奕迅演唱__jianpujia-150024	/home/caesium-132/jianpu/images-prep/jianpujia-art315/你的背包钢琴简谱_陈奕迅演唱__jianpujia-150024/001.png
你知道吗	qupu123	324967	1	简谱	你知道吗__qupu123-324967	/home/caesium-132/jianpu/images-prep/qupu123-sweep/你知道吗__qupu123-324967/001.jpg
你知道我的迷惘	jianpucn	417137	4	改编	你知道我的迷惘（一生音乐编配版）__jianpucn-417137	/home/caesium-132/jianpu/images-prep/jianpucn-beyond/你知道我的迷惘（一生音乐编配版）__jianpucn-417137/001.jpg
你给我听好	jianpucn	258658	2	简谱	你给我听好__jianpucn-258658	/home/caesium-132/jianpu/images-prep/jianpucn-pop/你给我听好__jianpucn-258658/001.jpg
你给我听好 钢琴伴奏谱 —	jianpucn	258607	2	改编	你给我听好 钢琴伴奏谱 —__jianpucn-258607	/home/caesium-132/jianpu/images-prep/jianpucn-pop/你给我听好 钢琴伴奏谱 —__jianpucn-258607/001.jpg
你给我听好钢琴	jianpujia	149671	8	改编	你给我听好钢琴简谱_陈奕迅演唱__jianpujia-149671	/home/caesium-132/jianpu/images-prep/jianpujia-art315/你给我听好钢琴简谱_陈奕迅演唱__jianpujia-149671/001.png
你若成风	jianpujia	10626	1	简谱	你若成风简谱(歌词)_许嵩演唱_桃李醉春风记谱__jianpujia-10626	/home/caesium-132/jianpu/images-prep/jianpujia-693/你若成风简谱(歌词)_许嵩演唱_桃李醉春风记谱__jianpujia-10626/001.jpg
你装作不知道	jianpujia	18707	1	简谱	你装作不知道简谱(歌词)_邓丽君演唱_王wzh曲谱__jianpujia-18707	/home/caesium-132/jianpu/images-prep/jianpujia-1252/你装作不知道简谱(歌词)_邓丽君演唱_王wzh曲谱__jianpujia-18707/001.gif
你要的不是我尤克里里谱	jianpucn	461952	1	改编	你要的不是我尤克里里谱（ C调带前奏）__jianpucn-461952	/home/caesium-132/jianpu/images-prep/jianpucn-linjunjie/你要的不是我尤克里里谱（ C调带前奏）__jianpucn-461952/001.jpg
你要相信这不是最后一天	jianpucn	458401	2	简谱	你要相信这不是最后一天 （ C调）__jianpucn-458401	/home/caesium-132/jianpu/images-prep/jianpucn-huachenyu/你要相信这不是最后一天 （ C调）__jianpucn-458401/001.jpg
你要等我	qupu123	305311	1	简谱	你要等我__qupu123-305311	/home/caesium-132/jianpu/images-prep/qupu123-sweep/你要等我__qupu123-305311/001.png
你说不爱他	qupu123	322524	1	简谱	你说不爱他__qupu123-322524	/home/caesium-132/jianpu/images-prep/qupu123-sweep/你说不爱他__qupu123-322524/001.jpg
你说不爱她	qupu123	322433	1	简谱	你说不爱她__qupu123-322433	/home/caesium-132/jianpu/images-prep/qupu123-sweep/你说不爱她__qupu123-322433/001.jpg
你走你的路	jianpucn	4305	1	简谱	你走你的路__jianpucn-4305	/home/caesium-132/jianpu/images-prep/jianpucn-lizongsheng/你走你的路__jianpucn-4305/001.jpg
你走的时候	qupu123	327312	1	简谱	你走的时候（李峰词 黎荣军曲）__qupu123-327312	/home/caesium-132/jianpu/images-prep/qupu123-sweep/你走的时候（李峰词 黎荣军曲）__qupu123-327312/001.jpg
你还要我怎样钢琴	jianpujia	150489	8	改编	你还要我怎样钢琴简谱_薛之谦演唱__jianpujia-150489	/home/caesium-132/jianpu/images-prep/jianpujia-351/你还要我怎样钢琴简谱_薛之谦演唱__jianpujia-150489/001.png
你还记得我吗	qupu123	89957	1	简谱	你还记得我吗（耿大权词 钱芑曲）__qupu123-89957	/home/caesium-132/jianpu/images-prep/_offtarget/你还记得我吗（耿大权词 钱芑曲）__qupu123-89957/001.jpg
你这样告诉我	qupu123	322557	4	改编	你这样告诉我（正谱）__qupu123-322557	/home/caesium-132/jianpu/images-prep/qupu123-crawl/你这样告诉我（正谱）__qupu123-322557/001.jpg
依依芳草地	qupu123	324544	3	改编	依依芳草地（正谱）__qupu123-324544	/home/caesium-132/jianpu/images-prep/qupu123-crawl/依依芳草地（正谱）__qupu123-324544/001.jpg
依然珍惜	qupu123	327241	1	简谱	依然珍惜__qupu123-327241	/home/caesium-132/jianpu/images-prep/qupu123-sweep/依然珍惜__qupu123-327241/001.png
侠客行	qupu123	312627	1	简谱	侠客行（李友焱词 赵福林曲）__qupu123-312627	/home/caesium-132/jianpu/images-prep/qupu123-sweep/侠客行（李友焱词 赵福林曲）__qupu123-312627/001.jpg
信仰	jianpucn	458229	2	改编	信仰 （ G调指法原版编配）__jianpucn-458229	/home/caesium-132/jianpu/images-prep/jianpucn-zhangxinzhe/信仰 （ G调指法原版编配）__jianpucn-458229/001.jpg
修炼爱情 D调完整版 唯音悦制谱	jianpucn	403504	2	简谱	修炼爱情 D调完整版 唯音悦制谱__jianpucn-403504	/home/caesium-132/jianpu/images-prep/jianpucn-linjunjie/修炼爱情 D调完整版 唯音悦制谱__jianpucn-403504/001.jpg
倒带 -C调	jianpucn	463636	2	简谱	倒带 -C调__jianpucn-463636	/home/caesium-132/jianpu/images-prep/jianpucn-caiyilin/倒带 -C调__jianpucn-463636/001.jpg
倒影	jianpucn	458451	1	改编	倒影 （ G调指法原版编配）__jianpucn-458451	/home/caesium-132/jianpu/images-prep/jianpucn-zhoujielun/倒影 （ G调指法原版编配）__jianpucn-458451/001.jpg
倔强-弹唱 吉他类 流行	jianpucn	112961	2	改编	倔强-弹唱 吉他类 流行__jianpucn-112961	/home/caesium-132/jianpu/images-prep/jianpucn-wuyuetian/倔强-弹唱 吉他类 流行__jianpucn-112961/001.jpg
借	jianpucn	462970	2	改编	借 （ C调指法版编配）__jianpucn-462970	/home/caesium-132/jianpu/images-prep/jianpucn-maobuyi/借 （ C调指法版编配）__jianpucn-462970/001.jpg
借口 歌曲类 钢琴伴奏谱	jianpucn	112376	2	改编	借口 歌曲类 钢琴伴奏谱__jianpucn-112376	/home/caesium-132/jianpu/images-prep/jianpucn-zhoujielun/借口 歌曲类 钢琴伴奏谱__jianpucn-112376/001.jpg
借口-manle版	jianpucn	101549	2	简谱	借口-manle版__jianpucn-101549	/home/caesium-132/jianpu/images-prep/jianpucn-zhoujielun/借口-manle版__jianpucn-101549/001.jpg
借口-弹唱 吉他类 流行	jianpucn	112965	1	改编	借口-弹唱 吉他类 流行__jianpucn-112965	/home/caesium-132/jianpu/images-prep/jianpucn-zhoujielun/借口-弹唱 吉他类 流行__jianpucn-112965/001.jpg
借口-指弹	jianpucn	175346	1	改编	借口-指弹__jianpucn-175346	/home/caesium-132/jianpu/images-prep/jianpucn-zhoujielun/借口-指弹__jianpucn-175346/001.jpg
借指弹	jianpucn	472262	1	改编	借指弹 （ 吉他独奏 ）__jianpucn-472262	/home/caesium-132/jianpu/images-prep/jianpucn-maobuyi/借指弹 （ 吉他独奏 ）__jianpucn-472262/001.jpg
倩女幽魂	jianpujia	14646	8	简谱	倩女幽魂简谱_张国荣_十里平湖霜满天，寸寸青丝愁华年__jianpujia-14646	/home/caesium-132/jianpu/images-prep/jianpujia-art1542/倩女幽魂简谱_张国荣_十里平湖霜满天，寸寸青丝愁华年__jianpujia-14646/001.png
倩女幽魂&nbsp;&nbsp;	jianpucn	40668	1	简谱	倩女幽魂&nbsp;&nbsp;__jianpucn-40668	/home/caesium-132/jianpu/images-prep/jianpucn-title/倩女幽魂&nbsp;&nbsp;__jianpucn-40668/001.jpg
倩女幽魂钢琴	jianpujia	248631	5	改编	倩女幽魂钢琴简谱_张国荣演唱__jianpujia-248631	/home/caesium-132/jianpu/images-prep/jianpujia-art1542/倩女幽魂钢琴简谱_张国荣演唱__jianpujia-248631/001.png
倾城泪 · 滟兒	qupu123	322501	1	简谱	倾城泪 · 滟兒__qupu123-322501	/home/caesium-132/jianpu/images-prep/qupu123-sweep/倾城泪 · 滟兒__qupu123-322501/001.jpg
倾城钢琴	jianpujia	247715	6	改编	倾城钢琴简谱_陈奕迅演唱__jianpujia-247715	/home/caesium-132/jianpu/images-prep/jianpujia-art315/倾城钢琴简谱_陈奕迅演唱__jianpujia-247715/001.png
倾我今生	qupu123	305424	1	简谱	倾我今生__qupu123-305424	/home/caesium-132/jianpu/images-prep/qupu123-sweep/倾我今生__qupu123-305424/001.jpg
倾杯令 · 江水茫茫	qupu123	310070	1	简谱	倾杯令 · 江水茫茫__qupu123-310070	/home/caesium-132/jianpu/images-prep/qupu123-sweep/倾杯令 · 江水茫茫__qupu123-310070/001.jpg
假行僧 —	jianpucn	233546	2	简谱	假行僧 —__jianpucn-233546	/home/caesium-132/jianpu/images-prep/jianpucn-huachenyu/假行僧 —__jianpucn-233546/001.jpg
偏偏喜欢你&nbsp;&nbsp;	jianpucn	34850	1	简谱	偏偏喜欢你&nbsp;&nbsp;__jianpucn-34850	/home/caesium-132/jianpu/images-prep/jianpucn-title/偏偏喜欢你&nbsp;&nbsp;__jianpucn-34850/001.jpg
偏见	jianpucn	8450	1	简谱	偏见__jianpucn-8450	/home/caesium-132/jianpu/images-prep/jianpucn-pop/偏见__jianpucn-8450/001.jpg
偏见-弹唱 吉他类 流行	jianpucn	113094	2	改编	偏见-弹唱 吉他类 流行__jianpucn-113094	/home/caesium-132/jianpu/images-prep/jianpucn-pop/偏见-弹唱 吉他类 流行__jianpucn-113094/001.jpg
偏见-简易版-弹唱 吉他类 流行	jianpucn	113095	2	改编	偏见-简易版-弹唱 吉他类 流行__jianpucn-113095	/home/caesium-132/jianpu/images-prep/jianpucn-pop/偏见-简易版-弹唱 吉他类 流行__jianpucn-113095/001.jpg
做个勇敢好娃娃	qupu123	329652	1	简谱	做个勇敢好娃娃__qupu123-329652	/home/caesium-132/jianpu/images-prep/qupu123-crawl/做个勇敢好娃娃__qupu123-329652/001.jpg
做你的男人-幸福修正版	jianpucn	101095	2	简谱	做你的男人-幸福修正版__jianpucn-101095	/home/caesium-132/jianpu/images-prep/jianpucn-zhangxinzhe/做你的男人-幸福修正版__jianpucn-101095/001.jpg
做你的男人——兰田日暖版	jianpucn	101499	2	简谱	做你的男人——兰田日暖版__jianpucn-101499	/home/caesium-132/jianpu/images-prep/jianpucn-zhangxinzhe/做你的男人——兰田日暖版__jianpucn-101499/001.jpg
做我的灰太狼	qupu123	322586	1	简谱	做我的灰太狼__qupu123-322586	/home/caesium-132/jianpu/images-prep/qupu123-sweep/做我的灰太狼__qupu123-322586/001.jpg
做最好的自己	qupu123	325830	2	简谱	做最好的自己（刘龙祥词_陈祥福曲）__qupu123-325830	/home/caesium-132/jianpu/images-prep/qupu123-crawl/做最好的自己（刘龙祥词_陈祥福曲）__qupu123-325830/001.jpg
健康生活歌	qupu123	328571	1	简谱	健康生活歌__qupu123-328571	/home/caesium-132/jianpu/images-prep/qupu123-sweep/健康生活歌__qupu123-328571/001.jpg
偶尔	jianpujia	10950	1	简谱	偶尔简谱(歌词)_邓紫棋演唱_桃李醉春风记谱__jianpujia-10950	/home/caesium-132/jianpu/images-prep/jianpujia-377/偶尔简谱(歌词)_邓紫棋演唱_桃李醉春风记谱__jianpujia-10950/001.gif
偶尔 钢琴伴奏谱	jianpucn	292951	2	改编	偶尔 钢琴伴奏谱__jianpucn-292951	/home/caesium-132/jianpu/images-prep/jianpucn-dengziqi/偶尔 钢琴伴奏谱__jianpucn-292951/001.jpg
偶然	jianpujia	13532	2	简谱	偶然简谱(歌词)_周深李维演唱_桃李醉春风记谱__jianpujia-13532	/home/caesium-132/jianpu/images-prep/jianpujia-380/偶然简谱(歌词)_周深李维演唱_桃李醉春风记谱__jianpujia-13532/001.png
偶遇钢琴	jianpujia	246267	6	改编	偶遇钢琴简谱_王菲演唱__jianpujia-246267	/home/caesium-132/jianpu/images-prep/jianpujia-art3395/偶遇钢琴简谱_王菲演唱__jianpujia-246267/001.png
偶阵雨	jianpucn	183946	2	简谱	偶阵雨（欣仔版）__jianpucn-183946	/home/caesium-132/jianpu/images-prep/jianpucn-pop/偶阵雨（欣仔版）__jianpucn-183946/001.jpg
偷偷地爱上你	qupu123	313420	1	简谱	偷偷地爱上你__qupu123-313420	/home/caesium-132/jianpu/images-prep/qupu123-sweep/偷偷地爱上你__qupu123-313420/001.jpg
偷心 吉他类 流行	jianpucn	117721	2	改编	偷心 吉他类 流行__jianpucn-117721	/home/caesium-132/jianpu/images-prep/jianpucn-zhangxueyou/偷心 吉他类 流行__jianpucn-117721/001.jpg
催眠歌	qupu123	325699	3	改编	催眠歌（刘雪庵词_江定仙曲、正谱）__qupu123-325699	/home/caesium-132/jianpu/images-prep/qupu123-crawl/催眠歌（刘雪庵词_江定仙曲、正谱）__qupu123-325699/001.jpg
傲慢的上校-弹唱 吉他类 流行	jianpucn	112839	2	改编	傲慢的上校-弹唱 吉他类 流行__jianpucn-112839	/home/caesium-132/jianpu/images-prep/jianpucn-pushu/傲慢的上校-弹唱 吉他类 流行__jianpucn-112839/001.jpg
傻子才悲伤-弹唱 吉他类 流行	jianpucn	113136	2	改编	傻子才悲伤-弹唱 吉他类 流行__jianpucn-113136	/home/caesium-132/jianpu/images-prep/jianpucn-pushu/傻子才悲伤-弹唱 吉他类 流行__jianpucn-113136/001.jpg
像你	jianpucn	40017	1	简谱	像你__jianpucn-40017	/home/caesium-132/jianpu/images-prep/jianpucn-pop/像你__jianpucn-40017/001.jpg
像我这样的人钢琴	jianpujia	150727	5	改编	像我这样的人钢琴简谱_毛不易演唱__jianpujia-150727	/home/caesium-132/jianpu/images-prep/jianpujia-362/像我这样的人钢琴简谱_毛不易演唱__jianpujia-150727/001.png
像梦一样自由	jianpucn	150522	1	简谱	像梦一样自由__jianpucn-150522	/home/caesium-132/jianpu/images-prep/jianpucn-wangfeng/像梦一样自由__jianpucn-150522/001.jpg
像风一样自由钢琴	jianpujia	152886	1	改编	像风一样自由钢琴简谱_数字双手_许巍__jianpujia-152886	/home/caesium-132/jianpu/images-prep/jianpujia-1380/像风一样自由钢琴简谱_数字双手_许巍__jianpujia-152886/001.png
像风一样钢琴	jianpujia	150721	6	改编	像风一样钢琴简谱_薛之谦演唱__jianpujia-150721	/home/caesium-132/jianpu/images-prep/jianpujia-351/像风一样钢琴简谱_薛之谦演唱__jianpujia-150721/001.png
儿行千里母担忧	qupu123	331962	2	简谱	儿行千里母担忧（刘良智_词曲）__qupu123-331962	/home/caesium-132/jianpu/images-prep/qupu123-crawl/儿行千里母担忧（刘良智_词曲）__qupu123-331962/001.jpg
元夕无雨	qupu123	323874	6	改编	元夕无雨（正谱）__qupu123-323874	/home/caesium-132/jianpu/images-prep/qupu123-crawl/元夕无雨（正谱）__qupu123-323874/001.jpg
元日	jianpujia	12648	1	简谱	元日简谱(歌词)_银河少年艺术团演唱_桃李醉春风记谱__jianpujia-12648	/home/caesium-132/jianpu/images-prep/jianpujia-3462/元日简谱(歌词)_银河少年艺术团演唱_桃李醉春风记谱__jianpujia-12648/001.gif
兄妹钢琴	jianpujia	252913	6	改编	兄妹钢琴简谱_陈奕迅演唱__jianpujia-252913	/home/caesium-132/jianpu/images-prep/jianpujia-art315/兄妹钢琴简谱_陈奕迅演唱__jianpujia-252913/001.png
兄弟	jianpucn	87167	2	简谱	兄弟__jianpucn-87167	/home/caesium-132/jianpu/images-prep/jianpucn-liudehua/兄弟__jianpucn-87167/001.jpg
兄弟 你最棒	qupu123	303040	1	简谱	兄弟 你最棒__qupu123-303040	/home/caesium-132/jianpu/images-prep/qupu123-sweep/兄弟 你最棒__qupu123-303040/001.jpg
兄弟 你还好吗	qupu123	314245	1	简谱	兄弟 你还好吗__qupu123-314245	/home/caesium-132/jianpu/images-prep/qupu123-sweep/兄弟 你还好吗__qupu123-314245/001.jpg
兄弟这杯酒	qupu123	329582	1	简谱	兄弟这杯酒__qupu123-329582	/home/caesium-132/jianpu/images-prep/qupu123-sweep/兄弟这杯酒__qupu123-329582/001.jpg
兄弟，我们出发	qupu123	326347	1	简谱	兄弟，我们出发__qupu123-326347	/home/caesium-132/jianpu/images-prep/qupu123-sweep/兄弟，我们出发__qupu123-326347/001.jpg
光亮	jianpucn	466150	2	改编	光亮 （ G调指法原版编配）__jianpucn-466150	/home/caesium-132/jianpu/images-prep/jianpucn-zhoushen/光亮 （ G调指法原版编配）__jianpucn-466150/001.jpg
光明	jianpucn	458215	2	改编	光明 （ E调原版带solo编配）__jianpucn-458215	/home/caesium-132/jianpu/images-prep/jianpucn-wangfeng/光明 （ E调原版带solo编配）__jianpucn-458215/001.jpg
光明 卢家兴	jianpucn	222086	4	简谱	光明 卢家兴__jianpucn-222086	/home/caesium-132/jianpu/images-prep/jianpucn-wangfeng/光明 卢家兴__jianpucn-222086/001.jpg
光明 汪峰 吉他谱 六线谱	qupu123	77610	4	改编	光明 汪峰 吉他谱 六线谱__qupu123-77610	/home/caesium-132/jianpu/images-prep/qupu123-wangfeng/光明 汪峰 吉他谱 六线谱__qupu123-77610/001.jpg
光明-tx129413编配版	jianpucn	188696	2	改编	光明-tx129413编配版__jianpucn-188696	/home/caesium-132/jianpu/images-prep/jianpucn-wangfeng/光明-tx129413编配版__jianpucn-188696/001.jpg
光明之门	jianpucn	1764	3	简谱	光明之门__jianpucn-1764	/home/caesium-132/jianpu/images-prep/jianpucn-xuwei/光明之门__jianpucn-1764/001.jpg
光良-约定	jianpucn	95930	1	简谱	光良-约定__jianpucn-95930	/home/caesium-132/jianpu/images-prep/jianpucn-pop/光良-约定__jianpucn-95930/001.jpg
光辉岁月 单吉他版	jianpucn	215561	3	改编	光辉岁月 单吉他版__jianpucn-215561	/home/caesium-132/jianpu/images-prep/jianpucn-beyond/光辉岁月 单吉他版__jianpucn-215561/001.jpg
光辉岁月6	jianpucn	209774	2	简谱	光辉岁月6__jianpucn-209774	/home/caesium-132/jianpu/images-prep/jianpucn-beyond/光辉岁月6__jianpucn-209774/001.jpg
光辉岁月—ynwxpyw版	jianpucn	171842	2	简谱	光辉岁月—ynwxpyw版__jianpucn-171842	/home/caesium-132/jianpu/images-prep/jianpucn-beyond/光辉岁月—ynwxpyw版__jianpucn-171842/001.jpg
光辉岁月吉他 —扫描版	jianpucn	234270	2	改编	光辉岁月吉他 —扫描版__jianpucn-234270	/home/caesium-132/jianpu/images-prep/jianpucn-beyond/光辉岁月吉他 —扫描版__jianpucn-234270/001.jpg
光辉岁月钢琴	jianpujia	251482	4	改编	光辉岁月钢琴简谱_Beyond演唱__jianpujia-251482	/home/caesium-132/jianpu/images-prep/jianpujia-art3246/光辉岁月钢琴简谱_Beyond演唱__jianpujia-251482/001.png
党旗艳	qupu123	334421	2	简谱	党旗艳_军旗红__qupu123-334421	/home/caesium-132/jianpu/images-prep/qupu123-crawl/党旗艳_军旗红__qupu123-334421/001.jpg
入海钢琴	jianpujia	154573	2	改编	入海钢琴简谱_数字双手_毛不易__jianpujia-154573	/home/caesium-132/jianpu/images-prep/jianpujia-362/入海钢琴简谱_数字双手_毛不易__jianpujia-154573/001.png
全世界失眠	jianpucn	457607	1	简谱	全世界失眠 （ C调指法）__jianpucn-457607	/home/caesium-132/jianpu/images-prep/jianpucn-pop/全世界失眠 （ C调指法）__jianpucn-457607/001.jpg
全世界失眼	jianpucn	190163	2	简谱	全世界失眼__jianpucn-190163	/home/caesium-132/jianpu/images-prep/jianpucn-pop/全世界失眼__jianpucn-190163/001.jpg
全球吹遍中国风	qupu123	307961	1	简谱	全球吹遍中国风__qupu123-307961	/home/caesium-132/jianpu/images-prep/qupu123-sweep/全球吹遍中国风__qupu123-307961/001.jpg
全网首发【赋别曲】吉他伴奏谱	jianpucn	191604	2	改编	全网首发【赋别曲】吉他伴奏谱__jianpucn-191604	/home/caesium-132/jianpu/images-prep/jianpucn-zhouchuanxiong/全网首发【赋别曲】吉他伴奏谱__jianpucn-191604/001.jpg
八千里路边关情	jianpujia	23127	1	简谱	八千里路边关情_简谱(歌词)_朝鲁演唱_秋叶起舞记谱上传__jianpujia-23127	/home/caesium-132/jianpu/images-prep/jianpujia-3462/八千里路边关情_简谱(歌词)_朝鲁演唱_秋叶起舞记谱上传__jianpujia-23127/001.gif
八声甘州	qupu123	322351	3	改编	八声甘州（五线谱）__qupu123-322351	/home/caesium-132/jianpu/images-prep/qupu123-crawl/八声甘州（五线谱）__qupu123-322351/001.jpg
八月谷子金灿灿	qupu123	335884	2	改编	八月谷子金灿灿（女声二重唱、五线谱）__qupu123-335884	/home/caesium-132/jianpu/images-prep/qupu123-crawl/八月谷子金灿灿（女声二重唱、五线谱）__qupu123-335884/001.jpg
八楼	qupu123	321987	1	简谱	八楼__qupu123-321987	/home/caesium-132/jianpu/images-prep/qupu123-sweep/八楼__qupu123-321987/001.jpg
八角树&nbsp;&nbsp;	jianpucn	475601	11	简谱	八角树&nbsp;&nbsp;__jianpucn-475601	/home/caesium-132/jianpu/images-prep/test-jianpucn/八角树&nbsp;&nbsp;__jianpucn-475601/001.jpg
公主病	jianpucn	219042	1	简谱	公主病__jianpucn-219042	/home/caesium-132/jianpu/images-prep/jianpucn-zhoujielun/公主病__jianpucn-219042/001.jpg
公公偏头痛	qupu123	307927	2	简谱	公公偏头痛__qupu123-307927	/home/caesium-132/jianpu/images-prep/qupu123-sweep/公公偏头痛__qupu123-307927/001.png
公安战士之歌	qupu123	311050	1	简谱	公安战士之歌（刘尊秀词 陈涤非曲）__qupu123-311050	/home/caesium-132/jianpu/images-prep/qupu123-sweep/公安战士之歌（刘尊秀词 陈涤非曲）__qupu123-311050/001.jpg
公鸡和母鸡钢琴	jianpujia	246118	4	改编	公鸡和母鸡钢琴简谱_儿歌演唱__jianpujia-246118	/home/caesium-132/jianpu/images-prep/jianpujia-3462/公鸡和母鸡钢琴简谱_儿歌演唱__jianpujia-246118/001.png
六线	jianpucn	175633	2	简谱	六线__jianpucn-175633	/home/caesium-132/jianpu/images-prep/jianpucn-zhoujielun/六线__jianpucn-175633/001.jpg
兰亭序	jianpucn	470264	2	改编	兰亭序 （ C调指法原版编配）__jianpucn-470264	/home/caesium-132/jianpu/images-prep/jianpucn-zhoujielun/兰亭序 （ C调指法原版编配）__jianpucn-470264/001.jpg
兰花花	qupu123	323756	4	改编	兰花花（五线谱）__qupu123-323756	/home/caesium-132/jianpu/images-prep/qupu123-crawl/兰花花（五线谱）__qupu123-323756/001.jpg
兰若情	qupu123	315229	1	简谱	兰若情__qupu123-315229	/home/caesium-132/jianpu/images-prep/qupu123-sweep/兰若情__qupu123-315229/001.jpg
兰风梅骨剑胆琴心	qupu123	325731	1	简谱	兰风梅骨剑胆琴心__qupu123-325731	/home/caesium-132/jianpu/images-prep/qupu123-sweep/兰风梅骨剑胆琴心__qupu123-325731/001.jpg
共产党好	qupu123	317910	3	简谱	共产党好_共产党亲（冯晓阳编合唱版）__qupu123-317910	/home/caesium-132/jianpu/images-prep/qupu123-crawl/共产党好_共产党亲（冯晓阳编合唱版）__qupu123-317910/001.jpg
共产党颂	jianpujia	20075	1	简谱	共产党颂简谱(歌词)_谭晶演唱_momoliu曲谱__jianpujia-20075	/home/caesium-132/jianpu/images-prep/jianpujia-7224/共产党颂简谱(歌词)_谭晶演唱_momoliu曲谱__jianpujia-20075/001.jpg
共同心愿---2022北京冬奥会	qupu123	370026	2	简谱	共同心愿---2022北京冬奥会__qupu123-370026	/home/caesium-132/jianpu/images-prep/qupu123-crawl/共同心愿---2022北京冬奥会__qupu123-370026/001.jpg
共同心愿---冬奥会	qupu123	369968	2	简谱	共同心愿---冬奥会__qupu123-369968	/home/caesium-132/jianpu/images-prep/qupu123-crawl/共同心愿---冬奥会__qupu123-369968/001.jpg
共趟一条爱情河	qupu123	310685	1	简谱	共趟一条爱情河__qupu123-310685	/home/caesium-132/jianpu/images-prep/qupu123-sweep/共趟一条爱情河__qupu123-310685/001.jpg
关山望月	qupu123	396206	3	简谱	关山望月（原创）__qupu123-396206	/home/caesium-132/jianpu/images-prep/qupu123-crawl/关山望月（原创）__qupu123-396206/001.jpg
关键词	jianpucn	458245	2	改编	关键词 （ C调指法原版编配）__jianpucn-458245	/home/caesium-132/jianpu/images-prep/jianpucn-linjunjie/关键词 （ C调指法原版编配）__jianpucn-458245/001.jpg
兴安岭上唱雄鸡	qupu123	323033	3	改编	兴安岭上唱雄鸡（选自合唱套曲《辉煌的岁月》、正谱）__qupu123-323033	/home/caesium-132/jianpu/images-prep/qupu123-crawl/兴安岭上唱雄鸡（选自合唱套曲《辉煌的岁月》、正谱）__qupu123-323033/001.jpg
兵娃娃	qupu123	335383	2	简谱	兵娃娃_海娃娃__qupu123-335383	/home/caesium-132/jianpu/images-prep/qupu123-crawl/兵娃娃_海娃娃__qupu123-335383/001.jpg
其实不想走 吉他类 流行	jianpucn	91222	1	改编	其实不想走 吉他类 流行__jianpucn-91222	/home/caesium-132/jianpu/images-prep/jianpucn-zhouhuajian/其实不想走 吉他类 流行__jianpucn-91222/001.jpg
其实不想走－－周华健	jianpucn	84688	1	简谱	其实不想走－－周华健__jianpucn-84688	/home/caesium-132/jianpu/images-prep/jianpucn-zhouhuajian/其实不想走－－周华健__jianpucn-84688/001.jpg
其实你不懂我的心 吉他独奏谱 —	jianpucn	250787	2	改编	其实你不懂我的心 吉他独奏谱 —__jianpucn-250787	/home/caesium-132/jianpu/images-prep/jianpucn-tongange/其实你不懂我的心 吉他独奏谱 —__jianpucn-250787/001.jpg
其实我一直想对你说	jianpucn	91111	2	改编	其实我一直想对你说(吉他谱)__jianpucn-91111	/home/caesium-132/jianpu/images-prep/jianpucn-mowenwei/其实我一直想对你说(吉他谱)__jianpucn-91111/001.jpg
其实爱情	qupu123	60881	2	简谱	其实爱情__qupu123-60881	/home/caesium-132/jianpu/images-prep/qupu123-search/其实爱情__qupu123-60881/001.jpg
其实钢琴	jianpujia	151373	5	改编	其实钢琴简谱_薛之谦演唱__jianpujia-151373	/home/caesium-132/jianpu/images-prep/jianpujia-351/其实钢琴简谱_薛之谦演唱__jianpujia-151373/001.png
养生百字铭	qupu123	317593	1	简谱	养生百字铭__qupu123-317593	/home/caesium-132/jianpu/images-prep/qupu123-sweep/养生百字铭__qupu123-317593/001.jpg
内疚	jianpucn	466571	3	改编	内疚 （ A调指法原版编配）__jianpucn-466571	/home/caesium-132/jianpu/images-prep/jianpucn-pop/内疚 （ A调指法原版编配）__jianpucn-466571/001.jpg
再一个夜晚	jianpucn	4285	1	简谱	再一个夜晚__jianpucn-4285	/home/caesium-132/jianpu/images-prep/jianpucn-pop/再一个夜晚__jianpucn-4285/001.jpg
再一次出发	qupu123	336054	2	简谱	再一次出发（线简谱对照版）__qupu123-336054	/home/caesium-132/jianpu/images-prep/qupu123-crawl/再一次出发（线简谱对照版）__qupu123-336054/001.jpg
再出发吉他	jianpucn	220379	1	改编	再出发吉他__jianpucn-220379	/home/caesium-132/jianpu/images-prep/jianpucn-renxianqi/再出发吉他__jianpucn-220379/001.jpg
再唱一首	jianpucn	213975	2	简谱	再唱一首__jianpucn-213975	/home/caesium-132/jianpu/images-prep/jianpucn-pop/再唱一首__jianpucn-213975/001.jpg
再唱夕阳红	qupu123	304485	1	简谱	再唱夕阳红__qupu123-304485	/home/caesium-132/jianpu/images-prep/qupu123-sweep/再唱夕阳红__qupu123-304485/001.jpg
再唱洪湖水	jianpucn	475018	99	简谱	再唱洪湖水（混声合唱）__jianpucn-475018	/home/caesium-132/jianpu/images-prep/ready4/再唱洪湖水（混声合唱）__jianpucn-475018/001.jpg
再战江湖	qupu123	322198	1	简谱	再战江湖__qupu123-322198	/home/caesium-132/jianpu/images-prep/qupu123-sweep/再战江湖__qupu123-322198/001.jpg
再相聚	qupu123	307338	1	简谱	再相聚 （陈承芳词 梁海洋曲）__qupu123-307338	/home/caesium-132/jianpu/images-prep/qupu123-sweep/再相聚 （陈承芳词 梁海洋曲）__qupu123-307338/001.png
再相遇 再相逢	qupu123	308763	1	简谱	再相遇 再相逢__qupu123-308763	/home/caesium-132/jianpu/images-prep/qupu123-sweep/再相遇 再相逢__qupu123-308763/001.jpg
再见,青春	jianpucn	195018	1	简谱	再见,青春__jianpucn-195018	/home/caesium-132/jianpu/images-prep/jianpucn-wangfeng/再见,青春__jianpucn-195018/001.jpg
再见只是陌生人&nbsp;&nbsp;	jianpucn	316054	1	简谱	再见只是陌生人&nbsp;&nbsp;__jianpucn-316054	/home/caesium-132/jianpu/images-prep/jianpucn-title/再见只是陌生人&nbsp;&nbsp;__jianpucn-316054/001.jpg
再见吧.老兵	jianpucn	343792	1	简谱	再见吧.老兵__jianpucn-343792	/home/caesium-132/jianpu/images-prep/jianpucn-yanweiwen/再见吧.老兵__jianpucn-343792/001.jpg
再见吧！浪漫	qupu123	305423	1	简谱	再见吧！浪漫__qupu123-305423	/home/caesium-132/jianpu/images-prep/qupu123-sweep/再见吧！浪漫__qupu123-305423/001.png
再见理想-双吉他版	jianpucn	209090	2	改编	再见理想-双吉他版__jianpucn-209090	/home/caesium-132/jianpu/images-prep/jianpucn-beyond/再见理想-双吉他版__jianpucn-209090/001.jpg
再见理想—beyond	jianpucn	170195	1	简谱	再见理想—beyond__jianpucn-170195	/home/caesium-132/jianpu/images-prep/jianpucn-beyond/再见理想—beyond__jianpucn-170195/001.jpg
再见黄鹤楼吉他	jianpucn	220378	1	改编	再见黄鹤楼吉他__jianpucn-220378	/home/caesium-132/jianpu/images-prep/jianpucn-renxianqi/再见黄鹤楼吉他__jianpucn-220378/001.jpg
再说一次我爱你 歌曲类 钢琴伴奏谱	jianpucn	112858	1	改编	再说一次我爱你 歌曲类 钢琴伴奏谱__jianpucn-112858	/home/caesium-132/jianpu/images-prep/jianpucn-liudehua/再说一次我爱你 歌曲类 钢琴伴奏谱__jianpucn-112858/001.jpg
写一首歌送给我自己	qupu123	333896	1	简谱	写一首歌送给我自己__qupu123-333896	/home/caesium-132/jianpu/images-prep/qupu123-crawl/写一首歌送给我自己__qupu123-333896/001.jpg
写德字	qupu123	335174	2	简谱	写德字_立人品（丁恩昌词_张国良曲）__qupu123-335174	/home/caesium-132/jianpu/images-prep/qupu123-crawl/写德字_立人品（丁恩昌词_张国良曲）__qupu123-335174/001.jpg
写给你的那封信	qupu123	302637	1	简谱	写给你的那封信__qupu123-302637	/home/caesium-132/jianpu/images-prep/qupu123-sweep/写给你的那封信__qupu123-302637/001.jpg
军人的渴望	qupu123	263814	1	简谱	军人的渴望__qupu123-263814	/home/caesium-132/jianpu/images-prep/_offtarget/军人的渴望__qupu123-263814/001.jpg
军港之夜 吉他独奏谱	jianpucn	90668	1	改编	军港之夜 吉他独奏谱（五线谱）__jianpucn-90668	/home/caesium-132/jianpu/images-prep/jianpucn-suxiaoming/军港之夜 吉他独奏谱（五线谱）__jianpucn-90668/001.jpg
军港之夜 吉他类 流行	jianpucn	91235	1	改编	军港之夜 吉他类 流行__jianpucn-91235	/home/caesium-132/jianpu/images-prep/jianpucn-suxiaoming/军港之夜 吉他类 流行__jianpucn-91235/001.jpg
军港之夜怀旧经典	jianpucn	472340	1	简谱	军港之夜怀旧经典__jianpucn-472340	/home/caesium-132/jianpu/images-prep/jianpucn-suxiaoming/军港之夜怀旧经典__jianpucn-472340/001.jpg
农家乐	qupu123	326513	2	简谱	农家乐_乐万家__qupu123-326513	/home/caesium-132/jianpu/images-prep/qupu123-crawl/农家乐_乐万家__qupu123-326513/001.jpg
冬之寒号	qupu123	305313	1	简谱	冬之寒号__qupu123-305313	/home/caesium-132/jianpu/images-prep/qupu123-sweep/冬之寒号__qupu123-305313/001.png
冬天的秘密&nbsp;&nbsp;	jianpucn	126093	1	简谱	冬天的秘密&nbsp;&nbsp;__jianpucn-126093	/home/caesium-132/jianpu/images-prep/jianpucn-title/冬天的秘密&nbsp;&nbsp;__jianpucn-126093/001.jpg
冬季到台北来看雨 独奏	jianpucn	215392	1	改编	冬季到台北来看雨 独奏__jianpucn-215392	/home/caesium-132/jianpu/images-prep/jianpucn-pop/冬季到台北来看雨 独奏__jianpucn-215392/001.jpg
冬季到台北来看雨钢琴版啊南编	jianpucn	216255	2	改编	冬季到台北来看雨钢琴版啊南编__jianpucn-216255	/home/caesium-132/jianpu/images-prep/jianpucn-pop/冬季到台北来看雨钢琴版啊南编__jianpucn-216255/001.jpg
冰清玉洁	jianpujia	19982	1	简谱	冰清玉洁简谱(歌词)_雷佳演唱_momoliu曲谱__jianpujia-19982	/home/caesium-132/jianpu/images-prep/jianpujia-6369/冰清玉洁简谱(歌词)_雷佳演唱_momoliu曲谱__jianpujia-19982/001.jpg
冰雨 演唱谱	jianpucn	432117	3	简谱	冰雨 演唱谱（日本演唱原始版本）__jianpucn-432117	/home/caesium-132/jianpu/images-prep/jianpucn-denglijun/冰雨 演唱谱（日本演唱原始版本）__jianpucn-432117/001.jpg
冰雨 邓丽君演唱谱	qupu123	342762	1	简谱	冰雨 邓丽君演唱谱（日本演唱原始版本）__qupu123-342762	/home/caesium-132/jianpu/images-prep/qupu123-hk/冰雨 邓丽君演唱谱（日本演唱原始版本）__qupu123-342762/001.jpg
冰雨钢琴版 南编	jianpucn	216228	2	改编	冰雨钢琴版 南编__jianpucn-216228	/home/caesium-132/jianpu/images-prep/jianpucn-liudehua/冰雨钢琴版 南编__jianpucn-216228/001.jpg
冰雪之约	qupu123	303926	4	改编	冰雪之约（唐昌菲词_廖勇曲、A调正谱）__qupu123-303926	/home/caesium-132/jianpu/images-prep/qupu123-crawl/冰雪之约（唐昌菲词_廖勇曲、A调正谱）__qupu123-303926/001.jpg
冰雪情	qupu123	331850	1	简谱	冰雪情（言寺_词曲）__qupu123-331850	/home/caesium-132/jianpu/images-prep/qupu123-crawl/冰雪情（言寺_词曲）__qupu123-331850/001.jpg
冲出你的窗口	jianpucn	198450	3	简谱	冲出你的窗口__jianpucn-198450	/home/caesium-132/jianpu/images-prep/jianpucn-pushu/冲出你的窗口__jianpucn-198450/001.jpg
冲动的惩罚-弹唱 吉他类 流行	jianpucn	112888	2	改编	冲动的惩罚-弹唱 吉他类 流行__jianpucn-112888	/home/caesium-132/jianpu/images-prep/jianpucn-daolang/冲动的惩罚-弹唱 吉他类 流行__jianpucn-112888/001.jpg
冲开一切吉他 —扫描版	jianpucn	234268	2	改编	冲开一切吉他 —扫描版__jianpucn-234268	/home/caesium-132/jianpu/images-prep/jianpucn-beyond/冲开一切吉他 —扫描版__jianpucn-234268/001.jpg
冲线	qupu123	305318	1	简谱	冲线__qupu123-305318	/home/caesium-132/jianpu/images-prep/qupu123-sweep/冲线__qupu123-305318/001.png
冷雨夜bass solo	jianpucn	192090	1	简谱	冷雨夜bass solo__jianpucn-192090	/home/caesium-132/jianpu/images-prep/jianpucn-beyond/冷雨夜bass solo__jianpucn-192090/001.jpg
冷雨夜—beyond	jianpucn	170906	2	简谱	冷雨夜—beyond__jianpucn-170906	/home/caesium-132/jianpu/images-prep/jianpucn-beyond/冷雨夜—beyond__jianpucn-170906/001.jpg
冷雨夜—完整版	jianpucn	122175	2	简谱	冷雨夜—完整版__jianpucn-122175	/home/caesium-132/jianpu/images-prep/jianpucn-beyond/冷雨夜—完整版__jianpucn-122175/001.jpg
冷雨夜钢琴	jianpujia	150255	7	改编	冷雨夜钢琴简谱_Beyond演唱__jianpujia-150255	/home/caesium-132/jianpu/images-prep/jianpujia-3246/冷雨夜钢琴简谱_Beyond演唱__jianpujia-150255/001.png
冻洁	jianpucn	192277	3	简谱	冻洁__jianpucn-192277	/home/caesium-132/jianpu/images-prep/jianpucn-linjunjie/冻洁__jianpucn-192277/001.jpg
冻结	jianpucn	4059	3	简谱	冻结__jianpucn-4059	/home/caesium-132/jianpu/images-prep/jianpucn-linjunjie/冻结__jianpucn-4059/001.jpg
净土在何方	qupu123	323760	3	改编	净土在何方（选自歌剧《孙武》、正谱）__qupu123-323760	/home/caesium-132/jianpu/images-prep/qupu123-crawl/净土在何方（选自歌剧《孙武》、正谱）__qupu123-323760/001.jpg
凋零的过往	qupu123	306644	1	简谱	凋零的过往__qupu123-306644	/home/caesium-132/jianpu/images-prep/qupu123-sweep/凋零的过往__qupu123-306644/001.jpg
凌晨两点	jianpucn	209297	2	简谱	凌晨两点__jianpucn-209297	/home/caesium-132/jianpu/images-prep/jianpucn-lijian/凌晨两点__jianpucn-209297/001.jpg
几个你	jianpucn	470583	2	改编	几个你 （ C调指法原版编配）__jianpucn-470583	/home/caesium-132/jianpu/images-prep/jianpucn-xuezhiqian/几个你 （ C调指法原版编配）__jianpucn-470583/001.jpg
几分钟约会	jianpucn	127094	2	简谱	几分钟约会__jianpucn-127094	/home/caesium-132/jianpu/images-prep/jianpucn-pop/几分钟约会__jianpucn-127094/001.jpg
几许风雨钢琴	jianpujia	149081	5	改编	几许风雨钢琴简谱_张国荣演唱__jianpujia-149081	/home/caesium-132/jianpu/images-prep/jianpujia-art1542/几许风雨钢琴简谱_张国荣演唱__jianpujia-149081/001.png
凡事你都别上愁	qupu123	311230	1	简谱	凡事你都别上愁__qupu123-311230	/home/caesium-132/jianpu/images-prep/qupu123-sweep/凡事你都别上愁__qupu123-311230/001.jpg
凤凰于飞	jianpucn	240936	1	简谱	凤凰于飞（乐侠版）__jianpucn-240936	/home/caesium-132/jianpu/images-prep/jianpucn-liuhuan/凤凰于飞（乐侠版）__jianpucn-240936/001.jpg
凤凰于飞尤克里里谱	jianpucn	458359	1	改编	凤凰于飞尤克里里谱（ 单音四 ）__jianpucn-458359	/home/caesium-132/jianpu/images-prep/jianpucn-linjunjie/凤凰于飞尤克里里谱（ 单音四 ）__jianpucn-458359/001.jpg
凤凰城阙月轮高	qupu123	333301	1	简谱	凤凰城阙月轮高__qupu123-333301	/home/caesium-132/jianpu/images-prep/qupu123-crawl/凤凰城阙月轮高__qupu123-333301/001.gif
凤凰花季	qupu123	346925	3	简谱	凤凰花季（韩红演唱）__qupu123-346925	/home/caesium-132/jianpu/images-prep/qupu123-hanhong/凤凰花季（韩红演唱）__qupu123-346925/001.png
凤毛麟角钢琴	jianpujia	387550	2	改编	凤毛麟角钢琴简谱_薛之谦演唱__jianpujia-387550	/home/caesium-132/jianpu/images-prep/jianpujia-351/凤毛麟角钢琴简谱_薛之谦演唱__jianpujia-387550/001.png
凤阳花鼓	jianpucn	36537	1	简谱	凤阳花鼓__jianpucn-36537	/home/caesium-132/jianpu/images-prep/jianpucn-denglijun/凤阳花鼓__jianpucn-36537/001.jpg
出去走走	qupu123	314323	1	简谱	出去走走（简云斌词 武秀林曲）__qupu123-314323	/home/caesium-132/jianpu/images-prep/qupu123-sweep/出去走走（简云斌词 武秀林曲）__qupu123-314323/001.jpg
出发	qupu123	324798	3	简谱	出发__qupu123-324798	/home/caesium-132/jianpu/images-prep/qupu123-sweep/出发__qupu123-324798/001.jpg
出头天	jianpucn	152274	1	简谱	出头天__jianpucn-152274	/home/caesium-132/jianpu/images-prep/jianpucn-wuyuetian/出头天__jianpucn-152274/001.jpg
出征酒	jianpucn	38815	1	简谱	出征酒__jianpucn-38815	/home/caesium-132/jianpu/images-prep/jianpucn-jiangdawei/出征酒__jianpucn-38815/001.jpg
出色出彩三棵树	qupu123	323710	1	简谱	出色出彩三棵树__qupu123-323710	/home/caesium-132/jianpu/images-prep/qupu123-sweep/出色出彩三棵树__qupu123-323710/001.jpg
刀剑如梦-倚天屠龙	jianpucn	104076	2	简谱	刀剑如梦-倚天屠龙__jianpucn-104076	/home/caesium-132/jianpu/images-prep/jianpucn-zhouhuajian/刀剑如梦-倚天屠龙__jianpucn-104076/001.jpg
刀剑如梦指弹	jianpucn	467423	2	改编	刀剑如梦指弹__jianpucn-467423	/home/caesium-132/jianpu/images-prep/jianpucn-zhouhuajian/刀剑如梦指弹__jianpucn-467423/001.jpg
刀郎	qupu123	310086	1	简谱	刀郎（陈思明词 yhmwms曲）__qupu123-310086	/home/caesium-132/jianpu/images-prep/qupu123-sweep/刀郎（陈思明词 yhmwms曲）__qupu123-310086/001.jpg
刀郎演唱会	qupu123	312852	1	简谱	刀郎演唱会__qupu123-312852	/home/caesium-132/jianpu/images-prep/qupu123-sweep/刀郎演唱会__qupu123-312852/001.jpg
分不开的两个人	qupu123	307448	3	改编	分不开的两个人（正谱）__qupu123-307448	/home/caesium-132/jianpu/images-prep/qupu123-sweep/分不开的两个人（正谱）__qupu123-307448/001.png
分享感动	qupu123	307536	1	简谱	分享感动__qupu123-307536	/home/caesium-132/jianpu/images-prep/qupu123-sweep/分享感动__qupu123-307536/001.jpg
分分钟需要你尤克里里谱	jianpucn	461883	1	改编	分分钟需要你尤克里里谱（ A调 ）__jianpucn-461883	/home/caesium-132/jianpu/images-prep/jianpucn-pop/分分钟需要你尤克里里谱（ A调 ）__jianpucn-461883/001.jpg
分手之后	qupu123	329564	1	简谱	分手之后（李剑武 词曲）__qupu123-329564	/home/caesium-132/jianpu/images-prep/qupu123-sweep/分手之后（李剑武 词曲）__qupu123-329564/001.png
分手以后还是朋友	qupu123	320468	1	简谱	分手以后还是朋友__qupu123-320468	/home/caesium-132/jianpu/images-prep/qupu123-sweep/分手以后还是朋友__qupu123-320468/001.jpg
分手吧朋友	qupu123	311961	1	简谱	分手吧朋友__qupu123-311961	/home/caesium-132/jianpu/images-prep/qupu123-sweep/分手吧朋友__qupu123-311961/001.jpg
分手快乐 弹唱版 键盘类 钢琴	jianpucn	113487	2	改编	分手快乐 弹唱版 键盘类 钢琴__jianpucn-113487	/home/caesium-132/jianpu/images-prep/jianpucn-pop/分手快乐 弹唱版 键盘类 钢琴__jianpucn-113487/001.jpg
分手快乐尤克里里谱	jianpucn	458357	1	改编	分手快乐尤克里里谱（ C调 ）__jianpucn-458357	/home/caesium-132/jianpu/images-prep/jianpucn-pop/分手快乐尤克里里谱（ C调 ）__jianpucn-458357/001.jpg
分裂	jianpucn	471189	1	改编	分裂 （ C调指法原版编配）__jianpucn-471189	/home/caesium-132/jianpu/images-prep/jianpucn-zhoujielun/分裂 （ C调指法原版编配）__jianpucn-471189/001.jpg
分飞	jianpujia	17545	1	简谱	分飞简谱(歌词)_徐怀钰演唱_君羊曲谱__jianpujia-17545	/home/caesium-132/jianpu/images-prep/jianpujia-1380/分飞简谱(歌词)_徐怀钰演唱_君羊曲谱__jianpujia-17545/001.gif
划龙船	qupu123	326618	4	简谱	划龙船（周先海词曲）__qupu123-326618	/home/caesium-132/jianpu/images-prep/qupu123-crawl/划龙船（周先海词曲）__qupu123-326618/001.jpg
刘传版-故乡	jianpucn	209777	2	简谱	刘传版-故乡__jianpucn-209777	/home/caesium-132/jianpu/images-prep/jianpucn-xuwei/刘传版-故乡__jianpucn-209777/001.jpg
刘德华 17岁	qupu123	341455	4	改编	刘德华 17岁 吉他谱（无限延音编配）__qupu123-341455	/home/caesium-132/jianpu/images-prep/qupu123-liudehua/刘德华 17岁 吉他谱（无限延音编配）__qupu123-341455/001.jpg
刘德华-心酸的情歌	jianpucn	95917	1	简谱	刘德华-心酸的情歌__jianpucn-95917	/home/caesium-132/jianpu/images-prep/jianpucn-liudehua/刘德华-心酸的情歌__jianpucn-95917/001.jpg
刘德华一起走过的日子独奏曲	jianpucn	208959	1	改编	刘德华一起走过的日子独奏曲__jianpucn-208959	/home/caesium-132/jianpu/images-prep/jianpucn-liudehua/刘德华一起走过的日子独奏曲__jianpucn-208959/001.jpg
刘德华版谢谢你的爱 单独奏	jianpucn	216227	2	改编	刘德华版谢谢你的爱 单独奏__jianpucn-216227	/home/caesium-132/jianpu/images-prep/jianpucn-liudehua/刘德华版谢谢你的爱 单独奏__jianpucn-216227/001.jpg
刘欢-从头再来	jianpucn	110815	2	简谱	刘欢-从头再来__jianpucn-110815	/home/caesium-132/jianpu/images-prep/jianpucn-liuhuan/刘欢-从头再来__jianpucn-110815/001.jpg
刘若英 为爱痴狂	qupu123	352509	4	改编	刘若英 为爱痴狂 吉他谱（无限延音编配）__qupu123-352509	/home/caesium-132/jianpu/images-prep/qupu123-mp079/刘若英 为爱痴狂 吉他谱（无限延音编配）__qupu123-352509/001.jpg
刚刚好钢琴	jianpujia	150582	5	改编	刚刚好钢琴简谱_薛之谦演唱__jianpujia-150582	/home/caesium-132/jianpu/images-prep/jianpujia-351/刚刚好钢琴简谱_薛之谦演唱__jianpujia-150582/001.png
刚好遇见你	qupu123	333870	2	改编	刚好遇见你（五线谱）__qupu123-333870	/home/caesium-132/jianpu/images-prep/qupu123-crawl/刚好遇见你（五线谱）__qupu123-333870/001.jpg
初吻	qupu123	331049	2	简谱	初吻（作词：杜劲松作曲：马佶）__qupu123-331049	/home/caesium-132/jianpu/images-prep/qupu123-crawl/初吻（作词：杜劲松作曲：马佶）__qupu123-331049/001.jpg
初学者钢琴	jianpujia	379916	7	改编	初学者钢琴简谱_薛之谦演唱__jianpujia-379916	/home/caesium-132/jianpu/images-prep/jianpujia-351/初学者钢琴简谱_薛之谦演唱__jianpujia-379916/001.png
初帆	qupu123	314803	1	简谱	初帆__qupu123-314803	/home/caesium-132/jianpu/images-prep/qupu123-sweep/初帆__qupu123-314803/001.jpg
初恋的地方电子琴伴奏配器	jianpucn	470625	1	改编	初恋的地方电子琴伴奏配器__jianpucn-470625	/home/caesium-132/jianpu/images-prep/jianpucn-denglijun/初恋的地方电子琴伴奏配器__jianpucn-470625/001.jpg
初识公子颜如玉	qupu123	310405	1	简谱	初识公子颜如玉 （ 之一 ）__qupu123-310405	/home/caesium-132/jianpu/images-prep/qupu123-sweep/初识公子颜如玉 （ 之一 ）__qupu123-310405/001.jpg
别	jianpujia	15552	6	简谱	别简谱_薛之谦别垄断，我想你的夜晚。__jianpujia-15552	/home/caesium-132/jianpu/images-prep/jianpujia-351/别简谱_薛之谦别垄断，我想你的夜晚。__jianpujia-15552/001.png
别傻了	jianpucn	5590	1	简谱	别傻了__jianpucn-5590	/home/caesium-132/jianpu/images-prep/jianpucn-zhouhuajian/别傻了__jianpucn-5590/001.jpg
别再为他流泪	jianpucn	4091	1	简谱	别再为他流泪__jianpucn-4091	/home/caesium-132/jianpu/images-prep/jianpucn-pop/别再为他流泪__jianpucn-4091/001.jpg
别再为他流泪--钢琴弹唱版	jianpucn	95968	2	改编	别再为他流泪--钢琴弹唱版__jianpucn-95968	/home/caesium-132/jianpu/images-prep/jianpucn-pop/别再为他流泪--钢琴弹唱版__jianpucn-95968/001.jpg
别再为他流泪伴奏	jianpucn	122007	2	改编	别再为他流泪伴奏__jianpucn-122007	/home/caesium-132/jianpu/images-prep/jianpucn-pop/别再为他流泪伴奏__jianpucn-122007/001.jpg
别再使我痛苦、迷茫	qupu123	68613	3	简谱	别再使我痛苦、迷茫（意大利）__qupu123-68613	/home/caesium-132/jianpu/images-prep/qupu123-crawl/别再使我痛苦、迷茫（意大利）__qupu123-68613/001.jpg
别再我伤口上撒盐	jianpucn	247035	1	简谱	别再我伤口上撒盐__jianpucn-247035	/home/caesium-132/jianpu/images-prep/jianpucn-zhanghuimei/别再我伤口上撒盐__jianpucn-247035/001.jpg
别后的你过得真的好	qupu123	309564	1	简谱	别后的你过得真的好___qupu123-309564	/home/caesium-132/jianpu/images-prep/qupu123-sweep/别后的你过得真的好___qupu123-309564/001.jpg
别太晚回家	qupu123	314030	1	简谱	别太晚回家（牛牛词 yhmwms曲）__qupu123-314030	/home/caesium-132/jianpu/images-prep/qupu123-sweep/别太晚回家（牛牛词 yhmwms曲）__qupu123-314030/001.jpg
别恋	qupu123	331139	2	简谱	别恋__qupu123-331139	/home/caesium-132/jianpu/images-prep/qupu123-crawl/别恋__qupu123-331139/001.jpg
别把解释当成借口	qupu123	308786	1	简谱	别把解释当成借口__qupu123-308786	/home/caesium-132/jianpu/images-prep/qupu123-sweep/别把解释当成借口__qupu123-308786/001.jpg
别来无恙	jianpujia	7979	1	简谱	别来无恙简谱(歌词)_雷佳演唱_电视_橙红年代_剧插曲__jianpujia-7979	/home/caesium-132/jianpu/images-prep/jianpujia-6369/别来无恙简谱(歌词)_雷佳演唱_电视_橙红年代_剧插曲__jianpujia-7979/001.png
别离的预感	jianpucn	280487	1	简谱	别离的预感__jianpucn-280487	/home/caesium-132/jianpu/images-prep/jianpucn-denglijun/别离的预感__jianpucn-280487/001.jpg
别等	qupu123	309973	1	简谱	别等__qupu123-309973	/home/caesium-132/jianpu/images-prep/qupu123-sweep/别等__qupu123-309973/001.jpg
刺客	qupu123	305316	1	简谱	刺客__qupu123-305316	/home/caesium-132/jianpu/images-prep/qupu123-sweep/刺客__qupu123-305316/001.jpg
刻骨铭心	qupu123	294858	4	改编	刻骨铭心（晓光词_徐沛东曲、正谱）__qupu123-294858	/home/caesium-132/jianpu/images-prep/qupu123-crawl/刻骨铭心（晓光词_徐沛东曲、正谱）__qupu123-294858/001.jpg
刻骨铭心走一回	qupu123	395213	1	简谱	刻骨铭心走一回__qupu123-395213	/home/caesium-132/jianpu/images-prep/qupu123-crawl/刻骨铭心走一回__qupu123-395213/001.jpg
前世情人	jianpucn	349749	1	简谱	前世情人__jianpucn-349749	/home/caesium-132/jianpu/images-prep/jianpucn-zhoujielun/前世情人__jianpucn-349749/001.jpg
前世情人周杰伦	jianpujia	392833	6	简谱	前世情人周杰伦简谱_周杰伦演唱__jianpujia-392833	/home/caesium-132/jianpu/images-prep/jianpujia-583/前世情人周杰伦简谱_周杰伦演唱__jianpujia-392833/001.gif
前世缘今生伴	qupu123	311023	1	简谱	前世缘今生伴__qupu123-311023	/home/caesium-132/jianpu/images-prep/qupu123-sweep/前世缘今生伴__qupu123-311023/001.png
前尘如梦	qupu123	69703	1	简谱	前尘如梦__qupu123-69703	/home/caesium-132/jianpu/images-prep/qupu123-mp002/前尘如梦__qupu123-69703/001.jpg
前尘旧梦不再提	qupu123	385463	1	简谱	前尘旧梦不再提__qupu123-385463	/home/caesium-132/jianpu/images-prep/qupu123-mp002/前尘旧梦不再提__qupu123-385463/001.jpg
前生思语	qupu123	318744	1	简谱	前生思语__qupu123-318744	/home/caesium-132/jianpu/images-prep/qupu123-sweep/前生思语__qupu123-318744/001.jpg
前生有缘 —	jianpucn	245753	1	简谱	前生有缘 —__jianpucn-245753	/home/caesium-132/jianpu/images-prep/jianpucn-denglijun/前生有缘 —__jianpucn-245753/001.jpg
剧中人	qupu123	303378	1	简谱	剧中人__qupu123-303378	/home/caesium-132/jianpu/images-prep/qupu123-sweep/剧中人__qupu123-303378/001.jpg
剪一缕月光捎给你	qupu123	310104	1	简谱	剪一缕月光捎给你__qupu123-310104	/home/caesium-132/jianpu/images-prep/qupu123-sweep/剪一缕月光捎给你__qupu123-310104/001.jpg
剪爱	qupu123	291052	3	改编	剪爱（吉他六线谱）__qupu123-291052	/home/caesium-132/jianpu/images-prep/qupu123-mp058/剪爱（吉他六线谱）__qupu123-291052/001.jpg
劝爱情回家	qupu123	321888	1	简谱	劝爱情回家__qupu123-321888	/home/caesium-132/jianpu/images-prep/qupu123-sweep/劝爱情回家__qupu123-321888/001.jpg
功夫之龙	qupu123	307506	1	简谱	功夫之龙__qupu123-307506	/home/caesium-132/jianpu/images-prep/qupu123-sweep/功夫之龙__qupu123-307506/001.jpg
加油 AMIGO	qupu123	302816	1	简谱	加油 AMIGO__qupu123-302816	/home/caesium-132/jianpu/images-prep/qupu123-sweep/加油 AMIGO__qupu123-302816/001.jpg
加油！	jianpucn	209095	2	简谱	加油！__jianpucn-209095	/home/caesium-132/jianpu/images-prep/jianpucn-linjunjie/加油！__jianpucn-209095/001.jpg
动物世界 C调原版 唯音悦制谱	jianpucn	413638	1	简谱	动物世界 C调原版 唯音悦制谱__jianpucn-413638	/home/caesium-132/jianpu/images-prep/jianpucn-xuezhiqian/动物世界 C调原版 唯音悦制谱__jianpucn-413638/001.jpg
动物世界 C调简单版 唯音悦制谱	jianpucn	413939	1	简谱	动物世界 C调简单版 唯音悦制谱__jianpucn-413939	/home/caesium-132/jianpu/images-prep/jianpucn-xuezhiqian/动物世界 C调简单版 唯音悦制谱__jianpucn-413939/001.jpg
动物世界钢琴	jianpujia	149543	9	改编	动物世界钢琴简谱_薛之谦演唱__jianpujia-149543	/home/caesium-132/jianpu/images-prep/jianpujia-351/动物世界钢琴简谱_薛之谦演唱__jianpujia-149543/001.png
努力吧，朋友	qupu123	308929	1	简谱	努力吧，朋友__qupu123-308929	/home/caesium-132/jianpu/images-prep/qupu123-sweep/努力吧，朋友__qupu123-308929/001.jpg
劳动湖畔的歌声	qupu123	333128	1	简谱	劳动湖畔的歌声__qupu123-333128	/home/caesium-132/jianpu/images-prep/qupu123-crawl/劳动湖畔的歌声__qupu123-333128/001.jpg
劳动者之歌	qupu123	312086	1	简谱	劳动者之歌（张树琦词 南风曲）__qupu123-312086	/home/caesium-132/jianpu/images-prep/qupu123-sweep/劳动者之歌（张树琦词 南风曲）__qupu123-312086/001.jpg
勇敢的鄂伦春钢琴	jianpujia	148456	3	改编	勇敢的鄂伦春钢琴简谱_民歌演唱__jianpujia-148456	/home/caesium-132/jianpu/images-prep/jianpujia-22807/勇敢的鄂伦春钢琴简谱_民歌演唱__jianpujia-148456/001.png
勇气 - 混血版	jianpucn	103155	2	简谱	勇气 - 混血版__jianpucn-103155	/home/caesium-132/jianpu/images-prep/jianpucn-liangjingru/勇气 - 混血版__jianpucn-103155/001.jpg
勇气 - 混血版 混血版 -	jianpucn	233602	2	简谱	勇气 - 混血版 混血版 -__jianpucn-233602	/home/caesium-132/jianpu/images-prep/jianpucn-pop/勇气 - 混血版 混血版 -__jianpucn-233602/001.jpg
勇气 歌曲类 钢琴伴奏谱	jianpucn	112805	2	改编	勇气 歌曲类 钢琴伴奏谱__jianpucn-112805	/home/caesium-132/jianpu/images-prep/jianpucn-pop/勇气 歌曲类 钢琴伴奏谱__jianpucn-112805/001.jpg
勇气－六线	jianpucn	191646	2	简谱	勇气－六线__jianpucn-191646	/home/caesium-132/jianpu/images-prep/jianpucn-pop/勇气－六线__jianpucn-191646/001.jpg
勘探队之歌	qupu123	323390	3	改编	勘探队之歌（五线谱）__qupu123-323390	/home/caesium-132/jianpu/images-prep/qupu123-crawl/勘探队之歌（五线谱）__qupu123-323390/001.jpg
勿忘父母恩	qupu123	334460	2	简谱	勿忘父母恩（巴秀拉_词曲）__qupu123-334460	/home/caesium-132/jianpu/images-prep/qupu123-crawl/勿忘父母恩（巴秀拉_词曲）__qupu123-334460/001.jpg
匆匆那年钢琴	jianpujia	152902	3	改编	匆匆那年钢琴简谱_数字双手__王菲__jianpujia-152902	/home/caesium-132/jianpu/images-prep/jianpujia-3395/匆匆那年钢琴简谱_数字双手__王菲__jianpujia-152902/001.png
化蝶	qupu123	326287	4	改编	化蝶（五线谱）__qupu123-326287	/home/caesium-132/jianpu/images-prep/qupu123-crawl/化蝶（五线谱）__qupu123-326287/001.jpg
化身孤岛的鲸	jianpujia	26601	4	简谱	化身孤岛的鲸简谱_周深_一只孤独的鲸鱼__jianpujia-26601	/home/caesium-132/jianpu/images-prep/jianpujia-380/化身孤岛的鲸简谱_周深_一只孤独的鲸鱼__jianpujia-26601/001.png
北京	qupu123	335799	2	简谱	北京_我爱你（张宏_词曲）__qupu123-335799	/home/caesium-132/jianpu/images-prep/qupu123-crawl/北京_我爱你（张宏_词曲）__qupu123-335799/001.jpg
北京我爱你	qupu123	315712	1	简谱	北京我爱你__qupu123-315712	/home/caesium-132/jianpu/images-prep/qupu123-sweep/北京我爱你__qupu123-315712/001.jpg
北京的家到啦	qupu123	329985	1	简谱	北京的家到啦__qupu123-329985	/home/caesium-132/jianpu/images-prep/qupu123-sweep/北京的家到啦__qupu123-329985/001.png
北国之春钢琴	jianpujia	149644	4	改编	北国之春钢琴简谱_邓丽君演唱__jianpujia-149644	/home/caesium-132/jianpu/images-prep/jianpujia-1252/北国之春钢琴简谱_邓丽君演唱__jianpujia-149644/001.png
北大荒之恋	qupu123	308793	3	简谱	北大荒之恋（徐玉照_词曲）__qupu123-308793	/home/caesium-132/jianpu/images-prep/qupu123-crawl/北大荒之恋（徐玉照_词曲）__qupu123-308793/001.jpg
北方的思念	qupu123	305866	1	简谱	北方的思念__qupu123-305866	/home/caesium-132/jianpu/images-prep/qupu123-sweep/北方的思念__qupu123-305866/001.jpg
北海雪花谣	qupu123	322246	3	改编	北海雪花谣（正谱）__qupu123-322246	/home/caesium-132/jianpu/images-prep/qupu123-crawl/北海雪花谣（正谱）__qupu123-322246/001.jpg
北漂	qupu123	303198	1	简谱	北漂__qupu123-303198	/home/caesium-132/jianpu/images-prep/qupu123-sweep/北漂__qupu123-303198/001.jpg
北纬30度	jianpujia	14703	4	简谱	北纬30度简谱__中央电视台百集系列片北纬30度主题歌__jianpujia-14703	/home/caesium-132/jianpu/images-prep/jianpujia-6982/北纬30度简谱__中央电视台百集系列片北纬30度主题歌__jianpujia-14703/001.jpg
北门之春	qupu123	310607	1	简谱	北门之春__qupu123-310607	/home/caesium-132/jianpu/images-prep/qupu123-sweep/北门之春__qupu123-310607/001.png
十七岁	jianpucn	463320	2	简谱	十七岁 （ 十七岁F调原版）__jianpucn-463320	/home/caesium-132/jianpu/images-prep/jianpucn-liudehua/十七岁 （ 十七岁F调原版）__jianpucn-463320/001.jpg
十二号诛杀者	qupu123	312766	4	简谱	十二号诛杀者（Vocaloid中文殿堂曲）__qupu123-312766	/home/caesium-132/jianpu/images-prep/qupu123-sweep/十二号诛杀者（Vocaloid中文殿堂曲）__qupu123-312766/001.png
十二月采花	qupu123	335886	2	改编	十二月采花（女声重唱、五线谱）__qupu123-335886	/home/caesium-132/jianpu/images-prep/qupu123-crawl/十二月采花（女声重唱、五线谱）__qupu123-335886/001.jpg
十五的月亮	qupu123	1718	2	简谱	十五的月亮__qupu123-1718	/home/caesium-132/jianpu/images-prep/qupu123-mp094/十五的月亮__qupu123-1718/001.jpg
十分爱	jianpucn	100087	2	简谱	十分爱__jianpucn-100087	/home/caesium-132/jianpu/images-prep/jianpucn-pop/十分爱__jianpucn-100087/001.jpg
十分爱 电影插曲	jianpucn	232947	1	简谱	十分爱 电影插曲__jianpucn-232947	/home/caesium-132/jianpu/images-prep/jianpucn-pop/十分爱 电影插曲__jianpucn-232947/001.jpg
十年 - 明年今日	jianpucn	103949	2	简谱	十年 - 明年今日__jianpucn-103949	/home/caesium-132/jianpu/images-prep/jianpucn-pop/十年 - 明年今日__jianpucn-103949/001.jpg
十年 歌曲类 钢琴伴奏谱	jianpucn	112416	2	改编	十年 歌曲类 钢琴伴奏谱__jianpucn-112416	/home/caesium-132/jianpu/images-prep/jianpucn-pop/十年 歌曲类 钢琴伴奏谱__jianpucn-112416/001.jpg
十年 钢琴弹唱	jianpucn	222226	2	改编	十年 钢琴弹唱__jianpucn-222226	/home/caesium-132/jianpu/images-prep/jianpucn-pop/十年 钢琴弹唱__jianpucn-222226/001.jpg
十年 钢琴版完美伴奏	jianpucn	218744	2	改编	十年 钢琴版完美伴奏__jianpucn-218744	/home/caesium-132/jianpu/images-prep/jianpucn-pop/十年 钢琴版完美伴奏__jianpucn-218744/001.jpg
十年-我学钢琴	jianpucn	100893	2	改编	十年-我学钢琴__jianpucn-100893	/home/caesium-132/jianpu/images-prep/jianpucn-pop/十年-我学钢琴__jianpucn-100893/001.jpg
十年-简易版 歌曲类 钢琴伴奏谱	jianpucn	112417	2	改编	十年-简易版 歌曲类 钢琴伴奏谱__jianpucn-112417	/home/caesium-132/jianpu/images-prep/jianpucn-pop/十年-简易版 歌曲类 钢琴伴奏谱__jianpucn-112417/001.jpg
十年指弹	jianpucn	457262	4	改编	十年指弹 （ 卢家宏版独奏 ）__jianpucn-457262	/home/caesium-132/jianpu/images-prep/jianpucn-pop/十年指弹 （ 卢家宏版独奏 ）__jianpucn-457262/001.jpg
十点半的地铁	jianpujia	14193	1	简谱	十点半的地铁简谱(歌词)_李健演唱_桃李醉春风记谱__jianpujia-14193	/home/caesium-132/jianpu/images-prep/jianpujia-1106/十点半的地铁简谱(歌词)_李健演唱_桃李醉春风记谱__jianpujia-14193/001.png
千万次的问 其他类 口琴	jianpucn	115913	1	改编	千万次的问 其他类 口琴__jianpucn-115913	/home/caesium-132/jianpu/images-prep/jianpucn-liuhuan/千万次的问 其他类 口琴__jianpucn-115913/001.jpg
千古颂风流	qupu123	321381	5	改编	千古颂风流（正谱）__qupu123-321381	/home/caesium-132/jianpu/images-prep/qupu123-crawl/千古颂风流（正谱）__qupu123-321381/001.jpg
千山万水	jianpucn	90779	2	简谱	千山万水__jianpucn-90779	/home/caesium-132/jianpu/images-prep/jianpucn-zhoujielun/千山万水__jianpucn-90779/001.jpg
千山万水 电子乐版	jianpucn	218662	2	简谱	千山万水 电子乐版__jianpucn-218662	/home/caesium-132/jianpu/images-prep/jianpucn-zhoujielun/千山万水 电子乐版__jianpucn-218662/001.jpg
千山万水-奥运歌曲	jianpucn	171563	1	简谱	千山万水-奥运歌曲__jianpucn-171563	/home/caesium-132/jianpu/images-prep/jianpucn-zhoujielun/千山万水-奥运歌曲__jianpucn-171563/001.jpg
千年等一回怀旧经典	jianpucn	472583	1	简谱	千年等一回怀旧经典__jianpucn-472583	/home/caesium-132/jianpu/images-prep/jianpucn-gaoshengmei/千年等一回怀旧经典__jianpucn-472583/001.jpg
千年青花泪	qupu123	326993	1	简谱	千年青花泪__qupu123-326993	/home/caesium-132/jianpu/images-prep/qupu123-sweep/千年青花泪__qupu123-326993/001.jpg
千百度钢琴	jianpujia	380245	4	改编	千百度钢琴简谱_许嵩演唱__jianpujia-380245	/home/caesium-132/jianpu/images-prep/jianpujia-693/千百度钢琴简谱_许嵩演唱__jianpujia-380245/001.png
千言万语怀旧经典	jianpucn	472584	1	简谱	千言万语怀旧经典__jianpucn-472584	/home/caesium-132/jianpu/images-prep/jianpucn-denglijun/千言万语怀旧经典__jianpucn-472584/001.jpg
千里之外 提琴	jianpucn	294630	1	简谱	千里之外 提琴__jianpucn-294630	/home/caesium-132/jianpu/images-prep/jianpucn-feiyuqing/千里之外 提琴__jianpucn-294630/001.jpg
千里之外-周杰伦06新专辑by05895464	jianpucn	101869	2	简谱	千里之外-周杰伦06新专辑by05895464__jianpucn-101869	/home/caesium-132/jianpu/images-prep/jianpucn-zhoujielun/千里之外-周杰伦06新专辑by05895464__jianpucn-101869/001.jpg
千里之外-弹唱-windtsao版	jianpucn	101788	2	改编	千里之外-弹唱-windtsao版__jianpucn-101788	/home/caesium-132/jianpu/images-prep/jianpucn-zhoujielun/千里之外-弹唱-windtsao版__jianpucn-101788/001.jpg
千里之外1	jianpucn	213657	1	简谱	千里之外1__jianpucn-213657	/home/caesium-132/jianpu/images-prep/jianpucn-zhoujielun/千里之外1__jianpucn-213657/001.jpg
千里情牵	qupu123	305422	1	简谱	千里情牵__qupu123-305422	/home/caesium-132/jianpu/images-prep/qupu123-sweep/千里情牵__qupu123-305422/001.png
升起来了，国旗	qupu123	325156	3	改编	升起来了，国旗（正谱）__qupu123-325156	/home/caesium-132/jianpu/images-prep/qupu123-crawl/升起来了，国旗（正谱）__qupu123-325156/001.jpg
午夜怨曲	jianpucn	465724	1	改编	午夜怨曲 （ C调原版编配）__jianpucn-465724	/home/caesium-132/jianpu/images-prep/jianpucn-beyond/午夜怨曲 （ C调原版编配）__jianpucn-465724/001.jpg
午夜怨曲 吉他 —	jianpucn	234523	2	改编	午夜怨曲 吉他 — （扫描谱）__jianpucn-234523	/home/caesium-132/jianpu/images-prep/jianpucn-beyond/午夜怨曲 吉他 — （扫描谱）__jianpucn-234523/001.jpg
午夜骑士	qupu123	305187	1	简谱	午夜骑士__qupu123-305187	/home/caesium-132/jianpu/images-prep/qupu123-sweep/午夜骑士__qupu123-305187/001.png
半个月亮	jianpucn	2333	1	简谱	半个月亮__jianpucn-2333	/home/caesium-132/jianpu/images-prep/jianpucn-pop/半个月亮__jianpucn-2333/001.jpg
半兽人	jianpucn	103275	2	简谱	半兽人__jianpucn-103275	/home/caesium-132/jianpu/images-prep/jianpucn-zhoujielun/半兽人__jianpucn-103275/001.jpg
半山半岛之歌	qupu123	334308	3	简谱	半山半岛之歌__qupu123-334308	/home/caesium-132/jianpu/images-prep/qupu123-crawl/半山半岛之歌__qupu123-334308/001.jpg
半岛铁盒	jianpucn	468258	2	改编	半岛铁盒 （ D调原版编配）__jianpucn-468258	/home/caesium-132/jianpu/images-prep/jianpucn-zhoujielun/半岛铁盒 （ D调原版编配）__jianpucn-468258/001.jpg
半斤八两&nbsp;&nbsp;	jianpucn	294068	1	简谱	半斤八两&nbsp;&nbsp;__jianpucn-294068	/home/caesium-132/jianpu/images-prep/jianpucn-title/半斤八两&nbsp;&nbsp;__jianpucn-294068/001.jpg
半生	qupu123	305663	1	简谱	半生__qupu123-305663	/home/caesium-132/jianpu/images-prep/qupu123-sweep/半生__qupu123-305663/001.png
半缘君	qupu123	311028	1	简谱	半缘君__qupu123-311028	/home/caesium-132/jianpu/images-prep/qupu123-sweep/半缘君__qupu123-311028/001.png
单恋钢琴总谱	jianpucn	210141	2	改编	单恋钢琴总谱 五线谱__jianpucn-210141	/home/caesium-132/jianpu/images-prep/jianpucn-pop/单恋钢琴总谱 五线谱__jianpucn-210141/001.jpg
单身公害-弹唱 吉他类 流行	jianpucn	112885	2	改编	单身公害-弹唱 吉他类 流行__jianpucn-112885	/home/caesium-132/jianpu/images-prep/jianpucn-caiyilin/单身公害-弹唱 吉他类 流行__jianpucn-112885/001.jpg
单身男人的情史	qupu123	319543	1	简谱	单身男人的情史__qupu123-319543	/home/caesium-132/jianpu/images-prep/qupu123-sweep/单身男人的情史__qupu123-319543/001.jpg
单车指弹	jianpucn	457698	1	改编	单车指弹 （ 吉他独奏 ）__jianpucn-457698	/home/caesium-132/jianpu/images-prep/jianpucn-pop/单车指弹 （ 吉他独奏 ）__jianpucn-457698/001.jpg
单车钢琴	jianpujia	149739	5	改编	单车钢琴简谱_陈奕迅演唱__jianpujia-149739	/home/caesium-132/jianpu/images-prep/jianpujia-art315/单车钢琴简谱_陈奕迅演唱__jianpujia-149739/001.png
单骑西藏寻天堂	qupu123	326329	1	简谱	单骑西藏寻天堂__qupu123-326329	/home/caesium-132/jianpu/images-prep/qupu123-sweep/单骑西藏寻天堂__qupu123-326329/001.png
南屏晚钟合唱伴奏版	jianpucn	184884	2	改编	南屏晚钟合唱伴奏版__jianpucn-184884	/home/caesium-132/jianpu/images-prep/jianpucn-feiyuqing/南屏晚钟合唱伴奏版__jianpucn-184884/001.jpg
南山之外还有山	qupu123	329263	2	简谱	南山之外还有山__qupu123-329263	/home/caesium-132/jianpu/images-prep/qupu123-sweep/南山之外还有山__qupu123-329263/001.png
南山南	qupu123	251389	3	简谱	南山南__qupu123-251389	/home/caesium-132/jianpu/images-prep/qupu123-kw/南山南__qupu123-251389/001.jpg
南山草堂雅聚酬堂主	qupu123	325211	1	简谱	南山草堂雅聚酬堂主（之一）__qupu123-325211	/home/caesium-132/jianpu/images-prep/qupu123-sweep/南山草堂雅聚酬堂主（之一）__qupu123-325211/001.jpg
南方北方	qupu123	326532	1	简谱	南方北方（孤独小丑词 yhmwms曲）__qupu123-326532	/home/caesium-132/jianpu/images-prep/qupu123-sweep/南方北方（孤独小丑词 yhmwms曲）__qupu123-326532/001.jpg
南方姑娘	qupu123	376466	2	改编	南方姑娘（免费吉他谱）__qupu123-376466	/home/caesium-132/jianpu/images-prep/qupu123-kw/南方姑娘（免费吉他谱）__qupu123-376466/001.jpg
南湖之歌	jianpujia	20063	1	简谱	南湖之歌简谱(歌词)_王丽达演唱_momoliu曲谱__jianpujia-20063	/home/caesium-132/jianpu/images-prep/jianpujia-12500/南湖之歌简谱(歌词)_王丽达演唱_momoliu曲谱__jianpujia-20063/001.jpg
南湖的船	qupu123	317911	4	简谱	南湖的船_党的摇篮__qupu123-317911	/home/caesium-132/jianpu/images-prep/qupu123-crawl/南湖的船_党的摇篮__qupu123-317911/001.jpg
南湖的船党的摇篮合唱谱	jianpucn	474834	6	简谱	南湖的船党的摇篮合唱谱__jianpucn-474834	/home/caesium-132/jianpu/images-prep/ready4/南湖的船党的摇篮合唱谱__jianpucn-474834/001.jpg
博爱情怀	qupu123	334514	2	简谱	博爱情怀（丁恩昌词曲）__qupu123-334514	/home/caesium-132/jianpu/images-prep/qupu123-crawl/博爱情怀（丁恩昌词曲）__qupu123-334514/001.jpg
卡西莫多的礼物	jianpucn	274310	1	简谱	卡西莫多的礼物__jianpucn-274310	/home/caesium-132/jianpu/images-prep/jianpucn-huachenyu/卡西莫多的礼物__jianpucn-274310/001.jpg
印第安老斑鸠	jianpucn	90548	3	简谱	印第安老斑鸠__jianpucn-90548	/home/caesium-132/jianpu/images-prep/jianpucn-zhoujielun/印第安老斑鸠__jianpucn-90548/001.jpg
印象西湖雨	jianpucn	347543	1	简谱	印象西湖雨__jianpucn-347543	/home/caesium-132/jianpu/images-prep/jianpucn-pop/印象西湖雨__jianpucn-347543/001.jpg
即刻出发	qupu123	307910	1	简谱	即刻出发__qupu123-307910	/home/caesium-132/jianpu/images-prep/qupu123-sweep/即刻出发__qupu123-307910/001.png
原来你也唱过我的歌	jianpucn	99908	2	简谱	原来你也唱过我的歌__jianpucn-99908	/home/caesium-132/jianpu/images-prep/jianpucn-pop/原来你也唱过我的歌__jianpucn-99908/001.jpg
原来你什么都不想要-版本一	jianpucn	178651	2	简谱	原来你什么都不想要-版本一__jianpucn-178651	/home/caesium-132/jianpu/images-prep/jianpucn-zhanghuimei/原来你什么都不想要-版本一__jianpucn-178651/001.jpg
原来你什么都不想要-版本二	jianpucn	178613	1	简谱	原来你什么都不想要-版本二__jianpucn-178613	/home/caesium-132/jianpu/images-prep/jianpucn-zhanghuimei/原来你什么都不想要-版本二__jianpucn-178613/001.jpg
原来只要共你活一天	jianpucn	136994	1	简谱	原来只要共你活一天__jianpucn-136994	/home/caesium-132/jianpu/images-prep/jianpucn-zhangxueyou/原来只要共你活一天__jianpucn-136994/001.jpg
原来我从来没有问过自己	jianpucn	58016	1	简谱	原来我从来没有问过自己__jianpucn-58016	/home/caesium-132/jianpu/images-prep/jianpucn-zhouhuajian/原来我从来没有问过自己__jianpucn-58016/001.jpg
原来我有爱	jianpucn	3968	3	简谱	原来我有爱__jianpucn-3968	/home/caesium-132/jianpu/images-prep/jianpucn-liudehua/原来我有爱__jianpucn-3968/001.jpg
原点	jianpucn	4820	1	简谱	原点__jianpucn-4820	/home/caesium-132/jianpu/images-prep/jianpucn-pop/原点__jianpucn-4820/001.jpg
原版双吉他	jianpucn	203018	2	改编	原版双吉他__jianpucn-203018	/home/caesium-132/jianpu/images-prep/jianpucn-renxianqi/原版双吉他__jianpucn-203018/001.jpg
原谅我 吉他工作室 我的特工爷爷 主题曲	jianpucn	341256	1	改编	原谅我 吉他工作室 我的特工爷爷 主题曲（ 编配）__jianpucn-341256	/home/caesium-132/jianpu/images-prep/jianpucn-liudehua/原谅我 吉他工作室 我的特工爷爷 主题曲（ 编配）__jianpucn-341256/001.jpg
原谅我钢琴	jianpujia	255638	4	改编	原谅我钢琴简谱_刘德华演唱__jianpujia-255638	/home/caesium-132/jianpu/images-prep/jianpujia-art855/原谅我钢琴简谱_刘德华演唱__jianpujia-255638/001.png
原點	jianpucn	175310	2	简谱	原點(孫燕姿 蔡健雅).__jianpucn-175310	/home/caesium-132/jianpu/images-prep/jianpucn-pop/原點(孫燕姿 蔡健雅).__jianpucn-175310/001.jpg
又十年	jianpucn	468269	1	改编	又十年 （ C调指法原版编配）__jianpucn-468269	/home/caesium-132/jianpu/images-prep/jianpucn-zhangxueyou/又十年 （ C调指法原版编配）__jianpucn-468269/001.jpg
又十年钢琴	jianpujia	382939	6	改编	又十年钢琴简谱_张学友演唱__jianpujia-382939	/home/caesium-132/jianpu/images-prep/jianpujia-art414/又十年钢琴简谱_张学友演唱__jianpujia-382939/001.png
又唱亲密爱人&nbsp;&nbsp;	jianpucn	224666	1	简谱	又唱亲密爱人&nbsp;&nbsp;__jianpucn-224666	/home/caesium-132/jianpu/images-prep/jianpucn-title/又唱亲密爱人&nbsp;&nbsp;__jianpucn-224666/001.jpg
又是一年秋天草原丁喜萨斯原创曲	jianpujia	238454	1	简谱	又是一年秋天草原丁喜萨斯原创曲简谱_草原龙梅演唱_马正寿、黎敦武_草原丁喜词曲__jianpujia-238454	/home/caesium-132/jianpu/images-prep/jianpujia-6223/又是一年秋天草原丁喜萨斯原创曲简谱_草原龙梅演唱_马正寿、黎敦武_草原丁喜词曲__jianpujia-238454/001.png
又见同桌的你	qupu123	314348	1	简谱	又见同桌的你__qupu123-314348	/home/caesium-132/jianpu/images-prep/qupu123-sweep/又见同桌的你__qupu123-314348/001.jpg
又见红梅	qupu123	322256	5	改编	又见红梅（正谱）__qupu123-322256	/home/caesium-132/jianpu/images-prep/qupu123-crawl/又见红梅（正谱）__qupu123-322256/001.jpg
又见红豆	qupu123	87325	1	简谱	又见红豆__qupu123-87325	/home/caesium-132/jianpu/images-prep/_offtarget/又见红豆__qupu123-87325/001.jpg
友谊之歌	qupu123	334471	3	简谱	友谊之歌（巴秀拉_词曲）__qupu123-334471	/home/caesium-132/jianpu/images-prep/qupu123-crawl/友谊之歌（巴秀拉_词曲）__qupu123-334471/001.jpg
双截棍&nbsp;&nbsp;	jianpucn	123559	2	简谱	双截棍&nbsp;&nbsp;__jianpucn-123559	/home/caesium-132/jianpu/images-prep/jianpucn-title/双截棍&nbsp;&nbsp;__jianpucn-123559/001.jpg
双截棍小段SOLO	jianpucn	122170	1	简谱	双截棍小段SOLO__jianpucn-122170	/home/caesium-132/jianpu/images-prep/jianpucn-zhoujielun/双截棍小段SOLO__jianpucn-122170/001.jpg
双湖之恋	qupu123	317704	1	简谱	双湖之恋__qupu123-317704	/home/caesium-132/jianpu/images-prep/qupu123-sweep/双湖之恋__qupu123-317704/001.jpg
反方向的钟	jianpucn	471334	2	改编	反方向的钟 （ G调指法原版编配）__jianpucn-471334	/home/caesium-132/jianpu/images-prep/jianpucn-zhoujielun/反方向的钟 （ G调指法原版编配）__jianpucn-471334/001.jpg
反而	jianpucn	39973	1	简谱	反而(磋跎)__jianpucn-39973	/home/caesium-132/jianpu/images-prep/jianpucn-wuyuetian/反而(磋跎)__jianpucn-39973/001.jpg
发如雪 歌曲类 钢琴伴奏谱	jianpucn	112336	2	改编	发如雪 歌曲类 钢琴伴奏谱__jianpucn-112336	/home/caesium-132/jianpu/images-prep/jianpucn-zhoujielun/发如雪 歌曲类 钢琴伴奏谱__jianpucn-112336/001.jpg
发如雪-05895464版	jianpucn	103115	2	简谱	发如雪-05895464版__jianpucn-103115	/home/caesium-132/jianpu/images-prep/jianpucn-zhoujielun/发如雪-05895464版__jianpucn-103115/001.jpg
发如雪-简易版 键盘类 钢琴	jianpucn	114384	1	改编	发如雪-简易版 键盘类 钢琴__jianpucn-114384	/home/caesium-132/jianpu/images-prep/jianpucn-zhoujielun/发如雪-简易版 键盘类 钢琴__jianpucn-114384/001.jpg
发现爱	jianpucn	4062	3	简谱	发现爱__jianpucn-4062	/home/caesium-132/jianpu/images-prep/jianpucn-linjunjie/发现爱__jianpucn-4062/001.jpg
取经归来	jianpucn	119078	1	简谱	取经归来(电视剧《西游记》插曲)__jianpucn-119078	/home/caesium-132/jianpu/images-prep/jianpucn-jiangdawei/取经归来(电视剧《西游记》插曲)__jianpucn-119078/001.jpg
变奏	qupu123	305128	1	简谱	变奏__qupu123-305128	/home/caesium-132/jianpu/images-prep/qupu123-sweep/变奏__qupu123-305128/001.png
口琴八级：采槟榔	jianpucn	161201	1	改编	口琴八级：采槟榔__jianpucn-161201	/home/caesium-132/jianpu/images-prep/jianpucn-pop/口琴八级：采槟榔__jianpucn-161201/001.jpg
古代奴隶劳动号子——伐檀	qupu123	294994	3	改编	古代奴隶劳动号子——伐檀（正谱）__qupu123-294994	/home/caesium-132/jianpu/images-prep/qupu123-crawl/古代奴隶劳动号子——伐檀（正谱）__qupu123-294994/001.jpg
古城镇魂	qupu123	318346	1	简谱	古城镇魂__qupu123-318346	/home/caesium-132/jianpu/images-prep/qupu123-sweep/古城镇魂__qupu123-318346/001.jpg
古诗词今唱：一去二三里	qupu123	328127	2	简谱	古诗词今唱：一去二三里（唱、朗读、拍手）__qupu123-328127	/home/caesium-132/jianpu/images-prep/qupu123-crawl/古诗词今唱：一去二三里（唱、朗读、拍手）__qupu123-328127/001.jpg
古诗词今唱：石灰吟	qupu123	328119	1	简谱	古诗词今唱：石灰吟__qupu123-328119	/home/caesium-132/jianpu/images-prep/qupu123-crawl/古诗词今唱：石灰吟__qupu123-328119/001.jpg
句号	qupu123	356846	1	改编	句号（双指琴卡林巴琴和弦简谱）__qupu123-356846	/home/caesium-132/jianpu/images-prep/qupu123-mp029/句号（双指琴卡林巴琴和弦简谱）__qupu123-356846/001.jpg
句号，逗号	qupu123	8686	1	简谱	句号，逗号（前苏联）__qupu123-8686	/home/caesium-132/jianpu/images-prep/qupu123-mp029/句号，逗号（前苏联）__qupu123-8686/001.jpg
另一个童话	jianpucn	446446	2	简谱	另一个童话__jianpucn-446446	/home/caesium-132/jianpu/images-prep/jianpucn-dengziqi/另一个童话__jianpucn-446446/001.jpg
只对你挥一挥手	qupu123	311034	1	简谱	只对你挥一挥手__qupu123-311034	/home/caesium-132/jianpu/images-prep/qupu123-sweep/只对你挥一挥手__qupu123-311034/001.png
只对你说	jianpucn	471339	1	改编	只对你说 （ C调指法原版编配）__jianpucn-471339	/home/caesium-132/jianpu/images-prep/jianpucn-linjunjie/只对你说 （ C调指法原版编配）__jianpucn-471339/001.jpg
只怕不抵抗	jianpujia	75587	1	简谱	只怕不抵抗简谱(歌词)_儿歌_Z.E.Z.曲谱__jianpujia-75587	/home/caesium-132/jianpu/images-prep/jianpujia-3462/只怕不抵抗简谱(歌词)_儿歌_Z.E.Z.曲谱__jianpujia-75587/001.gif
只想一生跟你走钢琴	jianpujia	253111	6	改编	只想一生跟你走钢琴简谱_张学友演唱__jianpujia-253111	/home/caesium-132/jianpu/images-prep/jianpujia-art414/只想一生跟你走钢琴简谱_张学友演唱__jianpujia-253111/001.png
只想让你抱抱我	qupu123	330922	2	简谱	只想让你抱抱我（作词：杜劲松_作曲：阿酩）__qupu123-330922	/home/caesium-132/jianpu/images-prep/qupu123-crawl/只想让你抱抱我（作词：杜劲松_作曲：阿酩）__qupu123-330922/001.jpg
只是为了证明自己	qupu123	331242	2	简谱	只是为了证明自己（作词_杜劲松作曲_李怀东）__qupu123-331242	/home/caesium-132/jianpu/images-prep/qupu123-crawl/只是为了证明自己（作词_杜劲松作曲_李怀东）__qupu123-331242/001.jpg
只有情永在	jianpucn	89598	2	简谱	只有情永在__jianpucn-89598	/home/caesium-132/jianpu/images-prep/jianpucn-zhangxueyou/只有情永在__jianpucn-89598/001.jpg
只要你过得比我好	qupu123	1151	2	简谱	只要你过得比我好__qupu123-1151	/home/caesium-132/jianpu/images-prep/qupu123-mp009/只要你过得比我好__qupu123-1151/001.png
只要有你的地方 C调完整版 晚安版	jianpucn	339015	2	简谱	只要有你的地方 C调完整版 晚安版__jianpucn-339015	/home/caesium-132/jianpu/images-prep/jianpucn-linjunjie/只要有你的地方 C调完整版 晚安版__jianpucn-339015/001.jpg
只要有你的地方 林俊杰 C调完整版吉他谱 唯音悦制谱 晚安版 消失爱人主题曲	jianpucn	340524	2	改编	只要有你的地方 林俊杰 C调完整版吉他谱 唯音悦制谱 晚安版 消失爱人主题曲__jianpucn-340524	/home/caesium-132/jianpu/images-prep/jianpucn-linjunjie/只要有你的地方 林俊杰 C调完整版吉他谱 唯音悦制谱 晚安版 消失爱人主题曲__jianpucn-340524/001.jpg
只要有爱	qupu123	328458	1	简谱	只要有爱（杨浩山词 楼勤曲）__qupu123-328458	/home/caesium-132/jianpu/images-prep/qupu123-sweep/只要有爱（杨浩山词 楼勤曲）__qupu123-328458/001.jpg
叫声哥哥你带我走【彩谱】	jianpucn	144911	1	简谱	叫声哥哥你带我走【彩谱】__jianpucn-144911	/home/caesium-132/jianpu/images-prep/jianpucn-tenggeer/叫声哥哥你带我走【彩谱】__jianpucn-144911/001.jpg
叫声哥哥你快回来	qupu123	53706	1	简谱	叫声哥哥你快回来__qupu123-53706	/home/caesium-132/jianpu/images-prep/qupu123-mp088/叫声哥哥你快回来__qupu123-53706/001.jpg
叫我第一名	jianpucn	131085	2	简谱	叫我第一名__jianpucn-131085	/home/caesium-132/jianpu/images-prep/jianpucn-wuyuetian/叫我第一名__jianpucn-131085/001.jpg
召唤——朴树	jianpucn	91188	2	简谱	召唤——朴树__jianpucn-91188	/home/caesium-132/jianpu/images-prep/jianpucn-pushu/召唤——朴树__jianpucn-91188/001.jpg
可	jianpucn	458885	1	改编	可 （ 薛之谦 C调原版弹唱谱）__jianpucn-458885	/home/caesium-132/jianpu/images-prep/jianpucn-pop/可 （ 薛之谦 C调原版弹唱谱）__jianpucn-458885/001.jpg
可乐戒指	jianpucn	100939	2	简谱	可乐戒指__jianpucn-100939	/home/caesium-132/jianpu/images-prep/jianpucn-pop/可乐戒指__jianpucn-100939/001.jpg
可乐戒指 完美版	jianpucn	88242	1	简谱	可乐戒指 完美版__jianpucn-88242	/home/caesium-132/jianpu/images-prep/jianpucn-pop/可乐戒指 完美版__jianpucn-88242/001.jpg
可以了	jianpucn	444999	2	改编	可以了( D调 吉他弹唱)__jianpucn-444999	/home/caesium-132/jianpu/images-prep/jianpucn-pop/可以了( D调 吉他弹唱)__jianpucn-444999/001.jpg
可否再相见	qupu123	324765	1	简谱	可否再相见__qupu123-324765	/home/caesium-132/jianpu/images-prep/qupu123-sweep/可否再相见__qupu123-324765/001.png
可惜不是你 - 演奏版	jianpucn	103185	2	简谱	可惜不是你 - 演奏版__jianpucn-103185	/home/caesium-132/jianpu/images-prep/jianpucn-pop/可惜不是你 - 演奏版__jianpucn-103185/001.jpg
可惜不是你 - 演奏版 演奏版 -	jianpucn	238100	2	简谱	可惜不是你 - 演奏版 演奏版 -__jianpucn-238100	/home/caesium-132/jianpu/images-prep/jianpucn-pop/可惜不是你 - 演奏版 演奏版 -__jianpucn-238100/001.jpg
可惜不是你 单吉他	jianpucn	215173	4	改编	可惜不是你 单吉他__jianpucn-215173	/home/caesium-132/jianpu/images-prep/jianpucn-pop/可惜不是你 单吉他__jianpucn-215173/001.jpg
可惜不是你 歌曲类 钢琴伴奏谱	jianpucn	112375	2	改编	可惜不是你 歌曲类 钢琴伴奏谱__jianpucn-112375	/home/caesium-132/jianpu/images-prep/jianpucn-pop/可惜不是你 歌曲类 钢琴伴奏谱__jianpucn-112375/001.jpg
可惜不是你-blueman版	jianpucn	101464	2	简谱	可惜不是你-blueman版__jianpucn-101464	/home/caesium-132/jianpu/images-prep/jianpucn-pop/可惜不是你-blueman版__jianpucn-101464/001.jpg
可惜不是你-简易版 键盘类 钢琴	jianpucn	114460	2	改编	可惜不是你-简易版 键盘类 钢琴__jianpucn-114460	/home/caesium-132/jianpu/images-prep/jianpucn-pop/可惜不是你-简易版 键盘类 钢琴__jianpucn-114460/001.jpg
可惜不是你-附前奏间奏尾奏	jianpucn	208273	2	简谱	可惜不是你-附前奏间奏尾奏__jianpucn-208273	/home/caesium-132/jianpu/images-prep/jianpucn-pop/可惜不是你-附前奏间奏尾奏__jianpucn-208273/001.jpg
可惜不是你1	jianpucn	98579	1	简谱	可惜不是你1__jianpucn-98579	/home/caesium-132/jianpu/images-prep/jianpucn-pop/可惜不是你1__jianpucn-98579/001.jpg
可惜不是你2	jianpucn	98578	1	简谱	可惜不是你2__jianpucn-98578	/home/caesium-132/jianpu/images-prep/jianpucn-pop/可惜不是你2__jianpucn-98578/001.jpg
可惜不是你弹唱版	jianpucn	119014	2	改编	可惜不是你弹唱版__jianpucn-119014	/home/caesium-132/jianpu/images-prep/jianpucn-pop/可惜不是你弹唱版__jianpucn-119014/001.jpg
可惜不是你指弹	jianpucn	213558	1	改编	可惜不是你指弹__jianpucn-213558	/home/caesium-132/jianpu/images-prep/jianpucn-liangjingru/可惜不是你指弹__jianpucn-213558/001.jpg
可惜沒如果尤克里里谱	jianpucn	462745	2	改编	可惜沒如果尤克里里谱（ ukulele指弹谱）__jianpucn-462745	/home/caesium-132/jianpu/images-prep/jianpucn-linjunjie/可惜沒如果尤克里里谱（ ukulele指弹谱）__jianpucn-462745/001.jpg
可惜没如果	jianpucn	457843	2	改编	可惜没如果 （ C调原版编配）__jianpucn-457843	/home/caesium-132/jianpu/images-prep/jianpucn-linjunjie/可惜没如果 （ C调原版编配）__jianpucn-457843/001.jpg
可惜没如果 指弹-aoyita编配	jianpucn	279133	1	改编	可惜没如果 指弹-aoyita编配__jianpucn-279133	/home/caesium-132/jianpu/images-prep/jianpucn-linjunjie/可惜没如果 指弹-aoyita编配__jianpucn-279133/001.jpg
可爱女人	jianpucn	103278	2	简谱	可爱女人__jianpucn-103278	/home/caesium-132/jianpu/images-prep/jianpucn-zhoujielun/可爱女人__jianpucn-103278/001.jpg
可爱女人 周杰伦	qupu123	69320	4	改编	可爱女人 周杰伦（吉他谱）__qupu123-69320	/home/caesium-132/jianpu/images-prep/qupu123-zhoujielun/可爱女人 周杰伦（吉他谱）__qupu123-69320/001.jpg
台北的红玫瑰	jianpucn	146280	2	改编	台北的红玫瑰（吉他弹唱）__jianpucn-146280	/home/caesium-132/jianpu/images-prep/jianpucn-luodayou/台北的红玫瑰（吉他弹唱）__jianpucn-146280/001.jpg
台湾的心跳声 伴奏 世博会台湾馆主题曲	jianpucn	213517	2	改编	台湾的心跳声 伴奏 世博会台湾馆主题曲__jianpucn-213517	/home/caesium-132/jianpu/images-prep/jianpucn-caiyilin/台湾的心跳声 伴奏 世博会台湾馆主题曲__jianpucn-213517/001.jpg
右手边	jianpucn	2545	1	简谱	右手边__jianpucn-2545	/home/caesium-132/jianpu/images-prep/jianpucn-pop/右手边__jianpucn-2545/001.jpg
号角已吹响	qupu123	335447	2	简谱	号角已吹响__qupu123-335447	/home/caesium-132/jianpu/images-prep/qupu123-crawl/号角已吹响__qupu123-335447/001.jpg
叹十声	qupu123	370296	2	简谱	叹十声__qupu123-370296	/home/caesium-132/jianpu/images-prep/qupu123-crawl/叹十声__qupu123-370296/001.jpg
各国儿童心连心	jianpujia	22071	1	简谱	各国儿童心连心简谱(歌词)_儿歌_谱友好心情999上传__jianpujia-22071	/home/caesium-132/jianpu/images-prep/jianpujia-3462/各国儿童心连心简谱(歌词)_儿歌_谱友好心情999上传__jianpujia-22071/001.gif
合拍钢琴	jianpujia	383545	5	改编	合拍钢琴简谱_许嵩演唱__jianpujia-383545	/home/caesium-132/jianpu/images-prep/jianpujia-693/合拍钢琴简谱_许嵩演唱__jianpujia-383545/001.png
吉他可以这样玩 大笨钟	jianpucn	222734	1	改编	吉他可以这样玩 大笨钟__jianpucn-222734	/home/caesium-132/jianpu/images-prep/jianpucn-zhoujielun/吉他可以这样玩 大笨钟__jianpucn-222734/001.jpg
吉他的季节	qupu123	305309	1	改编	吉他的季节__qupu123-305309	/home/caesium-132/jianpu/images-prep/qupu123-sweep/吉他的季节__qupu123-305309/001.png
吉他的忧伤	qupu123	321608	1	改编	吉他的忧伤__qupu123-321608	/home/caesium-132/jianpu/images-prep/qupu123-sweep/吉他的忧伤__qupu123-321608/001.jpg
吉祥好运	qupu123	303028	1	简谱	吉祥好运__qupu123-303028	/home/caesium-132/jianpu/images-prep/qupu123-sweep/吉祥好运__qupu123-303028/001.jpg
吉祥的稣油灯 降央卓玛【彩谱】	jianpucn	144538	1	简谱	吉祥的稣油灯 降央卓玛【彩谱】__jianpucn-144538	/home/caesium-132/jianpu/images-prep/jianpucn-jiangyangzhuoma/吉祥的稣油灯 降央卓玛【彩谱】__jianpucn-144538/001.jpg
吉祥的草原阿古拉泰词好必斯曲、正谱吉祥的草原阿古拉泰词	jianpujia	404576	5	改编	吉祥的草原阿古拉泰词好必斯曲、正谱吉祥的草原阿古拉泰词_好必斯曲、正谱简谱__jianpujia-404576	/home/caesium-132/jianpu/images-prep/jianpujia-6223/吉祥的草原阿古拉泰词好必斯曲、正谱吉祥的草原阿古拉泰词_好必斯曲、正谱简谱__jianpujia-404576/001.png
吉祥草原	jianpujia	22473	1	简谱	吉祥草原_草原吉祥简谱(歌词)_苏勒亚其其格演唱_秋叶起舞记谱上传__jianpujia-22473	/home/caesium-132/jianpu/images-prep/jianpujia-6223/吉祥草原_草原吉祥简谱(歌词)_苏勒亚其其格演唱_秋叶起舞记谱上传__jianpujia-22473/001.gif
吉祥草原宋宇春词宋汇霖曲吉祥草原宋宇春词	jianpujia	443328	1	简谱	吉祥草原宋宇春词宋汇霖曲吉祥草原宋宇春词_宋汇霖曲简谱__jianpujia-443328	/home/caesium-132/jianpu/images-prep/jianpujia-6223/吉祥草原宋宇春词宋汇霖曲吉祥草原宋宇春词_宋汇霖曲简谱__jianpujia-443328/001.gif
吉祥草原草原吉祥	jianpujia	409518	1	简谱	吉祥草原草原吉祥简谱_苏勒亚其其格演唱_潘峰_阿汝汗词曲__jianpujia-409518	/home/caesium-132/jianpu/images-prep/jianpujia-6223/吉祥草原草原吉祥简谱_苏勒亚其其格演唱_潘峰_阿汝汗词曲__jianpujia-409518/001.gif
同一个世界同一个梦想	qupu123	325739	1	简谱	同一个世界同一个梦想（郑树人词曲）__qupu123-325739	/home/caesium-132/jianpu/images-prep/qupu123-sweep/同一个世界同一个梦想（郑树人词曲）__qupu123-325739/001.jpg
同学情	qupu123	335038	2	简谱	同学情（黄格省_词曲）__qupu123-335038	/home/caesium-132/jianpu/images-prep/qupu123-crawl/同学情（黄格省_词曲）__qupu123-335038/001.jpg
同心同德奔前方	qupu123	335904	2	改编	同心同德奔前方（混声重唱、五线谱）__qupu123-335904	/home/caesium-132/jianpu/images-prep/qupu123-crawl/同心同德奔前方（混声重唱、五线谱）__qupu123-335904/001.jpg
同春天对话	qupu123	315101	1	简谱	同春天对话__qupu123-315101	/home/caesium-132/jianpu/images-prep/qupu123-sweep/同春天对话__qupu123-315101/001.jpg
同根生	qupu123	305180	1	简谱	同根生__qupu123-305180	/home/caesium-132/jianpu/images-prep/qupu123-sweep/同根生__qupu123-305180/001.png
同类-弹唱 吉他类 流行	jianpucn	113177	2	改编	同类-弹唱 吉他类 流行__jianpucn-113177	/home/caesium-132/jianpu/images-prep/jianpucn-pop/同类-弹唱 吉他类 流行__jianpucn-113177/001.jpg
后会无期 G E M	jianpucn	267549	1	简谱	后会无期 G E M__jianpucn-267549	/home/caesium-132/jianpu/images-prep/jianpucn-dengziqi/后会无期 G E M__jianpucn-267549/001.jpg
后会无期 G E M 绝对原版 原曲the end of the world	jianpucn	267631	1	简谱	后会无期 G E M 绝对原版 原曲the end of the world__jianpucn-267631	/home/caesium-132/jianpu/images-prep/jianpucn-dengziqi/后会无期 G E M 绝对原版 原曲the end of the world__jianpucn-267631/001.jpg
后悔爱上你	jianpucn	286661	1	简谱	后悔爱上你（A版本）__jianpucn-286661	/home/caesium-132/jianpu/images-prep/jianpucn-denglijun/后悔爱上你（A版本）__jianpucn-286661/001.jpg
后来的我们	jianpucn	460969	2	改编	后来的我们 （ G调原版编配）__jianpucn-460969	/home/caesium-132/jianpu/images-prep/jianpucn-wuyuetian/后来的我们 （ G调原版编配）__jianpucn-460969/001.jpg
后青春的诗	jianpucn	151384	1	简谱	后青春的诗__jianpucn-151384	/home/caesium-132/jianpu/images-prep/jianpucn-wuyuetian/后青春的诗__jianpucn-151384/001.jpg
吐鲁番的葡萄熟了	jianpucn	449006	1	简谱	吐鲁番的葡萄熟了（十大作曲家施光南作品选（19））__jianpucn-449006	/home/caesium-132/jianpu/images-prep/jianpucn-jiangyangzhuoma/吐鲁番的葡萄熟了（十大作曲家施光南作品选（19））__jianpucn-449006/001.jpg
向你致意	qupu123	306408	1	简谱	向你致意__qupu123-306408	/home/caesium-132/jianpu/images-prep/qupu123-sweep/向你致意__qupu123-306408/001.jpg
向前冲	qupu123	328276	2	简谱	向前冲（麦新词曲）__qupu123-328276	/home/caesium-132/jianpu/images-prep/qupu123-crawl/向前冲（麦新词曲）__qupu123-328276/001.jpg
向左走向右走-弹唱 吉他类 流行	jianpucn	113225	1	改编	向左走向右走-弹唱 吉他类 流行__jianpucn-113225	/home/caesium-132/jianpu/images-prep/jianpucn-pop/向左走向右走-弹唱 吉他类 流行__jianpucn-113225/001.jpg
向往-弹唱 吉他类 流行	jianpucn	113226	2	改编	向往-弹唱 吉他类 流行__jianpucn-113226	/home/caesium-132/jianpu/images-prep/jianpucn-lijian/向往-弹唱 吉他类 流行__jianpucn-113226/001.jpg
向往-李建	jianpucn	173992	2	简谱	向往-李建__jianpucn-173992	/home/caesium-132/jianpu/images-prep/jianpucn-lijian/向往-李建__jianpucn-173992/001.jpg
向阳而生	jianpucn	471999	1	改编	向阳而生 （ C调指法编配）__jianpucn-471999	/home/caesium-132/jianpu/images-prep/jianpucn-huachenyu/向阳而生 （ C调指法编配）__jianpucn-471999/001.jpg
向阳花	qupu123	196335	1	简谱	向阳花（汪峰 词曲）__qupu123-196335	/home/caesium-132/jianpu/images-prep/qupu123-wangfeng/向阳花（汪峰 词曲）__qupu123-196335/001.jpg
向阳花 精准完整版	jianpucn	221516	4	简谱	向阳花 精准完整版__jianpucn-221516	/home/caesium-132/jianpu/images-prep/jianpucn-wangfeng/向阳花 精准完整版__jianpucn-221516/001.jpg
听妈妈的话-弹唱-试听版	jianpucn	101794	2	改编	听妈妈的话-弹唱-试听版__jianpucn-101794	/home/caesium-132/jianpu/images-prep/jianpucn-zhoujielun/听妈妈的话-弹唱-试听版__jianpucn-101794/001.jpg
听妈妈的话-米尼钢琴版	jianpucn	101821	2	改编	听妈妈的话-米尼钢琴版__jianpucn-101821	/home/caesium-132/jianpu/images-prep/jianpucn-zhoujielun/听妈妈的话-米尼钢琴版__jianpucn-101821/001.jpg
听妈妈的话-鸠玖版	jianpucn	96629	1	简谱	听妈妈的话-鸠玖版__jianpucn-96629	/home/caesium-132/jianpu/images-prep/jianpucn-zhoujielun/听妈妈的话-鸠玖版__jianpucn-96629/001.jpg
听我唱支抒情的歌	jianpucn	41529	1	简谱	听我唱支抒情的歌__jianpucn-41529	/home/caesium-132/jianpu/images-prep/jianpucn-jiangdawei/听我唱支抒情的歌__jianpucn-41529/001.jpg
听我说谢谢你	qupu123	359078	1	简谱	听我说谢谢你__qupu123-359078	/home/caesium-132/jianpu/images-prep/qupu123-kw/听我说谢谢你__qupu123-359078/001.png
听见中国	qupu123	370106	1	简谱	听见中国__qupu123-370106	/home/caesium-132/jianpu/images-prep/qupu123-crawl/听见中国__qupu123-370106/001.jpg
听说-弹唱 吉他类 流行	jianpucn	113119	2	改编	听说-弹唱 吉他类 流行__jianpucn-113119	/home/caesium-132/jianpu/images-prep/jianpucn-liuruoying/听说-弹唱 吉他类 流行__jianpucn-113119/001.jpg
听说爱情回来过	jianpucn	51973	2	简谱	听说爱情回来过__jianpucn-51973	/home/caesium-132/jianpu/images-prep/jianpucn-pop/听说爱情回来过__jianpucn-51973/001.jpg
听说，北山下雪了	qupu123	306415	1	简谱	听说，北山下雪了__qupu123-306415	/home/caesium-132/jianpu/images-prep/qupu123-sweep/听说，北山下雪了__qupu123-306415/001.jpg
听香	jianpucn	410810	1	简谱	听香__jianpucn-410810	/home/caesium-132/jianpu/images-prep/jianpucn-zhangye/听香__jianpucn-410810/001.jpg
吻别钢琴	jianpujia	251317	4	改编	吻别钢琴简谱_张学友演唱__jianpujia-251317	/home/caesium-132/jianpu/images-prep/jianpujia-art414/吻别钢琴简谱_张学友演唱__jianpujia-251317/001.png
吻得太逼真	jianpucn	463038	2	改编	吻得太逼真 （ C调原版编配）__jianpucn-463038	/home/caesium-132/jianpu/images-prep/jianpucn-pop/吻得太逼真 （ C调原版编配）__jianpucn-463038/001.jpg
吻着你的美	qupu123	306014	1	简谱	吻着你的美__qupu123-306014	/home/caesium-132/jianpu/images-prep/qupu123-sweep/吻着你的美__qupu123-306014/001.jpg
吻过醉千年	qupu123	327309	1	简谱	吻过醉千年__qupu123-327309	/home/caesium-132/jianpu/images-prep/qupu123-sweep/吻过醉千年__qupu123-327309/001.jpg
告别军营	jianpucn	50927	1	简谱	告别军营(王宏伟演唱）__jianpucn-50927	/home/caesium-132/jianpu/images-prep/jianpucn-pop/告别军营(王宏伟演唱）__jianpucn-50927/001.jpg
告别娑婆	jianpucn	264516	2	简谱	告别娑婆__jianpucn-264516	/home/caesium-132/jianpu/images-prep/jianpucn-pop/告别娑婆__jianpucn-264516/001.jpg
呓语	jianpucn	457766	1	改编	呓语 （ C调原版编配）__jianpucn-457766	/home/caesium-132/jianpu/images-prep/jianpucn-maobuyi/呓语 （ C调原版编配）__jianpucn-457766/001.jpg
呓语 毛不易	qupu123	372252	3	改编	呓语 毛不易 吉他谱（无限延音编配）__qupu123-372252	/home/caesium-132/jianpu/images-prep/qupu123-maobuyi/呓语 毛不易 吉他谱（无限延音编配）__qupu123-372252/001.jpg
周杰伦 Mojito	qupu123	368569	4	改编	周杰伦 Mojito 吉他谱（无限延音编配）__qupu123-368569	/home/caesium-132/jianpu/images-prep/qupu123-zhoujielun/周杰伦 Mojito 吉他谱（无限延音编配）__qupu123-368569/001.jpg
周杰伦 一路向北	qupu123	352568	3	改编	周杰伦 一路向北 吉他谱（无限延音编配）__qupu123-352568	/home/caesium-132/jianpu/images-prep/qupu123-zhoujielun/周杰伦 一路向北 吉他谱（无限延音编配）__qupu123-352568/001.jpg
周杰伦 七里香	qupu123	352347	4	改编	周杰伦 七里香 吉他谱（无限延音编配）__qupu123-352347	/home/caesium-132/jianpu/images-prep/qupu123-zhoujielun/周杰伦 七里香 吉他谱（无限延音编配）__qupu123-352347/001.jpg
周杰伦 借口	qupu123	368607	3	改编	周杰伦 借口 吉他谱（无限延音编配）__qupu123-368607	/home/caesium-132/jianpu/images-prep/qupu123-zhoujielun/周杰伦 借口 吉他谱（无限延音编配）__qupu123-368607/001.jpg
周杰伦 反方向的钟	qupu123	369630	2	改编	周杰伦 反方向的钟 吉他谱（无限延音编配）__qupu123-369630	/home/caesium-132/jianpu/images-prep/qupu123-mp032/周杰伦 反方向的钟 吉他谱（无限延音编配）__qupu123-369630/001.jpg
周杰伦 听妈妈的话	qupu123	368606	4	改编	周杰伦 听妈妈的话 吉他谱（无限延音编配）__qupu123-368606	/home/caesium-132/jianpu/images-prep/qupu123-zhoujielun/周杰伦 听妈妈的话 吉他谱（无限延音编配）__qupu123-368606/001.jpg
周杰伦 夜曲	qupu123	368611	4	改编	周杰伦 夜曲 吉他谱（无限延音编配）__qupu123-368611	/home/caesium-132/jianpu/images-prep/qupu123-yequ/周杰伦 夜曲 吉他谱（无限延音编配）__qupu123-368611/001.jpg
周杰伦 安静	qupu123	352405	4	改编	周杰伦 安静 吉他谱（无限延音编配）__qupu123-352405	/home/caesium-132/jianpu/images-prep/qupu123-zhoujielun/周杰伦 安静 吉他谱（无限延音编配）__qupu123-352405/001.jpg
周杰伦 开不了口	qupu123	354673	4	改编	周杰伦 开不了口 吉他谱（无限延音编配）__qupu123-354673	/home/caesium-132/jianpu/images-prep/qupu123-zhoujielun/周杰伦 开不了口 吉他谱（无限延音编配）__qupu123-354673/001.jpg
周杰伦 彩虹	qupu123	340881	6	改编	周杰伦 彩虹（吉他谱）__qupu123-340881	/home/caesium-132/jianpu/images-prep/qupu123-zhoujielun/周杰伦 彩虹（吉他谱）__qupu123-340881/001.jpg
周杰伦 我不配	qupu123	369662	2	改编	周杰伦 我不配 吉他谱（无限延音编配）__qupu123-369662	/home/caesium-132/jianpu/images-prep/qupu123-zhoujielun/周杰伦 我不配 吉他谱（无限延音编配）__qupu123-369662/001.jpg
周杰伦 我是如此相信	qupu123	353322	4	改编	周杰伦 我是如此相信 吉他谱（无限延音编配）__qupu123-353322	/home/caesium-132/jianpu/images-prep/qupu123-zhoujielun/周杰伦 我是如此相信 吉他谱（无限延音编配）__qupu123-353322/001.jpg
周杰伦 手写的从前	qupu123	352346	4	改编	周杰伦 手写的从前 吉他谱（无限延音编配）__qupu123-352346	/home/caesium-132/jianpu/images-prep/qupu123-zhoujielun/周杰伦 手写的从前 吉他谱（无限延音编配）__qupu123-352346/001.jpg
周杰伦 搁浅	qupu123	368605	4	改编	周杰伦 搁浅 吉他谱（无限延音编配）__qupu123-368605	/home/caesium-132/jianpu/images-prep/qupu123-zhoujielun/周杰伦 搁浅 吉他谱（无限延音编配）__qupu123-368605/001.jpg
周杰伦 断了的弦	qupu123	352567	3	改编	周杰伦 断了的弦 吉他谱（无限延音编配）__qupu123-352567	/home/caesium-132/jianpu/images-prep/qupu123-zhoujielun/周杰伦 断了的弦 吉他谱（无限延音编配）__qupu123-352567/001.jpg
周杰伦 明明就	qupu123	342279	1	改编	周杰伦 明明就 吉他谱（无限延音编配）__qupu123-342279	/home/caesium-132/jianpu/images-prep/qupu123-mp024/周杰伦 明明就 吉他谱（无限延音编配）__qupu123-342279/001.jpg
周杰伦 星晴	qupu123	348525	4	改编	周杰伦 星晴 吉他谱（无限延音编配）__qupu123-348525	/home/caesium-132/jianpu/images-prep/qupu123-zhoujielun/周杰伦 星晴 吉他谱（无限延音编配）__qupu123-348525/001.jpg
周杰伦 晴天 吉他谱 G调指法	qupu123	343426	4	改编	周杰伦 晴天 吉他谱 G调指法（无限延音编配）__qupu123-343426	/home/caesium-132/jianpu/images-prep/qupu123-zhoujielun/周杰伦 晴天 吉他谱 G调指法（无限延音编配）__qupu123-343426/001.jpg
周杰伦 枫	qupu123	368604	4	改编	周杰伦 枫 吉他谱（无限延音编配）__qupu123-368604	/home/caesium-132/jianpu/images-prep/qupu123-zhoujielun/周杰伦 枫 吉他谱（无限延音编配）__qupu123-368604/001.jpg
周杰伦 烟花易冷	qupu123	351734	3	改编	周杰伦 烟花易冷 吉他谱（无限延音编配）__qupu123-351734	/home/caesium-132/jianpu/images-prep/qupu123-zhoujielun/周杰伦 烟花易冷 吉他谱（无限延音编配）__qupu123-351734/001.jpg
周杰伦 稻香	qupu123	349611	5	改编	周杰伦 稻香 吉他谱（无限延音编配）__qupu123-349611	/home/caesium-132/jianpu/images-prep/qupu123-zhoujielun/周杰伦 稻香 吉他谱（无限延音编配）__qupu123-349611/001.jpg
周杰伦 简单爱	qupu123	354703	4	改编	周杰伦 简单爱 吉他谱（无限延音编配）__qupu123-354703	/home/caesium-132/jianpu/images-prep/qupu123-zhoujielun/周杰伦 简单爱 吉他谱（无限延音编配）__qupu123-354703/001.jpg
周杰伦 算什么男人 吉他谱 C调指法	qupu123	344142	4	改编	周杰伦 算什么男人 吉他谱 C调指法（无限延音编配）__qupu123-344142	/home/caesium-132/jianpu/images-prep/qupu123-nb/周杰伦 算什么男人 吉他谱 C调指法（无限延音编配）__qupu123-344142/001.jpg
周杰伦 花海	qupu123	368487	4	改编	周杰伦 花海 吉他谱（无限延音编配）__qupu123-368487	/home/caesium-132/jianpu/images-prep/qupu123-zhoujielun/周杰伦 花海 吉他谱（无限延音编配）__qupu123-368487/001.jpg
周杰伦 蒲公英的约定	qupu123	350833	4	改编	周杰伦 蒲公英的约定 吉他谱（无限延音编配）__qupu123-350833	/home/caesium-132/jianpu/images-prep/qupu123-zhoujielun/周杰伦 蒲公英的约定 吉他谱（无限延音编配）__qupu123-350833/001.jpg
周杰伦 说好不哭 吉他谱 G调指法	qupu123	350924	4	改编	周杰伦 说好不哭 吉他谱 G调指法（无限延音编配）__qupu123-350924	/home/caesium-132/jianpu/images-prep/qupu123-zhoujielun/周杰伦 说好不哭 吉他谱 G调指法（无限延音编配）__qupu123-350924/001.jpg
周杰伦 阳光宅男	qupu123	368556	4	改编	周杰伦 阳光宅男 吉他谱（无限延音编配）__qupu123-368556	/home/caesium-132/jianpu/images-prep/qupu123-zhoujielun/周杰伦 阳光宅男 吉他谱（无限延音编配）__qupu123-368556/001.jpg
周杰伦 雨下一整晚	qupu123	369670	2	改编	周杰伦 雨下一整晚 吉他谱（无限延音编配）__qupu123-369670	/home/caesium-132/jianpu/images-prep/qupu123-zhoujielun/周杰伦 雨下一整晚 吉他谱（无限延音编配）__qupu123-369670/001.jpg
周杰伦 青花瓷	qupu123	368570	4	改编	周杰伦 青花瓷 吉他谱（无限延音编配）__qupu123-368570	/home/caesium-132/jianpu/images-prep/qupu123-zhoujielun/周杰伦 青花瓷 吉他谱（无限延音编配）__qupu123-368570/001.jpg
周杰伦 龙卷风	qupu123	69323	4	改编	周杰伦 龙卷风（吉他谱）__qupu123-69323	/home/caesium-132/jianpu/images-prep/qupu123-zhoujielun/周杰伦 龙卷风（吉他谱）__qupu123-69323/001.jpg
周杰伦 龙卷风 G调指法	qupu123	344554	4	改编	周杰伦 龙卷风 G调指法 吉他谱（无限延音编配）__qupu123-344554	/home/caesium-132/jianpu/images-prep/qupu123-zhoujielun/周杰伦 龙卷风 G调指法 吉他谱（无限延音编配）__qupu123-344554/001.jpg
周杰伦-西厢	jianpucn	95839	1	简谱	周杰伦-西厢__jianpucn-95839	/home/caesium-132/jianpu/images-prep/jianpucn-zhoujielun/周杰伦-西厢__jianpucn-95839/001.jpg
周杰伦2010新作LOVELIFE	jianpucn	218132	1	简谱	周杰伦2010新作LOVELIFE__jianpucn-218132	/home/caesium-132/jianpu/images-prep/jianpucn-zhoujielun/周杰伦2010新作LOVELIFE__jianpucn-218132/001.jpg
周杰伦《明明就》原版A调	jianpucn	163683	1	改编	周杰伦《明明就》原版A调吉他谱__jianpucn-163683	/home/caesium-132/jianpu/images-prep/jianpucn-zhoujielun/周杰伦《明明就》原版A调吉他谱__jianpucn-163683/001.jpg
周杰伦《晴天》考级版 老歌大叔吉他教室出品	qupu123	342654	5	改编	周杰伦《晴天》考级版 老歌大叔吉他教室出品__qupu123-342654	/home/caesium-132/jianpu/images-prep/qupu123-zhoujielun/周杰伦《晴天》考级版 老歌大叔吉他教室出品__qupu123-342654/001.jpg
周杰伦《烟花易冷》吉他谱吉他弹唱教学C调精华版 高音教	qupu123	365170	2	改编	周杰伦《烟花易冷》吉他谱吉他弹唱教学C调精华版 高音教__qupu123-365170	/home/caesium-132/jianpu/images-prep/qupu123-zhoujielun/周杰伦《烟花易冷》吉他谱吉他弹唱教学C调精华版 高音教__qupu123-365170/001.jpg
周杰伦《稻香》吉他谱G调入门版 猴哥吉他教学 高音教编配	qupu123	343508	3	改编	周杰伦《稻香》吉他谱G调入门版 猴哥吉他教学 高音教编配__qupu123-343508	/home/caesium-132/jianpu/images-prep/qupu123-zhoujielun/周杰伦《稻香》吉他谱G调入门版 猴哥吉他教学 高音教编配__qupu123-343508/001.jpg
周杰伦《说好不哭》吉他谱 G调原版弹唱六线谱	qupu123	351018	4	改编	周杰伦《说好不哭》吉他谱 G调原版弹唱六线谱__qupu123-351018	/home/caesium-132/jianpu/images-prep/qupu123-zhoujielun/周杰伦《说好不哭》吉他谱 G调原版弹唱六线谱__qupu123-351018/001.jpg
周杰伦《说好不哭》吉他谱吉他弹唱教学G调标准版 高音教	qupu123	350953	3	改编	周杰伦《说好不哭》吉他谱吉他弹唱教学G调标准版 高音教__qupu123-350953	/home/caesium-132/jianpu/images-prep/qupu123-zhoujielun/周杰伦《说好不哭》吉他谱吉他弹唱教学G调标准版 高音教__qupu123-350953/001.jpg
周杰伦《黑色毛衣》吉他谱吉他弹唱教学C调入门版 高音教	qupu123	351463	2	改编	周杰伦《黑色毛衣》吉他谱吉他弹唱教学C调入门版 高音教__qupu123-351463	/home/caesium-132/jianpu/images-prep/qupu123-zhoujielun/周杰伦《黑色毛衣》吉他谱吉他弹唱教学C调入门版 高音教__qupu123-351463/001.jpg
周杰伦【大笨钟】六线谱C调指法新手简单版	jianpucn	208313	1	简谱	周杰伦【大笨钟】六线谱C调指法新手简单版__jianpucn-208313	/home/caesium-132/jianpu/images-prep/jianpucn-zhoujielun/周杰伦【大笨钟】六线谱C调指法新手简单版__jianpucn-208313/001.jpg
周杰伦彩虹 完美弹唱版	jianpucn	213185	2	改编	周杰伦彩虹 完美弹唱版__jianpucn-213185	/home/caesium-132/jianpu/images-prep/jianpucn-zhoujielun/周杰伦彩虹 完美弹唱版__jianpucn-213185/001.jpg
周杰伦最新力作 十二新作 之手语	jianpucn	215581	2	简谱	周杰伦最新力作 十二新作 之手语__jianpucn-215581	/home/caesium-132/jianpu/images-prep/jianpucn-zhoujielun/周杰伦最新力作 十二新作 之手语__jianpucn-215581/001.jpg
周杰伦最新力作 十二新作 之明明就 纯钢琴版	jianpucn	214127	2	改编	周杰伦最新力作 十二新作 之明明就 纯钢琴版__jianpucn-214127	/home/caesium-132/jianpu/images-prep/jianpucn-zhoujielun/周杰伦最新力作 十二新作 之明明就 纯钢琴版__jianpucn-214127/001.jpg
周杰伦歌曲串烧吉他曲谱	qupu123	364910	2	改编	周杰伦歌曲串烧吉他曲谱__qupu123-364910	/home/caesium-132/jianpu/images-prep/qupu123-zhoujielun/周杰伦歌曲串烧吉他曲谱__qupu123-364910/001.jpg
周杰伦演奏的《The swan》	jianpucn	180270	2	简谱	周杰伦演奏的《The swan》(原版)__jianpucn-180270	/home/caesium-132/jianpu/images-prep/jianpucn-zhoujielun/周杰伦演奏的《The swan》(原版)__jianpucn-180270/001.jpg
呼伦贝尔大草原	jianpucn	257254	1	简谱	呼伦贝尔大草原__jianpucn-257254	/home/caesium-132/jianpu/images-prep/jianpucn-jiangyangzhuoma/呼伦贝尔大草原__jianpucn-257254/001.jpg
呼伦贝尔大草原编号-025	jianpucn	472056	3	简谱	呼伦贝尔大草原编号-025__jianpucn-472056	/home/caesium-132/jianpu/images-prep/jianpucn-jiangyangzhuoma/呼伦贝尔大草原编号-025__jianpucn-472056/001.jpg
呼唤刀郎	qupu123	310094	1	简谱	呼唤刀郎（大爱刀郎词 yhmwms曲）__qupu123-310094	/home/caesium-132/jianpu/images-prep/qupu123-sweep/呼唤刀郎（大爱刀郎词 yhmwms曲）__qupu123-310094/001.jpg
命途战士	qupu123	305185	1	简谱	命途战士__qupu123-305185	/home/caesium-132/jianpu/images-prep/qupu123-sweep/命途战士__qupu123-305185/001.png
和平	jianpucn	2955	3	简谱	和平__jianpucn-2955	/home/caesium-132/jianpu/images-prep/jianpucn-pop/和平__jianpucn-2955/001.jpg
和平与爱 beyond	qupu123	69318	5	改编	和平与爱 beyond（吉他谱）__qupu123-69318	/home/caesium-132/jianpu/images-prep/qupu123-beyond/和平与爱 beyond（吉他谱）__qupu123-69318/001.jpg
和平之歌	qupu123	305319	1	简谱	和平之歌（郑国江词 林敏怡曲）__qupu123-305319	/home/caesium-132/jianpu/images-prep/qupu123-sweep/和平之歌（郑国江词 林敏怡曲）__qupu123-305319/001.jpg
和祖国在一起	jianpujia	19958	1	简谱	和祖国在一起简谱(歌词)_雷佳韩磊演唱_momoliu曲谱__jianpujia-19958	/home/caesium-132/jianpu/images-prep/jianpujia-6369/和祖国在一起简谱(歌词)_雷佳韩磊演唱_momoliu曲谱__jianpujia-19958/001.jpg
和谐世界	jianpujia	18492	1	简谱	和谐世界简谱(歌词)_谭晶演唱_王wzh曲谱__jianpujia-18492	/home/caesium-132/jianpu/images-prep/jianpujia-7224/和谐世界简谱(歌词)_谭晶演唱_王wzh曲谱__jianpujia-18492/001.jpg
和谐乐章	jianpucn	57488	2	简谱	和谐乐章__jianpucn-57488	/home/caesium-132/jianpu/images-prep/jianpucn-songzuying/和谐乐章__jianpucn-57488/001.jpg
和谐家园	jianpujia	20056	1	简谱	和谐家园(王丽达演唱版)简谱(歌词)_王丽达演唱_momoliu曲谱__jianpujia-20056	/home/caesium-132/jianpu/images-prep/jianpujia-12500/和谐家园(王丽达演唱版)简谱(歌词)_王丽达演唱_momoliu曲谱__jianpujia-20056/001.jpg
和谐盛世	jianpujia	20323	1	简谱	和谐盛世简谱(歌词)_于文华演唱_momoliu曲谱__jianpujia-20323	/home/caesium-132/jianpu/images-prep/jianpujia-3462/和谐盛世简谱(歌词)_于文华演唱_momoliu曲谱__jianpujia-20323/001.gif
咏鹅	jianpujia	22106	1	简谱	咏鹅简谱(歌词)_儿歌_好心情曲谱__jianpujia-22106	/home/caesium-132/jianpu/images-prep/jianpujia-3462/咏鹅简谱(歌词)_儿歌_好心情曲谱__jianpujia-22106/001.gif
咕叽咕叽	jianpucn	209196	1	简谱	咕叽咕叽__jianpucn-209196	/home/caesium-132/jianpu/images-prep/jianpucn-pop/咕叽咕叽__jianpucn-209196/001.jpg
咖啡在等一个人等一个人咖啡电影主题曲	jianpujia	395576	2	简谱	咖啡在等一个人等一个人咖啡电影主题曲_老板娘主题曲EPHK精准版简谱_周慧敏演唱__jianpujia-395576	/home/caesium-132/jianpu/images-prep/jianpujia-cat388/咖啡在等一个人等一个人咖啡电影主题曲_老板娘主题曲EPHK精准版简谱_周慧敏演唱__jianpujia-395576/001.png
咱们农民工	qupu123	334040	2	简谱	咱们农民工__qupu123-334040	/home/caesium-132/jianpu/images-prep/qupu123-crawl/咱们农民工__qupu123-334040/001.jpg
咱们甘肃	qupu123	325893	5	改编	咱们甘肃（正谱）__qupu123-325893	/home/caesium-132/jianpu/images-prep/qupu123-crawl/咱们甘肃（正谱）__qupu123-325893/001.jpg
咸鱼	jianpucn	89995	1	简谱	咸鱼__jianpucn-89995	/home/caesium-132/jianpu/images-prep/jianpucn-wuyuetian/咸鱼__jianpucn-89995/001.jpg
哀歌	qupu123	322031	3	改编	哀歌（正谱）__qupu123-322031	/home/caesium-132/jianpu/images-prep/qupu123-crawl/哀歌（正谱）__qupu123-322031/001.jpg
哄我入睡	qupu123	225342	1	简谱	哄我入睡（五月天、阿信词曲）__qupu123-225342	/home/caesium-132/jianpu/images-prep/qupu123-wuyuetian/哄我入睡（五月天、阿信词曲）__qupu123-225342/001.jpg
哈卢拉依	qupu123	335893	2	改编	哈卢拉依（五线谱）__qupu123-335893	/home/caesium-132/jianpu/images-prep/qupu123-crawl/哈卢拉依（五线谱）__qupu123-335893/001.jpg
哈啰	jianpucn	10856	1	简谱	哈啰__jianpucn-10856	/home/caesium-132/jianpu/images-prep/jianpucn-pop/哈啰__jianpucn-10856/001.jpg
哥哥，请你带上我	qupu123	312749	1	简谱	哥哥，请你带上我__qupu123-312749	/home/caesium-132/jianpu/images-prep/qupu123-sweep/哥哥，请你带上我__qupu123-312749/001.jpg
哥要去打工	qupu123	308206	1	简谱	哥要去打工__qupu123-308206	/home/caesium-132/jianpu/images-prep/qupu123-sweep/哥要去打工__qupu123-308206/001.jpg
哦!我的大东北	qupu123	322242	3	改编	哦!我的大东北（晓光词_瞿希贤曲、正谱）__qupu123-322242	/home/caesium-132/jianpu/images-prep/qupu123-crawl/哦!我的大东北（晓光词_瞿希贤曲、正谱）__qupu123-322242/001.jpg
哪克西齐在何方	qupu123	324336	1	简谱	哪克西齐在何方__qupu123-324336	/home/caesium-132/jianpu/images-prep/qupu123-sweep/哪克西齐在何方__qupu123-324336/001.jpg
哪克西齐好姑娘	qupu123	324121	1	简谱	哪克西齐好姑娘__qupu123-324121	/home/caesium-132/jianpu/images-prep/qupu123-sweep/哪克西齐好姑娘__qupu123-324121/001.jpg
哪里都是你- 电影《天台爱情》主打主题曲 版	jianpucn	226024	2	简谱	哪里都是你- 电影《天台爱情》主打主题曲 版__jianpucn-226024	/home/caesium-132/jianpu/images-prep/jianpucn-zhoujielun/哪里都是你- 电影《天台爱情》主打主题曲 版__jianpucn-226024/001.jpg
哭了又能怎样	qupu123	307341	1	简谱	哭了又能怎样__qupu123-307341	/home/caesium-132/jianpu/images-prep/qupu123-sweep/哭了又能怎样__qupu123-307341/001.jpg
唐山过台湾	qupu123	329482	1	简谱	唐山过台湾（故事影片《唐山过台湾》主题歌）__qupu123-329482	/home/caesium-132/jianpu/images-prep/qupu123-sweep/唐山过台湾（故事影片《唐山过台湾》主题歌）__qupu123-329482/001.jpg
唐韵	jianpujia	12995	1	简谱	唐韵简谱(歌词)_谭晶演唱_电视剧_大唐荣耀_片尾曲__jianpujia-12995	/home/caesium-132/jianpu/images-prep/jianpujia-7224/唐韵简谱(歌词)_谭晶演唱_电视剧_大唐荣耀_片尾曲__jianpujia-12995/001.png
唯一	qupu123	115784	2	简谱	唯一__qupu123-115784	/home/caesium-132/jianpu/images-prep/qupu123-mp018/唯一__qupu123-115784/001.jpg
唯有情歌藏心里	qupu123	308393	1	简谱	唯有情歌藏心里__qupu123-308393	/home/caesium-132/jianpu/images-prep/qupu123-sweep/唯有情歌藏心里__qupu123-308393/001.png
唯有敬亭山	qupu123	396379	3	简谱	唯有敬亭山（原创）__qupu123-396379	/home/caesium-132/jianpu/images-prep/qupu123-crawl/唯有敬亭山（原创）__qupu123-396379/001.jpg
唱一支歌儿 问一问月亮	jianpucn	285733	1	简谱	唱一支歌儿 问一问月亮（故事片《残月》主题歌） —__jianpucn-285733	/home/caesium-132/jianpu/images-prep/jianpucn-pop/唱一支歌儿 问一问月亮（故事片《残月》主题歌） —__jianpucn-285733/001.jpg
唱响中国-目录	jianpucn	161452	1	简谱	唱响中国-目录__jianpucn-161452	/home/caesium-132/jianpu/images-prep/jianpucn-pop/唱响中国-目录__jianpucn-161452/001.jpg
唱响真爱	qupu123	317698	1	简谱	唱响真爱__qupu123-317698	/home/caesium-132/jianpu/images-prep/qupu123-sweep/唱响真爱__qupu123-317698/001.png
唱支山歌给党听	jianpujia	18232	1	简谱	唱支山歌给党听简谱(歌词)_宋祖英演唱_王wzh曲谱__jianpujia-18232	/home/caesium-132/jianpu/images-prep/jianpujia-6982/唱支山歌给党听简谱(歌词)_宋祖英演唱_王wzh曲谱__jianpujia-18232/001.jpg
唱歌的女孩	qupu123	311047	1	简谱	唱歌的女孩__qupu123-311047	/home/caesium-132/jianpu/images-prep/qupu123-sweep/唱歌的女孩__qupu123-311047/001.jpg
唱涞山	qupu123	333813	3	简谱	唱涞山（表演唱）__qupu123-333813	/home/caesium-132/jianpu/images-prep/qupu123-crawl/唱涞山（表演唱）__qupu123-333813/001.jpg
唱着刀郎的歌	qupu123	312721	1	简谱	唱着刀郎的歌__qupu123-312721	/home/caesium-132/jianpu/images-prep/qupu123-sweep/唱着刀郎的歌__qupu123-312721/001.jpg
唱给母亲——中国	qupu123	332135	3	简谱	唱给母亲——中国__qupu123-332135	/home/caesium-132/jianpu/images-prep/qupu123-crawl/唱给母亲——中国__qupu123-332135/001.jpg
唱英雄	qupu123	326788	1	简谱	唱英雄__qupu123-326788	/home/caesium-132/jianpu/images-prep/qupu123-sweep/唱英雄__qupu123-326788/001.jpg
啊!这就是日光岩	qupu123	322258	3	改编	啊!这就是日光岩（正谱）__qupu123-322258	/home/caesium-132/jianpu/images-prep/qupu123-crawl/啊!这就是日光岩（正谱）__qupu123-322258/001.jpg
啊里罗	qupu123	322238	4	改编	啊里罗（选自无伴奏合唱《民族风情音画集》、五线谱）__qupu123-322238	/home/caesium-132/jianpu/images-prep/qupu123-crawl/啊里罗（选自无伴奏合唱《民族风情音画集》、五线谱）__qupu123-322238/001.jpg
啊！杜鹃花呀	jianpucn	122026	1	简谱	啊！杜鹃花呀__jianpucn-122026	/home/caesium-132/jianpu/images-prep/jianpucn-liguyi/啊！杜鹃花呀__jianpucn-122026/001.jpg
啊，我的至爱	qupu123	311041	1	简谱	啊，我的至爱（又名：啊我的至爱）__qupu123-311041	/home/caesium-132/jianpu/images-prep/qupu123-sweep/啊，我的至爱（又名：啊我的至爱）__qupu123-311041/001.jpg
啊，我的虎子哥	jianpujia	8576	1	简谱	啊，我的虎子哥简谱(歌词)_雷佳演唱_歌剧_原野_选曲__jianpujia-8576	/home/caesium-132/jianpu/images-prep/jianpujia-6369/啊，我的虎子哥简谱(歌词)_雷佳演唱_歌剧_原野_选曲__jianpujia-8576/001.gif
啊，草原李良词李炫春曲啊，草原李良词	jianpujia	408999	2	简谱	啊，草原李良词李炫春曲啊，草原李良词_李炫春曲简谱_枫桥演唱_李良_李炫春词曲__jianpujia-408999	/home/caesium-132/jianpu/images-prep/jianpujia-6223/啊，草原李良词李炫春曲啊，草原李良词_李炫春曲简谱_枫桥演唱_李良_李炫春词曲__jianpujia-408999/001.png
喂鸡	jianpujia	22141	1	简谱	喂鸡简谱(歌词)_儿歌_谱友好心情999上传__jianpujia-22141	/home/caesium-132/jianpu/images-prep/jianpujia-3462/喂鸡简谱(歌词)_儿歌_谱友好心情999上传__jianpujia-22141/001.gif
善良兮	qupu123	323949	1	简谱	善良兮__qupu123-323949	/home/caesium-132/jianpu/images-prep/qupu123-sweep/善良兮__qupu123-323949/001.jpg
喜剧之王	jianpujia	7094	5	简谱	喜剧之王简谱_李荣浩_我的断肠与夸张__jianpujia-7094	/home/caesium-132/jianpu/images-prep/jianpujia-478/喜剧之王简谱_李荣浩_我的断肠与夸张__jianpujia-7094/001.png
喜帖街	jianpucn	470468	2	改编	喜帖街 （ E调指法原版编配）__jianpucn-470468	/home/caesium-132/jianpu/images-prep/jianpucn-pop/喜帖街 （ E调指法原版编配）__jianpucn-470468/001.jpg
喜欢你—beyond	jianpucn	173406	2	简谱	喜欢你—beyond__jianpucn-173406	/home/caesium-132/jianpu/images-prep/jianpucn-beyond/喜欢你—beyond__jianpucn-173406/001.jpg
喜欢你指弹	jianpucn	213164	3	改编	喜欢你指弹__jianpucn-213164	/home/caesium-132/jianpu/images-prep/jianpucn-beyond/喜欢你指弹__jianpucn-213164/001.jpg
喜欢你钢琴	jianpujia	152246	6	改编	喜欢你钢琴简谱_Beyond演唱__jianpujia-152246	/home/caesium-132/jianpu/images-prep/jianpujia-3246/喜欢你钢琴简谱_Beyond演唱__jianpujia-152246/001.png
喜欢你间奏 经典版	jianpucn	213193	1	简谱	喜欢你间奏 经典版__jianpucn-213193	/home/caesium-132/jianpu/images-prep/jianpucn-beyond/喜欢你间奏 经典版__jianpucn-213193/001.jpg
喜结良缘	qupu123	332221	2	简谱	喜结良缘（陈光军_王春雷_词曲）__qupu123-332221	/home/caesium-132/jianpu/images-prep/qupu123-crawl/喜结良缘（陈光军_王春雷_词曲）__qupu123-332221/001.jpg
喝彩中国风	qupu123	308356	1	简谱	喝彩中国风__qupu123-308356	/home/caesium-132/jianpu/images-prep/qupu123-sweep/喝彩中国风__qupu123-308356/001.jpg
喝茶去-弹唱 吉他类 流行	jianpucn	112924	1	改编	喝茶去-弹唱 吉他类 流行__jianpucn-112924	/home/caesium-132/jianpu/images-prep/jianpucn-xuwei/喝茶去-弹唱 吉他类 流行__jianpucn-112924/001.jpg
嘉陵江边的兰花	qupu123	323235	1	简谱	嘉陵江边的兰花__qupu123-323235	/home/caesium-132/jianpu/images-prep/qupu123-sweep/嘉陵江边的兰花__qupu123-323235/001.png
嘚嘚调	qupu123	321478	4	改编	嘚嘚调（五线谱）__qupu123-321478	/home/caesium-132/jianpu/images-prep/qupu123-crawl/嘚嘚调（五线谱）__qupu123-321478/001.jpg
噢买轧	jianpucn	131110	2	简谱	噢买轧__jianpucn-131110	/home/caesium-132/jianpu/images-prep/jianpucn-wuyuetian/噢买轧__jianpucn-131110/001.jpg
四季	jianpucn	467230	1	改编	四季 （ G调指法原版编配）__jianpucn-467230	/home/caesium-132/jianpu/images-prep/jianpucn-pop/四季 （ G调指法原版编配）__jianpucn-467230/001.jpg
四季花儿	qupu123	325155	4	改编	四季花儿（无伴奏女声合唱、五线谱）__qupu123-325155	/home/caesium-132/jianpu/images-prep/qupu123-crawl/四季花儿（无伴奏女声合唱、五线谱）__qupu123-325155/001.jpg
四年	qupu123	320100	1	简谱	四年__qupu123-320100	/home/caesium-132/jianpu/images-prep/qupu123-sweep/四年__qupu123-320100/001.jpg
四海	qupu123	323035	3	改编	四海（无伴奏合唱、五线谱）__qupu123-323035	/home/caesium-132/jianpu/images-prep/qupu123-crawl/四海（无伴奏合唱、五线谱）__qupu123-323035/001.jpg
回不去的昨天	qupu123	331128	2	简谱	回不去的昨天（作词_杜劲松_作曲_苏平生）__qupu123-331128	/home/caesium-132/jianpu/images-prep/qupu123-crawl/回不去的昨天（作词_杜劲松_作曲_苏平生）__qupu123-331128/001.jpg
回不来	jianpucn	40105	1	简谱	回不来__jianpucn-40105	/home/caesium-132/jianpu/images-prep/jianpucn-pop/回不来__jianpucn-40105/001.jpg
回到一个人	jianpucn	2520	1	简谱	回到一个人__jianpucn-2520	/home/caesium-132/jianpu/images-prep/jianpucn-pop/回到一个人__jianpucn-2520/001.jpg
回到最初	jianpucn	57989	1	简谱	回到最初(又名_飞越迷雾)__jianpucn-57989	/home/caesium-132/jianpu/images-prep/jianpucn-zhouhuajian/回到最初(又名_飞越迷雾)__jianpucn-57989/001.jpg
回到过去-独奏	jianpucn	173023	2	改编	回到过去-独奏__jianpucn-173023	/home/caesium-132/jianpu/images-prep/jianpucn-zhoujielun/回到过去-独奏__jianpucn-173023/001.jpg
回头太难	jianpucn	2084	1	简谱	回头太难__jianpucn-2084	/home/caesium-132/jianpu/images-prep/jianpucn-zhangxueyou/回头太难__jianpucn-2084/001.jpg
回头望一望	qupu123	328198	3	简谱	回头望一望（独唱歌曲）__qupu123-328198	/home/caesium-132/jianpu/images-prep/qupu123-sweep/回头望一望（独唱歌曲）__qupu123-328198/001.jpg
回娘家	jianpucn	242487	1	简谱	回娘家（二人转）__jianpucn-242487	/home/caesium-132/jianpu/images-prep/jianpucn-songzuying/回娘家（二人转）__jianpucn-242487/001.jpg
回娘家-邓丽君-图片六线	jianpucn	173102	1	简谱	回娘家-邓丽君-图片六线__jianpucn-173102	/home/caesium-132/jianpu/images-prep/jianpucn-denglijun/回娘家-邓丽君-图片六线__jianpucn-173102/001.jpg
回家的路 刘德华	jianpucn	282434	1	简谱	回家的路 刘德华__jianpucn-282434	/home/caesium-132/jianpu/images-prep/jianpucn-liudehua/回家的路 刘德华__jianpucn-282434/001.jpg
回家的路 吉他弹唱	jianpucn	282519	3	改编	回家的路 吉他弹唱__jianpucn-282519	/home/caesium-132/jianpu/images-prep/jianpucn-liudehua/回家的路 吉他弹唱__jianpucn-282519/001.jpg
回家真好 歌曲类 钢琴伴奏谱	jianpucn	112321	2	改编	回家真好 歌曲类 钢琴伴奏谱__jianpucn-112321	/home/caesium-132/jianpu/images-prep/jianpucn-liudehua/回家真好 歌曲类 钢琴伴奏谱__jianpucn-112321/001.jpg
回忆	qupu123	396803	2	简谱	回忆__qupu123-396803	/home/caesium-132/jianpu/images-prep/qupu123-crawl/回忆__qupu123-396803/001.gif
回忆之前,回忆之后	jianpucn	137284	1	简谱	回忆之前,回忆之后__jianpucn-137284	/home/caesium-132/jianpu/images-prep/jianpucn-wangfeng/回忆之前,回忆之后__jianpucn-137284/001.jpg
回忆的温度	qupu123	306653	1	简谱	回忆的温度__qupu123-306653	/home/caesium-132/jianpu/images-prep/qupu123-sweep/回忆的温度__qupu123-306653/001.jpg
回忆的阁楼	jianpujia	10483	1	简谱	回忆的阁楼简谱(歌词)_郭静演唱_桃李醉春风记谱__jianpujia-10483	/home/caesium-132/jianpu/images-prep/jianpujia-1106/回忆的阁楼简谱(歌词)_郭静演唱_桃李醉春风记谱__jianpujia-10483/001.gif
回忆里的疯狂 -	jianpucn	230295	4	简谱	回忆里的疯狂 -__jianpucn-230295	/home/caesium-132/jianpu/images-prep/jianpucn-pop/回忆里的疯狂 -__jianpucn-230295/001.jpg
回族同胞永远不退后	qupu123	33424	1	改编	回族同胞永远不退后（五线谱）__qupu123-33424	/home/caesium-132/jianpu/images-prep/qupu123-mp033/回族同胞永远不退后（五线谱）__qupu123-33424/001.jpg
回来吧	jianpucn	8629	3	简谱	回来吧__jianpucn-8629	/home/caesium-132/jianpu/images-prep/jianpucn-wuyuetian/回来吧__jianpucn-8629/001.jpg
因为一个人	qupu123	309225	1	简谱	因为一个人（谭旋、曹允词 谭旋曲）__qupu123-309225	/home/caesium-132/jianpu/images-prep/qupu123-sweep/因为一个人（谭旋、曹允词 谭旋曲）__qupu123-309225/001.png
因为你在	jianpucn	209189	1	简谱	因为你在__jianpucn-209189	/home/caesium-132/jianpu/images-prep/jianpucn-zhanghuimei/因为你在__jianpucn-209189/001.jpg
因为有梦	jianpujia	20005	1	简谱	因为有梦简谱(歌词)_王丽达演唱_momoliu曲谱__jianpujia-20005	/home/caesium-132/jianpu/images-prep/jianpujia-12500/因为有梦简谱(歌词)_王丽达演唱_momoliu曲谱__jianpujia-20005/001.jpg
因为爱情吉他谱六线谱	qupu123	31686	3	改编	因为爱情吉他谱六线谱（陈奕迅王菲）__qupu123-31686	/home/caesium-132/jianpu/images-prep/qupu123-chenyixun/因为爱情吉他谱六线谱（陈奕迅王菲）__qupu123-31686/001.jpg
因为爱情钢琴	jianpujia	150529	2	改编	因为爱情钢琴简谱_王菲__陈奕迅演唱__jianpujia-150529	/home/caesium-132/jianpu/images-prep/jianpujia-3395/因为爱情钢琴简谱_王菲__陈奕迅演唱__jianpujia-150529/001.png
因为遇见了你	qupu123	304164	1	简谱	因为遇见了你__qupu123-304164	/home/caesium-132/jianpu/images-prep/qupu123-sweep/因为遇见了你__qupu123-304164/001.jpg
园游会	jianpucn	90547	3	简谱	园游会__jianpucn-90547	/home/caesium-132/jianpu/images-prep/jianpucn-zhoujielun/园游会__jianpucn-90547/001.jpg
困兽之斗.gif	jianpucn	90499	3	简谱	困兽之斗.gif__jianpucn-90499	/home/caesium-132/jianpu/images-prep/jianpucn-zhoujielun/困兽之斗.gif__jianpucn-90499/001.jpg
围城	jianpucn	91145	2	改编	围城(吉他谱_版本2)__jianpucn-91145	/home/caesium-132/jianpu/images-prep/jianpucn-pop/围城(吉他谱_版本2)__jianpucn-91145/001.jpg
国庆娃	qupu123	331038	2	改编	国庆娃（五线谱）__qupu123-331038	/home/caesium-132/jianpu/images-prep/qupu123-crawl/国庆娃（五线谱）__qupu123-331038/001.jpg
国旗国旗红红的哩	qupu123	331037	2	改编	国旗国旗红红的哩（五线谱）__qupu123-331037	/home/caesium-132/jianpu/images-prep/qupu123-crawl/国旗国旗红红的哩（五线谱）__qupu123-331037/001.jpg
国旗颂	jianpujia	18511	1	简谱	国旗颂简谱(歌词)_谭晶、戴玉强演唱_王wzh曲谱__jianpujia-18511	/home/caesium-132/jianpu/images-prep/jianpujia-7224/国旗颂简谱(歌词)_谭晶、戴玉强演唱_王wzh曲谱__jianpujia-18511/001.jpg
国旗飘扬的地方	jianpujia	18513	1	简谱	国旗飘扬的地方简谱(歌词)_谭晶演唱_王wzh曲谱__jianpujia-18513	/home/caesium-132/jianpu/images-prep/jianpujia-7224/国旗飘扬的地方简谱(歌词)_谭晶演唱_王wzh曲谱__jianpujia-18513/001.jpg
国泰民安	jianpujia	20053	1	简谱	国泰民安简谱(歌词)_雷佳韩磊演唱_momoliu曲谱__jianpujia-20053	/home/caesium-132/jianpu/images-prep/jianpujia-6369/国泰民安简谱(歌词)_雷佳韩磊演唱_momoliu曲谱__jianpujia-20053/001.jpg
国王与乞丐 -G调	jianpucn	467366	2	简谱	国王与乞丐 -G调__jianpucn-467366	/home/caesium-132/jianpu/images-prep/jianpucn-huachenyu/国王与乞丐 -G调__jianpucn-467366/001.jpg
国王和乞丐	jianpucn	404555	1	简谱	国王和乞丐__jianpucn-404555	/home/caesium-132/jianpu/images-prep/jianpucn-huachenyu/国王和乞丐__jianpucn-404555/001.jpg
国色天香	qupu123	309223	1	简谱	国色天香（孙铁麟词 袁惟仁、陈彤曲）__qupu123-309223	/home/caesium-132/jianpu/images-prep/qupu123-sweep/国色天香（孙铁麟词 袁惟仁、陈彤曲）__qupu123-309223/001.png
圆明园你在哪里	qupu123	322917	4	改编	圆明园你在哪里（正谱）__qupu123-322917	/home/caesium-132/jianpu/images-prep/qupu123-crawl/圆明园你在哪里（正谱）__qupu123-322917/001.jpg
土楼的春天	qupu123	335028	4	简谱	土楼的春天（金少蒙_词曲）__qupu123-335028	/home/caesium-132/jianpu/images-prep/qupu123-crawl/土楼的春天（金少蒙_词曲）__qupu123-335028/001.jpg
土耳其进行曲 四手联弹 李云迪	jianpucn	218370	2	简谱	土耳其进行曲 四手联弹 李云迪__jianpucn-218370	/home/caesium-132/jianpu/images-prep/jianpucn-zhoujielun/土耳其进行曲 四手联弹 李云迪__jianpucn-218370/001.jpg
圣诞星钢琴	jianpujia	378086	5	改编	圣诞星钢琴简谱_周杰伦_杨瑞代演唱__jianpujia-378086	/home/caesium-132/jianpu/images-prep/jianpujia-583/圣诞星钢琴简谱_周杰伦_杨瑞代演唱__jianpujia-378086/001.png
圣诞结钢琴	jianpujia	150745	6	改编	圣诞结钢琴简谱_陈奕迅演唱__jianpujia-150745	/home/caesium-132/jianpu/images-prep/jianpujia-art315/圣诞结钢琴简谱_陈奕迅演唱__jianpujia-150745/001.png
在 也不见	jianpucn	343057	1	简谱	在 也不见__jianpucn-343057	/home/caesium-132/jianpu/images-prep/jianpucn-pop/在 也不见__jianpucn-343057/001.jpg
在一起嘛好不好钢琴	jianpujia	154205	5	改编	在一起嘛好不好钢琴简谱_数字双手_李荣浩__jianpujia-154205	/home/caesium-132/jianpu/images-prep/jianpujia-478/在一起嘛好不好钢琴简谱_数字双手_李荣浩__jianpujia-154205/001.png
在云端	jianpucn	58072	2	简谱	在云端__jianpucn-58072	/home/caesium-132/jianpu/images-prep/jianpucn-zhouhuajian/在云端__jianpucn-58072/001.jpg
在农场里	jianpujia	22057	1	简谱	在农场里简谱(歌词)_儿歌_好心情曲谱__jianpujia-22057	/home/caesium-132/jianpu/images-prep/jianpujia-3462/在农场里简谱(歌词)_儿歌_好心情曲谱__jianpujia-22057/001.gif
在别处	jianpucn	1804	1	简谱	在别处__jianpucn-1804	/home/caesium-132/jianpu/images-prep/jianpucn-xuwei/在别处__jianpucn-1804/001.jpg
在夜总会	jianpucn	275925	1	简谱	在夜总会__jianpucn-275925	/home/caesium-132/jianpu/images-prep/jianpucn-denglijun/在夜总会__jianpucn-275925/001.jpg
在我的冬天	jianpucn	2162	1	简谱	在我的冬天__jianpucn-2162	/home/caesium-132/jianpu/images-prep/jianpucn-pushu/在我的冬天__jianpucn-2162/001.jpg
在我的冬天里	jianpucn	10628	1	简谱	在我的冬天里__jianpucn-10628	/home/caesium-132/jianpu/images-prep/jianpucn-pushu/在我的冬天里__jianpucn-10628/001.jpg
在最深的红尘遇见	qupu123	318423	1	简谱	在最深的红尘遇见__qupu123-318423	/home/caesium-132/jianpu/images-prep/qupu123-sweep/在最深的红尘遇见__qupu123-318423/001.jpg
在木星	jianpucn	296174	1	简谱	在木星__jianpucn-296174	/home/caesium-132/jianpu/images-prep/jianpucn-pushu/在木星__jianpucn-296174/001.jpg
在死线上	qupu123	325702	2	改编	在死线上（四部合唱、五线谱）__qupu123-325702	/home/caesium-132/jianpu/images-prep/qupu123-crawl/在死线上（四部合唱、五线谱）__qupu123-325702/001.jpg
在每个像你的夜里	jianpucn	213598	3	简谱	在每个像你的夜里__jianpucn-213598	/home/caesium-132/jianpu/images-prep/jianpucn-lijian/在每个像你的夜里__jianpucn-213598/001.jpg
在每个想你的夜里	jianpucn	136140	1	简谱	在每个想你的夜里__jianpucn-136140	/home/caesium-132/jianpu/images-prep/jianpucn-lijian/在每个想你的夜里__jianpucn-136140/001.jpg
在每个想你的夜里 吉他弹唱谱 —	jianpucn	231930	2	改编	在每个想你的夜里 吉他弹唱谱 —__jianpucn-231930	/home/caesium-132/jianpu/images-prep/jianpucn-lijian/在每个想你的夜里 吉他弹唱谱 —__jianpucn-231930/001.jpg
在水一方 伴奏 带歌词	jianpucn	218755	2	改编	在水一方 伴奏 带歌词__jianpucn-218755	/home/caesium-132/jianpu/images-prep/jianpucn-denglijun/在水一方 伴奏 带歌词__jianpucn-218755/001.jpg
在水一方 简单版	jianpucn	218008	2	简谱	在水一方 简单版__jianpucn-218008	/home/caesium-132/jianpu/images-prep/jianpucn-denglijun/在水一方 简单版__jianpucn-218008/001.jpg
在水一方-邓丽君-	jianpucn	208126	1	改编	在水一方-邓丽君-吉他谱__jianpucn-208126	/home/caesium-132/jianpu/images-prep/jianpucn-denglijun/在水一方-邓丽君-吉他谱__jianpucn-208126/001.jpg
在水一方男声版	jianpucn	213063	1	简谱	在水一方男声版__jianpucn-213063	/home/caesium-132/jianpu/images-prep/jianpucn-denglijun/在水一方男声版__jianpucn-213063/001.jpg
在网络里认识了你	qupu123	369965	3	简谱	在网络里认识了你__qupu123-369965	/home/caesium-132/jianpu/images-prep/qupu123-crawl/在网络里认识了你__qupu123-369965/001.jpg
在路边	qupu123	328864	1	简谱	在路边__qupu123-328864	/home/caesium-132/jianpu/images-prep/qupu123-sweep/在路边__qupu123-328864/001.jpg
在这个世界相遇钢琴	jianpujia	380113	4	改编	在这个世界相遇钢琴简谱_陈奕迅演唱__jianpujia-380113	/home/caesium-132/jianpu/images-prep/jianpujia-315/在这个世界相遇钢琴简谱_陈奕迅演唱__jianpujia-380113/001.png
在这里	qupu123	330918	2	简谱	在这里（作词：杜劲松_作曲：左宏元）__qupu123-330918	/home/caesium-132/jianpu/images-prep/qupu123-crawl/在这里（作词：杜劲松_作曲：左宏元）__qupu123-330918/001.jpg
在那东山顶上	jianpujia	19707	1	简谱	在那东山顶上简谱(歌词)_谭晶演唱_沈公宝曲谱__jianpujia-19707	/home/caesium-132/jianpu/images-prep/jianpujia-7224/在那东山顶上简谱(歌词)_谭晶演唱_沈公宝曲谱__jianpujia-19707/001.png
在那红色沃土上	qupu123	330227	4	简谱	在那红色沃土上__qupu123-330227	/home/caesium-132/jianpu/images-prep/qupu123-crawl/在那红色沃土上__qupu123-330227/001.jpg
在那遥远的地方	jianpucn	62198	1	简谱	在那遥远的地方__jianpucn-62198	/home/caesium-132/jianpu/images-prep/jianpucn-jiangdawei/在那遥远的地方__jianpucn-62198/001.jpg
在那遥远的地方编号-055	jianpucn	473492	3	简谱	在那遥远的地方编号-055__jianpucn-473492	/home/caesium-132/jianpu/images-prep/jianpucn-yanweiwen/在那遥远的地方编号-055__jianpucn-473492/001.jpg
在银色的月光下	jianpucn	106599	1	简谱	在银色的月光下__jianpucn-106599	/home/caesium-132/jianpu/images-prep/jianpucn-tenggeer/在银色的月光下__jianpucn-106599/001.jpg
在黄昏里慢慢地走	qupu123	323160	3	改编	在黄昏里慢慢地走（正谱）__qupu123-323160	/home/caesium-132/jianpu/images-prep/qupu123-crawl/在黄昏里慢慢地走（正谱）__qupu123-323160/001.jpg
地球上的天堂	qupu123	329566	1	简谱	地球上的天堂__qupu123-329566	/home/caesium-132/jianpu/images-prep/qupu123-sweep/地球上的天堂__qupu123-329566/001.jpg
坏天气	jianpucn	3131	3	简谱	坏天气__jianpucn-3131	/home/caesium-132/jianpu/images-prep/jianpucn-pop/坏天气__jianpucn-3131/001.jpg
坏女孩	qupu123	48253	1	简谱	坏女孩（徐良词曲）__qupu123-48253	/home/caesium-132/jianpu/images-prep/qupu123-hk/坏女孩（徐良词曲）__qupu123-48253/001.jpg
垃圾车	jianpucn	201760	2	简谱	垃圾车__jianpucn-201760	/home/caesium-132/jianpu/images-prep/jianpucn-wuyuetian/垃圾车__jianpucn-201760/001.jpg
城府钢琴	jianpujia	380170	5	改编	城府钢琴简谱_许嵩演唱__jianpujia-380170	/home/caesium-132/jianpu/images-prep/jianpujia-693/城府钢琴简谱_许嵩演唱__jianpujia-380170/001.png
城里的月光 歌曲类 钢琴伴奏谱	jianpucn	112288	2	改编	城里的月光 歌曲类 钢琴伴奏谱__jianpucn-112288	/home/caesium-132/jianpu/images-prep/jianpucn-xumeijing/城里的月光 歌曲类 钢琴伴奏谱__jianpucn-112288/001.jpg
城里的月光-认证谱	jianpucn	171019	2	简谱	城里的月光-认证谱__jianpucn-171019	/home/caesium-132/jianpu/images-prep/jianpucn-xumeijing/城里的月光-认证谱__jianpucn-171019/001.jpg
堆积情感	qupu123	103013	1	简谱	堆积情感__qupu123-103013	/home/caesium-132/jianpu/images-prep/qupu123-mp017/堆积情感__qupu123-103013/001.jpg
塑料袋	qupu123	303396	1	改编	塑料袋（电影《缝纫机乐队》插曲）__qupu123-303396	/home/caesium-132/jianpu/images-prep/qupu123-sweep/塑料袋（电影《缝纫机乐队》插曲）__qupu123-303396/001.png
塞纳河	jianpujia	10234	1	简谱	塞纳河简谱(歌词)_邓紫棋演唱_桃李醉春风记谱__jianpujia-10234	/home/caesium-132/jianpu/images-prep/jianpujia-377/塞纳河简谱(歌词)_邓紫棋演唱_桃李醉春风记谱__jianpujia-10234/001.gif
塞边雪	qupu123	303759	1	简谱	塞边雪__qupu123-303759	/home/caesium-132/jianpu/images-prep/qupu123-sweep/塞边雪__qupu123-303759/001.jpg
墙上的肖像	qupu123	305317	1	简谱	墙上的肖像__qupu123-305317	/home/caesium-132/jianpu/images-prep/qupu123-sweep/墙上的肖像__qupu123-305317/001.png
壮美延安	qupu123	370091	4	简谱	壮美延安（原版正版合唱简谱）__qupu123-370091	/home/caesium-132/jianpu/images-prep/qupu123-crawl/壮美延安（原版正版合唱简谱）__qupu123-370091/001.jpg
复兴之歌	jianpujia	19015	1	简谱	复兴之歌简谱(歌词)_雷佳演唱_王wzh曲谱__jianpujia-19015	/home/caesium-132/jianpu/images-prep/jianpujia-6369/复兴之歌简谱(歌词)_雷佳演唱_王wzh曲谱__jianpujia-19015/001.jpg
夏姑娘靓绿裙装	qupu123	322674	1	简谱	夏姑娘靓绿裙装__qupu123-322674	/home/caesium-132/jianpu/images-prep/qupu123-sweep/夏姑娘靓绿裙装__qupu123-322674/001.jpg
夏日的风	jianpucn	1796	3	简谱	夏日的风__jianpucn-1796	/home/caesium-132/jianpu/images-prep/jianpucn-xuwei/夏日的风__jianpucn-1796/001.jpg
夏至未至钢琴	jianpujia	149986	7	改编	夏至未至钢琴简谱_胡夏演唱__jianpujia-149986	/home/caesium-132/jianpu/images-prep/jianpujia-1134/夏至未至钢琴简谱_胡夏演唱__jianpujia-149986/001.png
夕阳下的花季	qupu123	304685	1	简谱	夕阳下的花季（赵国伟词 欧阳晓波曲）__qupu123-304685	/home/caesium-132/jianpu/images-prep/qupu123-sweep/夕阳下的花季（赵国伟词 欧阳晓波曲）__qupu123-304685/001.png
夕阳最美丽	qupu123	307971	1	简谱	夕阳最美丽__qupu123-307971	/home/caesium-132/jianpu/images-prep/qupu123-sweep/夕阳最美丽__qupu123-307971/001.png
夕阳红	qupu123	336016	4	简谱	夕阳红（二部合唱、学步桥制谱版）__qupu123-336016	/home/caesium-132/jianpu/images-prep/qupu123-crawl/夕阳红（二部合唱、学步桥制谱版）__qupu123-336016/001.jpg
夕阳问你在哪里	jianpujia	18715	1	简谱	夕阳问你在哪里简谱(歌词)_邓丽君演唱_王wzh曲谱__jianpujia-18715	/home/caesium-132/jianpu/images-prep/jianpujia-1252/夕阳问你在哪里简谱(歌词)_邓丽君演唱_王wzh曲谱__jianpujia-18715/001.gif
外婆桥钢琴	jianpujia	148630	3	改编	外婆桥钢琴简谱_儿歌演唱__jianpujia-148630	/home/caesium-132/jianpu/images-prep/jianpujia-3462/外婆桥钢琴简谱_儿歌演唱__jianpujia-148630/001.png
外面的世界 -G调	jianpucn	469512	2	简谱	外面的世界 -G调__jianpucn-469512	/home/caesium-132/jianpu/images-prep/jianpucn-qiqin/外面的世界 -G调__jianpucn-469512/001.jpg
外面的世界 吉他类 流行	jianpucn	117720	2	改编	外面的世界 吉他类 流行__jianpucn-117720	/home/caesium-132/jianpu/images-prep/jianpucn-qiqin/外面的世界 吉他类 流行__jianpucn-117720/001.jpg
外面的世界-独奏-猪都笑了编配版	jianpucn	170531	2	改编	外面的世界-独奏-猪都笑了编配版__jianpucn-170531	/home/caesium-132/jianpu/images-prep/jianpucn-qiqin/外面的世界-独奏-猪都笑了编配版__jianpucn-170531/001.jpg
外面的世界尤克里里谱	jianpucn	458584	1	改编	外面的世界尤克里里谱（ G调 ）__jianpucn-458584	/home/caesium-132/jianpu/images-prep/jianpucn-qiqin/外面的世界尤克里里谱（ G调 ）__jianpucn-458584/001.jpg
多少	jianpucn	209197	1	简谱	多少（蔡健雅词曲）__jianpucn-209197	/home/caesium-132/jianpu/images-prep/jianpucn-pop/多少（蔡健雅词曲）__jianpucn-209197/001.jpg
多少年，遇见你	qupu123	318036	1	简谱	多少年，遇见你__qupu123-318036	/home/caesium-132/jianpu/images-prep/qupu123-sweep/多少年，遇见你__qupu123-318036/001.jpg
多情的小鹿	qupu123	314163	1	简谱	多情的小鹿__qupu123-314163	/home/caesium-132/jianpu/images-prep/qupu123-sweep/多情的小鹿__qupu123-314163/001.png
多情的海鸥	qupu123	324722	3	改编	多情的海鸥（正谱）__qupu123-324722	/home/caesium-132/jianpu/images-prep/qupu123-crawl/多情的海鸥（正谱）__qupu123-324722/001.jpg
多情草原	jianpucn	454130	1	简谱	多情草原（ 演唱）__jianpucn-454130	/home/caesium-132/jianpu/images-prep/jianpucn-jiangyangzhuoma/多情草原（ 演唱）__jianpucn-454130/001.jpg
多想再看你一眼	qupu123	334536	2	简谱	多想再看你一眼__qupu123-334536	/home/caesium-132/jianpu/images-prep/qupu123-crawl/多想再看你一眼__qupu123-334536/001.jpg
多谢有你	qupu123	319700	1	简谱	多谢有你__qupu123-319700	/home/caesium-132/jianpu/images-prep/qupu123-sweep/多谢有你__qupu123-319700/001.jpg
多雨的秋天	jianpujia	319251	1	简谱	多雨的秋天简谱_草原大哈演唱_草原大哈_草原丁喜词曲__jianpujia-319251	/home/caesium-132/jianpu/images-prep/jianpujia-6223/多雨的秋天简谱_草原大哈演唱_草原大哈_草原丁喜词曲__jianpujia-319251/001.png
夜上海	qupu123	265248	1	简谱	夜上海__qupu123-265248	/home/caesium-132/jianpu/images-prep/qupu123-nb/夜上海__qupu123-265248/001.jpg
夜合花	qupu123	311803	1	简谱	夜合花__qupu123-311803	/home/caesium-132/jianpu/images-prep/qupu123-sweep/夜合花__qupu123-311803/001.jpg
夜夜夜夜	jianpucn	469566	1	改编	夜夜夜夜 （ G调指法原版编配）__jianpucn-469566	/home/caesium-132/jianpu/images-prep/jianpucn-qiqin/夜夜夜夜 （ G调指法原版编配）__jianpucn-469566/001.jpg
夜曲 歌曲类 钢琴伴奏谱	jianpucn	112766	2	改编	夜曲 歌曲类 钢琴伴奏谱__jianpucn-112766	/home/caesium-132/jianpu/images-prep/jay-chou/夜曲 歌曲类 钢琴伴奏谱__jianpucn-112766/001.jpg
夜曲-弹唱版-巴特尔	jianpucn	102923	2	改编	夜曲-弹唱版-巴特尔__jianpucn-102923	/home/caesium-132/jianpu/images-prep/jay-chou/夜曲-弹唱版-巴特尔__jianpucn-102923/001.jpg
夜曲-苗波版	jianpucn	103506	2	简谱	夜曲-苗波版__jianpucn-103506	/home/caesium-132/jianpu/images-prep/jianpucn-zhoujielun/夜曲-苗波版__jianpucn-103506/001.jpg
夜曲－简易版 键盘类 钢琴	jianpucn	114711	1	改编	夜曲－简易版 键盘类 钢琴__jianpucn-114711	/home/caesium-132/jianpu/images-prep/jianpucn-zhoujielun/夜曲－简易版 键盘类 钢琴__jianpucn-114711/001.jpg
夜来香 钢琴独奏版	jianpucn	237790	1	改编	夜来香 钢琴独奏版__jianpucn-237790	/home/caesium-132/jianpu/images-prep/jianpucn-denglijun/夜来香 钢琴独奏版__jianpucn-237790/001.jpg
夜来香爵士版	jianpucn	218144	2	简谱	夜来香爵士版__jianpucn-218144	/home/caesium-132/jianpu/images-prep/jianpucn-denglijun/夜来香爵士版__jianpucn-218144/001.jpg
夜渡银河	qupu123	335448	2	简谱	夜渡银河__qupu123-335448	/home/caesium-132/jianpu/images-prep/qupu123-crawl/夜渡银河__qupu123-335448/001.jpg
夜的第七章-	jianpucn	101305	2	改编	夜的第七章-（双钢琴合奏版）再加一把小吉他__jianpucn-101305	/home/caesium-132/jianpu/images-prep/jianpucn-zhoujielun/夜的第七章-（双钢琴合奏版）再加一把小吉他__jianpucn-101305/001.jpg
夜的草原海的深情又名：夜的草原，海的深情夜的草原	jianpujia	420618	1	简谱	夜的草原海的深情又名：夜的草原，海的深情夜的草原_海的深情_又名：夜的草原，海的深情简谱__jianpujia-420618	/home/caesium-132/jianpu/images-prep/jianpujia-6223/夜的草原海的深情又名：夜的草原，海的深情夜的草原_海的深情_又名：夜的草原，海的深情简谱__jianpujia-420618/001.gif
夜空像大海	qupu123	309297	1	简谱	夜空像大海__qupu123-309297	/home/caesium-132/jianpu/images-prep/_offtarget/夜空像大海__qupu123-309297/001.jpg
夜色-邓丽君	jianpucn	103414	1	简谱	夜色-邓丽君__jianpucn-103414	/home/caesium-132/jianpu/images-prep/jianpucn-denglijun/夜色-邓丽君__jianpucn-103414/001.jpg
夜访吸血鬼 纯钢琴演奏版	jianpucn	214078	2	改编	夜访吸血鬼 纯钢琴演奏版__jianpucn-214078	/home/caesium-132/jianpu/images-prep/jianpucn-wuyuetian/夜访吸血鬼 纯钢琴演奏版__jianpucn-214078/001.jpg
夜雨寄北	qupu123	327716	2	改编	夜雨寄北（李商隐词_段平泰曲、五线谱）__qupu123-327716	/home/caesium-132/jianpu/images-prep/qupu123-crawl/夜雨寄北（李商隐词_段平泰曲、五线谱）__qupu123-327716/001.jpg
夜雪	qupu123	308047	1	简谱	夜雪（一念如顾词 yhmwms曲）__qupu123-308047	/home/caesium-132/jianpu/images-prep/qupu123-sweep/夜雪（一念如顾词 yhmwms曲）__qupu123-308047/001.jpg
夢遊	jianpucn	176237	2	简谱	夢遊__jianpucn-176237	/home/caesium-132/jianpu/images-prep/jianpucn-pop/夢遊__jianpucn-176237/001.jpg
大地吉他 —扫描版	jianpucn	234269	2	改编	大地吉他 —扫描版__jianpucn-234269	/home/caesium-132/jianpu/images-prep/jianpucn-beyond/大地吉他 —扫描版__jianpucn-234269/001.jpg
大城小爱	qupu123	217312	1	简谱	大城小爱__qupu123-217312	/home/caesium-132/jianpu/images-prep/qupu123-mp9012/大城小爱__qupu123-217312/001.png
大声唱	jianpucn	148637	1	简谱	大声唱__jianpucn-148637	/home/caesium-132/jianpu/images-prep/jianpucn-fenghuangchuanqi/大声唱__jianpucn-148637/001.jpg
大头贴	jianpucn	100669	2	简谱	大头贴__jianpucn-100669	/home/caesium-132/jianpu/images-prep/jianpucn-zhoujielun/大头贴__jianpucn-100669/001.jpg
大家都把泰康爱	qupu123	306684	1	简谱	大家都把泰康爱__qupu123-306684	/home/caesium-132/jianpu/images-prep/qupu123-sweep/大家都把泰康爱__qupu123-306684/001.jpg
大慈大悲观世音	jianpucn	463979	1	简谱	大慈大悲观世音__jianpucn-463979	/home/caesium-132/jianpu/images-prep/jianpucn-qiyu/大慈大悲观世音__jianpucn-463979/001.jpg
大桥上	jianpucn	159022	2	简谱	大桥上__jianpucn-159022	/home/caesium-132/jianpu/images-prep/jianpucn-wangfeng/大桥上__jianpucn-159022/001.jpg
大母鸡下蛋	qupu123	328038	3	改编	大母鸡下蛋（五线谱）__qupu123-328038	/home/caesium-132/jianpu/images-prep/qupu123-crawl/大母鸡下蛋（五线谱）__qupu123-328038/001.jpg
大浪漫主义	jianpucn	101347	2	简谱	大浪漫主义__jianpucn-101347	/home/caesium-132/jianpu/images-prep/jianpucn-twins/大浪漫主义__jianpucn-101347/001.jpg
大海	jianpucn	469231	1	改编	大海 （ A调指法原版编配）__jianpucn-469231	/home/caesium-132/jianpu/images-prep/jianpucn-zhangyusheng/大海 （ A调指法原版编配）__jianpucn-469231/001.jpg
大海C调	jianpucn	156843	1	改编	大海C调吉他谱__jianpucn-156843	/home/caesium-132/jianpu/images-prep/jianpucn-zhangyusheng/大海C调吉他谱__jianpucn-156843/001.jpg
大海和白云	qupu123	57216	1	简谱	大海和白云（姚辉云词 吴崇生曲）__qupu123-57216	/home/caesium-132/jianpu/images-prep/_offtarget/大海和白云（姚辉云词 吴崇生曲）__qupu123-57216/001.jpg
大海捧起了我	qupu123	46890	1	简谱	大海捧起了我__qupu123-46890	/home/caesium-132/jianpu/images-prep/_offtarget/大海捧起了我__qupu123-46890/001.jpg
大海的寄托	qupu123	308448	1	简谱	大海的寄托__qupu123-308448	/home/caesium-132/jianpu/images-prep/_offtarget/大海的寄托__qupu123-308448/001.jpg
大海的故事	qupu123	104226	1	简谱	大海的故事（凌宁词 于立京曲）__qupu123-104226	/home/caesium-132/jianpu/images-prep/_offtarget/大海的故事（凌宁词 于立京曲）__qupu123-104226/001.jpg
大海的梦幻	qupu123	230222	1	简谱	大海的梦幻__qupu123-230222	/home/caesium-132/jianpu/images-prep/_offtarget/大海的梦幻__qupu123-230222/001.jpg
大海简单好听版	jianpucn	218445	2	简谱	大海简单好听版__jianpucn-218445	/home/caesium-132/jianpu/images-prep/jianpucn-zhangyusheng/大海简单好听版__jianpucn-218445/001.jpg
大海里的并蒂莲	qupu123	51959	1	简谱	大海里的并蒂莲__qupu123-51959	/home/caesium-132/jianpu/images-prep/_offtarget/大海里的并蒂莲__qupu123-51959/001.jpg
大漠之夜	qupu123	322554	4	改编	大漠之夜（中音独唱、正谱）__qupu123-322554	/home/caesium-132/jianpu/images-prep/qupu123-crawl/大漠之夜（中音独唱、正谱）__qupu123-322554/001.jpg
大漠飞天	jianpucn	453712	1	简谱	大漠飞天__jianpucn-453712	/home/caesium-132/jianpu/images-prep/jianpucn-yanweiwen/大漠飞天__jianpucn-453712/001.jpg
大灌篮插曲	jianpucn	121835	2	简谱	大灌篮插曲（改进版）__jianpucn-121835	/home/caesium-132/jianpu/images-prep/jianpucn-zhoujielun/大灌篮插曲（改进版）__jianpucn-121835/001.jpg
大爱之歌	qupu123	303472	1	简谱	大爱之歌 （阮金彪词 贾金喜曲）__qupu123-303472	/home/caesium-132/jianpu/images-prep/qupu123-sweep/大爱之歌 （阮金彪词 贾金喜曲）__qupu123-303472/001.jpg
大爱之路	qupu123	311049	1	简谱	大爱之路__qupu123-311049	/home/caesium-132/jianpu/images-prep/qupu123-sweep/大爱之路__qupu123-311049/001.jpg
大爱如水	qupu123	307322	1	简谱	大爱如水__qupu123-307322	/home/caesium-132/jianpu/images-prep/qupu123-sweep/大爱如水__qupu123-307322/001.jpg
大爱无疆 人间风雨情 片头曲	jianpucn	221239	1	简谱	大爱无疆 人间风雨情 片头曲__jianpucn-221239	/home/caesium-132/jianpu/images-prep/jianpucn-hanlei/大爱无疆 人间风雨情 片头曲__jianpucn-221239/001.jpg
大爱芬芳	qupu123	325097	1	简谱	大爱芬芳__qupu123-325097	/home/caesium-132/jianpu/images-prep/qupu123-sweep/大爱芬芳__qupu123-325097/001.png
大王叫我来巡山	qupu123	325603	3	简谱	大王叫我来巡山（郑树人填词 赵英俊曲）__qupu123-325603	/home/caesium-132/jianpu/images-prep/qupu123-sweep/大王叫我来巡山（郑树人填词 赵英俊曲）__qupu123-325603/001.jpg
大理的茶花开了&nbsp;&nbsp;	jianpucn	343629	3	简谱	大理的茶花开了&nbsp;&nbsp;__jianpucn-343629	/home/caesium-132/jianpu/images-prep/jianpucn-title/大理的茶花开了&nbsp;&nbsp;__jianpucn-343629/001.jpg
大男人	jianpucn	57436	1	简谱	大男人(《康熙王朝》主题歌)__jianpucn-57436	/home/caesium-132/jianpu/images-prep/jianpucn-tenggeer/大男人(《康熙王朝》主题歌)__jianpucn-57436/001.jpg
大白杨	qupu123	311547	1	简谱	大白杨__qupu123-311547	/home/caesium-132/jianpu/images-prep/qupu123-sweep/大白杨__qupu123-311547/001.jpg
大白鹅	qupu123	330358	6	简谱	大白鹅（班南_词曲）__qupu123-330358	/home/caesium-132/jianpu/images-prep/qupu123-crawl/大白鹅（班南_词曲）__qupu123-330358/001.jpg
大碗花	qupu123	326095	2	简谱	大碗花__qupu123-326095	/home/caesium-132/jianpu/images-prep/qupu123-crawl/大碗花__qupu123-326095/001.jpg
大秦帝国	jianpujia	18567	1	简谱	大秦帝国简谱(歌词)_廖昌永、谭晶演唱_王wzh曲谱__jianpujia-18567	/home/caesium-132/jianpu/images-prep/jianpujia-7224/大秦帝国简谱(歌词)_廖昌永、谭晶演唱_王wzh曲谱__jianpujia-18567/001.jpg
大笨钟 周杰伦最新力作 十二新作 之	jianpucn	215579	2	简谱	大笨钟 周杰伦最新力作 十二新作 之__jianpucn-215579	/home/caesium-132/jianpu/images-prep/jianpucn-zhoujielun/大笨钟 周杰伦最新力作 十二新作 之__jianpucn-215579/001.jpg
大笨钟方文山词周杰伦曲大笨钟方文山词	jianpujia	395278	1	简谱	大笨钟方文山词周杰伦曲大笨钟方文山词_周杰伦曲简谱_周杰伦演唱_方文山_周杰伦词曲__jianpujia-395278	/home/caesium-132/jianpu/images-prep/jianpujia-583/大笨钟方文山词周杰伦曲大笨钟方文山词_周杰伦曲简谱_周杰伦演唱_方文山_周杰伦词曲__jianpujia-395278/001.gif
大美中国	qupu123	396404	1	简谱	大美中国（宫婷、姚立森演唱）__qupu123-396404	/home/caesium-132/jianpu/images-prep/qupu123-crawl/大美中国（宫婷、姚立森演唱）__qupu123-396404/001.jpg
大美陕西我的家	qupu123	333450	3	简谱	大美陕西我的家__qupu123-333450	/home/caesium-132/jianpu/images-prep/qupu123-crawl/大美陕西我的家__qupu123-333450/001.jpg
大肚腩	qupu123	327108	1	简谱	大肚腩__qupu123-327108	/home/caesium-132/jianpu/images-prep/qupu123-sweep/大肚腩__qupu123-327108/001.png
大象和娃娃	qupu123	324644	2	简谱	大象和娃娃__qupu123-324644	/home/caesium-132/jianpu/images-prep/qupu123-crawl/大象和娃娃__qupu123-324644/001.jpg
大象版 光阴的故事	jianpucn	213003	1	简谱	大象版 光阴的故事__jianpucn-213003	/home/caesium-132/jianpu/images-prep/jianpucn-pop/大象版 光阴的故事__jianpucn-213003/001.jpg
大鱼原神风物之诗琴谱-原琴谱	jianpucn	463633	4	简谱	大鱼原神风物之诗琴谱-原琴谱__jianpucn-463633	/home/caesium-132/jianpu/images-prep/jianpucn-zhoushen/大鱼原神风物之诗琴谱-原琴谱__jianpucn-463633/001.jpg
大鱼尤克里里谱	jianpucn	461882	1	改编	大鱼尤克里里谱（ 原调四 ）__jianpucn-461882	/home/caesium-132/jianpu/images-prep/jianpucn-zhoushen/大鱼尤克里里谱（ 原调四 ）__jianpucn-461882/001.jpg
大鱼指弹	jianpucn	457592	2	改编	大鱼指弹 （ C调吉他独奏 ）__jianpucn-457592	/home/caesium-132/jianpu/images-prep/jianpucn-zhoushen/大鱼指弹 （ C调吉他独奏 ）__jianpucn-457592/001.jpg
天上人间	jianpucn	68109	1	简谱	天上人间__jianpucn-68109	/home/caesium-132/jianpu/images-prep/jianpucn-feiyuqing/天上人间__jianpucn-68109/001.jpg
天上有个红太阳	qupu123	379993	2	简谱	天上有个红太阳__qupu123-379993	/home/caesium-132/jianpu/images-prep/qupu123-crawl/天上有个红太阳__qupu123-379993/001.jpg
天上的街市	qupu123	324371	3	改编	天上的街市（郭沫若诗_牟学农、朱树华曲、正谱）__qupu123-324371	/home/caesium-132/jianpu/images-prep/qupu123-crawl/天上的街市（郭沫若诗_牟学农、朱树华曲、正谱）__qupu123-324371/001.jpg
天上草原	qupu123	325405	3	改编	天上草原（刚.宝力道词_好必斯曲、正谱）__qupu123-325405	/home/caesium-132/jianpu/images-prep/qupu123-crawl/天上草原（刚.宝力道词_好必斯曲、正谱）__qupu123-325405/001.jpg
天下父母心	jianpujia	18896	1	简谱	天下父母心简谱(歌词)_谭晶、杨坤演唱_王wzh曲谱__jianpujia-18896	/home/caesium-132/jianpu/images-prep/jianpujia-7224/天下父母心简谱(歌词)_谭晶、杨坤演唱_王wzh曲谱__jianpujia-18896/001.jpg
天下百姓爱清官	qupu123	328741	1	简谱	天下百姓爱清官__qupu123-328741	/home/caesium-132/jianpu/images-prep/qupu123-sweep/天下百姓爱清官__qupu123-328741/001.jpg
天下茅山	qupu123	309233	1	简谱	天下茅山__qupu123-309233	/home/caesium-132/jianpu/images-prep/qupu123-sweep/天下茅山__qupu123-309233/001.jpg
天下黄氏	qupu123	375992	2	简谱	天下黄氏（黄氏族歌）__qupu123-375992	/home/caesium-132/jianpu/images-prep/qupu123-crawl/天下黄氏（黄氏族歌）__qupu123-375992/001.jpg
天亮了	jianpucn	280374	3	改编	天亮了 （F调单把吉他版）__jianpucn-280374	/home/caesium-132/jianpu/images-prep/jianpucn-hanhong/天亮了 （F调单把吉他版）__jianpucn-280374/001.jpg
天亮了-幸福版	jianpucn	101104	2	简谱	天亮了-幸福版__jianpucn-101104	/home/caesium-132/jianpu/images-prep/jianpucn-hanhong/天亮了-幸福版__jianpucn-101104/001.jpg
天使 吉他谱六线谱 许巍	qupu123	90823	4	改编	天使 吉他谱六线谱 许巍（卢家兴编 ）__qupu123-90823	/home/caesium-132/jianpu/images-prep/qupu123-xuwei/天使 吉他谱六线谱 许巍（卢家兴编 ）__qupu123-90823/001.jpg
天使 编	jianpucn	239733	4	简谱	天使 编__jianpucn-239733	/home/caesium-132/jianpu/images-prep/jianpucn-xuwei/天使 编__jianpucn-239733/001.jpg
天使-无月天	jianpucn	90896	1	简谱	天使-无月天__jianpucn-90896	/home/caesium-132/jianpu/images-prep/jianpucn-wuyuetian/天使-无月天__jianpucn-90896/001.jpg
天使与海豚	jianpucn	8612	1	简谱	天使与海豚__jianpucn-8612	/home/caesium-132/jianpu/images-prep/jianpucn-pop/天使与海豚__jianpucn-8612/001.jpg
天台 电影原声带 - 无助	jianpucn	226391	2	简谱	天台 电影原声带 - 无助__jianpucn-226391	/home/caesium-132/jianpu/images-prep/jianpucn-zhoujielun/天台 电影原声带 - 无助__jianpucn-226391/001.jpg
天台 电影原声带 - 美景	jianpucn	226278	2	简谱	天台 电影原声带 - 美景__jianpucn-226278	/home/caesium-132/jianpu/images-prep/jianpucn-zhoujielun/天台 电影原声带 - 美景__jianpucn-226278/001.jpg
天台 电影原声带--英雄之歌	jianpucn	226338	1	简谱	天台 电影原声带--英雄之歌__jianpucn-226338	/home/caesium-132/jianpu/images-prep/jianpucn-zhoujielun/天台 电影原声带--英雄之歌__jianpucn-226338/001.jpg
天台.电影原声带-水管的友情	jianpucn	226564	1	简谱	天台.电影原声带-水管的友情（C调版）__jianpucn-226564	/home/caesium-132/jianpu/images-prep/jianpucn-zhoujielun/天台.电影原声带-水管的友情（C调版）__jianpucn-226564/001.jpg
天台的月光	jianpucn	226187	2	改编	天台的月光（吴凌云完整钢琴版） 五线谱—__jianpucn-226187	/home/caesium-132/jianpu/images-prep/jianpucn-zhoujielun/天台的月光（吴凌云完整钢琴版） 五线谱—__jianpucn-226187/001.jpg
天台的月光 《天台爱情》插曲	jianpucn	227089	1	简谱	天台的月光 《天台爱情》插曲__jianpucn-227089	/home/caesium-132/jianpu/images-prep/jianpucn-zhoujielun/天台的月光 《天台爱情》插曲__jianpucn-227089/001.jpg
天台的月光 吴凌云版 完整钢琴版	jianpucn	226178	2	改编	天台的月光 吴凌云版 完整钢琴版__jianpucn-226178	/home/caesium-132/jianpu/images-prep/jianpucn-zhoujielun/天台的月光 吴凌云版 完整钢琴版__jianpucn-226178/001.jpg
天台的月光 钢琴独奏谱 五线谱—	jianpucn	226074	1	改编	天台的月光 钢琴独奏谱 五线谱— （鸠玖独奏版、带指法）__jianpucn-226074	/home/caesium-132/jianpu/images-prep/jianpucn-zhoujielun/天台的月光 钢琴独奏谱 五线谱— （鸠玖独奏版、带指法）__jianpucn-226074/001.jpg
天各一方	jianpucn	55256	1	简谱	天各一方(粤语)__jianpucn-55256	/home/caesium-132/jianpu/images-prep/jianpucn-liudehua/天各一方(粤语)__jianpucn-55256/001.jpg
天各一方-琴放版	jianpucn	10056	1	简谱	天各一方-琴放版__jianpucn-10056	/home/caesium-132/jianpu/images-prep/jianpucn-liudehua/天各一方-琴放版__jianpucn-10056/001.jpg
天各一方钢琴	jianpujia	245519	5	改编	天各一方钢琴简谱_刘德华演唱__jianpujia-245519	/home/caesium-132/jianpu/images-prep/jianpujia-art855/天各一方钢琴简谱_刘德华演唱__jianpujia-245519/001.png
天地都在我心中	jianpucn	4036	1	简谱	天地都在我心中__jianpucn-4036	/home/caesium-132/jianpu/images-prep/jianpucn-liuhuan/天地都在我心中__jianpucn-4036/001.jpg
天地香	qupu123	329493	1	简谱	天地香__qupu123-329493	/home/caesium-132/jianpu/images-prep/qupu123-sweep/天地香__qupu123-329493/001.jpg
天坛之约	jianpujia	20083	1	简谱	天坛之约简谱(歌词)_雷佳演唱_momoliu曲谱__jianpujia-20083	/home/caesium-132/jianpu/images-prep/jianpujia-6369/天坛之约简谱(歌词)_雷佳演唱_momoliu曲谱__jianpujia-20083/001.jpg
天外来物钢琴	jianpujia	153013	4	改编	天外来物钢琴简谱_数字双手_薛之谦__jianpujia-153013	/home/caesium-132/jianpu/images-prep/jianpujia-351/天外来物钢琴简谱_数字双手_薛之谦__jianpujia-153013/001.png
天河	qupu123	332315	2	简谱	天河（左保斌_词曲）__qupu123-332315	/home/caesium-132/jianpu/images-prep/qupu123-crawl/天河（左保斌_词曲）__qupu123-332315/001.jpg
天涯海角-弹唱 吉他类 流行	jianpucn	113121	2	改编	天涯海角-弹唱 吉他类 流行__jianpucn-113121	/home/caesium-132/jianpu/images-prep/jianpucn-pop/天涯海角-弹唱 吉他类 流行__jianpucn-113121/001.jpg
天空	jianpucn	103548	2	简谱	天空__jianpucn-103548	/home/caesium-132/jianpu/images-prep/jianpucn-caiyilin/天空__jianpucn-103548/001.jpg
天空 诗人	jianpucn	218330	2	简谱	天空 诗人__jianpucn-218330	/home/caesium-132/jianpu/images-prep/jianpucn-caiyilin/天空 诗人__jianpucn-218330/001.jpg
天空夜曲	jianpucn	218558	2	简谱	天空夜曲__jianpucn-218558	/home/caesium-132/jianpu/images-prep/jianpucn-zhoujielun/天空夜曲__jianpucn-218558/001.jpg
天空简单弹唱版	jianpucn	181081	1	改编	天空简单弹唱版__jianpucn-181081	/home/caesium-132/jianpu/images-prep/jianpucn-caiyilin/天空简单弹唱版__jianpucn-181081/001.jpg
天籁传奇	jianpucn	136950	1	简谱	天籁传奇__jianpucn-136950	/home/caesium-132/jianpu/images-prep/jianpucn-fenghuangchuanqi/天籁传奇__jianpucn-136950/001.jpg
天蓝蓝,海蓝蓝	qupu123	321376	12	改编	天蓝蓝,海蓝蓝（正谱）__qupu123-321376	/home/caesium-132/jianpu/images-prep/qupu123-crawl/天蓝蓝,海蓝蓝（正谱）__qupu123-321376/001.jpg
天路 1 D	jianpucn	420233	1	简谱	天路 1 D__jianpucn-420233	/home/caesium-132/jianpu/images-prep/jianpucn-hanhong/天路 1 D__jianpucn-420233/001.jpg
天路独奏	jianpucn	170882	2	改编	天路独奏__jianpucn-170882	/home/caesium-132/jianpu/images-prep/jianpucn-hanhong/天路独奏__jianpucn-170882/001.jpg
天边	jianpucn	305059	3	改编	天边（小提琴中提琴大提琴）弦乐五重奏__jianpucn-305059	/home/caesium-132/jianpu/images-prep/jianpucn-jiangyangzhuoma/天边（小提琴中提琴大提琴）弦乐五重奏__jianpucn-305059/001.jpg
天边的骆驼	jianpucn	83287	1	简谱	天边的骆驼(第1页)__jianpucn-83287	/home/caesium-132/jianpu/images-prep/jianpucn-jiangdawei/天边的骆驼(第1页)__jianpucn-83287/001.jpg
天都石榴红	qupu123	333303	1	简谱	天都石榴红__qupu123-333303	/home/caesium-132/jianpu/images-prep/qupu123-crawl/天都石榴红__qupu123-333303/001.gif
天长地久	jianpujia	20079	1	简谱	天长地久简谱(歌词)_王丽达汤子星演唱_momoliu曲谱__jianpujia-20079	/home/caesium-132/jianpu/images-prep/jianpujia-12500/天长地久简谱(歌词)_王丽达汤子星演唱_momoliu曲谱__jianpujia-20079/001.jpg
天黑 吉他类 流行	jianpucn	117727	2	改编	天黑 吉他类 流行__jianpucn-117727	/home/caesium-132/jianpu/images-prep/jianpucn-pop/天黑 吉他类 流行__jianpucn-117727/001.jpg
天黑 弹唱版 键盘类 钢琴	jianpucn	113479	2	改编	天黑 弹唱版 键盘类 钢琴__jianpucn-113479	/home/caesium-132/jianpu/images-prep/jianpucn-pop/天黑 弹唱版 键盘类 钢琴__jianpucn-113479/001.jpg
天黑-版本一	jianpucn	178223	2	简谱	天黑-版本一__jianpucn-178223	/home/caesium-132/jianpu/images-prep/jianpucn-pop/天黑-版本一__jianpucn-178223/001.jpg
天黑黑 歌曲类 钢琴伴奏谱	jianpucn	112577	2	改编	天黑黑 歌曲类 钢琴伴奏谱__jianpucn-112577	/home/caesium-132/jianpu/images-prep/jianpucn-pop/天黑黑 歌曲类 钢琴伴奏谱__jianpucn-112577/001.jpg
天黑黑 简化	jianpucn	215178	3	简谱	天黑黑 简化__jianpucn-215178	/home/caesium-132/jianpu/images-prep/jianpucn-pop/天黑黑 简化__jianpucn-215178/001.jpg
天黑黑-冰岛的雨季	jianpucn	100490	2	简谱	天黑黑-冰岛的雨季__jianpucn-100490	/home/caesium-132/jianpu/images-prep/jianpucn-pop/天黑黑-冰岛的雨季__jianpucn-100490/001.jpg
天黑黑-弹唱版	jianpucn	103707	2	改编	天黑黑-弹唱版__jianpucn-103707	/home/caesium-132/jianpu/images-prep/jianpucn-pop/天黑黑-弹唱版__jianpucn-103707/001.jpg
天黑黑弹唱版本	jianpucn	218343	2	改编	天黑黑弹唱版本__jianpucn-218343	/home/caesium-132/jianpu/images-prep/jianpucn-pop/天黑黑弹唱版本__jianpucn-218343/001.jpg
天黑黑指弹	jianpucn	457333	1	改编	天黑黑指弹 （ 吉他独奏 ）__jianpucn-457333	/home/caesium-132/jianpu/images-prep/jianpucn-pop/天黑黑指弹 （ 吉他独奏 ）__jianpucn-457333/001.jpg
天黑黑钢琴	jianpujia	149626	4	改编	天黑黑钢琴简谱_邓丽君演唱__jianpujia-149626	/home/caesium-132/jianpu/images-prep/jianpujia-1252/天黑黑钢琴简谱_邓丽君演唱__jianpujia-149626/001.png
太浦河之歌	qupu123	322342	3	改编	太浦河之歌（正谱）__qupu123-322342	/home/caesium-132/jianpu/images-prep/qupu123-crawl/太浦河之歌（正谱）__qupu123-322342/001.jpg
太湖水&nbsp;&nbsp;	jianpucn	475893	11	简谱	太湖水&nbsp;&nbsp;__jianpucn-475893	/home/caesium-132/jianpu/images-prep/test-jianpucn/太湖水&nbsp;&nbsp;__jianpucn-475893/001.jpg
太空e家	qupu123	328537	1	简谱	太空e家__qupu123-328537	/home/caesium-132/jianpu/images-prep/qupu123-sweep/太空e家__qupu123-328537/001.jpg
太阳出来照山坳	qupu123	335907	2	改编	太阳出来照山坳（男声重唱、五线谱）__qupu123-335907	/home/caesium-132/jianpu/images-prep/qupu123-crawl/太阳出来照山坳（男声重唱、五线谱）__qupu123-335907/001.jpg
太阳的故乡	qupu123	311068	1	简谱	太阳的故乡（谢安庆词 陈涤非曲）__qupu123-311068	/home/caesium-132/jianpu/images-prep/qupu123-sweep/太阳的故乡（谢安庆词 陈涤非曲）__qupu123-311068/001.jpg
失忆	jianpucn	4112	1	简谱	失忆__jianpucn-4112	/home/caesium-132/jianpu/images-prep/jianpucn-pop/失忆__jianpucn-4112/001.jpg
失忆蝴蝶	jianpujia	15473	9	简谱	失忆蝴蝶简谱_陈奕迅_不用沦为伴侣_别寻是惹非__jianpujia-15473	/home/caesium-132/jianpu/images-prep/jianpujia-315/失忆蝴蝶简谱_陈奕迅_不用沦为伴侣_别寻是惹非__jianpujia-15473/001.png
失忆蝴蝶钢琴	jianpujia	150740	8	改编	失忆蝴蝶钢琴简谱_陈奕迅演唱__jianpujia-150740	/home/caesium-132/jianpu/images-prep/jianpujia-art315/失忆蝴蝶钢琴简谱_陈奕迅演唱__jianpujia-150740/001.png
失联的爱	qupu123	306535	1	简谱	失联的爱__qupu123-306535	/home/caesium-132/jianpu/images-prep/qupu123-sweep/失联的爱__qupu123-306535/001.jpg
夸咱农村大变化	qupu123	333706	3	简谱	夸咱农村大变化（表演唱）__qupu123-333706	/home/caesium-132/jianpu/images-prep/qupu123-crawl/夸咱农村大变化（表演唱）__qupu123-333706/001.jpg
奇迹	jianpucn	279512	1	简谱	奇迹（ 演唱）__jianpucn-279512	/home/caesium-132/jianpu/images-prep/jianpucn-dengziqi/奇迹（ 演唱）__jianpucn-279512/001.jpg
奋斗能迎来万家欢	qupu123	326415	1	简谱	奋斗能迎来万家欢（刘岐山词 于珂群曲）__qupu123-326415	/home/caesium-132/jianpu/images-prep/qupu123-sweep/奋斗能迎来万家欢（刘岐山词 于珂群曲）__qupu123-326415/001.jpg
奔向大海	qupu123	110707	1	简谱	奔向大海（马熙词 纪普曲）__qupu123-110707	/home/caesium-132/jianpu/images-prep/_offtarget/奔向大海（马熙词 纪普曲）__qupu123-110707/001.jpg
女人四十才成花	qupu123	322104	1	简谱	女人四十才成花__qupu123-322104	/home/caesium-132/jianpu/images-prep/qupu123-sweep/女人四十才成花__qupu123-322104/001.jpg
女人如烟	qupu123	320089	1	简谱	女人如烟__qupu123-320089	/home/caesium-132/jianpu/images-prep/qupu123-sweep/女人如烟__qupu123-320089/001.jpg
女人的名字	jianpucn	4306	1	简谱	女人的名字__jianpucn-4306	/home/caesium-132/jianpu/images-prep/jianpucn-zhouhuajian/女人的名字__jianpucn-4306/001.jpg
女人花&nbsp;&nbsp;	jianpucn	34009	1	简谱	女人花&nbsp;&nbsp;__jianpucn-34009	/home/caesium-132/jianpu/images-prep/jianpucn-title/女人花&nbsp;&nbsp;__jianpucn-34009/001.jpg
女人花在秋冬	qupu123	306501	1	简谱	女人花在秋冬__qupu123-306501	/home/caesium-132/jianpu/images-prep/qupu123-sweep/女人花在秋冬__qupu123-306501/001.jpg
女人花开香天下	qupu123	312487	1	简谱	女人花开香天下__qupu123-312487	/home/caesium-132/jianpu/images-prep/qupu123-sweep/女人花开香天下__qupu123-312487/001.jpg
女人辛苦女人美	qupu123	317223	1	简谱	女人辛苦女人美__qupu123-317223	/home/caesium-132/jianpu/images-prep/qupu123-sweep/女人辛苦女人美__qupu123-317223/001.png
女人香	jianpucn	419923	2	改编	女人香(《吻别 歌曲改编的钢琴曲》)__jianpucn-419923	/home/caesium-132/jianpu/images-prep/jianpucn-zhangxueyou/女人香(《吻别 歌曲改编的钢琴曲》)__jianpucn-419923/001.jpg
女儿情	qupu123	1398	3	简谱	女儿情（电视剧《西游记》插曲）__qupu123-1398	/home/caesium-132/jianpu/images-prep/qupu123-crawl/女儿情（电视剧《西游记》插曲）__qupu123-1398/001.jpg
女校男生	jianpucn	103309	2	简谱	女校男生__jianpucn-103309	/home/caesium-132/jianpu/images-prep/jianpucn-twins/女校男生__jianpucn-103309/001.jpg
她在睡梦中-弹唱 吉他类 流行	jianpucn	112967	2	改编	她在睡梦中-弹唱 吉他类 流行__jianpucn-112967	/home/caesium-132/jianpu/images-prep/jianpucn-pushu/她在睡梦中-弹唱 吉他类 流行__jianpucn-112967/001.jpg
她教我的事	jianpucn	10157	1	简谱	她教我的事__jianpucn-10157	/home/caesium-132/jianpu/images-prep/jianpucn-pop/她教我的事__jianpucn-10157/001.jpg
她是我梦中的啬薇花	qupu123	305268	1	简谱	她是我梦中的啬薇花__qupu123-305268	/home/caesium-132/jianpu/images-prep/qupu123-sweep/她是我梦中的啬薇花__qupu123-305268/001.png
她来听我演唱会	jianpucn	177293	2	简谱	她来听我演唱会__jianpucn-177293	/home/caesium-132/jianpu/images-prep/jianpucn-zhangxueyou/她来听我演唱会__jianpucn-177293/001.jpg
她来听我的演唱会	jianpucn	461896	2	简谱	她来听我的演唱会 （ G调原版）__jianpucn-461896	/home/caesium-132/jianpu/images-prep/jianpucn-zhangxueyou/她来听我的演唱会 （ G调原版）__jianpucn-461896/001.jpg
她来听我的演唱会 -G调	jianpucn	468439	2	简谱	她来听我的演唱会 -G调__jianpucn-468439	/home/caesium-132/jianpu/images-prep/jianpucn-zhangxueyou/她来听我的演唱会 -G调__jianpucn-468439/001.jpg
她说 -C调	jianpucn	468533	2	简谱	她说 -C调__jianpucn-468533	/home/caesium-132/jianpu/images-prep/jianpucn-linjunjie/她说 -C调__jianpucn-468533/001.jpg
她说- 李雪吉他音乐	jianpucn	273594	2	改编	她说- 李雪吉他音乐__jianpucn-273594	/home/caesium-132/jianpu/images-prep/jianpucn-linjunjie/她说- 李雪吉他音乐__jianpucn-273594/001.jpg
她说高清谱	jianpucn	213046	1	简谱	她说高清谱__jianpucn-213046	/home/caesium-132/jianpu/images-prep/jianpucn-linjunjie/她说高清谱__jianpucn-213046/001.jpg
好久不见 初级进阶版	jianpucn	408005	1	改编	好久不见 初级进阶版 （ 吉他教学）__jianpucn-408005	/home/caesium-132/jianpu/images-prep/jianpucn-pop/好久不见 初级进阶版 （ 吉他教学）__jianpucn-408005/001.jpg
好久不见 初级进阶版 酷音小伟编谱	jianpucn	408272	1	简谱	好久不见 初级进阶版 酷音小伟编谱__jianpucn-408272	/home/caesium-132/jianpu/images-prep/jianpucn-pop/好久不见 初级进阶版 酷音小伟编谱__jianpucn-408272/001.jpg
好久不见 陈奕迅 吉他	qupu123	356800	2	改编	好久不见 陈奕迅 吉他弹唱谱__qupu123-356800	/home/caesium-132/jianpu/images-prep/qupu123-chenyixun/好久不见 陈奕迅 吉他弹唱谱__qupu123-356800/001.png
好久不见尤克里里谱	jianpucn	461255	1	改编	好久不见尤克里里谱（ C调带前奏版）__jianpucn-461255	/home/caesium-132/jianpu/images-prep/jianpucn-pop/好久不见尤克里里谱（ C调带前奏版）__jianpucn-461255/001.jpg
好久不见独奏	jianpucn	213559	3	改编	好久不见独奏__jianpucn-213559	/home/caesium-132/jianpu/images-prep/jianpucn-pop/好久不见独奏__jianpucn-213559/001.jpg
好久不见简单版 酷音小伟吉他教学	jianpucn	408273	1	改编	好久不见简单版 酷音小伟吉他教学__jianpucn-408273	/home/caesium-132/jianpu/images-prep/jianpucn-pop/好久不见简单版 酷音小伟吉他教学__jianpucn-408273/001.jpg
好久不见钢琴	jianpujia	248264	5	改编	好久不见钢琴简谱_陈奕迅演唱__jianpujia-248264	/home/caesium-132/jianpu/images-prep/jianpujia-art315/好久不见钢琴简谱_陈奕迅演唱__jianpujia-248264/001.png
好似一对金凤凰	qupu123	325036	3	改编	好似一对金凤凰（女声无伴奏合唱、五线谱）__qupu123-325036	/home/caesium-132/jianpu/images-prep/qupu123-crawl/好似一对金凤凰（女声无伴奏合唱、五线谱）__qupu123-325036/001.jpg
好兄弟	qupu123	323355	1	简谱	好兄弟（黑龙演唱版）__qupu123-323355	/home/caesium-132/jianpu/images-prep/qupu123-sweep/好兄弟（黑龙演唱版）__qupu123-323355/001.png
好好	jianpucn	468020	2	简谱	好好 （ C调）__jianpucn-468020	/home/caesium-132/jianpu/images-prep/jianpucn-wuyuetian/好好 （ C调）__jianpucn-468020/001.jpg
好想哭	jianpucn	53386	1	简谱	好想哭__jianpucn-53386	/home/caesium-132/jianpu/images-prep/jianpucn-zhouhuajian/好想哭__jianpucn-53386/001.jpg
好想对你说	qupu123	308655	1	简谱	好想对你说（欧阳晓波词曲）__qupu123-308655	/home/caesium-132/jianpu/images-prep/qupu123-sweep/好想对你说（欧阳晓波词曲）__qupu123-308655/001.png
好想爱这个世界啊尤克里里谱	jianpucn	461256	1	改编	好想爱这个世界啊尤克里里谱（ C调）__jianpucn-461256	/home/caesium-132/jianpu/images-prep/jianpucn-huachenyu/好想爱这个世界啊尤克里里谱（ C调）__jianpucn-461256/001.jpg
好想让你陪我到老	qupu123	308239	1	简谱	好想让你陪我到老__qupu123-308239	/home/caesium-132/jianpu/images-prep/qupu123-sweep/好想让你陪我到老__qupu123-308239/001.jpg
好日子 钢琴版	jianpucn	219647	2	改编	好日子 钢琴版__jianpucn-219647	/home/caesium-132/jianpu/images-prep/jianpucn-songzuying/好日子 钢琴版__jianpucn-219647/001.jpg
好梦开了头	jianpujia	18510	1	简谱	好梦开了头简谱(歌词)_雷佳演唱_王wzh曲谱__jianpujia-18510	/home/caesium-132/jianpu/images-prep/jianpujia-6369/好梦开了头简谱(歌词)_雷佳演唱_王wzh曲谱__jianpujia-18510/001.jpg
好男人不该让自己女人来哭泣	qupu123	310105	1	简谱	好男人不该让自己女人来哭泣__qupu123-310105	/home/caesium-132/jianpu/images-prep/qupu123-sweep/好男人不该让自己女人来哭泣__qupu123-310105/001.jpg
好男儿	qupu123	308571	1	简谱	好男儿（王立君词 姜丽娟曲）__qupu123-308571	/home/caesium-132/jianpu/images-prep/qupu123-sweep/好男儿（王立君词 姜丽娟曲）__qupu123-308571/001.jpg
好聚好散吉他	jianpucn	220380	1	改编	好聚好散吉他__jianpucn-220380	/home/caesium-132/jianpu/images-prep/jianpucn-renxianqi/好聚好散吉他__jianpucn-220380/001.jpg
好运旺	qupu123	307522	1	简谱	好运旺__qupu123-307522	/home/caesium-132/jianpu/images-prep/qupu123-sweep/好运旺__qupu123-307522/001.jpg
如今的你在哪里	qupu123	315445	1	简谱	如今的你在哪里__qupu123-315445	/home/caesium-132/jianpu/images-prep/qupu123-sweep/如今的你在哪里__qupu123-315445/001.jpg
如愿	jianpujia	231879	2	简谱	如愿(电影_我和我的父辈_主题推广曲)简谱_王菲演唱_日日爱日日未曲谱__jianpujia-231879	/home/caesium-132/jianpu/images-prep/jianpujia-art3395/如愿(电影_我和我的父辈_主题推广曲)简谱_王菲演唱_日日爱日日未曲谱__jianpujia-231879/001.png
如愿简谱歌词	jianpujia	235342	3	简谱	如愿简谱歌词_王菲演唱_电影_我和我的父辈_主题推广曲__jianpujia-235342	/home/caesium-132/jianpu/images-prep/jianpujia-art3395/如愿简谱歌词_王菲演唱_电影_我和我的父辈_主题推广曲__jianpujia-235342/001.png
如愿钢琴	jianpujia	249839	3	改编	如愿钢琴简谱_王菲演唱__jianpujia-249839	/home/caesium-132/jianpu/images-prep/jianpujia-art3395/如愿钢琴简谱_王菲演唱__jianpujia-249839/001.png
如月	qupu123	311036	1	简谱	如月__qupu123-311036	/home/caesium-132/jianpu/images-prep/qupu123-sweep/如月__qupu123-311036/001.png
如果	qupu123	328898	1	简谱	如果（花仙子词 快乐好歌曲）__qupu123-328898	/home/caesium-132/jianpu/images-prep/qupu123-sweep/如果（花仙子词 快乐好歌曲）__qupu123-328898/001.jpg
如果你要来	qupu123	304317	1	简谱	如果你要来__qupu123-304317	/home/caesium-132/jianpu/images-prep/qupu123-sweep/如果你要来__qupu123-304317/001.jpg
如果可以不爱&nbsp;&nbsp;	jianpucn	118474	1	简谱	如果可以不爱&nbsp;&nbsp;__jianpucn-118474	/home/caesium-132/jianpu/images-prep/jianpucn-title/如果可以不爱&nbsp;&nbsp;__jianpucn-118474/001.jpg
如果可以不爱你&nbsp;&nbsp;	jianpucn	135936	1	简谱	如果可以不爱你&nbsp;&nbsp;__jianpucn-135936	/home/caesium-132/jianpu/images-prep/jianpucn-title/如果可以不爱你&nbsp;&nbsp;__jianpucn-135936/001.jpg
如果可以原谅&nbsp;&nbsp;	jianpucn	421217	3	简谱	如果可以原谅&nbsp;&nbsp;__jianpucn-421217	/home/caesium-132/jianpu/images-prep/jianpucn-title/如果可以原谅&nbsp;&nbsp;__jianpucn-421217/001.jpg
如果可以爱&nbsp;&nbsp;	jianpucn	341013	1	简谱	如果可以爱&nbsp;&nbsp;__jianpucn-341013	/home/caesium-132/jianpu/images-prep/jianpucn-title/如果可以爱&nbsp;&nbsp;__jianpucn-341013/001.jpg
如果可以牵手	qupu123	49433	1	简谱	如果可以牵手__qupu123-49433	/home/caesium-132/jianpu/images-prep/qupu123-title/如果可以牵手__qupu123-49433/001.jpg
如果可以牵手&nbsp;&nbsp;	jianpucn	185343	1	简谱	如果可以牵手&nbsp;&nbsp;__jianpucn-185343	/home/caesium-132/jianpu/images-prep/jianpucn-title/如果可以牵手&nbsp;&nbsp;__jianpucn-185343/001.jpg
如果我们不曾相遇钢琴	jianpujia	380048	4	改编	如果我们不曾相遇钢琴简谱_五月天演唱__jianpujia-380048	/home/caesium-132/jianpu/images-prep/jianpujia-1192/如果我们不曾相遇钢琴简谱_五月天演唱__jianpujia-380048/001.png
如果我现在	jianpucn	537	3	简谱	如果我现在__jianpucn-537	/home/caesium-132/jianpu/images-prep/jianpucn-zhouhuajian/如果我现在__jianpucn-537/001.jpg
如果有一天	jianpucn	58745	1	简谱	如果有一天（道地绿茶2003广告歌）__jianpucn-58745	/home/caesium-132/jianpu/images-prep/jianpucn-liudehua/如果有一天（道地绿茶2003广告歌）__jianpucn-58745/001.jpg
如果有一天我变得很有钱	jianpucn	445540	2	改编	如果有一天我变得很有钱( G调弹唱谱)__jianpucn-445540	/home/caesium-132/jianpu/images-prep/jianpucn-maobuyi/如果有一天我变得很有钱( G调弹唱谱)__jianpucn-445540/001.jpg
如果没有-	jianpucn	117928	2	改编	如果没有-总谱__jianpucn-117928	/home/caesium-132/jianpu/images-prep/jianpucn-pop/如果没有-总谱__jianpucn-117928/001.jpg
如果没有你 -C调	jianpucn	464675	2	简谱	如果没有你 -C调__jianpucn-464675	/home/caesium-132/jianpu/images-prep/jianpucn-pop/如果没有你 -C调__jianpucn-464675/001.jpg
如果没有你 琅琅吉他原版	jianpucn	214272	1	改编	如果没有你 琅琅吉他原版__jianpucn-214272	/home/caesium-132/jianpu/images-prep/jianpucn-pop/如果没有你 琅琅吉他原版__jianpucn-214272/001.jpg
如果没有你1	jianpucn	4448	1	简谱	如果没有你1__jianpucn-4448	/home/caesium-132/jianpu/images-prep/jianpucn-pop/如果没有你1__jianpucn-4448/001.jpg
如果没有你2	jianpucn	4449	1	简谱	如果没有你2__jianpucn-4449	/home/caesium-132/jianpu/images-prep/jianpucn-pop/如果没有你2__jianpucn-4449/001.jpg
如果没有你——C调简易版	jianpucn	120763	2	简谱	如果没有你——C调简易版__jianpucn-120763	/home/caesium-132/jianpu/images-prep/jianpucn-pop/如果没有你——C调简易版__jianpucn-120763/001.jpg
如果没有你女声弹唱版 降B调	jianpucn	218552	2	改编	如果没有你女声弹唱版 降B调__jianpucn-218552	/home/caesium-132/jianpu/images-prep/jianpucn-pop/如果没有你女声弹唱版 降B调__jianpucn-218552/001.jpg
如果爱 歌曲类 钢琴伴奏谱	jianpucn	112362	2	改编	如果爱 歌曲类 钢琴伴奏谱__jianpucn-112362	/home/caesium-132/jianpu/images-prep/jianpucn-zhangxueyou/如果爱 歌曲类 钢琴伴奏谱__jianpucn-112362/001.jpg
如果爱-简易版-弹唱 吉他类 流行	jianpucn	113138	1	改编	如果爱-简易版-弹唱 吉他类 流行__jianpucn-113138	/home/caesium-132/jianpu/images-prep/jianpucn-zhangxueyou/如果爱-简易版-弹唱 吉他类 流行__jianpucn-113138/001.jpg
如果眼泪能够把往事带走	qupu123	308932	1	简谱	如果眼泪能够把往事带走__qupu123-308932	/home/caesium-132/jianpu/images-prep/qupu123-sweep/如果眼泪能够把往事带走__qupu123-308932/001.jpg
如果能在一起	jianpucn	11036	1	简谱	如果能在一起__jianpucn-11036	/home/caesium-132/jianpu/images-prep/jianpucn-pop/如果能在一起__jianpucn-11036/001.jpg
如果还有明天	qupu123	321908	1	简谱	如果还有明天（刘伟仁 词曲）__qupu123-321908	/home/caesium-132/jianpu/images-prep/qupu123-sweep/如果还有明天（刘伟仁 词曲）__qupu123-321908/001.png
如梦芙蕖深锁愁	qupu123	306529	1	简谱	如梦芙蕖深锁愁__qupu123-306529	/home/caesium-132/jianpu/images-prep/qupu123-sweep/如梦芙蕖深锁愁__qupu123-306529/001.png
如烟	jianpucn	165731	2	改编	如烟 吉他谱__jianpucn-165731	/home/caesium-132/jianpu/images-prep/jianpucn-wuyuetian/如烟 吉他谱__jianpucn-165731/001.jpg
妈妈 宝贝	jianpucn	345308	1	简谱	妈妈 宝贝__jianpucn-345308	/home/caesium-132/jianpu/images-prep/jianpucn-pop/妈妈 宝贝__jianpucn-345308/001.jpg
妈妈呀，我多么爱你	jianpujia	20017	1	简谱	妈妈呀，我多么爱你简谱(歌词)_雷佳演唱_momoliu曲谱__jianpujia-20017	/home/caesium-132/jianpu/images-prep/jianpujia-6369/妈妈呀，我多么爱你简谱(歌词)_雷佳演唱_momoliu曲谱__jianpujia-20017/001.jpg
妈妈的希望	jianpucn	285892	1	简谱	妈妈的希望（故事片《飘花头巾》插曲） —__jianpucn-285892	/home/caesium-132/jianpu/images-prep/jianpucn-pop/妈妈的希望（故事片《飘花头巾》插曲） —__jianpucn-285892/001.jpg
妈妈的生日	qupu123	319630	2	改编	妈妈的生日（王光池词_张烈曲、五线谱版）__qupu123-319630	/home/caesium-132/jianpu/images-prep/qupu123-crawl/妈妈的生日（王光池词_张烈曲、五线谱版）__qupu123-319630/001.jpg
妈妈的话-	jianpucn	101294	2	改编	妈妈的话-（完美总谱版——专心制谱）__jianpucn-101294	/home/caesium-132/jianpu/images-prep/jianpucn-zhoujielun/妈妈的话-（完美总谱版——专心制谱）__jianpucn-101294/001.jpg
妈妈，你快回来吧	qupu123	222001	1	简谱	妈妈，你快回来吧__qupu123-222001	/home/caesium-132/jianpu/images-prep/qupu123-mp088/妈妈，你快回来吧__qupu123-222001/001.jpg
妳好嗎	jianpucn	258927	2	简谱	妳好嗎（彈唱）__jianpucn-258927	/home/caesium-132/jianpu/images-prep/jianpucn-zhoujielun/妳好嗎（彈唱）__jianpucn-258927/001.jpg
妹妹的眼睛会放电	qupu123	308466	1	简谱	妹妹的眼睛会放电 （毛翰词 李翼曲）__qupu123-308466	/home/caesium-132/jianpu/images-prep/qupu123-sweep/妹妹的眼睛会放电 （毛翰词 李翼曲）__qupu123-308466/001.jpg
妹是凤凰莫展翅	qupu123	335885	2	改编	妹是凤凰莫展翅（男声二重唱、五线谱）__qupu123-335885	/home/caesium-132/jianpu/images-prep/qupu123-crawl/妹是凤凰莫展翅（男声二重唱、五线谱）__qupu123-335885/001.jpg
妻子	jianpujia	19960	1	简谱	妻子简谱(歌词)_谭晶演唱_沈公宝曲谱__jianpujia-19960	/home/caesium-132/jianpu/images-prep/jianpujia-7224/妻子简谱(歌词)_谭晶演唱_沈公宝曲谱__jianpujia-19960/001.png
始发站	qupu123	311962	1	简谱	始发站__qupu123-311962	/home/caesium-132/jianpu/images-prep/qupu123-sweep/始发站__qupu123-311962/001.jpg
始终会行运TVB电视剧	jianpujia	388543	1	简谱	始终会行运TVB电视剧_鹿鼎记_主题曲始终会行运TVB电视剧_鹿鼎记__主题曲简谱__jianpujia-388543	/home/caesium-132/jianpu/images-prep/jianpujia-cat388/始终会行运TVB电视剧_鹿鼎记_主题曲始终会行运TVB电视剧_鹿鼎记__主题曲简谱__jianpujia-388543/001.gif
姐妹俩	qupu123	226582	1	简谱	姐妹俩__qupu123-226582	/home/caesium-132/jianpu/images-prep/qupu123-mp056/姐妹俩__qupu123-226582/001.png
姐妹花	qupu123	337356	1	简谱	姐妹花__qupu123-337356	/home/caesium-132/jianpu/images-prep/qupu123-mp056/姐妹花__qupu123-337356/001.png
姐姐	qupu123	361867	1	改编	姐姐（乐队总谱）__qupu123-361867	/home/caesium-132/jianpu/images-prep/qupu123-mp003/姐姐（乐队总谱）__qupu123-361867/001.jpg
姑娘你太美	qupu123	311327	1	简谱	姑娘你太美__qupu123-311327	/home/caesium-132/jianpu/images-prep/qupu123-sweep/姑娘你太美__qupu123-311327/001.png
姑娘十八一朵花	jianpujia	18688	1	简谱	姑娘十八一朵花简谱(歌词)_邓丽君演唱_王wzh曲谱__jianpujia-18688	/home/caesium-132/jianpu/images-prep/jianpujia-1252/姑娘十八一朵花简谱(歌词)_邓丽君演唱_王wzh曲谱__jianpujia-18688/001.gif
姑娘站在马背上	qupu123	303129	1	简谱	姑娘站在马背上__qupu123-303129	/home/caesium-132/jianpu/images-prep/qupu123-sweep/姑娘站在马背上__qupu123-303129/001.jpg
姜育恒-驿动的心	jianpucn	95927	1	简谱	姜育恒-驿动的心__jianpucn-95927	/home/caesium-132/jianpu/images-prep/jianpucn-jiangyuheng/姜育恒-驿动的心__jianpucn-95927/001.jpg
姜育恒《驿动的心》前奏版超清谱 老歌大叔吉他教室出品	qupu123	342896	1	改编	姜育恒《驿动的心》前奏版超清谱 老歌大叔吉他教室出品__qupu123-342896	/home/caesium-132/jianpu/images-prep/qupu123-kw/姜育恒《驿动的心》前奏版超清谱 老歌大叔吉他教室出品__qupu123-342896/001.jpg
威廉古堡	jianpucn	101501	2	简谱	威廉古堡__jianpucn-101501	/home/caesium-132/jianpu/images-prep/jianpucn-zhoujielun/威廉古堡__jianpucn-101501/001.jpg
娱乐圈没有圈	qupu123	306660	1	简谱	娱乐圈没有圈__qupu123-306660	/home/caesium-132/jianpu/images-prep/qupu123-sweep/娱乐圈没有圈__qupu123-306660/001.jpg
婆婆就是妈	jianpujia	19647	1	简谱	婆婆就是妈简谱(歌词)_谭晶演唱_沈公宝记谱__jianpujia-19647	/home/caesium-132/jianpu/images-prep/jianpujia-7224/婆婆就是妈简谱(歌词)_谭晶演唱_沈公宝记谱__jianpujia-19647/001.png
婚礼上给女儿的歌	qupu123	311438	1	简谱	婚礼上给女儿的歌__qupu123-311438	/home/caesium-132/jianpu/images-prep/qupu123-sweep/婚礼上给女儿的歌__qupu123-311438/001.jpg
婚礼的祝福	jianpucn	8995	1	简谱	婚礼的祝福__jianpucn-8995	/home/caesium-132/jianpu/images-prep/jianpucn-pop/婚礼的祝福__jianpucn-8995/001.jpg
婚礼进行曲	jianpucn	100501	1	简谱	婚礼进行曲__jianpucn-100501	/home/caesium-132/jianpu/images-prep/jianpucn-liudehua/婚礼进行曲__jianpucn-100501/001.jpg
媳妇等我回家	qupu123	303258	1	简谱	媳妇等我回家（范修奎词 赵翔曲）__qupu123-303258	/home/caesium-132/jianpu/images-prep/qupu123-sweep/媳妇等我回家（范修奎词 赵翔曲）__qupu123-303258/001.jpg
孙楠韩红 美丽的神话	qupu123	368676	4	改编	孙楠韩红 美丽的神话 吉他谱（无限延音编配）__qupu123-368676	/home/caesium-132/jianpu/images-prep/qupu123-hanhong/孙楠韩红 美丽的神话 吉他谱（无限延音编配）__qupu123-368676/001.jpg
孙燕姿 天黑黑	qupu123	368486	4	改编	孙燕姿 天黑黑 吉他谱（无限延音编配）__qupu123-368486	/home/caesium-132/jianpu/images-prep/qupu123-sunyanzi/孙燕姿 天黑黑 吉他谱（无限延音编配）__qupu123-368486/001.jpg
孙燕姿 遇见 男生版	qupu123	348856	4	改编	孙燕姿 遇见 男生版 吉他谱（无限延音编配）__qupu123-348856	/home/caesium-132/jianpu/images-prep/qupu123-sunyanzi/孙燕姿 遇见 男生版 吉他谱（无限延音编配）__qupu123-348856/001.jpg
孙燕姿《遇见》考级版超清谱 老歌大叔吉他教室出品	qupu123	342716	3	改编	孙燕姿《遇见》考级版超清谱 老歌大叔吉他教室出品__qupu123-342716	/home/caesium-132/jianpu/images-prep/qupu123-sunyanzi/孙燕姿《遇见》考级版超清谱 老歌大叔吉他教室出品__qupu123-342716/001.jpg
孟母三迁	qupu123	326346	1	简谱	孟母三迁__qupu123-326346	/home/caesium-132/jianpu/images-prep/qupu123-sweep/孟母三迁__qupu123-326346/001.jpg
孤儿仔	jianpucn	103395	2	简谱	孤儿仔__jianpucn-103395	/home/caesium-132/jianpu/images-prep/jianpucn-pop/孤儿仔__jianpucn-103395/001.jpg
孤勇者钢琴	jianpujia	249974	6	改编	孤勇者钢琴简谱_陈奕迅演唱__jianpujia-249974	/home/caesium-132/jianpu/images-prep/jianpujia-art315/孤勇者钢琴简谱_陈奕迅演唱__jianpujia-249974/001.png
孤单心酸女	jianpucn	279548	1	简谱	孤单心酸女（闽南语歌曲）__jianpucn-279548	/home/caesium-132/jianpu/images-prep/jianpucn-denglijun/孤单心酸女（闽南语歌曲）__jianpucn-279548/001.jpg
孤心泪	jianpucn	213265	2	简谱	孤心泪__jianpucn-213265	/home/caesium-132/jianpu/images-prep/jianpucn-liudehua/孤心泪__jianpucn-213265/001.jpg
孤独娱乐钢琴	jianpujia	383574	6	改编	孤独娱乐钢琴简谱_林俊杰演唱__jianpujia-383574	/home/caesium-132/jianpu/images-prep/jianpujia-499/孤独娱乐钢琴简谱_林俊杰演唱__jianpujia-383574/001.png
孤独患者	jianpucn	463050	1	改编	孤独患者 （ C调原版编配）__jianpucn-463050	/home/caesium-132/jianpu/images-prep/jianpucn-pop/孤独患者 （ C调原版编配）__jianpucn-463050/001.jpg
孤独的心	qupu123	311030	1	简谱	孤独的心__qupu123-311030	/home/caesium-132/jianpu/images-prep/qupu123-sweep/孤独的心__qupu123-311030/001.png
孤芳自赏的花	qupu123	318591	1	简谱	孤芳自赏的花__qupu123-318591	/home/caesium-132/jianpu/images-prep/qupu123-sweep/孤芳自赏的花__qupu123-318591/001.jpg
孤雁	jianpujia	25996	1	简谱	孤雁简谱(歌词)_邓丽君演唱_秋叶起舞记谱上传__jianpujia-25996	/home/caesium-132/jianpu/images-prep/jianpujia-1252/孤雁简谱(歌词)_邓丽君演唱_秋叶起舞记谱上传__jianpujia-25996/001.gif
学不会	jianpucn	468474	1	改编	学不会 （ G调指法原版编配）__jianpucn-468474	/home/caesium-132/jianpu/images-prep/jianpucn-linjunjie/学不会 （ G调指法原版编配）__jianpucn-468474/001.jpg
学不会 钢琴伴奏	jianpucn	183345	1	改编	学不会 钢琴伴奏__jianpucn-183345	/home/caesium-132/jianpu/images-prep/jianpucn-linjunjie/学不会 钢琴伴奏__jianpucn-183345/001.jpg
学厨艺&nbsp;&nbsp;	jianpucn	475660	11	简谱	学厨艺&nbsp;&nbsp;__jianpucn-475660	/home/caesium-132/jianpu/images-prep/test-jianpucn/学厨艺&nbsp;&nbsp;__jianpucn-475660/001.jpg
学工歌&nbsp;&nbsp;	jianpucn	475663	11	简谱	学工歌&nbsp;&nbsp;__jianpucn-475663	/home/caesium-132/jianpu/images-prep/test-jianpucn/学工歌&nbsp;&nbsp;__jianpucn-475663/001.jpg
学电脑&nbsp;&nbsp;	jianpucn	475615	11	简谱	学电脑&nbsp;&nbsp;__jianpucn-475615	/home/caesium-132/jianpu/images-prep/test-jianpucn/学电脑&nbsp;&nbsp;__jianpucn-475615/001.jpg
孩子他妈	qupu123	326414	1	简谱	孩子他妈（刘岐山词 于珂群曲）__qupu123-326414	/home/caesium-132/jianpu/images-prep/qupu123-sweep/孩子他妈（刘岐山词 于珂群曲）__qupu123-326414/001.jpg
孩子王	jianpucn	58023	1	简谱	孩子王__jianpucn-58023	/home/caesium-132/jianpu/images-prep/jianpucn-zhouhuajian/孩子王__jianpucn-58023/001.jpg
宁夏 歌曲类 钢琴伴奏谱	jianpucn	112366	2	改编	宁夏 歌曲类 钢琴伴奏谱__jianpucn-112366	/home/caesium-132/jianpu/images-prep/jianpucn-pop/宁夏 歌曲类 钢琴伴奏谱__jianpucn-112366/001.jpg
宁夏-弹唱 吉他类 流行	jianpucn	113040	1	改编	宁夏-弹唱 吉他类 流行__jianpucn-113040	/home/caesium-132/jianpu/images-prep/jianpucn-pop/宁夏-弹唱 吉他类 流行__jianpucn-113040/001.jpg
宁夏-简易版-弹唱 吉他类 流行	jianpucn	113041	1	改编	宁夏-简易版-弹唱 吉他类 流行__jianpucn-113041	/home/caesium-132/jianpu/images-prep/jianpucn-pop/宁夏-简易版-弹唱 吉他类 流行__jianpucn-113041/001.jpg
宁夏—简易版 键盘类 钢琴	jianpucn	113645	1	改编	宁夏—简易版 键盘类 钢琴__jianpucn-113645	/home/caesium-132/jianpu/images-prep/jianpucn-pop/宁夏—简易版 键盘类 钢琴__jianpucn-113645/001.jpg
守候	qupu123	325532	1	简谱	守候（杜林栋词 江峰曲）__qupu123-325532	/home/caesium-132/jianpu/images-prep/qupu123-sweep/守候（杜林栋词 江峰曲）__qupu123-325532/001.jpg
守候在原地	qupu123	325188	1	简谱	守候在原地__qupu123-325188	/home/caesium-132/jianpu/images-prep/qupu123-sweep/守候在原地__qupu123-325188/001.jpg
守望草原	jianpucn	451556	4	简谱	守望草原（2021藏历春节联欢晚会））__jianpucn-451556	/home/caesium-132/jianpu/images-prep/jianpucn-jiangyangzhuoma/守望草原（2021藏历春节联欢晚会））__jianpucn-451556/001.jpg
安全感	jianpucn	103665	2	简谱	安全感__jianpucn-103665	/home/caesium-132/jianpu/images-prep/jianpucn-twins/安全感__jianpucn-103665/001.jpg
安全生产十条规定《小苹果》	qupu123	329354	1	简谱	安全生产十条规定《小苹果》__qupu123-329354	/home/caesium-132/jianpu/images-prep/qupu123-sweep/安全生产十条规定《小苹果》__qupu123-329354/001.jpg
安宁	jianpucn	177050	1	简谱	安宁__jianpucn-177050	/home/caesium-132/jianpu/images-prep/jianpucn-pop/安宁__jianpucn-177050/001.jpg
安静 伴奏谱	jianpucn	214242	2	改编	安静 伴奏谱__jianpucn-214242	/home/caesium-132/jianpu/images-prep/jianpucn-zhoujielun/安静 伴奏谱__jianpucn-214242/001.jpg
安静 歌曲类 钢琴伴奏谱	jianpucn	112297	2	改编	安静 歌曲类 钢琴伴奏谱__jianpucn-112297	/home/caesium-132/jianpu/images-prep/jianpucn-zhoujielun/安静 歌曲类 钢琴伴奏谱__jianpucn-112297/001.jpg
安静-演奏版	jianpucn	101148	2	简谱	安静-演奏版__jianpucn-101148	/home/caesium-132/jianpu/images-prep/jianpucn-zhoujielun/安静-演奏版__jianpucn-101148/001.jpg
安静-简易版 键盘类 钢琴	jianpucn	114299	2	改编	安静-简易版 键盘类 钢琴__jianpucn-114299	/home/caesium-132/jianpu/images-prep/jianpucn-zhoujielun/安静-简易版 键盘类 钢琴__jianpucn-114299/001.jpg
安静2	jianpucn	208744	2	简谱	安静2__jianpucn-208744	/home/caesium-132/jianpu/images-prep/jianpucn-zhoujielun/安静2__jianpucn-208744/001.jpg
安静The One演唱会版	jianpucn	103542	2	改编	安静The One演唱会版（总谱）__jianpucn-103542	/home/caesium-132/jianpu/images-prep/jianpucn-zhoujielun/安静The One演唱会版（总谱）__jianpucn-103542/001.jpg
安静周杰伦词曲、带和弦谱	jianpujia	404844	2	改编	安静周杰伦词曲、带和弦谱简谱_周杰伦演唱_周杰伦_周杰伦词曲__jianpujia-404844	/home/caesium-132/jianpu/images-prep/jianpujia-583/安静周杰伦词曲、带和弦谱简谱_周杰伦演唱_周杰伦_周杰伦词曲__jianpujia-404844/001.png
安静认证谱	jianpucn	175376	1	简谱	安静认证谱__jianpucn-175376	/home/caesium-132/jianpu/images-prep/jianpucn-zhoujielun/安静认证谱__jianpucn-175376/001.jpg
宋祖英-大地飞歌	jianpucn	95907	1	简谱	宋祖英-大地飞歌__jianpucn-95907	/home/caesium-132/jianpu/images-prep/jianpucn-songzuying/宋祖英-大地飞歌__jianpucn-95907/001.jpg
完-	jianpucn	242155	2	简谱	完-__jianpucn-242155	/home/caesium-132/jianpu/images-prep/jianpucn-pop/完-__jianpucn-242155/001.jpg
完- -修改版	jianpucn	242323	2	简谱	完- -修改版__jianpucn-242323	/home/caesium-132/jianpu/images-prep/jianpucn-pop/完- -修改版__jianpucn-242323/001.jpg
完全的拥有	jianpucn	208762	1	简谱	完全的拥有__jianpucn-208762	/home/caesium-132/jianpu/images-prep/jianpucn-beyond/完全的拥有__jianpucn-208762/001.jpg
完美主义	jianpucn	102116	2	简谱	完美主义__jianpucn-102116	/home/caesium-132/jianpu/images-prep/jianpucn-zhoujielun/完美主义__jianpucn-102116/001.jpg
完美新世界	jianpucn	201218	1	简谱	完美新世界__jianpucn-201218	/home/caesium-132/jianpu/images-prep/jianpucn-linjunjie/完美新世界__jianpucn-201218/001.jpg
完美生活-扫描	jianpucn	201581	1	简谱	完美生活-扫描__jianpucn-201581	/home/caesium-132/jianpu/images-prep/jianpucn-xuwei/完美生活-扫描__jianpucn-201581/001.jpg
完美的一天	jianpucn	2815	1	简谱	完美的一天__jianpucn-2815	/home/caesium-132/jianpu/images-prep/jianpucn-pop/完美的一天__jianpucn-2815/001.jpg
宏义钢铁汉	qupu123	333052	2	简谱	宏义钢铁汉__qupu123-333052	/home/caesium-132/jianpu/images-prep/qupu123-crawl/宏义钢铁汉__qupu123-333052/001.jpg
宜昌队&nbsp;&nbsp;	jianpucn	475898	11	简谱	宜昌队&nbsp;&nbsp;__jianpucn-475898	/home/caesium-132/jianpu/images-prep/test-jianpucn/宜昌队&nbsp;&nbsp;__jianpucn-475898/001.jpg
宜春我的家	qupu123	306986	1	简谱	宜春我的家__qupu123-306986	/home/caesium-132/jianpu/images-prep/qupu123-sweep/宜春我的家__qupu123-306986/001.jpg
宝贝	jianpujia	19990	1	简谱	宝贝简谱(歌词)_王丽达演唱_momoliu曲谱__jianpujia-19990	/home/caesium-132/jianpu/images-prep/jianpujia-12500/宝贝简谱(歌词)_王丽达演唱_momoliu曲谱__jianpujia-19990/001.jpg
宠辱不惊	qupu123	310398	1	简谱	宠辱不惊（蒋燕 词曲）__qupu123-310398	/home/caesium-132/jianpu/images-prep/qupu123-sweep/宠辱不惊（蒋燕 词曲）__qupu123-310398/001.jpg
客家凉帽	qupu123	305549	1	简谱	客家凉帽__qupu123-305549	/home/caesium-132/jianpu/images-prep/qupu123-sweep/客家凉帽__qupu123-305549/001.jpg
害怕	jianpucn	29914	2	简谱	害怕__jianpucn-29914	/home/caesium-132/jianpu/images-prep/jianpucn-pop/害怕__jianpucn-29914/001.jpg
害怕 伴奏	jianpucn	218648	2	改编	害怕 伴奏__jianpucn-218648	/home/caesium-132/jianpu/images-prep/jianpucn-linjunjie/害怕 伴奏__jianpucn-218648/001.jpg
害怕 钢琴独奏	jianpucn	244289	2	改编	害怕 钢琴独奏__jianpucn-244289	/home/caesium-132/jianpu/images-prep/jianpucn-linjunjie/害怕 钢琴独奏__jianpucn-244289/001.jpg
家 许巍	qupu123	371497	3	改编	家 许巍 （免费吉他谱）__qupu123-371497	/home/caesium-132/jianpu/images-prep/qupu123-xuwei/家 许巍 （免费吉他谱）__qupu123-371497/001.png
家乡	jianpucn	100573	2	简谱	家乡__jianpucn-100573	/home/caesium-132/jianpu/images-prep/jianpucn-hanhong/家乡__jianpucn-100573/001.jpg
家乡人	jianpucn	467492	1	改编	家乡人 （ 周深 C调原版编配）__jianpucn-467492	/home/caesium-132/jianpu/images-prep/jianpucn-maobuyi/家乡人 （ 周深 C调原版编配）__jianpucn-467492/001.jpg
家人	jianpujia	18453	1	简谱	家人简谱(歌词)_谭晶演唱_王wzh曲谱__jianpujia-18453	/home/caesium-132/jianpu/images-prep/jianpujia-7224/家人简谱(歌词)_谭晶演唱_王wzh曲谱__jianpujia-18453/001.jpg
家住大海边	qupu123	47164	1	简谱	家住大海边__qupu123-47164	/home/caesium-132/jianpu/images-prep/_offtarget/家住大海边__qupu123-47164/001.jpg
家是什么	qupu123	316955	1	简谱	家是什么（康健春词 武秀林曲）__qupu123-316955	/home/caesium-132/jianpu/images-prep/qupu123-sweep/家是什么（康健春词 武秀林曲）__qupu123-316955/001.jpg
家是有爱的地方	qupu123	319237	1	简谱	家是有爱的地方__qupu123-319237	/home/caesium-132/jianpu/images-prep/qupu123-sweep/家是有爱的地方__qupu123-319237/001.jpg
家门	qupu123	322962	1	简谱	家门（纪铭战词 南风曲）__qupu123-322962	/home/caesium-132/jianpu/images-prep/qupu123-sweep/家门（纪铭战词 南风曲）__qupu123-322962/001.jpg
家风	jianpujia	20122	1	简谱	家风简谱(歌词)_王丽达汤子星演唱_momoliu曲谱__jianpujia-20122	/home/caesium-132/jianpu/images-prep/jianpujia-12500/家风简谱(歌词)_王丽达汤子星演唱_momoliu曲谱__jianpujia-20122/001.jpg
家风百字歌	qupu123	328568	1	简谱	家风百字歌__qupu123-328568	/home/caesium-132/jianpu/images-prep/qupu123-sweep/家风百字歌__qupu123-328568/001.jpg
容易受伤的女人钢琴	jianpujia	250144	4	改编	容易受伤的女人钢琴简谱_王菲演唱__jianpujia-250144	/home/caesium-132/jianpu/images-prep/jianpujia-art3395/容易受伤的女人钢琴简谱_王菲演唱__jianpujia-250144/001.png
容祖儿	qupu123	353764	3	改编	容祖儿_林俊杰 这就是爱吗 吉他谱（无限延音编配）__qupu123-353764	/home/caesium-132/jianpu/images-prep/qupu123-linjunjie/容祖儿_林俊杰 这就是爱吗 吉他谱（无限延音编配）__qupu123-353764/001.jpg
寂寞为谁哭泣	qupu123	323260	1	简谱	寂寞为谁哭泣__qupu123-323260	/home/caesium-132/jianpu/images-prep/qupu123-sweep/寂寞为谁哭泣__qupu123-323260/001.png
寂寞无声	jianpucn	109473	2	简谱	寂寞无声（简谱版）__jianpucn-109473	/home/caesium-132/jianpu/images-prep/jianpucn-pop/寂寞无声（简谱版）__jianpucn-109473/001.jpg
寂寞星球	jianpucn	195181	2	简谱	寂寞星球__jianpucn-195181	/home/caesium-132/jianpu/images-prep/jianpucn-wuyuetian/寂寞星球__jianpucn-195181/001.jpg
寂寞沙洲冷-简易版-弹唱 吉他类 流行	jianpucn	112973	1	改编	寂寞沙洲冷-简易版-弹唱 吉他类 流行__jianpucn-112973	/home/caesium-132/jianpu/images-prep/jianpucn-zhouchuanxiong/寂寞沙洲冷-简易版-弹唱 吉他类 流行__jianpucn-112973/001.jpg
寂寞沙洲思念谁	jianpucn	293930	1	简谱	寂寞沙洲思念谁（ukulele四 ）__jianpucn-293930	/home/caesium-132/jianpu/images-prep/jianpucn-zhouchuanxiong/寂寞沙洲思念谁（ukulele四 ）__jianpucn-293930/001.jpg
寂寞的男人	jianpucn	419921	2	改编	寂寞的男人(《吻别 歌曲改编的钢琴曲》)__jianpucn-419921	/home/caesium-132/jianpu/images-prep/jianpucn-zhangxueyou/寂寞的男人(《吻别 歌曲改编的钢琴曲》)__jianpucn-419921/001.jpg
寂寞的眼	jianpucn	5608	1	简谱	寂寞的眼__jianpucn-5608	/home/caesium-132/jianpu/images-prep/jianpucn-zhouhuajian/寂寞的眼__jianpucn-5608/001.jpg
寂寞花	qupu123	305467	1	简谱	寂寞花__qupu123-305467	/home/caesium-132/jianpu/images-prep/qupu123-sweep/寂寞花__qupu123-305467/001.jpg
寂寞让你更快乐	jianpucn	285768	1	简谱	寂寞让你更快乐__jianpucn-285768	/home/caesium-132/jianpu/images-prep/jianpucn-pop/寂寞让你更快乐__jianpucn-285768/001.jpg
寂寞里徘徊 渴望里等待	qupu123	313422	1	简谱	寂寞里徘徊 渴望里等待（萧思林词 于洪涛曲）__qupu123-313422	/home/caesium-132/jianpu/images-prep/_offtarget/寂寞里徘徊 渴望里等待（萧思林词 于洪涛曲）__qupu123-313422/001.jpg
寂寞难耐 卢家兴	jianpucn	222079	2	简谱	寂寞难耐 卢家兴__jianpucn-222079	/home/caesium-132/jianpu/images-prep/jianpucn-lizongsheng/寂寞难耐 卢家兴__jianpucn-222079/001.jpg
寂寞难耐尤克里里谱	jianpucn	462364	1	改编	寂寞难耐尤克里里谱（ G调尤克里里弹唱谱）__jianpucn-462364	/home/caesium-132/jianpu/images-prep/jianpucn-pop/寂寞难耐尤克里里谱（ G调尤克里里弹唱谱）__jianpucn-462364/001.jpg
寂静之声	qupu123	358463	1	简谱	寂静之声（The Sound of Silence）__qupu123-358463	/home/caesium-132/jianpu/images-prep/qupu123-west/寂静之声（The Sound of Silence）__qupu123-358463/001.jpg
寄明月&nbsp;&nbsp;	jianpucn	475792	8	简谱	寄明月&nbsp;&nbsp;__jianpucn-475792	/home/caesium-132/jianpu/images-prep/test-jianpucn/寄明月&nbsp;&nbsp;__jianpucn-475792/001.jpg
寄相思风雨中&nbsp;&nbsp;	jianpucn	119082	1	简谱	寄相思风雨中&nbsp;&nbsp;__jianpucn-119082	/home/caesium-132/jianpu/images-prep/jianpucn-title/寄相思风雨中&nbsp;&nbsp;__jianpucn-119082/001.jpg
寄语江南	qupu123	328708	1	简谱	寄语江南__qupu123-328708	/home/caesium-132/jianpu/images-prep/qupu123-sweep/寄语江南__qupu123-328708/001.jpg
富士山下钢琴	jianpujia	245438	8	改编	富士山下钢琴简谱_陈奕迅演唱__jianpujia-245438	/home/caesium-132/jianpu/images-prep/jianpujia-art315/富士山下钢琴简谱_陈奕迅演唱__jianpujia-245438/001.png
富贵梦	qupu123	370102	3	简谱	富贵梦__qupu123-370102	/home/caesium-132/jianpu/images-prep/qupu123-crawl/富贵梦__qupu123-370102/001.jpg
寒夜曲	qupu123	325031	1	简谱	寒夜曲__qupu123-325031	/home/caesium-132/jianpu/images-prep/qupu123-sweep/寒夜曲__qupu123-325031/001.jpg
寒山问拾得	qupu123	304197	1	简谱	寒山问拾得__qupu123-304197	/home/caesium-132/jianpu/images-prep/qupu123-sweep/寒山问拾得__qupu123-304197/001.jpg
寒鸦少年尤克里里谱	jianpucn	462786	1	改编	寒鸦少年尤克里里谱（ G调带前奏版）__jianpucn-462786	/home/caesium-132/jianpu/images-prep/jianpucn-huachenyu/寒鸦少年尤克里里谱（ G调带前奏版）__jianpucn-462786/001.jpg
寓言	qupu123	321574	1	简谱	寓言（东荡子词 林夕子曲）__qupu123-321574	/home/caesium-132/jianpu/images-prep/qupu123-sweep/寓言（东荡子词 林夕子曲）__qupu123-321574/001.jpg
寸心泪	qupu123	312737	1	简谱	寸心泪__qupu123-312737	/home/caesium-132/jianpu/images-prep/qupu123-sweep/寸心泪__qupu123-312737/001.jpg
对不起没关系	jianpujia	22083	1	简谱	对不起没关系简谱(歌词)_儿歌_谱友好心情999上传__jianpujia-22083	/home/caesium-132/jianpu/images-prep/jianpujia-3462/对不起没关系简谱(歌词)_儿歌_谱友好心情999上传__jianpujia-22083/001.gif
对不起谢谢	jianpucn	170474	2	简谱	对不起谢谢__jianpucn-170474	/home/caesium-132/jianpu/images-prep/jianpucn-pop/对不起谢谢__jianpucn-170474/001.jpg
对你有感觉-弹唱版	jianpucn	101468	2	改编	对你有感觉-弹唱版__jianpucn-101468	/home/caesium-132/jianpu/images-prep/jianpucn-pop/对你有感觉-弹唱版__jianpucn-101468/001.jpg
对命运说不	qupu123	329694	1	简谱	对命运说不__qupu123-329694	/home/caesium-132/jianpu/images-prep/qupu123-sweep/对命运说不__qupu123-329694/001.jpg
对月思乡	jianpucn	475896	11	简谱	对月思乡__jianpucn-475896	/home/caesium-132/jianpu/images-prep/ready2/对月思乡__jianpucn-475896/001.jpg
对爸妈说说心里话	qupu123	323214	1	简谱	对爸妈说说心里话__qupu123-323214	/home/caesium-132/jianpu/images-prep/qupu123-sweep/对爸妈说说心里话__qupu123-323214/001.png
寻找莫扎特1	jianpucn	96560	1	简谱	寻找莫扎特1__jianpucn-96560	/home/caesium-132/jianpu/images-prep/jianpucn-twins/寻找莫扎特1__jianpucn-96560/001.jpg
寻福	jianpucn	119061	2	简谱	寻福__jianpucn-119061	/home/caesium-132/jianpu/images-prep/jianpucn-zhangxueyou/寻福__jianpucn-119061/001.jpg
将仲子	qupu123	322553	3	改编	将仲子（正谱）__qupu123-322553	/home/caesium-132/jianpu/images-prep/qupu123-crawl/将仲子（正谱）__qupu123-322553/001.jpg
将军令钢琴	jianpujia	150237	6	改编	将军令钢琴简谱_五月天演唱__jianpujia-150237	/home/caesium-132/jianpu/images-prep/jianpujia-1192/将军令钢琴简谱_五月天演唱__jianpujia-150237/001.png
将故事写成我们	jianpucn	469232	2	改编	将故事写成我们 （ G调原版编配）__jianpucn-469232	/home/caesium-132/jianpu/images-prep/jianpucn-linjunjie/将故事写成我们 （ G调原版编配）__jianpucn-469232/001.jpg
将来的歌 -	jianpucn	103277	2	简谱	将来的歌 -（无与伦比）__jianpucn-103277	/home/caesium-132/jianpu/images-prep/jianpucn-zhoujielun/将来的歌 -（无与伦比）__jianpucn-103277/001.jpg
将爱情进行到底	jianpucn	56211	1	简谱	将爱情进行到底__jianpucn-56211	/home/caesium-132/jianpu/images-prep/jianpucn-pop/将爱情进行到底__jianpucn-56211/001.jpg
小上海&nbsp;&nbsp;	jianpucn	475628	11	简谱	小上海&nbsp;&nbsp;__jianpucn-475628	/home/caesium-132/jianpu/images-prep/test-jianpucn/小上海&nbsp;&nbsp;__jianpucn-475628/001.jpg
小丑钢琴	jianpujia	387907	5	改编	小丑钢琴简谱_毛不易演唱__jianpujia-387907	/home/caesium-132/jianpu/images-prep/jianpujia-362/小丑钢琴简谱_毛不易演唱__jianpujia-387907/001.png
小司机	jianpujia	22079	1	简谱	小司机简谱(歌词)_儿歌_好心情曲谱__jianpujia-22079	/home/caesium-132/jianpu/images-prep/jianpujia-3462/小司机简谱(歌词)_儿歌_好心情曲谱__jianpujia-22079/001.gif
小城故事 两版本—	jianpucn	231999	2	简谱	小城故事 两版本—__jianpucn-231999	/home/caesium-132/jianpu/images-prep/jianpucn-denglijun/小城故事 两版本—__jianpucn-231999/001.jpg
小城故事C调	jianpucn	216260	2	简谱	小城故事C调__jianpucn-216260	/home/caesium-132/jianpu/images-prep/jianpucn-denglijun/小城故事C调__jianpucn-216260/001.jpg
小城故事怀旧经典	jianpucn	472992	1	简谱	小城故事怀旧经典__jianpucn-472992	/home/caesium-132/jianpu/images-prep/jianpucn-denglijun/小城故事怀旧经典__jianpucn-472992/001.jpg
小城故事编号-004	jianpucn	469451	3	简谱	小城故事编号-004__jianpucn-469451	/home/caesium-132/jianpu/images-prep/jianpucn-denglijun/小城故事编号-004__jianpucn-469451/001.jpg
小城故事钢琴	jianpujia	148668	4	改编	小城故事钢琴简谱_邓丽君演唱__jianpujia-148668	/home/caesium-132/jianpu/images-prep/jianpujia-1252/小城故事钢琴简谱_邓丽君演唱__jianpujia-148668/001.png
小奶牛	jianpujia	22060	1	简谱	小奶牛简谱(歌词)_儿歌_好心情曲谱__jianpujia-22060	/home/caesium-132/jianpu/images-prep/jianpujia-3462/小奶牛简谱(歌词)_儿歌_好心情曲谱__jianpujia-22060/001.gif
小娃娃跌倒啦	jianpujia	22077	1	简谱	小娃娃跌倒啦简谱(歌词)_儿歌_谱友好心情999上传__jianpujia-22077	/home/caesium-132/jianpu/images-prep/jianpujia-3462/小娃娃跌倒啦简谱(歌词)_儿歌_谱友好心情999上传__jianpujia-22077/001.gif
小孩子大梦想二部合唱谱	jianpucn	474741	11	简谱	小孩子大梦想二部合唱谱__jianpucn-474741	/home/caesium-132/jianpu/images-prep/ready4/小孩子大梦想二部合唱谱__jianpucn-474741/001.jpg
小小周杰伦词方文山曲小小周杰伦词	jianpujia	406223	1	简谱	小小周杰伦词方文山曲小小周杰伦词_方文山曲简谱__jianpujia-406223	/home/caesium-132/jianpu/images-prep/jianpujia-583/小小周杰伦词方文山曲小小周杰伦词_方文山曲简谱__jianpujia-406223/001.png
小小少年	jianpujia	15561	4	简谱	小小少年简谱_儿歌_你还记得那个小小少年吗__jianpujia-15561	/home/caesium-132/jianpu/images-prep/jianpujia-3462/小小少年简谱_儿歌_你还记得那个小小少年吗__jianpujia-15561/001.png
小小白鸽	jianpujia	22138	1	简谱	小小白鸽简谱(歌词)_儿歌_谱友好心情999上传__jianpujia-22138	/home/caesium-132/jianpu/images-prep/jianpujia-3462/小小白鸽简谱(歌词)_儿歌_谱友好心情999上传__jianpujia-22138/001.gif
小小野菊花	qupu123	332314	2	简谱	小小野菊花（左保斌_词曲）__qupu123-332314	/home/caesium-132/jianpu/images-prep/qupu123-crawl/小小野菊花（左保斌_词曲）__qupu123-332314/001.jpg
小情歌	qupu123	377948	1	简谱	小情歌__qupu123-377948	/home/caesium-132/jianpu/images-prep/qupu123-mp083/小情歌__qupu123-377948/001.jpg
小斑鸠对我说	jianpujia	22067	1	简谱	小斑鸠对我说简谱(歌词)_儿歌_谱友好心情999上传__jianpujia-22067	/home/caesium-132/jianpu/images-prep/jianpujia-3462/小斑鸠对我说简谱(歌词)_儿歌_谱友好心情999上传__jianpujia-22067/001.gif
小星星广告版钢琴	jianpujia	148698	3	改编	小星星广告版钢琴简谱_儿歌演唱__jianpujia-148698	/home/caesium-132/jianpu/images-prep/jianpujia-3462/小星星广告版钢琴简谱_儿歌演唱__jianpujia-148698/001.png
小树	qupu123	324641	2	简谱	小树（张冰词_方翔曲）__qupu123-324641	/home/caesium-132/jianpu/images-prep/qupu123-crawl/小树（张冰词_方翔曲）__qupu123-324641/001.jpg
小桥	jianpucn	43149	1	改编	小桥(五线谱_简谱对照)__jianpucn-43149	/home/caesium-132/jianpu/images-prep/jianpucn-jiangdawei/小桥(五线谱_简谱对照)__jianpucn-43149/001.jpg
小桥流水	jianpujia	19661	1	简谱	小桥流水简谱(歌词)_雷佳演唱_沈公宝_记谱__jianpujia-19661	/home/caesium-132/jianpu/images-prep/jianpujia-6369/小桥流水简谱(歌词)_雷佳演唱_沈公宝_记谱__jianpujia-19661/001.png
小棋童	jianpujia	15436	11	简谱	小棋童简谱_双笙_一首很妙的古风歌曲__jianpujia-15436	/home/caesium-132/jianpu/images-prep/jianpujia-1106/小棋童简谱_双笙_一首很妙的古风歌曲__jianpujia-15436/001.png
小楼一夜听风雨	qupu123	308785	1	简谱	小楼一夜听风雨__qupu123-308785	/home/caesium-132/jianpu/images-prep/qupu123-sweep/小楼一夜听风雨__qupu123-308785/001.jpg
小毛驴	jianpujia	15745	3	简谱	小毛驴简谱_儿歌_我有一只顽皮的小毛驴__jianpujia-15745	/home/caesium-132/jianpu/images-prep/jianpujia-3462/小毛驴简谱_儿歌_我有一只顽皮的小毛驴__jianpujia-15745/001.png
小河淌水	jianpucn	56392	2	简谱	小河淌水__jianpucn-56392	/home/caesium-132/jianpu/images-prep/jianpucn-songzuying/小河淌水__jianpucn-56392/001.jpg
小烦恼没什么大不了	jianpujia	11909	2	简谱	小烦恼没什么大不了简谱(歌词)_许嵩演唱_桃李醉春风记谱__jianpujia-11909	/home/caesium-132/jianpu/images-prep/jianpujia-693/小烦恼没什么大不了简谱(歌词)_许嵩演唱_桃李醉春风记谱__jianpujia-11909/001.gif
小燕子儿歌	jianpujia	74647	1	简谱	小燕子儿歌简谱_鞠萍演唱__jianpujia-74647	/home/caesium-132/jianpu/images-prep/jianpujia-3462/小燕子儿歌简谱_鞠萍演唱__jianpujia-74647/001.gif
小爱情	qupu123	312492	1	简谱	小爱情（Lynn词 邦子曲）__qupu123-312492	/home/caesium-132/jianpu/images-prep/qupu123-sweep/小爱情（Lynn词 邦子曲）__qupu123-312492/001.jpg
小猫抓老鼠	qupu123	328292	2	简谱	小猫抓老鼠（罗晓航词曲）__qupu123-328292	/home/caesium-132/jianpu/images-prep/qupu123-crawl/小猫抓老鼠（罗晓航词曲）__qupu123-328292/001.jpg
小瑞哥	qupu123	315125	1	简谱	小瑞哥__qupu123-315125	/home/caesium-132/jianpu/images-prep/qupu123-sweep/小瑞哥__qupu123-315125/001.jpg
小白兔白又白钢琴	jianpujia	255717	4	改编	小白兔白又白钢琴简谱_儿歌演唱__jianpujia-255717	/home/caesium-132/jianpu/images-prep/jianpujia-cat3462/小白兔白又白钢琴简谱_儿歌演唱__jianpujia-255717/001.png
小篱笆	jianpujia	22092	1	简谱	小篱笆简谱(歌词)_儿歌_谱友好心情999上传__jianpujia-22092	/home/caesium-132/jianpu/images-prep/jianpujia-3462/小篱笆简谱(歌词)_儿歌_谱友好心情999上传__jianpujia-22092/001.gif
小红帽钢琴	jianpujia	245722	4	改编	小红帽钢琴简谱_儿歌演唱__jianpujia-245722	/home/caesium-132/jianpu/images-prep/jianpujia-3462/小红帽钢琴简谱_儿歌演唱__jianpujia-245722/001.png
小美满合唱谱	qupu123	384126	1	简谱	小美满合唱谱__qupu123-384126	/home/caesium-132/jianpu/images-prep/qupu123-search/小美满合唱谱__qupu123-384126/001.png
小老鼠上灯台	qupu123	328404	2	简谱	小老鼠上灯台（罗晓航作曲版）__qupu123-328404	/home/caesium-132/jianpu/images-prep/qupu123-crawl/小老鼠上灯台（罗晓航作曲版）__qupu123-328404/001.jpg
小花	qupu123	334054	2	简谱	小花（王玉庆_词曲）__qupu123-334054	/home/caesium-132/jianpu/images-prep/qupu123-crawl/小花（王玉庆_词曲）__qupu123-334054/001.jpg
小草	jianpujia	15463	5	简谱	小草简谱__杨烁____70、80年代听过最多的歌曲__jianpujia-15463	/home/caesium-132/jianpu/images-prep/jianpujia-3462/小草简谱__杨烁____70、80年代听过最多的歌曲__jianpujia-15463/001.png
小薇-版本一	jianpucn	172357	1	简谱	小薇-版本一__jianpucn-172357	/home/caesium-132/jianpu/images-prep/jianpucn-pop/小薇-版本一__jianpucn-172357/001.jpg
小薇-简易版 键盘类 钢琴	jianpucn	114593	1	改编	小薇-简易版 键盘类 钢琴__jianpucn-114593	/home/caesium-132/jianpu/images-prep/jianpucn-pop/小薇-简易版 键盘类 钢琴__jianpucn-114593/001.jpg
小路依旧飘着小雨	qupu123	316584	1	简谱	小路依旧飘着小雨__qupu123-316584	/home/caesium-132/jianpu/images-prep/qupu123-sweep/小路依旧飘着小雨__qupu123-316584/001.jpg
小酒窝-捷诚吉他0810版	jianpucn	170825	2	改编	小酒窝-捷诚吉他0810版__jianpucn-170825	/home/caesium-132/jianpu/images-prep/jianpucn-linjunjie/小酒窝-捷诚吉他0810版__jianpucn-170825/001.jpg
小酒窝钢琴	jianpujia	383628	5	改编	小酒窝钢琴简谱_林俊杰_蔡卓妍演唱__jianpujia-383628	/home/caesium-132/jianpu/images-prep/jianpujia-499/小酒窝钢琴简谱_林俊杰_蔡卓妍演唱__jianpujia-383628/001.png
小重山&nbsp;&nbsp;	jianpucn	475594	11	简谱	小重山&nbsp;&nbsp;__jianpucn-475594	/home/caesium-132/jianpu/images-prep/test-jianpucn/小重山&nbsp;&nbsp;__jianpucn-475594/001.jpg
小雨写立可白	jianpucn	414174	1	改编	小雨写立可白（尤克里里指弹谱）__jianpucn-414174	/home/caesium-132/jianpu/images-prep/jianpucn-zhoujielun/小雨写立可白（尤克里里指弹谱）__jianpucn-414174/001.jpg
小雨写立可白II 文武贝编曲版	jianpucn	213524	2	简谱	小雨写立可白II 文武贝编曲版__jianpucn-213524	/home/caesium-132/jianpu/images-prep/jianpucn-zhoujielun/小雨写立可白II 文武贝编曲版__jianpucn-213524/001.jpg
小雨立可白	jianpucn	182402	1	简谱	小雨立可白（初学者的天空）__jianpucn-182402	/home/caesium-132/jianpu/images-prep/jianpucn-zhoujielun/小雨立可白（初学者的天空）__jianpucn-182402/001.jpg
小鱼塘边	qupu123	325168	1	简谱	小鱼塘边（李家宝 词曲）__qupu123-325168	/home/caesium-132/jianpu/images-prep/qupu123-sweep/小鱼塘边（李家宝 词曲）__qupu123-325168/001.jpg
小鸟睡在我身边	jianpucn	197013	1	简谱	小鸟睡在我身边__jianpucn-197013	/home/caesium-132/jianpu/images-prep/jianpucn-lijian/小鸟睡在我身边__jianpucn-197013/001.jpg
小鸟请到这里来	jianpujia	22104	1	简谱	小鸟请到这里来简谱(歌词)_儿歌_谱友好心情999上传__jianpujia-22104	/home/caesium-132/jianpu/images-prep/jianpujia-3462/小鸟请到这里来简谱(歌词)_儿歌_谱友好心情999上传__jianpujia-22104/001.gif
小鸭子	jianpujia	22147	1	简谱	小鸭子简谱(歌词)_儿歌_好心情曲谱__jianpujia-22147	/home/caesium-132/jianpu/images-prep/jianpujia-3462/小鸭子简谱(歌词)_儿歌_好心情曲谱__jianpujia-22147/001.gif
少壮不努力 老大徒伤悲	qupu123	309971	1	简谱	少壮不努力 老大徒伤悲__qupu123-309971	/home/caesium-132/jianpu/images-prep/qupu123-sweep/少壮不努力 老大徒伤悲__qupu123-309971/001.jpg
少女的祈祷	qupu123	336937	1	改编	少女的祈祷（拇指琴卡林巴琴和弦简谱）__qupu123-336937	/home/caesium-132/jianpu/images-prep/qupu123-hk/少女的祈祷（拇指琴卡林巴琴和弦简谱）__qupu123-336937/001.jpg
少年	jianpucn	10115	1	简谱	少年__jianpucn-10115	/home/caesium-132/jianpu/images-prep/jianpucn-pop/少年__jianpucn-10115/001.jpg
少年-弹唱 吉他类 流行	jianpucn	113135	2	改编	少年-弹唱 吉他类 流行__jianpucn-113135	/home/caesium-132/jianpu/images-prep/jianpucn-pop/少年-弹唱 吉他类 流行__jianpucn-113135/001.jpg
少年中国说	jianpujia	16764	1	简谱	少年中国说简谱_张杰演唱_孙世彦曲谱__jianpujia-16764	/home/caesium-132/jianpu/images-prep/jianpujia-693/少年中国说简谱_张杰演唱_孙世彦曲谱__jianpujia-16764/001.png
少年少年祖国的春天	jianpujia	22089	1	简谱	少年少年祖国的春天简谱(歌词)_儿歌_谱友好心情999上传__jianpujia-22089	/home/caesium-132/jianpu/images-prep/jianpujia-3462/少年少年祖国的春天简谱(歌词)_儿歌_谱友好心情999上传__jianpujia-22089/001.gif
少年游 &nbsp;&nbsp;	jianpucn	475749	6	简谱	少年游 &nbsp;&nbsp;__jianpucn-475749	/home/caesium-132/jianpu/images-prep/test-jianpucn/少年游 &nbsp;&nbsp;__jianpucn-475749/001.jpg
少年的心	qupu123	309044	1	简谱	少年的心（黎子 龙龙词 龙龙曲）__qupu123-309044	/home/caesium-132/jianpu/images-prep/qupu123-sweep/少年的心（黎子 龙龙词 龙龙曲）__qupu123-309044/001.png
少落虚情写断愁	qupu123	305194	1	简谱	少落虚情写断愁__qupu123-305194	/home/caesium-132/jianpu/images-prep/qupu123-sweep/少落虚情写断愁__qupu123-305194/001.jpg
尕撒拉变奏曲	qupu123	300052	5	改编	尕撒拉变奏曲（正谱）__qupu123-300052	/home/caesium-132/jianpu/images-prep/qupu123-crawl/尕撒拉变奏曲（正谱）__qupu123-300052/001.jpg
尘大师钢琴	jianpujia	384841	8	改编	尘大师钢琴简谱_陈奕迅演唱__jianpujia-384841	/home/caesium-132/jianpu/images-prep/jianpujia-315/尘大师钢琴简谱_陈奕迅演唱__jianpujia-384841/001.png
尘缘	qupu123	319750	1	简谱	尘缘（文商词 陈姹曲）__qupu123-319750	/home/caesium-132/jianpu/images-prep/qupu123-sweep/尘缘（文商词 陈姹曲）__qupu123-319750/001.jpg
尘缘 —	jianpucn	236106	1	简谱	尘缘 — （ 彩谱）__jianpucn-236106	/home/caesium-132/jianpu/images-prep/jianpucn-feiyuqing/尘缘 — （ 彩谱）__jianpucn-236106/001.jpg
尚好的青春	jianpucn	463194	2	改编	尚好的青春 （ C调原版编配）__jianpucn-463194	/home/caesium-132/jianpu/images-prep/jianpucn-pop/尚好的青春 （ C调原版编配）__jianpucn-463194/001.jpg
尚氏祭祖歌	qupu123	311064	1	简谱	尚氏祭祖歌__qupu123-311064	/home/caesium-132/jianpu/images-prep/qupu123-sweep/尚氏祭祖歌__qupu123-311064/001.jpg
尤克里里弹唱谱 周杰伦	qupu123	339978	1	改编	尤克里里弹唱谱 周杰伦（稻香）__qupu123-339978	/home/caesium-132/jianpu/images-prep/qupu123-zhoujielun/尤克里里弹唱谱 周杰伦（稻香）__qupu123-339978/001.jpg
就是爱你	qupu123	225616	4	改编	就是爱你（吉他六线谱）__qupu123-225616	/home/caesium-132/jianpu/images-prep/qupu123-mp051/就是爱你（吉他六线谱）__qupu123-225616/001.jpg
就要爱	qupu123	317674	1	简谱	就要爱__qupu123-317674	/home/caesium-132/jianpu/images-prep/qupu123-sweep/就要爱__qupu123-317674/001.jpg
就这样钢琴	jianpujia	149960	6	改编	就这样钢琴简谱_李荣浩演唱__jianpujia-149960	/home/caesium-132/jianpu/images-prep/jianpujia-478/就这样钢琴简谱_李荣浩演唱__jianpujia-149960/001.png
屈强-扫描版	jianpucn	171675	2	简谱	屈强-扫描版__jianpucn-171675	/home/caesium-132/jianpu/images-prep/jianpucn-wuyuetian/屈强-扫描版__jianpucn-171675/001.jpg
屋顶-	jianpucn	102385	2	改编	屋顶-（弹唱版）__jianpucn-102385	/home/caesium-132/jianpu/images-prep/jianpucn-zhoujielun/屋顶-（弹唱版）__jianpucn-102385/001.jpg
属于	jianpucn	100214	1	简谱	属于__jianpucn-100214	/home/caesium-132/jianpu/images-prep/jianpucn-pop/属于__jianpucn-100214/001.jpg
屯堡	qupu123	332510	5	简谱	屯堡_屯堡__qupu123-332510	/home/caesium-132/jianpu/images-prep/qupu123-crawl/屯堡_屯堡__qupu123-332510/001.jpg
山中	qupu123	315553	3	改编	山中（徐志摩词_陈田鹤曲、正谱）__qupu123-315553	/home/caesium-132/jianpu/images-prep/qupu123-crawl/山中（徐志摩词_陈田鹤曲、正谱）__qupu123-315553/001.jpg
山丹丹开花红艳艳	qupu123	335153	2	简谱	山丹丹开花红艳艳__qupu123-335153	/home/caesium-132/jianpu/images-prep/qupu123-crawl/山丹丹开花红艳艳__qupu123-335153/001.jpg
山乡小渡船	jianpujia	9232	1	简谱	山乡小渡船简谱(歌词)—谭晶演唱—岭南印象曲谱__jianpujia-9232	/home/caesium-132/jianpu/images-prep/jianpujia-7224/山乡小渡船简谱(歌词)—谭晶演唱—岭南印象曲谱__jianpujia-9232/001.gif
山地情歌	jianpujia	10061	1	简谱	山地情歌简谱(歌词)_李玲玉演唱_岭南印象曲谱__jianpujia-10061	/home/caesium-132/jianpu/images-prep/jianpujia-1173/山地情歌简谱(歌词)_李玲玉演唱_岭南印象曲谱__jianpujia-10061/001.gif
山城棒棒军	qupu123	318097	1	简谱	山城棒棒军__qupu123-318097	/home/caesium-132/jianpu/images-prep/qupu123-sweep/山城棒棒军__qupu123-318097/001.jpg
山歌好比春江水	qupu123	311347	3	简谱	山歌好比春江水（李健改编词曲）__qupu123-311347	/home/caesium-132/jianpu/images-prep/qupu123-lijian/山歌好比春江水（李健改编词曲）__qupu123-311347/001.png
山歌姻缘【彩谱】	jianpucn	157861	1	简谱	山歌姻缘【彩谱】__jianpucn-157861	/home/caesium-132/jianpu/images-prep/jianpucn-feiyuqing/山歌姻缘【彩谱】__jianpucn-157861/001.jpg
山水之间	jianpujia	10389	1	简谱	山水之间简谱(歌词)_许嵩演唱_桃李醉春风记谱__jianpujia-10389	/home/caesium-132/jianpu/images-prep/jianpujia-693/山水之间简谱(歌词)_许嵩演唱_桃李醉春风记谱__jianpujia-10389/001.gif
山河梦	qupu123	335058	6	改编	山河梦（正谱）__qupu123-335058	/home/caesium-132/jianpu/images-prep/qupu123-crawl/山河梦（正谱）__qupu123-335058/001.jpg
山笑水笑人欢笑	qupu123	331566	5	改编	山笑水笑人欢笑（五线谱）__qupu123-331566	/home/caesium-132/jianpu/images-prep/qupu123-crawl/山笑水笑人欢笑（五线谱）__qupu123-331566/001.jpg
岁寒三友	qupu123	324364	3	改编	岁寒三友（柴扉词_王建曲、五线谱）__qupu123-324364	/home/caesium-132/jianpu/images-prep/qupu123-crawl/岁寒三友（柴扉词_王建曲、五线谱）__qupu123-324364/001.jpg
岁月如歌吉他	jianpucn	220392	1	改编	岁月如歌吉他__jianpucn-220392	/home/caesium-132/jianpu/images-prep/jianpucn-pop/岁月如歌吉他__jianpucn-220392/001.jpg
岁月如歌钢琴	jianpujia	150361	7	改编	岁月如歌钢琴简谱_陈奕迅演唱__jianpujia-150361	/home/caesium-132/jianpu/images-prep/jianpujia-art315/岁月如歌钢琴简谱_陈奕迅演唱__jianpujia-150361/001.png
岁月无声	jianpucn	469972	1	改编	岁月无声 （ C调原版编配）__jianpucn-469972	/home/caesium-132/jianpu/images-prep/jianpucn-beyond/岁月无声 （ C调原版编配）__jianpucn-469972/001.jpg
岁月钢琴	jianpujia	245824	5	改编	岁月钢琴简谱_王菲_那英演唱__jianpujia-245824	/home/caesium-132/jianpu/images-prep/jianpujia-art3395/岁月钢琴简谱_王菲_那英演唱__jianpujia-245824/001.png
岩石里的花尤克里里谱	jianpucn	461880	1	改编	岩石里的花尤克里里谱（ G调 ）__jianpucn-461880	/home/caesium-132/jianpu/images-prep/jianpucn-dengziqi/岩石里的花尤克里里谱（ G调 ）__jianpucn-461880/001.jpg
岷江行	qupu123	325072	4	改编	岷江行（正谱）__qupu123-325072	/home/caesium-132/jianpu/images-prep/qupu123-crawl/岷江行（正谱）__qupu123-325072/001.jpg
峨嵋酒家	jianpucn	459539	1	简谱	峨嵋酒家__jianpucn-459539	/home/caesium-132/jianpu/images-prep/jianpucn-yanweiwen/峨嵋酒家__jianpucn-459539/001.jpg
崇拜	jianpucn	10904	1	简谱	崇拜__jianpucn-10904	/home/caesium-132/jianpu/images-prep/jianpucn-pop/崇拜__jianpucn-10904/001.jpg
崇拜 伴奏	jianpucn	218704	2	改编	崇拜 伴奏__jianpucn-218704	/home/caesium-132/jianpu/images-prep/jianpucn-pop/崇拜 伴奏__jianpucn-218704/001.jpg
巡天追梦随君游	qupu123	321463	1	简谱	巡天追梦随君游__qupu123-321463	/home/caesium-132/jianpu/images-prep/qupu123-sweep/巡天追梦随君游__qupu123-321463/001.jpg
左手	qupu123	326606	3	简谱	左手（《皇室战争》手游宣传曲）__qupu123-326606	/home/caesium-132/jianpu/images-prep/qupu123-sweep/左手（《皇室战争》手游宣传曲）__qupu123-326606/001.jpg
左手右手	qupu123	30526	1	改编	左手右手（《喜羊羊虎虎生威》插曲、带和弦五线谱）__qupu123-30526	/home/caesium-132/jianpu/images-prep/qupu123-hk/左手右手（《喜羊羊虎虎生威》插曲、带和弦五线谱）__qupu123-30526/001.jpg
差一点	jianpucn	91351	2	改编	差一点(吉他谱)__jianpucn-91351	/home/caesium-132/jianpu/images-prep/jianpucn-pop/差一点(吉他谱)__jianpucn-91351/001.jpg
巴洛克先生	jianpucn	226938	1	改编	巴洛克先生（总谱）__jianpucn-226938	/home/caesium-132/jianpu/images-prep/jianpucn-linjunjie/巴洛克先生（总谱）__jianpucn-226938/001.jpg
巴洛克先生 钢琴总谱 五线谱—	jianpucn	226957	1	改编	巴洛克先生 钢琴总谱 五线谱—__jianpucn-226957	/home/caesium-132/jianpu/images-prep/jianpucn-linjunjie/巴洛克先生 钢琴总谱 五线谱—__jianpucn-226957/001.jpg
巴贞的苦歌	qupu123	322811	4	改编	巴贞的苦歌（正谱）__qupu123-322811	/home/caesium-132/jianpu/images-prep/qupu123-crawl/巴贞的苦歌（正谱）__qupu123-322811/001.jpg
布拉格之恋	jianpucn	11227	3	简谱	布拉格之恋__jianpucn-11227	/home/caesium-132/jianpu/images-prep/jianpucn-twins/布拉格之恋__jianpucn-11227/001.jpg
布拉格广场	jianpucn	103546	2	简谱	布拉格广场__jianpucn-103546	/home/caesium-132/jianpu/images-prep/jianpucn-caiyilin/布拉格广场__jianpucn-103546/001.jpg
布拉格广场-緋村剑心版	jianpucn	102791	2	简谱	布拉格广场-緋村剑心版__jianpucn-102791	/home/caesium-132/jianpu/images-prep/jianpucn-caiyilin/布拉格广场-緋村剑心版__jianpucn-102791/001.jpg
布拉格广场钢琴配乐	jianpucn	216240	1	改编	布拉格广场钢琴配乐__jianpucn-216240	/home/caesium-132/jianpu/images-prep/jianpucn-caiyilin/布拉格广场钢琴配乐__jianpucn-216240/001.jpg
师兄妹	qupu123	396351	3	简谱	师兄妹__qupu123-396351	/home/caesium-132/jianpu/images-prep/qupu123-crawl/师兄妹__qupu123-396351/001.jpg
帕帕杰诺的咏叹调	qupu123	335646	7	改编	帕帕杰诺的咏叹调（歌剧《魔笛》选段）（F调、正谱）__qupu123-335646	/home/caesium-132/jianpu/images-prep/qupu123-crawl/帕帕杰诺的咏叹调（歌剧《魔笛》选段）（F调、正谱）__qupu123-335646/001.jpg
带上心爱的她去旅行吧	qupu123	311248	1	简谱	带上心爱的她去旅行吧__qupu123-311248	/home/caesium-132/jianpu/images-prep/qupu123-sweep/带上心爱的她去旅行吧__qupu123-311248/001.jpg
带你的耳朵去草原	jianpujia	130428	1	简谱	带你的耳朵去草原简谱_倪文浩词_刘颖曲草原兄妹___jianpujia-130428	/home/caesium-132/jianpu/images-prep/jianpujia-6223/带你的耳朵去草原简谱_倪文浩词_刘颖曲草原兄妹___jianpujia-130428/001.gif
帮 上头条-《怒放的生命》 弦心距音乐	jianpucn	242063	4	简谱	帮 上头条-《怒放的生命》 弦心距音乐__jianpucn-242063	/home/caesium-132/jianpu/images-prep/jianpucn-wangfeng/帮 上头条-《怒放的生命》 弦心距音乐__jianpucn-242063/001.jpg
帮助别人	qupu123	369950	2	简谱	帮助别人_快乐自己__qupu123-369950	/home/caesium-132/jianpu/images-prep/qupu123-crawl/帮助别人_快乐自己__qupu123-369950/001.jpg
干杯朋友	jianpucn	457880	1	改编	干杯朋友 （ D调原版编配）__jianpucn-457880	/home/caesium-132/jianpu/images-prep/jianpucn-tianzhen/干杯朋友 （ D调原版编配）__jianpucn-457880/001.jpg
平凡之路 韩寒 原版A调 后会无期主题曲	jianpucn	264598	2	简谱	平凡之路 韩寒 原版A调 后会无期主题曲__jianpucn-264598	/home/caesium-132/jianpu/images-prep/jianpucn-pushu/平凡之路 韩寒 原版A调 后会无期主题曲__jianpucn-264598/001.jpg
平凡之路指弹	jianpucn	457640	3	改编	平凡之路指弹 （ 吉他独奏 ）__jianpucn-457640	/home/caesium-132/jianpu/images-prep/jianpucn-pushu/平凡之路指弹 （ 吉他独奏 ）__jianpucn-457640/001.jpg
平凡之路钢琴	jianpujia	110600	3	改编	平凡之路钢琴简谱_数字双手_朴树__jianpujia-110600	/home/caesium-132/jianpu/images-prep/jianpujia-859/平凡之路钢琴简谱_数字双手_朴树__jianpujia-110600/001.png
平凡天使	jianpucn	442341	1	简谱	平凡天使__jianpucn-442341	/home/caesium-132/jianpu/images-prep/jianpucn-dengziqi/平凡天使__jianpucn-442341/001.jpg
平凡天使尤克里里谱	jianpucn	460137	1	改编	平凡天使尤克里里谱（ C调高清版）__jianpucn-460137	/home/caesium-132/jianpu/images-prep/jianpucn-dengziqi/平凡天使尤克里里谱（ C调高清版）__jianpucn-460137/001.jpg
平安吉庆	jianpucn	211370	1	简谱	平安吉庆__jianpucn-211370	/home/caesium-132/jianpu/images-prep/jianpucn-songzuying/平安吉庆__jianpucn-211370/001.jpg
平安大道	jianpucn	149208	1	简谱	平安大道（小京剧）【彩谱】__jianpucn-149208	/home/caesium-132/jianpu/images-prep/jianpucn-zhangye/平安大道（小京剧）【彩谱】__jianpucn-149208/001.jpg
平安是福	qupu123	329432	2	简谱	平安是福_文明是金__qupu123-329432	/home/caesium-132/jianpu/images-prep/qupu123-crawl/平安是福_文明是金__qupu123-329432/001.jpg
平安福清	qupu123	307958	1	简谱	平安福清__qupu123-307958	/home/caesium-132/jianpu/images-prep/qupu123-sweep/平安福清__qupu123-307958/001.jpg
平淡	jianpucn	1779	4	简谱	平淡__jianpucn-1779	/home/caesium-132/jianpu/images-prep/jianpucn-xuwei/平淡__jianpucn-1779/001.jpg
年华	jianpucn	2183	3	简谱	年华__jianpucn-2183	/home/caesium-132/jianpu/images-prep/jianpucn-wuyuetian/年华__jianpucn-2183/001.jpg
年轻时代&nbsp;&nbsp;	jianpucn	159720	1	简谱	年轻时代&nbsp;&nbsp;__jianpucn-159720	/home/caesium-132/jianpu/images-prep/jianpucn-title/年轻时代&nbsp;&nbsp;__jianpucn-159720/001.jpg
年轻的战场	qupu123	321906	1	简谱	年轻的战场__qupu123-321906	/home/caesium-132/jianpu/images-prep/qupu123-sweep/年轻的战场__qupu123-321906/001.png
年轻的朋友	jianpucn	39386	1	简谱	年轻的朋友__jianpucn-39386	/home/caesium-132/jianpu/images-prep/jianpucn-liguyi/年轻的朋友__jianpucn-39386/001.jpg
年轻的的士	qupu123	315988	1	简谱	年轻的的士__qupu123-315988	/home/caesium-132/jianpu/images-prep/qupu123-sweep/年轻的的士__qupu123-315988/001.jpg
幸福守望	qupu123	327639	1	简谱	幸福守望__qupu123-327639	/home/caesium-132/jianpu/images-prep/qupu123-sweep/幸福守望__qupu123-327639/001.jpg
幸福摩天轮	jianpucn	39922	1	简谱	幸福摩天轮__jianpucn-39922	/home/caesium-132/jianpu/images-prep/jianpucn-pop/幸福摩天轮__jianpucn-39922/001.jpg
幸福新起点	qupu123	336058	2	简谱	幸福新起点（线简谱对照版）__qupu123-336058	/home/caesium-132/jianpu/images-prep/qupu123-crawl/幸福新起点（线简谱对照版）__qupu123-336058/001.jpg
幸福甜在心里头	qupu123	326935	1	简谱	幸福甜在心里头__qupu123-326935	/home/caesium-132/jianpu/images-prep/qupu123-sweep/幸福甜在心里头__qupu123-326935/001.jpg
幸福的家	jianpujia	19565	1	简谱	幸福的家简谱(歌词)_王丽达演唱_谱友郑工1944上传__jianpujia-19565	/home/caesium-132/jianpu/images-prep/jianpujia-12500/幸福的家简谱(歌词)_王丽达演唱_谱友郑工1944上传__jianpujia-19565/001.jpg
幸福的记忆	qupu123	330947	2	简谱	幸福的记忆（作词：俞宗友_作曲：何丽华_杜劲松）__qupu123-330947	/home/caesium-132/jianpu/images-prep/qupu123-crawl/幸福的记忆（作词：俞宗友_作曲：何丽华_杜劲松）__qupu123-330947/001.jpg
幸福的路	jianpucn	97903	2	改编	幸福的路（钢琴五线谱）__jianpucn-97903	/home/caesium-132/jianpu/images-prep/jianpucn-liuruoying/幸福的路（钢琴五线谱）__jianpucn-97903/001.jpg
幸福舞起来	qupu123	329821	1	简谱	幸福舞起来__qupu123-329821	/home/caesium-132/jianpu/images-prep/qupu123-sweep/幸福舞起来__qupu123-329821/001.jpg
幸福花儿开心上	jianpujia	22086	1	简谱	幸福花儿开心上简谱(歌词)_儿歌_谱友好心情999上传__jianpujia-22086	/home/caesium-132/jianpu/images-prep/jianpujia-3462/幸福花儿开心上简谱(歌词)_儿歌_谱友好心情999上传__jianpujia-22086/001.gif
幸福花开万年红	qupu123	317703	1	简谱	幸福花开万年红__qupu123-317703	/home/caesium-132/jianpu/images-prep/qupu123-sweep/幸福花开万年红__qupu123-317703/001.jpg
幸福这么远那么甜	jianpucn	39939	1	简谱	幸福这么远那么甜__jianpucn-39939	/home/caesium-132/jianpu/images-prep/jianpucn-liudehua/幸福这么远那么甜__jianpucn-39939/001.jpg
幸福锅庄	jianpujia	257002	1	改编	幸福锅庄_汉语版(草原丁喜萨克斯曲)简谱_草原丁喜演唱_马正寿曲谱__jianpujia-257002	/home/caesium-132/jianpu/images-prep/jianpujia-6223/幸福锅庄_汉语版(草原丁喜萨克斯曲)简谱_草原丁喜演唱_马正寿曲谱__jianpujia-257002/001.jpg
幸运星	qupu123	305323	1	简谱	幸运星（向雪怀词 杨云骠曲）__qupu123-305323	/home/caesium-132/jianpu/images-prep/qupu123-sweep/幸运星（向雪怀词 杨云骠曲）__qupu123-305323/001.jpg
幻想	jianpucn	2582	1	简谱	幻想__jianpucn-2582	/home/caesium-132/jianpu/images-prep/jianpucn-pop/幻想__jianpucn-2582/001.jpg
幻想完美版	jianpucn	176855	1	简谱	幻想完美版__jianpucn-176855	/home/caesium-132/jianpu/images-prep/jianpucn-pop/幻想完美版__jianpucn-176855/001.jpg
幼儿三艺歌	qupu123	319627	2	改编	幼儿三艺歌（五线谱版）__qupu123-319627	/home/caesium-132/jianpu/images-prep/qupu123-crawl/幼儿三艺歌（五线谱版）__qupu123-319627/001.jpg
广岛之恋	jianpucn	237465	2	简谱	广岛之恋（演奏版）__jianpucn-237465	/home/caesium-132/jianpu/images-prep/jianpucn-mowenwei/广岛之恋（演奏版）__jianpucn-237465/001.jpg
广岛～之恋♂	jianpucn	100899	2	简谱	广岛～之恋♂__jianpucn-100899	/home/caesium-132/jianpu/images-prep/jianpucn-pop/广岛～之恋♂__jianpucn-100899/001.jpg
庄严的承诺	qupu123	334177	2	改编	庄严的承诺（作词：杜劲松作曲：_蔡建纯(五线谱)）__qupu123-334177	/home/caesium-132/jianpu/images-prep/qupu123-crawl/庄严的承诺（作词：杜劲松作曲：_蔡建纯(五线谱)）__qupu123-334177/001.jpg
庆祝六一	jianpujia	22107	1	简谱	庆祝六一简谱(歌词)_儿歌_好心情曲谱__jianpujia-22107	/home/caesium-132/jianpu/images-prep/jianpujia-3462/庆祝六一简谱(歌词)_儿歌_好心情曲谱__jianpujia-22107/001.gif
庐州月完美版钢琴	jianpujia	150660	5	改编	庐州月完美版钢琴简谱_许嵩__Vae演唱__jianpujia-150660	/home/caesium-132/jianpu/images-prep/jianpujia-693/庐州月完美版钢琴简谱_许嵩__Vae演唱__jianpujia-150660/001.png
康美之恋	jianpujia	18411	1	简谱	康美之恋简谱(歌词)_谭晶演唱_王wzh曲谱__jianpujia-18411	/home/caesium-132/jianpu/images-prep/jianpujia-7224/康美之恋简谱(歌词)_谭晶演唱_王wzh曲谱__jianpujia-18411/001.jpg
开不了口 周杰伦	qupu123	69336	4	改编	开不了口 周杰伦（吉他谱）__qupu123-69336	/home/caesium-132/jianpu/images-prep/qupu123-zhoujielun/开不了口 周杰伦（吉他谱）__qupu123-69336/001.jpg
开始懂了钢琴	jianpujia	252598	5	改编	开始懂了钢琴简谱_孙燕姿演唱__jianpujia-252598	/home/caesium-132/jianpu/images-prep/jianpujia-art468/开始懂了钢琴简谱_孙燕姿演唱__jianpujia-252598/001.png
开心快乐每一天	qupu123	302732	1	简谱	开心快乐每一天（张建东词 张建东曲）__qupu123-302732	/home/caesium-132/jianpu/images-prep/qupu123-sweep/开心快乐每一天（张建东词 张建东曲）__qupu123-302732/001.jpg
开火车	qupu123	328415	2	简谱	开火车（罗晓航词曲）__qupu123-328415	/home/caesium-132/jianpu/images-prep/qupu123-crawl/开火车（罗晓航词曲）__qupu123-328415/001.jpg
开秧门	qupu123	326524	4	简谱	开秧门_唱秧歌__qupu123-326524	/home/caesium-132/jianpu/images-prep/qupu123-crawl/开秧门_唱秧歌__qupu123-326524/001.jpg
开门大吉 五线谱—	jianpucn	226402	2	改编	开门大吉 五线谱— （央视《开门大吉》主题曲）__jianpucn-226402	/home/caesium-132/jianpu/images-prep/jianpucn-fenghuangchuanqi/开门大吉 五线谱— （央视《开门大吉》主题曲）__jianpucn-226402/001.jpg
异乡人	jianpucn	471590	1	改编	异乡人 （ C调指法原版编配）__jianpucn-471590	/home/caesium-132/jianpu/images-prep/jianpucn-lijian/异乡人 （ C调指法原版编配）__jianpucn-471590/001.jpg
异类	jianpucn	446298	2	简谱	异类__jianpucn-446298	/home/caesium-132/jianpu/images-prep/jianpucn-huachenyu/异类__jianpucn-446298/001.jpg
张叶蕾 还是分开	qupu123	368599	2	改编	张叶蕾 还是分开 吉他谱（无限延音编配）__qupu123-368599	/home/caesium-132/jianpu/images-prep/qupu123-mp036/张叶蕾 还是分开 吉他谱（无限延音编配）__qupu123-368599/001.jpg
张学友 一千个伤心的理由	qupu123	368709	1	改编	张学友 一千个伤心的理由 吉他谱（无限延音编配）__qupu123-368709	/home/caesium-132/jianpu/images-prep/qupu123-zhangxueyou/张学友 一千个伤心的理由 吉他谱（无限延音编配）__qupu123-368709/001.jpg
张学友 她来听我的演唱会	qupu123	341590	4	改编	张学友 她来听我的演唱会 吉他谱（无限延音编配）__qupu123-341590	/home/caesium-132/jianpu/images-prep/qupu123-zhangxueyou/张学友 她来听我的演唱会 吉他谱（无限延音编配）__qupu123-341590/001.jpg
张学友 如果这都不算爱	qupu123	368552	3	改编	张学友 如果这都不算爱 吉他谱（无限延音编配）__qupu123-368552	/home/caesium-132/jianpu/images-prep/qupu123-zhangxueyou/张学友 如果这都不算爱 吉他谱（无限延音编配）__qupu123-368552/001.jpg
张学友 情书	qupu123	368708	4	改编	张学友 情书 吉他谱（无限延音编配）__qupu123-368708	/home/caesium-132/jianpu/images-prep/qupu123-zhangxueyou/张学友 情书 吉他谱（无限延音编配）__qupu123-368708/001.jpg
张学友 我真的受伤了	qupu123	341092	3	改编	张学友 我真的受伤了 吉他谱（无限延音编配）__qupu123-341092	/home/caesium-132/jianpu/images-prep/qupu123-zhangxueyou/张学友 我真的受伤了 吉他谱（无限延音编配）__qupu123-341092/001.jpg
张学友 遥远的她	qupu123	368553	2	改编	张学友 遥远的她 吉他谱（无限延音编配）__qupu123-368553	/home/caesium-132/jianpu/images-prep/qupu123-hk/张学友 遥远的她 吉他谱（无限延音编配）__qupu123-368553/001.jpg
张学友-吻别	jianpucn	95848	1	简谱	张学友-吻别__jianpucn-95848	/home/caesium-132/jianpu/images-prep/jianpucn-zhangxueyou/张学友-吻别__jianpucn-95848/001.jpg
张学友《心如刀割》前奏版超清谱 老歌大叔吉他教室出品	qupu123	342891	3	改编	张学友《心如刀割》前奏版超清谱 老歌大叔吉他教室出品__qupu123-342891	/home/caesium-132/jianpu/images-prep/qupu123-zhangxueyou/张学友《心如刀割》前奏版超清谱 老歌大叔吉他教室出品__qupu123-342891/001.jpg
张开眼睛	jianpucn	188846	1	简谱	张开眼睛__jianpucn-188846	/home/caesium-132/jianpu/images-prep/jianpucn-liudehua/张开眼睛__jianpucn-188846/001.jpg
张明敏-我的中国心	jianpucn	95852	1	简谱	张明敏-我的中国心__jianpucn-95852	/home/caesium-132/jianpu/images-prep/jianpucn-zhangmingmin/张明敏-我的中国心__jianpucn-95852/001.jpg
张韶涵 亲爱的那不是爱情	qupu123	352125	2	改编	张韶涵 亲爱的那不是爱情 吉他谱（无限延音编配）__qupu123-352125	/home/caesium-132/jianpu/images-prep/qupu123-mp048/张韶涵 亲爱的那不是爱情 吉他谱（无限延音编配）__qupu123-352125/001.jpg
弦心距音乐 高清 《飞得更高》初学者扫弦版	jianpucn	283789	1	简谱	弦心距音乐 高清 《飞得更高》初学者扫弦版__jianpucn-283789	/home/caesium-132/jianpu/images-prep/jianpucn-wangfeng/弦心距音乐 高清 《飞得更高》初学者扫弦版__jianpucn-283789/001.jpg
弹唱词	jianpucn	146226	1	改编	弹唱词（别后）（吉他弹唱）__jianpucn-146226	/home/caesium-132/jianpu/images-prep/jianpucn-luodayou/弹唱词（别后）（吉他弹唱）__jianpucn-146226/001.jpg
弹指一挥间	jianpujia	10461	1	简谱	弹指一挥间简谱(歌词)_许嵩演唱_桃李醉春风记谱__jianpujia-10461	/home/caesium-132/jianpu/images-prep/jianpujia-693/弹指一挥间简谱(歌词)_许嵩演唱_桃李醉春风记谱__jianpujia-10461/001.gif
强军	qupu123	334983	2	简谱	强军_强军（邬大为词_胡俊成曲）__qupu123-334983	/home/caesium-132/jianpu/images-prep/qupu123-crawl/强军_强军（邬大为词_胡俊成曲）__qupu123-334983/001.jpg
强军路上	qupu123	333309	2	简谱	强军路上（林昌_词曲）__qupu123-333309	/home/caesium-132/jianpu/images-prep/qupu123-crawl/强军路上（林昌_词曲）__qupu123-333309/001.jpg
归来	qupu123	47326	1	简谱	归来（韩红演唱版）__qupu123-47326	/home/caesium-132/jianpu/images-prep/qupu123-hanhong/归来（韩红演唱版）__qupu123-47326/001.jpg
当你	jianpucn	466146	2	改编	当你 （ C调指法原版编配）__jianpucn-466146	/home/caesium-132/jianpu/images-prep/jianpucn-linjunjie/当你 （ C调指法原版编配）__jianpucn-466146/001.jpg
当你老了	jianpucn	401158	1	简谱	当你老了__jianpucn-401158	/home/caesium-132/jianpu/images-prep/jianpucn-lijian/当你老了__jianpucn-401158/001.jpg
当兵乐&nbsp;&nbsp;	jianpucn	475802	10	简谱	当兵乐&nbsp;&nbsp;__jianpucn-475802	/home/caesium-132/jianpu/images-prep/test-jianpucn/当兵乐&nbsp;&nbsp;__jianpucn-475802/001.jpg
当兵的收获	qupu123	309644	1	简谱	当兵的收获__qupu123-309644	/home/caesium-132/jianpu/images-prep/qupu123-sweep/当兵的收获__qupu123-309644/001.jpg
当年情&nbsp;&nbsp;	jianpucn	35674	1	简谱	当年情&nbsp;&nbsp;__jianpucn-35674	/home/caesium-132/jianpu/images-prep/jianpucn-title/当年情&nbsp;&nbsp;__jianpucn-35674/001.jpg
当年情钢琴	jianpujia	386477	6	改编	当年情钢琴简谱_张国荣演唱__jianpujia-386477	/home/caesium-132/jianpu/images-prep/jianpujia-art1542/当年情钢琴简谱_张国荣演唱__jianpujia-386477/001.png
当我想你的时候	jianpucn	462530	2	简谱	当我想你的时候 （ G调简单版）__jianpucn-462530	/home/caesium-132/jianpu/images-prep/jianpucn-wangfeng/当我想你的时候 （ G调简单版）__jianpucn-462530/001.jpg
当我遇上你	jianpucn	42463	3	简谱	当我遇上你(《阿虎》主题曲)__jianpucn-42463	/home/caesium-132/jianpu/images-prep/jianpucn-liudehua/当我遇上你(《阿虎》主题曲)__jianpucn-42463/001.jpg
当水墨邂逅诗的眼眸	qupu123	321601	1	简谱	当水墨邂逅诗的眼眸__qupu123-321601	/home/caesium-132/jianpu/images-prep/qupu123-sweep/当水墨邂逅诗的眼眸__qupu123-321601/001.jpg
当爱变成习惯	jianpucn	55115	1	简谱	当爱变成习惯(《非常侦探》插曲、粤语)__jianpucn-55115	/home/caesium-132/jianpu/images-prep/jianpucn-zhangxueyou/当爱变成习惯(《非常侦探》插曲、粤语)__jianpucn-55115/001.jpg
当爱已成习惯	jianpucn	197207	2	简谱	当爱已成习惯 （版本2）__jianpucn-197207	/home/caesium-132/jianpu/images-prep/jianpucn-zhangxueyou/当爱已成习惯 （版本2）__jianpucn-197207/001.jpg
彝家汉子	qupu123	335052	5	改编	彝家汉子（正谱）__qupu123-335052	/home/caesium-132/jianpu/images-prep/qupu123-crawl/彝家汉子（正谱）__qupu123-335052/001.jpg
彩云之巅	jianpucn	191077	3	简谱	彩云之巅__jianpucn-191077	/home/caesium-132/jianpu/images-prep/jianpucn-xuwei/彩云之巅__jianpucn-191077/001.jpg
彩云南	jianpujia	18610	1	简谱	彩云南简谱(歌词)_雷佳演唱_王wzh曲谱__jianpujia-18610	/home/caesium-132/jianpu/images-prep/jianpujia-6369/彩云南简谱(歌词)_雷佳演唱_王wzh曲谱__jianpujia-18610/001.jpg
彩云追月——盼归	qupu123	323156	5	改编	彩云追月——盼归（混声合唱、正谱）__qupu123-323156	/home/caesium-132/jianpu/images-prep/qupu123-crawl/彩云追月——盼归（混声合唱、正谱）__qupu123-323156/001.jpg
彩虹 小武Sakura编	jianpucn	218095	2	简谱	彩虹 小武Sakura编__jianpucn-218095	/home/caesium-132/jianpu/images-prep/jianpucn-zhoujielun/彩虹 小武Sakura编__jianpucn-218095/001.jpg
彩虹 弹奏版	jianpucn	218093	2	简谱	彩虹 弹奏版__jianpucn-218093	/home/caesium-132/jianpu/images-prep/jianpucn-zhoujielun/彩虹 弹奏版__jianpucn-218093/001.jpg
彩虹 独奏	jianpucn	137253	1	改编	彩虹 独奏__jianpucn-137253	/home/caesium-132/jianpu/images-prep/jianpucn-zhoujielun/彩虹 独奏__jianpucn-137253/001.jpg
彩虹- 完美弹唱版- Withered首发	jianpucn	172664	2	改编	彩虹- 完美弹唱版- Withered首发__jianpucn-172664	/home/caesium-132/jianpu/images-prep/jianpucn-zhoujielun/彩虹- 完美弹唱版- Withered首发__jianpucn-172664/001.jpg
彩虹-ssjedcw上传版	jianpucn	176691	2	简谱	彩虹-ssjedcw上传版__jianpucn-176691	/home/caesium-132/jianpu/images-prep/jianpucn-zhoujielun/彩虹-ssjedcw上传版__jianpucn-176691/001.jpg
彩虹－周杰伦	jianpucn	171937	1	改编	彩虹－周杰伦（单吉他独奏）__jianpucn-171937	/home/caesium-132/jianpu/images-prep/jianpucn-zhoujielun/彩虹－周杰伦（单吉他独奏）__jianpucn-171937/001.jpg
彩霞恋黄昏	qupu123	318728	1	改编	彩霞恋黄昏（五线谱）__qupu123-318728	/home/caesium-132/jianpu/images-prep/qupu123-sweep/彩霞恋黄昏（五线谱）__qupu123-318728/001.jpg
影	jianpucn	445898	4	简谱	影(锦绣南歌片头曲)__jianpucn-445898	/home/caesium-132/jianpu/images-prep/jianpucn-zhoushen/影(锦绣南歌片头曲)__jianpucn-445898/001.jpg
影钢琴	jianpujia	153459	4	改编	影钢琴简谱_数字双手_周深__jianpujia-153459	/home/caesium-132/jianpu/images-prep/jianpujia-380/影钢琴简谱_数字双手_周深__jianpujia-153459/001.png
彼岩花	qupu123	320477	1	简谱	彼岩花__qupu123-320477	/home/caesium-132/jianpu/images-prep/qupu123-sweep/彼岩花__qupu123-320477/001.jpg
彼岸	jianpucn	145775	3	改编	彼岸（高清吉他六线谱）__jianpucn-145775	/home/caesium-132/jianpu/images-prep/jianpucn-wangfeng/彼岸（高清吉他六线谱）__jianpucn-145775/001.jpg
彼岸花开	qupu123	304070	1	简谱	彼岸花开（李春芳 词曲）__qupu123-304070	/home/caesium-132/jianpu/images-prep/qupu123-sweep/彼岸花开（李春芳 词曲）__qupu123-304070/001.jpg
往日情怀	jianpucn	109469	1	简谱	往日情怀（简谱版）__jianpucn-109469	/home/caesium-132/jianpu/images-prep/jianpucn-pop/往日情怀（简谱版）__jianpucn-109469/001.jpg
征服	qupu123	212202	1	简谱	征服（ukulele四线谱）__qupu123-212202	/home/caesium-132/jianpu/images-prep/qupu123-mp032/征服（ukulele四线谱）__qupu123-212202/001.jpg
征服吉他谱六线谱	qupu123	69368	3	改编	征服吉他谱六线谱（袁惟仁）__qupu123-69368	/home/caesium-132/jianpu/images-prep/qupu123-mp032/征服吉他谱六线谱（袁惟仁）__qupu123-69368/001.jpg
很好	jianpucn	4776	3	简谱	很好__jianpucn-4776	/home/caesium-132/jianpu/images-prep/jianpucn-pop/很好__jianpucn-4776/001.jpg
微微一笑很倾城	qupu123	302817	1	简谱	微微一笑很倾城（唯我独醉制谱版）__qupu123-302817	/home/caesium-132/jianpu/images-prep/qupu123-sweep/微微一笑很倾城（唯我独醉制谱版）__qupu123-302817/001.jpg
微风中的旋律	qupu123	322975	1	简谱	微风中的旋律__qupu123-322975	/home/caesium-132/jianpu/images-prep/qupu123-sweep/微风中的旋律__qupu123-322975/001.jpg
微风细雨 -C调	jianpucn	470215	2	简谱	微风细雨 -C调__jianpucn-470215	/home/caesium-132/jianpu/images-prep/jianpucn-denglijun/微风细雨 -C调__jianpucn-470215/001.jpg
心上人	jianpucn	34354	1	简谱	心上人（电视剧《关东大先生》片尾曲__jianpucn-34354	/home/caesium-132/jianpu/images-prep/jianpucn-songzuying/心上人（电视剧《关东大先生》片尾曲__jianpucn-34354/001.jpg
心中的日月	qupu123	271508	1	简谱	心中的日月（曲木铁西词 乌兰托嘎曲）__qupu123-271508	/home/caesium-132/jianpu/images-prep/qupu123-mp054/心中的日月（曲木铁西词 乌兰托嘎曲）__qupu123-271508/001.jpg
心中的星光大道	qupu123	311086	1	简谱	心中的星光大道__qupu123-311086	/home/caesium-132/jianpu/images-prep/qupu123-sweep/心中的星光大道__qupu123-311086/001.jpg
心中的杜鹃	qupu123	311084	1	简谱	心中的杜鹃（邬大为词 陈涤非曲）__qupu123-311084	/home/caesium-132/jianpu/images-prep/qupu123-sweep/心中的杜鹃（邬大为词 陈涤非曲）__qupu123-311084/001.jpg
心中的江西	qupu123	311085	1	简谱	心中的江西__qupu123-311085	/home/caesium-132/jianpu/images-prep/qupu123-sweep/心中的江西__qupu123-311085/001.jpg
心中的苦闷对谁说	qupu123	314801	1	简谱	心中的苦闷对谁说__qupu123-314801	/home/caesium-132/jianpu/images-prep/qupu123-sweep/心中的苦闷对谁说__qupu123-314801/001.png
心事知多少 彩谱	jianpucn	221493	1	简谱	心事知多少 彩谱__jianpucn-221493	/home/caesium-132/jianpu/images-prep/jianpucn-denglijun/心事知多少 彩谱__jianpucn-221493/001.jpg
心事知多少1	jianpucn	221770	1	简谱	心事知多少1__jianpucn-221770	/home/caesium-132/jianpu/images-prep/jianpucn-denglijun/心事知多少1__jianpucn-221770/001.jpg
心向南方	qupu123	311083	1	简谱	心向南方__qupu123-311083	/home/caesium-132/jianpu/images-prep/qupu123-sweep/心向南方__qupu123-311083/001.jpg
心在草原	jianpujia	25473	1	简谱	心在草原_梦在草原简谱(歌词)_袁冰演唱_秋叶起舞记谱上传__jianpujia-25473	/home/caesium-132/jianpu/images-prep/jianpujia-6223/心在草原_梦在草原简谱(歌词)_袁冰演唱_秋叶起舞记谱上传__jianpujia-25473/001.gif
心在草原王春明词姜振曲心在草原王春明词	jianpujia	216188	1	简谱	心在草原王春明词姜振曲心在草原王春明词_姜振曲简谱__jianpujia-216188	/home/caesium-132/jianpu/images-prep/jianpujia-6223/心在草原王春明词姜振曲心在草原王春明词_姜振曲简谱__jianpujia-216188/001.png
心墙钢琴	jianpujia	429407	5	改编	心墙钢琴简谱_林俊杰演唱__jianpujia-429407	/home/caesium-132/jianpu/images-prep/jianpujia-499/心墙钢琴简谱_林俊杰演唱__jianpujia-429407/001.png
心如刀割完整	jianpucn	208297	2	改编	心如刀割完整指弹谱__jianpucn-208297	/home/caesium-132/jianpu/images-prep/jianpucn-zhangxueyou/心如刀割完整指弹谱__jianpucn-208297/001.jpg
心如刀割整指弹	jianpucn	213163	1	改编	心如刀割整指弹__jianpucn-213163	/home/caesium-132/jianpu/images-prep/jianpucn-zhangxueyou/心如刀割整指弹__jianpucn-213163/001.jpg
心如刀割钢琴	jianpujia	246929	6	改编	心如刀割钢琴简谱_张学友演唱__jianpujia-246929	/home/caesium-132/jianpu/images-prep/jianpujia-art414/心如刀割钢琴简谱_张学友演唱__jianpujia-246929/001.png
心存感恩	qupu123	328484	1	简谱	心存感恩__qupu123-328484	/home/caesium-132/jianpu/images-prep/qupu123-sweep/心存感恩__qupu123-328484/001.jpg
心手相连	qupu123	305126	1	简谱	心手相连（乔治・莫罗伯 词曲）__qupu123-305126	/home/caesium-132/jianpu/images-prep/qupu123-sweep/心手相连（乔治・莫罗伯 词曲）__qupu123-305126/001.png
心海歌路	qupu123	393379	1	简谱	心海歌路（希洪士歌友会之歌）__qupu123-393379	/home/caesium-132/jianpu/images-prep/qupu123-crawl/心海歌路（希洪士歌友会之歌）__qupu123-393379/001.jpg
心照一生	jianpucn	265410	1	简谱	心照一生__jianpucn-265410	/home/caesium-132/jianpu/images-prep/jianpucn-pop/心照一生__jianpucn-265410/001.jpg
心爱的姑娘草原丁喜萨克斯原创曲	jianpujia	238959	1	改编	心爱的姑娘草原丁喜萨克斯原创曲简谱_草原丁喜演唱_马正寿_草原丁喜词曲__jianpujia-238959	/home/caesium-132/jianpu/images-prep/jianpujia-6223/心爱的姑娘草原丁喜萨克斯原创曲简谱_草原丁喜演唱_马正寿_草原丁喜词曲__jianpujia-238959/001.png
心留在陕北	jianpujia	20038	1	简谱	心留在陕北简谱(歌词)_王丽达演唱_momoliu曲谱__jianpujia-20038	/home/caesium-132/jianpu/images-prep/jianpujia-12500/心留在陕北简谱(歌词)_王丽达演唱_momoliu曲谱__jianpujia-20038/001.jpg
心的方向	jianpucn	372	1	简谱	心的方向__jianpucn-372	/home/caesium-132/jianpu/images-prep/jianpucn-zhouhuajian/心的方向__jianpucn-372/001.jpg
心碎了无痕	jianpucn	419932	2	改编	心碎了无痕(《吻别 歌曲改编的钢琴曲》)__jianpucn-419932	/home/caesium-132/jianpu/images-prep/jianpucn-zhangxueyou/心碎了无痕(《吻别 歌曲改编的钢琴曲》)__jianpucn-419932/001.jpg
心缘	qupu123	330892	2	简谱	心缘（作词：杜劲松_作曲：黄舒缇）__qupu123-330892	/home/caesium-132/jianpu/images-prep/qupu123-crawl/心缘（作词：杜劲松_作曲：黄舒缇）__qupu123-330892/001.jpg
心花	qupu123	315556	3	改编	心花（正谱）__qupu123-315556	/home/caesium-132/jianpu/images-prep/qupu123-crawl/心花（正谱）__qupu123-315556/001.jpg
心莲	qupu123	328334	1	简谱	心莲（张逢康词 林文彬曲）__qupu123-328334	/home/caesium-132/jianpu/images-prep/qupu123-sweep/心莲（张逢康词 林文彬曲）__qupu123-328334/001.jpg
心酸孤单女	jianpucn	280227	1	简谱	心酸孤单女__jianpucn-280227	/home/caesium-132/jianpu/images-prep/jianpucn-denglijun/心酸孤单女__jianpucn-280227/001.jpg
心酸的情歌	jianpucn	193960	1	简谱	心酸的情歌__jianpucn-193960	/home/caesium-132/jianpu/images-prep/jianpucn-liudehua/心酸的情歌__jianpucn-193960/001.jpg
心里的话该怎样向你来诉说	qupu123	308569	1	简谱	心里的话该怎样向你来诉说__qupu123-308569	/home/caesium-132/jianpu/images-prep/qupu123-sweep/心里的话该怎样向你来诉说__qupu123-308569/001.png
心雨-改进版	jianpucn	100246	2	简谱	心雨-改进版__jianpucn-100246	/home/caesium-132/jianpu/images-prep/jianpucn-zhoujielun/心雨-改进版__jianpucn-100246/001.jpg
忆秦娥	qupu123	327879	3	改编	忆秦娥（李白词_段平泰曲、正谱）__qupu123-327879	/home/caesium-132/jianpu/images-prep/qupu123-crawl/忆秦娥（李白词_段平泰曲、正谱）__qupu123-327879/001.jpg
忆秦楼·新月	qupu123	396245	3	简谱	忆秦楼·新月（原创）__qupu123-396245	/home/caesium-132/jianpu/images-prep/qupu123-crawl/忆秦楼·新月（原创）__qupu123-396245/001.jpg
忆金庸	qupu123	333345	1	简谱	忆金庸（线简谱对照版）__qupu123-333345	/home/caesium-132/jianpu/images-prep/qupu123-crawl/忆金庸（线简谱对照版）__qupu123-333345/001.jpg
忆黄山简谱歌词	jianpujia	379424	1	简谱	忆黄山简谱歌词_许嵩演唱__jianpujia-379424	/home/caesium-132/jianpu/images-prep/jianpujia-693/忆黄山简谱歌词_许嵩演唱__jianpujia-379424/001.png
志不同道不合	qupu123	328201	1	简谱	志不同道不合__qupu123-328201	/home/caesium-132/jianpu/images-prep/qupu123-sweep/志不同道不合__qupu123-328201/001.png
志愿中国	jianpujia	16821	1	简谱	志愿中国简谱(歌词)_廖昌永王晰马佳周深李琦演唱_momoliu曲谱__jianpujia-16821	/home/caesium-132/jianpu/images-prep/jianpujia-380/志愿中国简谱(歌词)_廖昌永王晰马佳周深李琦演唱_momoliu曲谱__jianpujia-16821/001.png
志明与春娇	jianpucn	59487	1	简谱	志明与春娇(台语)&nbsp;&nbsp;__jianpucn-59487	/home/caesium-132/jianpu/images-prep/jianpucn-title/志明与春娇(台语)&nbsp;&nbsp;__jianpucn-59487/001.jpg
志明与春娇&nbsp;&nbsp;	jianpucn	67130	1	简谱	志明与春娇&nbsp;&nbsp;__jianpucn-67130	/home/caesium-132/jianpu/images-prep/jianpucn-title/志明与春娇&nbsp;&nbsp;__jianpucn-67130/001.jpg
志明和春娇	jianpucn	131089	2	简谱	志明和春娇__jianpucn-131089	/home/caesium-132/jianpu/images-prep/jianpucn-wuyuetian/志明和春娇__jianpucn-131089/001.jpg
忘不了 键盘类 钢琴	jianpucn	115962	2	改编	忘不了 键盘类 钢琴__jianpucn-115962	/home/caesium-132/jianpu/images-prep/jianpucn-tongange/忘不了 键盘类 钢琴__jianpucn-115962/001.jpg
忘不了您	qupu123	305334	1	简谱	忘不了您__qupu123-305334	/home/caesium-132/jianpu/images-prep/qupu123-sweep/忘不了您__qupu123-305334/001.jpg
忘不掉的你	qupu123	312294	1	简谱	忘不掉的你__qupu123-312294	/home/caesium-132/jianpu/images-prep/qupu123-sweep/忘不掉的你__qupu123-312294/001.jpg
忘了哭-弹唱 吉他类 流行	jianpucn	113171	2	改编	忘了哭-弹唱 吉他类 流行__jianpucn-113171	/home/caesium-132/jianpu/images-prep/jianpucn-zhangxueyou/忘了哭-弹唱 吉他类 流行__jianpucn-113171/001.jpg
忘忧草1234	jianpucn	200234	1	简谱	忘忧草1234__jianpucn-200234	/home/caesium-132/jianpu/images-prep/jianpucn-zhouhuajian/忘忧草1234__jianpucn-200234/001.jpg
忘情水 -C调	jianpucn	470216	2	简谱	忘情水 -C调__jianpucn-470216	/home/caesium-132/jianpu/images-prep/jianpucn-liudehua/忘情水 -C调__jianpucn-470216/001.jpg
忘情水钢琴	jianpujia	251850	2	改编	忘情水钢琴简谱_刘德华演唱__jianpujia-251850	/home/caesium-132/jianpu/images-prep/jianpujia-art855/忘情水钢琴简谱_刘德华演唱__jianpujia-251850/001.png
忘情酒&nbsp;&nbsp;	jianpucn	475596	10	简谱	忘情酒&nbsp;&nbsp;__jianpucn-475596	/home/caesium-132/jianpu/images-prep/test-jianpucn/忘情酒&nbsp;&nbsp;__jianpucn-475596/001.jpg
忘掉你真的不容易	qupu123	303137	1	简谱	忘掉你真的不容易__qupu123-303137	/home/caesium-132/jianpu/images-prep/qupu123-sweep/忘掉你真的不容易__qupu123-303137/001.jpg
忘记你我做不到 -C调	jianpucn	470173	2	简谱	忘记你我做不到 -C调__jianpucn-470173	/home/caesium-132/jianpu/images-prep/jianpucn-zhangxueyou/忘记你我做不到 -C调__jianpucn-470173/001.jpg
忘记你我做不到钢琴	jianpujia	149573	4	改编	忘记你我做不到钢琴简谱_张学友演唱__jianpujia-149573	/home/caesium-132/jianpu/images-prep/jianpujia-414/忘记你我做不到钢琴简谱_张学友演唱__jianpujia-149573/001.png
忘记歌词	jianpucn	53850	1	简谱	忘记歌词__jianpucn-53850	/home/caesium-132/jianpu/images-prep/jianpucn-pop/忘记歌词__jianpucn-53850/001.jpg
忘词	jianpucn	131092	2	简谱	忘词__jianpucn-131092	/home/caesium-132/jianpu/images-prep/jianpucn-wuyuetian/忘词__jianpucn-131092/001.jpg
忠孝东路走九遍	jianpucn	124037	1	简谱	忠孝东路走九遍_&nbsp;&nbsp;__jianpucn-124037	/home/caesium-132/jianpu/images-prep/jianpucn-title/忠孝东路走九遍_&nbsp;&nbsp;__jianpucn-124037/001.jpg
忠孝东路走九遍&nbsp;&nbsp;	jianpucn	48359	1	简谱	忠孝东路走九遍&nbsp;&nbsp;__jianpucn-48359	/home/caesium-132/jianpu/images-prep/jianpucn-title/忠孝东路走九遍&nbsp;&nbsp;__jianpucn-48359/001.jpg
快乐宝贝	qupu123	331004	6	简谱	快乐宝贝（班南_词曲）__qupu123-331004	/home/caesium-132/jianpu/images-prep/qupu123-crawl/快乐宝贝（班南_词曲）__qupu123-331004/001.jpg
快乐旅途	qupu123	304414	1	简谱	快乐旅途__qupu123-304414	/home/caesium-132/jianpu/images-prep/qupu123-sweep/快乐旅途__qupu123-304414/001.png
快乐歌	qupu123	330308	2	简谱	快乐歌（刘志毅词_张瑞孔曲）__qupu123-330308	/home/caesium-132/jianpu/images-prep/qupu123-crawl/快乐歌（刘志毅词_张瑞孔曲）__qupu123-330308/001.jpg
快乐每一天	qupu123	308783	1	简谱	快乐每一天（陈吉桂 词曲）__qupu123-308783	/home/caesium-132/jianpu/images-prep/qupu123-sweep/快乐每一天（陈吉桂 词曲）__qupu123-308783/001.jpg
快乐的情歌	qupu123	370012	2	简谱	快乐的情歌__qupu123-370012	/home/caesium-132/jianpu/images-prep/qupu123-crawl/快乐的情歌__qupu123-370012/001.jpg
快递小哥	qupu123	304719	1	简谱	快递小哥（对唱版）__qupu123-304719	/home/caesium-132/jianpu/images-prep/qupu123-sweep/快递小哥（对唱版）__qupu123-304719/001.jpg
快递开到山村来	qupu123	324642	3	简谱	快递开到山村来__qupu123-324642	/home/caesium-132/jianpu/images-prep/qupu123-crawl/快递开到山村来__qupu123-324642/001.jpg
念你	qupu123	319973	1	简谱	念你（青哥词 青哥曲）__qupu123-319973	/home/caesium-132/jianpu/images-prep/qupu123-sweep/念你（青哥词 青哥曲）__qupu123-319973/001.jpg
念秋	qupu123	313686	1	简谱	念秋__qupu123-313686	/home/caesium-132/jianpu/images-prep/qupu123-sweep/念秋__qupu123-313686/001.png
忻州，美丽的家乡	qupu123	335681	5	改编	忻州，美丽的家乡（正谱）__qupu123-335681	/home/caesium-132/jianpu/images-prep/qupu123-crawl/忻州，美丽的家乡（正谱）__qupu123-335681/001.jpg
忽然之间 Gary李霖版	jianpucn	214261	3	简谱	忽然之间 Gary李霖版__jianpucn-214261	/home/caesium-132/jianpu/images-prep/jianpucn-pop/忽然之间 Gary李霖版__jianpucn-214261/001.jpg
忽然之间1	jianpucn	207831	2	简谱	忽然之间1__jianpucn-207831	/home/caesium-132/jianpu/images-prep/jianpucn-pop/忽然之间1__jianpucn-207831/001.jpg
忽然之间尤克里里谱	jianpucn	461872	1	改编	忽然之间尤克里里谱（ C调简单版）__jianpucn-461872	/home/caesium-132/jianpu/images-prep/jianpucn-mowenwei/忽然之间尤克里里谱（ C调简单版）__jianpucn-461872/001.jpg
怀念呼盟草原李一泉词于珂群曲怀念呼盟草原李一泉词	jianpujia	210468	1	简谱	怀念呼盟草原李一泉词于珂群曲怀念呼盟草原李一泉词_于珂群曲简谱__jianpujia-210468	/home/caesium-132/jianpu/images-prep/jianpujia-6223/怀念呼盟草原李一泉词于珂群曲怀念呼盟草原李一泉词_于珂群曲简谱__jianpujia-210468/001.png
怀念您	jianpucn	119402	1	简谱	怀念您__jianpucn-119402	/home/caesium-132/jianpu/images-prep/jianpucn-beyond/怀念您__jianpucn-119402/001.jpg
怎么舍得你	jianpucn	2130	1	简谱	怎么舍得你__jianpucn-2130	/home/caesium-132/jianpu/images-prep/jianpucn-zhangxueyou/怎么舍得你__jianpucn-2130/001.jpg
怒放的生命架子鼓其他	jianpucn	247736	2	简谱	怒放的生命架子鼓其他__jianpucn-247736	/home/caesium-132/jianpu/images-prep/jianpucn-wangfeng/怒放的生命架子鼓其他__jianpucn-247736/001.jpg
怒放的生命－C调	jianpucn	192565	1	简谱	怒放的生命－C调__jianpucn-192565	/home/caesium-132/jianpu/images-prep/jianpucn-wangfeng/怒放的生命－C调__jianpucn-192565/001.jpg
思念你的滋味我好陶醉	qupu123	326787	1	简谱	思念你的滋味我好陶醉__qupu123-326787	/home/caesium-132/jianpu/images-prep/qupu123-sweep/思念你的滋味我好陶醉__qupu123-326787/001.jpg
思念你，我的蝴蝶	qupu123	323373	3	改编	思念你，我的蝴蝶（正谱）__qupu123-323373	/home/caesium-132/jianpu/images-prep/qupu123-crawl/思念你，我的蝴蝶（正谱）__qupu123-323373/001.jpg
思念妈妈	qupu123	321466	1	简谱	思念妈妈（王光秀词 静儿 青草曲）__qupu123-321466	/home/caesium-132/jianpu/images-prep/qupu123-sweep/思念妈妈（王光秀词 静儿 青草曲）__qupu123-321466/001.jpg
思念成行	qupu123	307786	1	简谱	思念成行__qupu123-307786	/home/caesium-132/jianpu/images-prep/qupu123-sweep/思念成行__qupu123-307786/001.jpg
思念是我想你的夜	qupu123	309556	1	简谱	思念是我想你的夜__qupu123-309556	/home/caesium-132/jianpu/images-prep/qupu123-sweep/思念是我想你的夜__qupu123-309556/001.jpg
思念的人今夜会梦见我	qupu123	319988	1	简谱	思念的人今夜会梦见我__qupu123-319988	/home/caesium-132/jianpu/images-prep/qupu123-sweep/思念的人今夜会梦见我__qupu123-319988/001.jpg
思念陪着鸿雁飞	qupu123	395224	1	简谱	思念陪着鸿雁飞（电吹管技巧谱_曲谱）__qupu123-395224	/home/caesium-132/jianpu/images-prep/qupu123-crawl/思念陪着鸿雁飞（电吹管技巧谱_曲谱）__qupu123-395224/001.jpg
怪咖	jianpujia	14827	6	简谱	怪咖简谱_薛之谦_感情里的怪咖_再难过也笑着说吧__jianpujia-14827	/home/caesium-132/jianpu/images-prep/jianpujia-351/怪咖简谱_薛之谦_感情里的怪咖_再难过也笑着说吧__jianpujia-14827/001.png
总有爱 beyond	jianpucn	215242	1	简谱	总有爱 beyond__jianpucn-215242	/home/caesium-132/jianpu/images-prep/jianpucn-beyond/总有爱 beyond__jianpucn-215242/001.jpg
总有爱国语版-一辈子陪你走	jianpucn	273294	3	简谱	总有爱国语版-一辈子陪你走__jianpucn-273294	/home/caesium-132/jianpu/images-prep/jianpucn-beyond/总有爱国语版-一辈子陪你走__jianpucn-273294/001.jpg
总理保重	jianpucn	46420	1	简谱	总理保重__jianpucn-46420	/home/caesium-132/jianpu/images-prep/jianpucn-zhangye/总理保重__jianpucn-46420/001.jpg
恋人未满	jianpucn	69605	1	简谱	恋人未满 (she)&nbsp;&nbsp;__jianpucn-69605	/home/caesium-132/jianpu/images-prep/jianpucn-title/恋人未满 (she)&nbsp;&nbsp;__jianpucn-69605/001.jpg
恋人未满&nbsp;&nbsp;	jianpucn	37008	2	简谱	恋人未满&nbsp;&nbsp;__jianpucn-37008	/home/caesium-132/jianpu/images-prep/jianpucn-title/恋人未满&nbsp;&nbsp;__jianpucn-37008/001.jpg
恋人未满２&nbsp;&nbsp;	jianpucn	34673	1	简谱	恋人未满２&nbsp;&nbsp;__jianpucn-34673	/home/caesium-132/jianpu/images-prep/jianpucn-title/恋人未满２&nbsp;&nbsp;__jianpucn-34673/001.jpg
恋你	qupu123	317672	1	简谱	恋你__qupu123-317672	/home/caesium-132/jianpu/images-prep/qupu123-sweep/恋你__qupu123-317672/001.jpg
恋曲1990 喀什怒放	jianpucn	214260	1	简谱	恋曲1990 喀什怒放__jianpucn-214260	/home/caesium-132/jianpu/images-prep/jianpucn-pop/恋曲1990 喀什怒放__jianpucn-214260/001.jpg
恋曲1999	jianpujia	19216	1	简谱	恋曲1999简谱(歌词)_罗大佑演唱_谱友电视迷上传__jianpujia-19216	/home/caesium-132/jianpu/images-prep/jianpujia-1173/恋曲1999简谱(歌词)_罗大佑演唱_谱友电视迷上传__jianpujia-19216/001.png
恋爱ING	jianpucn	462752	2	改编	恋爱ING （ C调原版编配）__jianpucn-462752	/home/caesium-132/jianpu/images-prep/jianpucn-wuyuetian/恋爱ING （ C调原版编配）__jianpucn-462752/001.jpg
恋爱大过天	jianpucn	8634	1	简谱	恋爱大过天__jianpucn-8634	/home/caesium-132/jianpu/images-prep/jianpucn-twins/恋爱大过天__jianpucn-8634/001.jpg
恋爱日记	qupu123	326567	1	简谱	恋爱日记__qupu123-326567	/home/caesium-132/jianpu/images-prep/qupu123-sweep/恋爱日记__qupu123-326567/001.png
恋爱症候群	qupu123	69664	3	简谱	恋爱症候群__qupu123-69664	/home/caesium-132/jianpu/images-prep/qupu123-mp011/恋爱症候群__qupu123-69664/001.jpg
恋爱百分百	jianpucn	2942	3	简谱	恋爱百分百__jianpucn-2942	/home/caesium-132/jianpu/images-prep/jianpucn-caiyilin/恋爱百分百__jianpucn-2942/001.jpg
恋着多喜欢	jianpucn	74433	1	简谱	恋着多喜欢__jianpucn-74433	/home/caesium-132/jianpu/images-prep/jianpucn-liangjingru/恋着多喜欢__jianpucn-74433/001.jpg
恐龙进化论	jianpucn	401511	1	简谱	恐龙进化论__jianpucn-401511	/home/caesium-132/jianpu/images-prep/jianpucn-pop/恐龙进化论__jianpucn-401511/001.jpg
恒山中学你最美	qupu123	308572	1	简谱	恒山中学你最美__qupu123-308572	/home/caesium-132/jianpu/images-prep/qupu123-sweep/恒山中学你最美__qupu123-308572/001.jpg
恒星的恒心	jianpucn	10165	3	简谱	恒星的恒心__jianpucn-10165	/home/caesium-132/jianpu/images-prep/jianpucn-wuyuetian/恒星的恒心__jianpucn-10165/001.jpg
恒星的恒心-弹唱-b欣仔b版	jianpucn	100980	2	改编	恒星的恒心-弹唱-b欣仔b版__jianpucn-100980	/home/caesium-132/jianpu/images-prep/jianpucn-wuyuetian/恒星的恒心-弹唱-b欣仔b版__jianpucn-100980/001.jpg
恨幸福来过钢琴	jianpujia	382742	5	改编	恨幸福来过钢琴简谱_林俊杰_金钟国演唱__jianpujia-382742	/home/caesium-132/jianpu/images-prep/jianpujia-499/恨幸福来过钢琴简谱_林俊杰_金钟国演唱__jianpujia-382742/001.png
恨离殇	qupu123	314387	1	简谱	恨离殇__qupu123-314387	/home/caesium-132/jianpu/images-prep/qupu123-sweep/恨离殇__qupu123-314387/001.png
恩赐	jianpucn	2573	1	简谱	恩赐__jianpucn-2573	/home/caesium-132/jianpu/images-prep/jianpucn-pop/恩赐__jianpucn-2573/001.jpg
恭喜发财尤克里里谱	jianpucn	462744	1	改编	恭喜发财尤克里里谱（ G调尤克里里弹唱谱）__jianpucn-462744	/home/caesium-132/jianpu/images-prep/jianpucn-liudehua/恭喜发财尤克里里谱（ G调尤克里里弹唱谱）__jianpucn-462744/001.jpg
恭喜恭喜钢琴	jianpujia	150326	3	改编	恭喜恭喜钢琴简谱_邓丽君演唱__jianpujia-150326	/home/caesium-132/jianpu/images-prep/jianpujia-1252/恭喜恭喜钢琴简谱_邓丽君演唱__jianpujia-150326/001.png
恰似你的温柔2	jianpucn	170995	1	简谱	恰似你的温柔2__jianpucn-170995	/home/caesium-132/jianpu/images-prep/jianpucn-denglijun/恰似你的温柔2__jianpucn-170995/001.jpg
恰似你的温柔女声版	jianpucn	213068	1	简谱	恰似你的温柔女声版__jianpucn-213068	/home/caesium-132/jianpu/images-prep/jianpucn-denglijun/恰似你的温柔女声版__jianpucn-213068/001.jpg
恼人的秋风	qupu123	231893	1	简谱	恼人的秋风__qupu123-231893	/home/caesium-132/jianpu/images-prep/qupu123-mp013/恼人的秋风__qupu123-231893/001.png
悄无声息	jianpucn	54329	3	简谱	悄无声息__jianpucn-54329	/home/caesium-132/jianpu/images-prep/jianpucn-xuwei/悄无声息__jianpucn-54329/001.jpg
悄然无声-版本二	jianpucn	178580	2	简谱	悄然无声-版本二__jianpucn-178580	/home/caesium-132/jianpu/images-prep/jianpucn-xuwei/悄然无声-版本二__jianpucn-178580/001.jpg
悠然见南山	qupu123	333297	1	简谱	悠然见南山__qupu123-333297	/home/caesium-132/jianpu/images-prep/qupu123-crawl/悠然见南山__qupu123-333297/001.gif
悲剧的序幕-《天台爱情》原声带	jianpucn	233686	2	简谱	悲剧的序幕-《天台爱情》原声带__jianpucn-233686	/home/caesium-132/jianpu/images-prep/jianpucn-zhoujielun/悲剧的序幕-《天台爱情》原声带__jianpucn-233686/001.jpg
情义两心坚	qupu123	49442	1	简谱	情义两心坚（电视剧《神雕侠侣》插曲）__qupu123-49442	/home/caesium-132/jianpu/images-prep/qupu123-mp012/情义两心坚（电视剧《神雕侠侣》插曲）__qupu123-49442/001.jpg
情书完美版	jianpucn	170293	2	简谱	情书完美版__jianpucn-170293	/home/caesium-132/jianpu/images-prep/jianpucn-zhangxueyou/情书完美版__jianpucn-170293/001.jpg
情人的关怀编号-193	jianpucn	468167	3	简谱	情人的关怀编号-193__jianpucn-468167	/home/caesium-132/jianpu/images-prep/jianpucn-denglijun/情人的关怀编号-193__jianpucn-468167/001.jpg
情人钢琴	jianpujia	234504	7	改编	情人钢琴简谱_Beyond演唱__jianpujia-234504	/home/caesium-132/jianpu/images-prep/jianpujia-art3246/情人钢琴简谱_Beyond演唱__jianpujia-234504/001.png
情似无情	qupu123	305183	1	简谱	情似无情__qupu123-305183	/home/caesium-132/jianpu/images-prep/qupu123-sweep/情似无情__qupu123-305183/001.png
情和缘	qupu123	314604	1	简谱	情和缘__qupu123-314604	/home/caesium-132/jianpu/images-prep/qupu123-sweep/情和缘__qupu123-314604/001.jpg
情怨无常歌	qupu123	316619	1	简谱	情怨无常歌__qupu123-316619	/home/caesium-132/jianpu/images-prep/qupu123-sweep/情怨无常歌__qupu123-316619/001.jpg
情感的	jianpucn	220562	1	简谱	情感的__jianpucn-220562	/home/caesium-132/jianpu/images-prep/jianpucn-liudehua/情感的__jianpucn-220562/001.jpg
情愿	jianpujia	13255	1	简谱	情愿简谱(歌词)_张学友演唱_桃李醉春风记谱__jianpujia-13255	/home/caesium-132/jianpu/images-prep/jianpujia-414/情愿简谱(歌词)_张学友演唱_桃李醉春风记谱__jianpujia-13255/001.png
情无声息	jianpucn	178121	2	简谱	情无声息__jianpucn-178121	/home/caesium-132/jianpu/images-prep/jianpucn-xuwei/情无声息__jianpucn-178121/001.jpg
情歌 余杨老师编配	jianpucn	215151	1	改编	情歌 余杨老师编配__jianpucn-215151	/home/caesium-132/jianpu/images-prep/jianpucn-liangjingru/情歌 余杨老师编配__jianpucn-215151/001.jpg
情歌---余杨老师编配版	jianpucn	172539	1	改编	情歌---余杨老师编配版__jianpucn-172539	/home/caesium-132/jianpu/images-prep/jianpucn-liangjingru/情歌---余杨老师编配版__jianpucn-172539/001.jpg
情歌完美演奏版	jianpucn	121942	2	简谱	情歌完美演奏版__jianpucn-121942	/home/caesium-132/jianpu/images-prep/jianpucn-pop/情歌完美演奏版__jianpucn-121942/001.jpg
情歌虽老却动听	qupu123	371050	3	简谱	情歌虽老却动听__qupu123-371050	/home/caesium-132/jianpu/images-prep/qupu123-crawl/情歌虽老却动听__qupu123-371050/001.jpg
情深往事	jianpucn	45270	1	简谱	情深往事(费玉清深情演唱)__jianpucn-45270	/home/caesium-132/jianpu/images-prep/jianpucn-feiyuqing/情深往事(费玉清深情演唱)__jianpucn-45270/001.jpg
情深怎么办	jianpucn	2961	1	简谱	情深怎么办__jianpucn-2961	/home/caesium-132/jianpu/images-prep/jianpucn-pop/情深怎么办__jianpucn-2961/001.jpg
情深迷离	qupu123	330949	2	简谱	情深迷离（作词：杜劲松_作曲：李怀东）__qupu123-330949	/home/caesium-132/jianpu/images-prep/qupu123-crawl/情深迷离（作词：杜劲松_作曲：李怀东）__qupu123-330949/001.jpg
情满后备箱	qupu123	309652	1	简谱	情满后备箱__qupu123-309652	/home/caesium-132/jianpu/images-prep/qupu123-sweep/情满后备箱__qupu123-309652/001.jpg
情画	jianpucn	91156	2	简谱	情画__jianpucn-91156	/home/caesium-132/jianpu/images-prep/jianpucn-zhoujielun/情画__jianpucn-91156/001.jpg
情画-弹唱版	jianpucn	102437	2	改编	情画-弹唱版__jianpucn-102437	/home/caesium-132/jianpu/images-prep/jianpucn-zhoujielun/情画-弹唱版__jianpucn-102437/001.jpg
情缘今生	qupu123	323951	1	简谱	情缘今生__qupu123-323951	/home/caesium-132/jianpu/images-prep/qupu123-sweep/情缘今生__qupu123-323951/001.jpg
情義兩心堅	jianpucn	101951	2	简谱	情義兩心堅__jianpucn-101951	/home/caesium-132/jianpu/images-prep/jianpucn-liudehua/情義兩心堅__jianpucn-101951/001.jpg
情难再续	qupu123	315158	1	简谱	情难再续__qupu123-315158	/home/caesium-132/jianpu/images-prep/qupu123-sweep/情难再续__qupu123-315158/001.jpg
惊鸿一面	jianpujia	10370	1	简谱	惊鸿一面简谱(歌词)_许嵩黄龄演唱_桃李醉春风记谱__jianpujia-10370	/home/caesium-132/jianpu/images-prep/jianpujia-693/惊鸿一面简谱(歌词)_许嵩黄龄演唱_桃李醉春风记谱__jianpujia-10370/001.gif
惜时如金	jianpujia	19983	1	简谱	惜时如金简谱(歌词)_王丽达演唱_momoliu曲谱__jianpujia-19983	/home/caesium-132/jianpu/images-prep/jianpujia-12500/惜时如金简谱(歌词)_王丽达演唱_momoliu曲谱__jianpujia-19983/001.jpg
惠安之春 完美版	jianpucn	88244	1	简谱	惠安之春 完美版__jianpucn-88244	/home/caesium-132/jianpu/images-prep/jianpucn-pop/惠安之春 完美版__jianpucn-88244/001.jpg
惩罚-版本一	jianpucn	285011	1	简谱	惩罚-版本一__jianpucn-285011	/home/caesium-132/jianpu/images-prep/jianpucn-pop/惩罚-版本一__jianpucn-285011/001.jpg
惩罚-版本二	jianpucn	178608	1	简谱	惩罚-版本二__jianpucn-178608	/home/caesium-132/jianpu/images-prep/jianpucn-pop/惩罚-版本二__jianpucn-178608/001.jpg
想你	qupu123	14454	1	简谱	想你（Beyond 词曲）__qupu123-14454	/home/caesium-132/jianpu/images-prep/qupu123-beyond/想你（Beyond 词曲）__qupu123-14454/001.jpg
想你0.01秒	jianpucn	10204	1	简谱	想你0.01秒__jianpucn-10204	/home/caesium-132/jianpu/images-prep/jianpucn-pop/想你0.01秒__jianpucn-10204/001.jpg
想你0.01秒 完美版	jianpucn	88228	1	简谱	想你0.01秒 完美版__jianpucn-88228	/home/caesium-132/jianpu/images-prep/jianpucn-pop/想你0.01秒 完美版__jianpucn-88228/001.jpg
想你在草原	qupu123	333665	2	简谱	想你在草原__qupu123-333665	/home/caesium-132/jianpu/images-prep/qupu123-crawl/想你在草原__qupu123-333665/001.jpg
想你很久了	qupu123	307337	1	简谱	想你很久了（梁海洋 词曲）__qupu123-307337	/home/caesium-132/jianpu/images-prep/qupu123-sweep/想你很久了（梁海洋 词曲）__qupu123-307337/001.png
想你想你我想你	jianpucn	233269	1	简谱	想你想你我想你__jianpucn-233269	/home/caesium-132/jianpu/images-prep/jianpucn-pop/想你想你我想你__jianpucn-233269/001.jpg
想你的0.01秒	jianpucn	137319	1	简谱	想你的0.01秒__jianpucn-137319	/home/caesium-132/jianpu/images-prep/jianpucn-pop/想你的0.01秒__jianpucn-137319/001.jpg
想你的夜晚	qupu123	303663	1	简谱	想你的夜晚（李子涵词 黎荣军曲）__qupu123-303663	/home/caesium-132/jianpu/images-prep/qupu123-sweep/想你的夜晚（李子涵词 黎荣军曲）__qupu123-303663/001.jpg
想你的夜静悄悄	qupu123	327933	1	简谱	想你的夜静悄悄__qupu123-327933	/home/caesium-132/jianpu/images-prep/qupu123-sweep/想你的夜静悄悄__qupu123-327933/001.jpg
想你的时候问月亮	qupu123	370177	1	简谱	想你的时候问月亮__qupu123-370177	/home/caesium-132/jianpu/images-prep/qupu123-crawl/想你的时候问月亮__qupu123-370177/001.gif
想家的时候	jianpucn	43816	1	改编	想家的时候(五线谱_简谱对照)__jianpucn-43816	/home/caesium-132/jianpu/images-prep/jianpucn-yanweiwen/想家的时候(五线谱_简谱对照)__jianpucn-43816/001.jpg
想把我唱给你听	jianpujia	76451	7	简谱	想把我唱给你听简谱_老狼_我们晴朗的时光都在歌里__jianpujia-76451	/home/caesium-132/jianpu/images-prep/jianpujia-3407/想把我唱给你听简谱_老狼_我们晴朗的时光都在歌里__jianpujia-76451/001.png
想爱你	jianpucn	122759	2	简谱	想爱你__jianpucn-122759	/home/caesium-132/jianpu/images-prep/jianpucn-pop/想爱你__jianpucn-122759/001.jpg
想爱就要爱	qupu123	310448	1	简谱	想爱就要爱__qupu123-310448	/home/caesium-132/jianpu/images-prep/qupu123-sweep/想爱就要爱__qupu123-310448/001.png
想着你	qupu123	327220	2	简谱	想着你_爱着你__qupu123-327220	/home/caesium-132/jianpu/images-prep/qupu123-crawl/想着你_爱着你__qupu123-327220/001.jpg
想让雨滴问问你	qupu123	370125	3	简谱	想让雨滴问问你__qupu123-370125	/home/caesium-132/jianpu/images-prep/qupu123-crawl/想让雨滴问问你__qupu123-370125/001.jpg
意外	jianpucn	413803	2	改编	意外（尤克里里弹唱谱）__jianpucn-413803	/home/caesium-132/jianpu/images-prep/jianpucn-xuezhiqian/意外（尤克里里弹唱谱）__jianpucn-413803/001.jpg
意难平&nbsp;&nbsp;	jianpucn	475825	11	简谱	意难平&nbsp;&nbsp;__jianpucn-475825	/home/caesium-132/jianpu/images-prep/test-jianpucn/意难平&nbsp;&nbsp;__jianpucn-475825/001.jpg
感恩	qupu123	307333	1	简谱	感恩（正兴法师词 孙国栋曲）__qupu123-307333	/home/caesium-132/jianpu/images-prep/qupu123-sweep/感恩（正兴法师词 孙国栋曲）__qupu123-307333/001.jpg
感恩有你	qupu123	396403	1	简谱	感恩有你（潘九岭、李铭雪演唱）__qupu123-396403	/home/caesium-132/jianpu/images-prep/qupu123-crawl/感恩有你（潘九岭、李铭雪演唱）__qupu123-396403/001.jpg
感恩的心	qupu123	334388	2	简谱	感恩的心（巴秀拉_词曲）__qupu123-334388	/home/caesium-132/jianpu/images-prep/qupu123-crawl/感恩的心（巴秀拉_词曲）__qupu123-334388/001.jpg
感悟人生	qupu123	305259	1	简谱	感悟人生（海翁 词曲）__qupu123-305259	/home/caesium-132/jianpu/images-prep/qupu123-sweep/感悟人生（海翁 词曲）__qupu123-305259/001.jpg
感谢大地	jianpucn	29156	1	简谱	感谢大地__jianpucn-29156	/home/caesium-132/jianpu/images-prep/jianpucn-pop/感谢大地__jianpucn-29156/001.jpg
感谢有你	qupu123	306351	1	简谱	感谢有你（ 尤加兵词 刘星阁曲）__qupu123-306351	/home/caesium-132/jianpu/images-prep/qupu123-sweep/感谢有你（ 尤加兵词 刘星阁曲）__qupu123-306351/001.png
感谢钢琴	jianpujia	250631	4	改编	感谢钢琴简谱_儿歌演唱__jianpujia-250631	/home/caesium-132/jianpu/images-prep/jianpujia-cat3462/感谢钢琴简谱_儿歌演唱__jianpujia-250631/001.png
愿与愁钢琴	jianpujia	385669	6	改编	愿与愁钢琴简谱_林俊杰演唱__jianpujia-385669	/home/caesium-132/jianpu/images-prep/jianpujia-499/愿与愁钢琴简谱_林俊杰演唱__jianpujia-385669/001.png
愿我能	jianpucn	37125	1	简谱	愿我能__jianpucn-37125	/home/caesium-132/jianpu/images-prep/jianpucn-beyond/愿我能__jianpucn-37125/001.jpg
慕雁南飞	qupu123	321462	1	简谱	慕雁南飞__qupu123-321462	/home/caesium-132/jianpu/images-prep/qupu123-sweep/慕雁南飞__qupu123-321462/001.jpg
慢冷	jianpucn	461016	2	改编	慢冷 （ A调指法原版编配）__jianpucn-461016	/home/caesium-132/jianpu/images-prep/jianpucn-pop/慢冷 （ A调指法原版编配）__jianpucn-461016/001.jpg
慢半拍钢琴	jianpujia	151387	5	改编	慢半拍钢琴简谱_薛之谦演唱__jianpujia-151387	/home/caesium-132/jianpu/images-prep/jianpujia-351/慢半拍钢琴简谱_薛之谦演唱__jianpujia-151387/001.png
慢慢	jianpucn	462707	1	改编	慢慢 （ C调原版编配）__jianpucn-462707	/home/caesium-132/jianpu/images-prep/jianpucn-zhangxueyou/慢慢 （ C调原版编配）__jianpucn-462707/001.jpg
慢慢喜欢你	qupu123	381277	4	简谱	慢慢喜欢你__qupu123-381277	/home/caesium-132/jianpu/images-prep/qupu123-crawl/慢慢喜欢你__qupu123-381277/001.jpg
慢慢喜欢你尤克里里谱	jianpucn	461951	1	改编	慢慢喜欢你尤克里里谱（ G调 ）__jianpucn-461951	/home/caesium-132/jianpu/images-prep/jianpucn-pop/慢慢喜欢你尤克里里谱（ G调 ）__jianpucn-461951/001.jpg
懂了	jianpucn	203721	2	简谱	懂了__jianpucn-203721	/home/caesium-132/jianpu/images-prep/jianpucn-pop/懂了__jianpucn-203721/001.jpg
懂了就懂了	jianpujia	14001	7	简谱	懂了就懂了简谱__李荣浩_岳云鹏__年少时不懂，等懂了，我们也就不再年少__jianpujia-14001	/home/caesium-132/jianpu/images-prep/jianpujia-478/懂了就懂了简谱__李荣浩_岳云鹏__年少时不懂，等懂了，我们也就不再年少__jianpujia-14001/001.png
懂了就懂了 -C调	jianpucn	463650	2	简谱	懂了就懂了 -C调__jianpucn-463650	/home/caesium-132/jianpu/images-prep/jianpucn-lironghao/懂了就懂了 -C调__jianpucn-463650/001.jpg
懂得	jianpujia	14796	11	简谱	懂得简谱_李健_诚意满满地呈现了一曲人生长卷__jianpujia-14796	/home/caesium-132/jianpu/images-prep/jianpujia-1106/懂得简谱_李健_诚意满满地呈现了一曲人生长卷__jianpujia-14796/001.jpg
戇过头-	jianpucn	101432	1	简谱	戇过头-(简易版)__jianpucn-101432	/home/caesium-132/jianpu/images-prep/jianpucn-liangjingru/戇过头-(简易版)__jianpucn-101432/001.jpg
戏解江郎才尽	qupu123	310090	1	简谱	戏解江郎才尽__qupu123-310090	/home/caesium-132/jianpu/images-prep/qupu123-sweep/戏解江郎才尽__qupu123-310090/001.jpg
成为你最好的新娘	qupu123	321596	1	简谱	成为你最好的新娘__qupu123-321596	/home/caesium-132/jianpu/images-prep/qupu123-sweep/成为你最好的新娘__qupu123-321596/001.jpg
成全	jianpucn	469658	2	改编	成全 （ G调原版指法原版编配）__jianpucn-469658	/home/caesium-132/jianpu/images-prep/jianpucn-liuruoying/成全 （ G调原版指法原版编配）__jianpucn-469658/001.jpg
成长的短发	jianpucn	192831	1	简谱	成长的短发__jianpucn-192831	/home/caesium-132/jianpu/images-prep/jianpucn-pop/成长的短发__jianpucn-192831/001.jpg
我	qupu123	369914	4	简谱	我_心_FEARLESS__qupu123-369914	/home/caesium-132/jianpu/images-prep/qupu123-crawl/我_心_FEARLESS__qupu123-369914/001.jpg
我不想 说再见	jianpucn	194336	1	简谱	我不想 说再见__jianpucn-194336	/home/caesium-132/jianpu/images-prep/jianpucn-tenggeer/我不想 说再见__jianpucn-194336/001.jpg
我不愿意让你一个人	jianpucn	198031	2	简谱	我不愿意让你一个人__jianpucn-198031	/home/caesium-132/jianpu/images-prep/jianpucn-wuyuetian/我不愿意让你一个人__jianpucn-198031/001.jpg
我不愿让你一个人—五月天	jianpucn	201339	2	简谱	我不愿让你一个人—五月天__jianpucn-201339	/home/caesium-132/jianpu/images-prep/jianpucn-wuyuetian/我不愿让你一个人—五月天__jianpucn-201339/001.jpg
我不愿让你一个人钢琴	jianpujia	148641	5	改编	我不愿让你一个人钢琴简谱_五月天演唱__jianpujia-148641	/home/caesium-132/jianpu/images-prep/jianpujia-1192/我不愿让你一个人钢琴简谱_五月天演唱__jianpujia-148641/001.png
我不是好男人	qupu123	310083	1	简谱	我不是好男人__qupu123-310083	/home/caesium-132/jianpu/images-prep/qupu123-sweep/我不是好男人__qupu123-310083/001.jpg
我不爱	jianpucn	122244	2	简谱	我不爱__jianpucn-122244	/home/caesium-132/jianpu/images-prep/jianpucn-pop/我不爱__jianpucn-122244/001.jpg
我不走	qupu123	311027	1	简谱	我不走__qupu123-311027	/home/caesium-132/jianpu/images-prep/qupu123-sweep/我不走__qupu123-311027/001.png
我不配	jianpucn	457873	2	改编	我不配 （ G调原版编配）__jianpucn-457873	/home/caesium-132/jianpu/images-prep/jianpucn-zhoujielun/我不配 （ G调原版编配）__jianpucn-457873/001.jpg
我不难过——孙燕姿	jianpucn	193535	2	简谱	我不难过——孙燕姿__jianpucn-193535	/home/caesium-132/jianpu/images-prep/jianpucn-pop/我不难过——孙燕姿__jianpucn-193535/001.jpg
我与春天	qupu123	327242	1	简谱	我与春天__qupu123-327242	/home/caesium-132/jianpu/images-prep/qupu123-sweep/我与春天__qupu123-327242/001.png
我为你留的长发	qupu123	308775	1	简谱	我为你留的长发（.yhmwms 词曲）__qupu123-308775	/home/caesium-132/jianpu/images-prep/qupu123-sweep/我为你留的长发（.yhmwms 词曲）__qupu123-308775/001.jpg
我也不想这样钢琴	jianpujia	248768	3	改编	我也不想这样钢琴简谱_王菲演唱__jianpujia-248768	/home/caesium-132/jianpu/images-prep/jianpujia-art3395/我也不想这样钢琴简谱_王菲演唱__jianpujia-248768/001.png
我也很想他-弹唱 吉他类 流行	jianpucn	113161	2	改编	我也很想他-弹唱 吉他类 流行__jianpucn-113161	/home/caesium-132/jianpu/images-prep/jianpucn-pop/我也很想他-弹唱 吉他类 流行__jianpucn-113161/001.jpg
我亲我爱的共和国	qupu123	311077	1	简谱	我亲我爱的共和国__qupu123-311077	/home/caesium-132/jianpu/images-prep/qupu123-sweep/我亲我爱的共和国__qupu123-311077/001.jpg
我亲爱的父亲	qupu123	320640	1	简谱	我亲爱的父亲__qupu123-320640	/home/caesium-132/jianpu/images-prep/qupu123-sweep/我亲爱的父亲__qupu123-320640/001.jpg
我从梦中来	qupu123	306409	1	简谱	我从梦中来（唐前华词 yhmwms曲）__qupu123-306409	/home/caesium-132/jianpu/images-prep/qupu123-sweep/我从梦中来（唐前华词 yhmwms曲）__qupu123-306409/001.jpg
我们一同去远方	qupu123	331208	2	简谱	我们一同去远方__qupu123-331208	/home/caesium-132/jianpu/images-prep/qupu123-crawl/我们一同去远方__qupu123-331208/001.jpg
我们中国	jianpujia	19965	1	简谱	我们中国简谱(歌词)_雷佳演唱_momoliu曲谱__jianpujia-19965	/home/caesium-132/jianpu/images-prep/jianpujia-6369/我们中国简谱(歌词)_雷佳演唱_momoliu曲谱__jianpujia-19965/001.jpg
我们为祖国而自豪	qupu123	305102	1	简谱	我们为祖国而自豪__qupu123-305102	/home/caesium-132/jianpu/images-prep/qupu123-sweep/我们为祖国而自豪__qupu123-305102/001.jpg
我们在一起	qupu123	311076	1	简谱	我们在一起__qupu123-311076	/home/caesium-132/jianpu/images-prep/qupu123-sweep/我们在一起__qupu123-311076/001.jpg
我们女人有一种力量	qupu123	318236	1	简谱	我们女人有一种力量__qupu123-318236	/home/caesium-132/jianpu/images-prep/qupu123-sweep/我们女人有一种力量__qupu123-318236/001.jpg
我们很好尤克里里谱	jianpucn	461890	1	改编	我们很好尤克里里谱（ C调带前奏版）__jianpucn-461890	/home/caesium-132/jianpu/images-prep/jianpucn-linjunjie/我们很好尤克里里谱（ C调带前奏版）__jianpucn-461890/001.jpg
我们是光荣的少先队员	qupu123	370500	1	简谱	我们是光荣的少先队员__qupu123-370500	/home/caesium-132/jianpu/images-prep/qupu123-crawl/我们是光荣的少先队员__qupu123-370500/001.jpg
我们是初升的太阳	qupu123	320638	1	简谱	我们是初升的太阳（王春根词 史建华曲）__qupu123-320638	/home/caesium-132/jianpu/images-prep/qupu123-sweep/我们是初升的太阳（王春根词 史建华曲）__qupu123-320638/001.jpg
我们是祖国的希望	qupu123	323821	2	简谱	我们是祖国的希望（骆传甫_李远书词_翟耀庆曲）__qupu123-323821	/home/caesium-132/jianpu/images-prep/qupu123-crawl/我们是祖国的希望（骆传甫_李远书词_翟耀庆曲）__qupu123-323821/001.jpg
我们是运河的流水	jianpucn	475000	132	简谱	我们是运河的流水（女声合唱）__jianpucn-475000	/home/caesium-132/jianpu/images-prep/ready4/我们是运河的流水（女声合唱）__jianpucn-475000/001.jpg
我们永远在一起	qupu123	320996	2	简谱	我们永远在一起（石矿词曲）__qupu123-320996	/home/caesium-132/jianpu/images-prep/qupu123-crawl/我们永远在一起（石矿词曲）__qupu123-320996/001.jpg
我们爱旗袍	qupu123	303471	1	简谱	我们爱旗袍__qupu123-303471	/home/caesium-132/jianpu/images-prep/qupu123-sweep/我们爱旗袍__qupu123-303471/001.jpg
我们男人有一种力量	qupu123	318237	1	简谱	我们男人有一种力量__qupu123-318237	/home/caesium-132/jianpu/images-prep/qupu123-sweep/我们男人有一种力量__qupu123-318237/001.jpg
我们的未来	jianpujia	20101	1	简谱	我们的未来简谱(歌词)_谭晶演唱_momoliu曲谱__jianpujia-20101	/home/caesium-132/jianpu/images-prep/jianpujia-7224/我们的未来简谱(歌词)_谭晶演唱_momoliu曲谱__jianpujia-20101/001.jpg
我们的歌	qupu123	323266	2	改编	我们的歌（阎肃词_赵方幸曲、正谱）__qupu123-323266	/home/caesium-132/jianpu/images-prep/qupu123-crawl/我们的歌（阎肃词_赵方幸曲、正谱）__qupu123-323266/001.jpg
我们的纪念册	jianpucn	102558	2	简谱	我们的纪念册__jianpucn-102558	/home/caesium-132/jianpu/images-prep/jianpucn-twins/我们的纪念册__jianpucn-102558/001.jpg
我们的长沙	jianpujia	20106	1	简谱	我们的长沙简谱(歌词)_王丽达演唱_momoliu曲谱__jianpujia-20106	/home/caesium-132/jianpu/images-prep/jianpujia-12500/我们的长沙简谱(歌词)_王丽达演唱_momoliu曲谱__jianpujia-20106/001.jpg
我们相爱六年	jianpucn	99998	2	简谱	我们相爱六年__jianpucn-99998	/home/caesium-132/jianpu/images-prep/jianpucn-twins/我们相爱六年__jianpucn-99998/001.jpg
我们相遇	qupu123	327207	1	简谱	我们相遇__qupu123-327207	/home/caesium-132/jianpu/images-prep/qupu123-sweep/我们相遇__qupu123-327207/001.jpg
我们美丽的祖国	jianpujia	22095	1	简谱	我们美丽的祖国简谱(歌词)_儿歌_谱友好心情999上传__jianpujia-22095	/home/caesium-132/jianpu/images-prep/jianpujia-3462/我们美丽的祖国简谱(歌词)_儿歌_谱友好心情999上传__jianpujia-22095/001.gif
我们说好	jianpucn	213181	3	简谱	我们说好__jianpucn-213181	/home/caesium-132/jianpu/images-prep/jianpucn-pop/我们说好__jianpucn-213181/001.jpg
我们还不算太老	qupu123	327243	1	简谱	我们还不算太老__qupu123-327243	/home/caesium-132/jianpu/images-prep/qupu123-sweep/我们还不算太老__qupu123-327243/001.png
我们都是刀迷	qupu123	310089	1	简谱	我们都是刀迷__qupu123-310089	/home/caesium-132/jianpu/images-prep/qupu123-sweep/我们都是刀迷__qupu123-310089/001.jpg
我们都是好朋友	qupu123	370143	2	简谱	我们都是好朋友（儿童歌曲_线+简）__qupu123-370143	/home/caesium-132/jianpu/images-prep/qupu123-crawl/我们都是好朋友（儿童歌曲_线+简）__qupu123-370143/001.jpg
我们都被忘了歌曲	jianpujia	15174	7	简谱	我们都被忘了歌曲____谢安琪____时间就是一段路的小偷__jianpujia-15174	/home/caesium-132/jianpu/images-prep/jianpujia-1106/我们都被忘了歌曲____谢安琪____时间就是一段路的小偷__jianpujia-15174/001.png
我们钢琴	jianpujia	246006	6	改编	我们钢琴简谱_陈奕迅演唱__jianpujia-246006	/home/caesium-132/jianpu/images-prep/jianpujia-art315/我们钢琴简谱_陈奕迅演唱__jianpujia-246006/001.png
我会怀念的	jianpucn	10454	3	简谱	我会怀念的__jianpucn-10454	/home/caesium-132/jianpu/images-prep/jianpucn-pop/我会怀念的__jianpucn-10454/001.jpg
我会记得你的笑	qupu123	19809	1	简谱	我会记得你的笑__qupu123-19809	/home/caesium-132/jianpu/images-prep/_offtarget/我会记得你的笑__qupu123-19809/001.jpg
我依旧想着你	qupu123	318743	1	简谱	我依旧想着你__qupu123-318743	/home/caesium-132/jianpu/images-prep/qupu123-sweep/我依旧想着你__qupu123-318743/001.jpg
我做一只风筝	qupu123	323158	3	改编	我做一只风筝（正谱）__qupu123-323158	/home/caesium-132/jianpu/images-prep/qupu123-crawl/我做一只风筝（正谱）__qupu123-323158/001.jpg
我像梦一样自由	jianpucn	441199	4	改编	我像梦一样自由( 编配 )__jianpucn-441199	/home/caesium-132/jianpu/images-prep/jianpucn-wangfeng/我像梦一样自由( 编配 )__jianpucn-441199/001.jpg
我决定	jianpucn	11038	3	简谱	我决定__jianpucn-11038	/home/caesium-132/jianpu/images-prep/jianpucn-pop/我决定__jianpucn-11038/001.jpg
我又初恋了	jianpucn	443758	1	改编	我又初恋了( G调弹唱)__jianpucn-443758	/home/caesium-132/jianpu/images-prep/jianpucn-wuyuetian/我又初恋了( G调弹唱)__jianpucn-443758/001.jpg
我只在乎你 -C调	jianpucn	471983	2	简谱	我只在乎你 -C调__jianpucn-471983	/home/caesium-132/jianpu/images-prep/jianpucn-denglijun/我只在乎你 -C调__jianpucn-471983/001.jpg
我只在乎你 键盘类 钢琴	jianpucn	114502	2	改编	我只在乎你 键盘类 钢琴__jianpucn-114502	/home/caesium-132/jianpu/images-prep/jianpucn-denglijun/我只在乎你 键盘类 钢琴__jianpucn-114502/001.jpg
我只在乎你-版本一	jianpucn	207848	2	简谱	我只在乎你-版本一__jianpucn-207848	/home/caesium-132/jianpu/images-prep/jianpucn-denglijun/我只在乎你-版本一__jianpucn-207848/001.jpg
我只在乎你-版本三	jianpucn	170153	2	简谱	我只在乎你-版本三__jianpucn-170153	/home/caesium-132/jianpu/images-prep/jianpucn-denglijun/我只在乎你-版本三__jianpucn-170153/001.jpg
我只能一个人来回忆	qupu123	327239	1	简谱	我只能一个人来回忆（左伯山词 谌丽君曲）__qupu123-327239	/home/caesium-132/jianpu/images-prep/qupu123-sweep/我只能一个人来回忆（左伯山词 谌丽君曲）__qupu123-327239/001.png
我可以抱你吗	jianpucn	103675	2	简谱	我可以抱你吗__jianpucn-103675	/home/caesium-132/jianpu/images-prep/jianpucn-zhanghuimei/我可以抱你吗__jianpucn-103675/001.jpg
我可以抱你吗吉他	jianpucn	220386	1	改编	我可以抱你吗吉他__jianpucn-220386	/home/caesium-132/jianpu/images-prep/jianpucn-zhanghuimei/我可以抱你吗吉他__jianpucn-220386/001.jpg
我可爱的中国	qupu123	325892	6	改编	我可爱的中国（志同词_陈世祥曲、正谱）__qupu123-325892	/home/caesium-132/jianpu/images-prep/qupu123-crawl/我可爱的中国（志同词_陈世祥曲、正谱）__qupu123-325892/001.jpg
我和你一样	qupu123	305110	1	简谱	我和你一样（王世慧词 王冬梅曲）__qupu123-305110	/home/caesium-132/jianpu/images-prep/qupu123-sweep/我和你一样（王世慧词 王冬梅曲）__qupu123-305110/001.jpg
我和大海	qupu123	113029	1	简谱	我和大海__qupu123-113029	/home/caesium-132/jianpu/images-prep/_offtarget/我和大海__qupu123-113029/001.jpg
我和我的祖国尤克里里谱	jianpucn	461247	1	改编	我和我的祖国尤克里里谱（ C调四 ）__jianpucn-461247	/home/caesium-132/jianpu/images-prep/jianpucn-liguyi/我和我的祖国尤克里里谱（ C调四 ）__jianpucn-461247/001.jpg
我和星星打电话	jianpujia	22081	1	简谱	我和星星打电话简谱(歌词)_儿歌_谱友好心情999上传__jianpujia-22081	/home/caesium-132/jianpu/images-prep/jianpujia-3462/我和星星打电话简谱(歌词)_儿歌_谱友好心情999上传__jianpujia-22081/001.gif
我和草原有个约定编号-038	jianpucn	472978	3	简谱	我和草原有个约定编号-038__jianpucn-472978	/home/caesium-132/jianpu/images-prep/jianpucn-wulantuya/我和草原有个约定编号-038__jianpucn-472978/001.jpg
我和龙能一起飞	qupu123	306352	1	简谱	我和龙能一起飞__qupu123-306352	/home/caesium-132/jianpu/images-prep/qupu123-sweep/我和龙能一起飞__qupu123-306352/001.png
我在海口等你	qupu123	305089	1	简谱	我在海口等你__qupu123-305089	/home/caesium-132/jianpu/images-prep/qupu123-sweep/我在海口等你__qupu123-305089/001.jpg
我在雪中为你弹琴	qupu123	309576	3	简谱	我在雪中为你弹琴__qupu123-309576	/home/caesium-132/jianpu/images-prep/qupu123-sweep/我在雪中为你弹琴__qupu123-309576/001.jpg
我好像在哪见过你指弹	jianpucn	457390	2	改编	我好像在哪见过你指弹__jianpucn-457390	/home/caesium-132/jianpu/images-prep/jianpucn-xuezhiqian/我好像在哪见过你指弹__jianpucn-457390/001.jpg
我好像在哪见过你钢琴	jianpujia	149003	8	改编	我好像在哪见过你钢琴简谱_薛之谦演唱__jianpujia-149003	/home/caesium-132/jianpu/images-prep/jianpujia-351/我好像在哪见过你钢琴简谱_薛之谦演唱__jianpujia-149003/001.png
我好吗	jianpucn	457498	2	简谱	我好吗__jianpucn-457498	/home/caesium-132/jianpu/images-prep/jianpucn-pop/我好吗__jianpucn-457498/001.jpg
我如此爱你	jianpucn	90069	1	简谱	我如此爱你__jianpucn-90069	/home/caesium-132/jianpu/images-prep/jianpucn-wangfeng/我如此爱你__jianpucn-90069/001.jpg
我害怕钢琴	jianpujia	149708	8	改编	我害怕钢琴简谱_薛之谦演唱__jianpujia-149708	/home/caesium-132/jianpu/images-prep/jianpujia-351/我害怕钢琴简谱_薛之谦演唱__jianpujia-149708/001.png
我家住在大海边	qupu123	240446	1	简谱	我家住在大海边（刘培利词 刁勇曲）__qupu123-240446	/home/caesium-132/jianpu/images-prep/_offtarget/我家住在大海边（刘培利词 刁勇曲）__qupu123-240446/001.jpg
我就是爱你	qupu123	94353	1	简谱	我就是爱你__qupu123-94353	/home/caesium-132/jianpu/images-prep/qupu123-mp051/我就是爱你__qupu123-94353/001.jpg
我属于祖国	jianpujia	20088	1	简谱	我属于祖国简谱(歌词)_王丽达演唱_momoliu曲谱__jianpujia-20088	/home/caesium-132/jianpu/images-prep/jianpujia-12500/我属于祖国简谱(歌词)_王丽达演唱_momoliu曲谱__jianpujia-20088/001.jpg
我应该	jianpucn	54539	3	简谱	我应该__jianpucn-54539	/home/caesium-132/jianpu/images-prep/jianpucn-zhangxueyou/我应该__jianpucn-54539/001.jpg
我很好	jianpucn	91141	2	改编	我很好(电影《把爱找回来》吉他谱）__jianpucn-91141	/home/caesium-132/jianpu/images-prep/jianpucn-liuruoying/我很好(电影《把爱找回来》吉他谱）__jianpucn-91141/001.jpg
我很想愛他	jianpucn	102036	2	简谱	我很想愛他__jianpucn-102036	/home/caesium-132/jianpu/images-prep/jianpucn-twins/我很想愛他__jianpucn-102036/001.jpg
我很想爱他-雪凌球版	jianpucn	102001	2	简谱	我很想爱他-雪凌球版__jianpucn-102001	/home/caesium-132/jianpu/images-prep/jianpucn-twins/我很想爱他-雪凌球版__jianpucn-102001/001.jpg
我很想爱他—简易版 键盘类 钢琴	jianpucn	97545	2	改编	我很想爱他—简易版 键盘类 钢琴__jianpucn-97545	/home/caesium-132/jianpu/images-prep/jianpucn-twins/我很想爱他—简易版 键盘类 钢琴__jianpucn-97545/001.jpg
我心上的一朵玫瑰花	qupu123	370379	1	简谱	我心上的一朵玫瑰花__qupu123-370379	/home/caesium-132/jianpu/images-prep/qupu123-crawl/我心上的一朵玫瑰花__qupu123-370379/001.jpg
我心中的小溪	qupu123	311078	1	简谱	我心中的小溪__qupu123-311078	/home/caesium-132/jianpu/images-prep/qupu123-sweep/我心中的小溪__qupu123-311078/001.jpg
我心永恒	jianpucn	109444	1	简谱	我心永恒（简谱版）__jianpucn-109444	/home/caesium-132/jianpu/images-prep/jianpucn-pop/我心永恒（简谱版）__jianpucn-109444/001.jpg
我心里只爱你	qupu123	306496	1	简谱	我心里只爱你（又名：我只爱你）__qupu123-306496	/home/caesium-132/jianpu/images-prep/qupu123-sweep/我心里只爱你（又名：我只爱你）__qupu123-306496/001.jpg
我心里满满的爱	qupu123	326349	1	简谱	我心里满满的爱__qupu123-326349	/home/caesium-132/jianpu/images-prep/qupu123-sweep/我心里满满的爱__qupu123-326349/001.jpg
我怀念的 梦想的声音	jianpucn	406120	2	简谱	我怀念的 梦想的声音（ 编谱）__jianpucn-406120	/home/caesium-132/jianpu/images-prep/jianpucn-linjunjie/我怀念的 梦想的声音（ 编谱）__jianpucn-406120/001.jpg
我怀念的 钢琴伴奏谱 —	jianpucn	232405	2	改编	我怀念的 钢琴伴奏谱 —__jianpucn-232405	/home/caesium-132/jianpu/images-prep/jianpucn-pop/我怀念的 钢琴伴奏谱 —__jianpucn-232405/001.jpg
我怕你不肯	jianpucn	240300	1	改编	我怕你不肯（萨克斯伴唱）__jianpucn-240300	/home/caesium-132/jianpu/images-prep/jianpucn-pop/我怕你不肯（萨克斯伴唱）__jianpucn-240300/001.jpg
我思念的城市	jianpucn	1795	3	简谱	我思念的城市__jianpucn-1795	/home/caesium-132/jianpu/images-prep/jianpucn-xuwei/我思念的城市__jianpucn-1795/001.jpg
我思念的城市 吉他	jianpucn	220565	1	改编	我思念的城市 吉他__jianpucn-220565	/home/caesium-132/jianpu/images-prep/jianpucn-xuwei/我思念的城市 吉他__jianpucn-220565/001.jpg
我恨我痴心	jianpucn	42501	1	简谱	我恨我痴心(粤语)__jianpucn-42501	/home/caesium-132/jianpu/images-prep/jianpucn-liudehua/我恨我痴心(粤语)__jianpucn-42501/001.jpg
我想去一个地方	jianpucn	54537	1	简谱	我想去一个地方__jianpucn-54537	/home/caesium-132/jianpu/images-prep/jianpucn-pop/我想去一个地方__jianpucn-54537/001.jpg
我想和你去一个地方	qupu123	395909	1	简谱	我想和你去一个地方（稳_稳_演唱）__qupu123-395909	/home/caesium-132/jianpu/images-prep/qupu123-crawl/我想和你去一个地方（稳_稳_演唱）__qupu123-395909/001.jpg
我想有个家 视频 我想有个家 本	jianpucn	274342	1	简谱	我想有个家 视频 我想有个家 本（）__jianpucn-274342	/home/caesium-132/jianpu/images-prep/jianpucn-panmeichen/我想有个家 视频 我想有个家 本（）__jianpucn-274342/001.jpg
我想有个小院	qupu123	328936	1	简谱	我想有个小院__qupu123-328936	/home/caesium-132/jianpu/images-prep/qupu123-sweep/我想有个小院__qupu123-328936/001.jpg
我想问	qupu123	303041	1	简谱	我想问（雷喜明词 南风曲）__qupu123-303041	/home/caesium-132/jianpu/images-prep/qupu123-sweep/我想问（雷喜明词 南风曲）__qupu123-303041/001.jpg
我想飞	qupu123	321581	1	简谱	我想飞（林夕子词 林夕子曲）__qupu123-321581	/home/caesium-132/jianpu/images-prep/qupu123-sweep/我想飞（林夕子词 林夕子曲）__qupu123-321581/001.jpg
我愿为你	qupu123	326959	3	简谱	我愿为你__qupu123-326959	/home/caesium-132/jianpu/images-prep/qupu123-sweep/我愿为你__qupu123-326959/001.jpg
我愿意	jianpucn	28564	1	简谱	我愿意__jianpucn-28564	/home/caesium-132/jianpu/images-prep/jianpucn-pop/我愿意__jianpucn-28564/001.jpg
我愿意去等	jianpucn	5645	3	简谱	我愿意去等__jianpucn-5645	/home/caesium-132/jianpu/images-prep/jianpucn-zhouhuajian/我愿意去等__jianpucn-5645/001.jpg
我愿意简单版钢琴	jianpujia	252803	2	改编	我愿意简单版钢琴简谱_王菲演唱__jianpujia-252803	/home/caesium-132/jianpu/images-prep/jianpujia-art3395/我愿意简单版钢琴简谱_王菲演唱__jianpujia-252803/001.png
我愿意钢琴	jianpujia	253321	4	改编	我愿意钢琴简谱_王菲演唱__jianpujia-253321	/home/caesium-132/jianpu/images-prep/jianpujia-art3395/我愿意钢琴简谱_王菲演唱__jianpujia-253321/001.png
我愿是只小燕	jianpucn	39384	1	简谱	我愿是只小燕__jianpucn-39384	/home/caesium-132/jianpu/images-prep/jianpucn-liguyi/我愿是只小燕__jianpucn-39384/001.jpg
我懷念-彈唱版	jianpucn	190800	2	简谱	我懷念-彈唱版__jianpucn-190800	/home/caesium-132/jianpu/images-prep/jianpucn-pop/我懷念-彈唱版__jianpucn-190800/001.jpg
我所不能了解的事	jianpucn	146281	2	改编	我所不能了解的事（吉他弹唱）__jianpucn-146281	/home/caesium-132/jianpu/images-prep/jianpucn-luodayou/我所不能了解的事（吉他弹唱）__jianpucn-146281/001.jpg
我把太阳迎进祖国	jianpucn	446185	4	简谱	我把太阳迎进祖国__jianpucn-446185	/home/caesium-132/jianpu/images-prep/jianpucn-yanweiwen/我把太阳迎进祖国__jianpucn-446185/001.jpg
我是一个农民工	qupu123	317281	1	简谱	我是一个农民工__qupu123-317281	/home/caesium-132/jianpu/images-prep/qupu123-sweep/我是一个农民工__qupu123-317281/001.jpg
我是一个粉刷匠	jianpujia	15821	3	简谱	我是一个粉刷匠简谱_儿歌_我要把那新房子，刷得更漂亮__jianpujia-15821	/home/caesium-132/jianpu/images-prep/jianpujia-3462/我是一个粉刷匠简谱_儿歌_我要把那新房子，刷得更漂亮__jianpujia-15821/001.png
我是一只笨笨鸟	qupu123	311275	1	简谱	我是一只笨笨鸟__qupu123-311275	/home/caesium-132/jianpu/images-prep/qupu123-sweep/我是一只笨笨鸟__qupu123-311275/001.png
我是一只鱼	qupu123	372053	3	改编	我是一只鱼 吉他谱（无限延音编配）__qupu123-372053	/home/caesium-132/jianpu/images-prep/qupu123-mp025/我是一只鱼 吉他谱（无限延音编配）__qupu123-372053/001.jpg
我是一只鱼钢琴	jianpujia	248571	3	改编	我是一只鱼钢琴简谱_任贤齐演唱__jianpujia-248571	/home/caesium-132/jianpu/images-prep/jianpujia-art836/我是一只鱼钢琴简谱_任贤齐演唱__jianpujia-248571/001.png
我是一朵雪花	qupu123	305956	1	简谱	我是一朵雪花（飞天词 马国骏曲）__qupu123-305956	/home/caesium-132/jianpu/images-prep/qupu123-sweep/我是一朵雪花（飞天词 马国骏曲）__qupu123-305956/001.png
我是如此相信	jianpucn	471073	2	改编	我是如此相信 （ C调原版编配）__jianpucn-471073	/home/caesium-132/jianpu/images-prep/jianpucn-zhoujielun/我是如此相信 （ C调原版编配）__jianpucn-471073/001.jpg
我是快乐的快递哥	qupu123	306613	1	简谱	我是快乐的快递哥__qupu123-306613	/home/caesium-132/jianpu/images-prep/qupu123-sweep/我是快乐的快递哥__qupu123-306613/001.jpg
我是愤怒的	jianpucn	411664	1	简谱	我是愤怒的__jianpucn-411664	/home/caesium-132/jianpu/images-prep/jianpucn-dengziqi/我是愤怒的__jianpucn-411664/001.jpg
我是明星	jianpucn	90604	1	简谱	我是明星__jianpucn-90604	/home/caesium-132/jianpu/images-prep/jianpucn-zhouhuajian/我是明星__jianpucn-90604/001.jpg
我是有钱人2	jianpucn	177280	2	简谱	我是有钱人2__jianpucn-177280	/home/caesium-132/jianpu/images-prep/jianpucn-renxianqi/我是有钱人2__jianpucn-177280/001.jpg
我是真的付出我的爱	jianpucn	5644	1	简谱	我是真的付出我的爱__jianpucn-5644	/home/caesium-132/jianpu/images-prep/jianpucn-zhouhuajian/我是真的付出我的爱__jianpucn-5644/001.jpg
我是真的受伤了	jianpucn	68374	2	简谱	我是真的受伤了__jianpucn-68374	/home/caesium-132/jianpu/images-prep/jianpucn-zhangxueyou/我是真的受伤了__jianpucn-68374/001.jpg
我是雅鲁藏布江	qupu123	323270	3	改编	我是雅鲁藏布江（张东辉词_吕锋曲、正谱）__qupu123-323270	/home/caesium-132/jianpu/images-prep/qupu123-crawl/我是雅鲁藏布江（张东辉词_吕锋曲、正谱）__qupu123-323270/001.jpg
我是雪狼王	qupu123	310151	1	简谱	我是雪狼王__qupu123-310151	/home/caesium-132/jianpu/images-prep/qupu123-sweep/我是雪狼王__qupu123-310151/001.jpg
我是黄河的一粒沙	qupu123	322794	3	改编	我是黄河的一粒沙（五线谱）__qupu123-322794	/home/caesium-132/jianpu/images-prep/qupu123-sweep/我是黄河的一粒沙（五线谱）__qupu123-322794/001.jpg
我曾爱过一个人	qupu123	381476	3	简谱	我曾爱过一个人（荒天帝）__qupu123-381476	/home/caesium-132/jianpu/images-prep/qupu123-crawl/我曾爱过一个人（荒天帝）__qupu123-381476/001.jpg
我曾用心爱着你	jianpucn	467296	1	简谱	我曾用心爱着你 （ G调原版）__jianpucn-467296	/home/caesium-132/jianpu/images-prep/jianpucn-panmeichen/我曾用心爱着你 （ G调原版）__jianpucn-467296/001.jpg
我期待 弹唱版	jianpucn	218499	2	改编	我期待 弹唱版__jianpucn-218499	/home/caesium-132/jianpu/images-prep/jianpucn-zhangyusheng/我期待 弹唱版__jianpucn-218499/001.jpg
我来陪你走	qupu123	303468	1	简谱	我来陪你走（闫世卿词 丁友强曲）__qupu123-303468	/home/caesium-132/jianpu/images-prep/qupu123-sweep/我来陪你走（闫世卿词 丁友强曲）__qupu123-303468/001.jpg
我欲成仙西游记后传 抒情 gtp	jianpucn	470350	2	简谱	我欲成仙西游记后传 抒情 gtp__jianpucn-470350	/home/caesium-132/jianpu/images-prep/jianpucn-liuhuan/我欲成仙西游记后传 抒情 gtp__jianpucn-470350/001.jpg
我渴望与你同行	qupu123	300263	1	简谱	我渴望与你同行__qupu123-300263	/home/caesium-132/jianpu/images-prep/_offtarget/我渴望与你同行__qupu123-300263/001.jpg
我爱丁香湖	qupu123	311072	1	简谱	我爱丁香湖__qupu123-311072	/home/caesium-132/jianpu/images-prep/qupu123-sweep/我爱丁香湖__qupu123-311072/001.jpg
我爱上了你	qupu123	305095	1	简谱	我爱上了你__qupu123-305095	/home/caesium-132/jianpu/images-prep/qupu123-sweep/我爱上了你__qupu123-305095/001.jpg
我爱你 井冈山	jianpucn	468384	1	简谱	我爱你 井冈山__jianpucn-468384	/home/caesium-132/jianpu/images-prep/jianpucn-yanweiwen/我爱你 井冈山__jianpucn-468384/001.jpg
我爱你再见	jianpucn	2161	3	简谱	我爱你再见__jianpucn-2161	/home/caesium-132/jianpu/images-prep/jianpucn-pushu/我爱你再见__jianpucn-2161/001.jpg
我爱如海	qupu123	311026	1	简谱	我爱如海（云剑词 陈涤非曲）__qupu123-311026	/home/caesium-132/jianpu/images-prep/qupu123-sweep/我爱如海（云剑词 陈涤非曲）__qupu123-311026/001.png
我爱战国红	qupu123	304804	1	简谱	我爱战国红__qupu123-304804	/home/caesium-132/jianpu/images-prep/qupu123-sweep/我爱战国红__qupu123-304804/001.jpg
我爱这土地	qupu123	370472	7	改编	我爱这土地_正谱（降E调）__qupu123-370472	/home/caesium-132/jianpu/images-prep/qupu123-crawl/我爱这土地_正谱（降E调）__qupu123-370472/001.jpg
我独行在天地间	qupu123	395215	1	简谱	我独行在天地间__qupu123-395215	/home/caesium-132/jianpu/images-prep/qupu123-crawl/我独行在天地间__qupu123-395215/001.jpg
我用生命守护你	jianpujia	16892	1	简谱	我用生命守护你简谱(歌词)_雷佳演唱_momoliu曲谱__jianpujia-16892	/home/caesium-132/jianpu/images-prep/jianpujia-6369/我用生命守护你简谱(歌词)_雷佳演唱_momoliu曲谱__jianpujia-16892/001.png
我用鲜花祝福你	qupu123	305103	1	简谱	我用鲜花祝福你__qupu123-305103	/home/caesium-132/jianpu/images-prep/qupu123-sweep/我用鲜花祝福你__qupu123-305103/001.jpg
我登上了钓鱼岛	qupu123	325750	1	简谱	我登上了钓鱼岛__qupu123-325750	/home/caesium-132/jianpu/images-prep/qupu123-sweep/我登上了钓鱼岛__qupu123-325750/001.jpg
我的一九九七	qupu123	327103	2	简谱	我的一九九七__qupu123-327103	/home/caesium-132/jianpu/images-prep/qupu123-sweep/我的一九九七__qupu123-327103/001.png
我的世界只有你	qupu123	327244	1	简谱	我的世界只有你__qupu123-327244	/home/caesium-132/jianpu/images-prep/qupu123-sweep/我的世界只有你__qupu123-327244/001.png
我的中国	jianpujia	20061	1	简谱	我的中国简谱(歌词)_王丽达演唱_momoliu曲谱__jianpujia-20061	/home/caesium-132/jianpu/images-prep/jianpujia-12500/我的中国简谱(歌词)_王丽达演唱_momoliu曲谱__jianpujia-20061/001.jpg
我的二零一八	qupu123	308149	1	简谱	我的二零一八__qupu123-308149	/home/caesium-132/jianpu/images-prep/qupu123-sweep/我的二零一八__qupu123-308149/001.png
我的地盘 伴奏	jianpucn	103746	2	改编	我的地盘 伴奏__jianpucn-103746	/home/caesium-132/jianpu/images-prep/jianpucn-zhoujielun/我的地盘 伴奏__jianpucn-103746/001.jpg
我的地盘-赵一民编配版	jianpucn	177592	2	改编	我的地盘-赵一民编配版__jianpucn-177592	/home/caesium-132/jianpu/images-prep/jianpucn-zhoujielun/我的地盘-赵一民编配版__jianpucn-177592/001.jpg
我的妹妹	qupu123	309234	1	简谱	我的妹妹__qupu123-309234	/home/caesium-132/jianpu/images-prep/qupu123-sweep/我的妹妹__qupu123-309234/001.jpg
我的家乡好	qupu123	335900	2	改编	我的家乡好（男女声对唱、五线谱）__qupu123-335900	/home/caesium-132/jianpu/images-prep/qupu123-crawl/我的家乡好（男女声对唱、五线谱）__qupu123-335900/001.jpg
我的小宝宝	jianpujia	22054	1	简谱	我的小宝宝简谱(歌词)_儿歌_好心情曲谱__jianpujia-22054	/home/caesium-132/jianpu/images-prep/jianpujia-3462/我的小宝宝简谱(歌词)_儿歌_好心情曲谱__jianpujia-22054/001.gif
我的小黑马	qupu123	329262	3	简谱	我的小黑马（关庄_词曲）__qupu123-329262	/home/caesium-132/jianpu/images-prep/qupu123-crawl/我的小黑马（关庄_词曲）__qupu123-329262/001.jpg
我的心为你醉	qupu123	326796	1	简谱	我的心为你醉__qupu123-326796	/home/caesium-132/jianpu/images-prep/qupu123-sweep/我的心为你醉__qupu123-326796/001.jpg
我的心真的受伤了	jianpucn	68376	1	简谱	我的心真的受伤了__jianpucn-68376	/home/caesium-132/jianpu/images-prep/jianpucn-zhangxueyou/我的心真的受伤了__jianpucn-68376/001.jpg
我的情歌	jianpucn	58006	2	简谱	我的情歌__jianpucn-58006	/home/caesium-132/jianpu/images-prep/jianpucn-zhouhuajian/我的情歌__jianpucn-58006/001.jpg
我的情歌只为你唱	qupu123	306698	1	简谱	我的情歌只为你唱__qupu123-306698	/home/caesium-132/jianpu/images-prep/qupu123-sweep/我的情歌只为你唱__qupu123-306698/001.jpg
我的故乡在大海边	qupu123	311038	1	简谱	我的故乡在大海边__qupu123-311038	/home/caesium-132/jianpu/images-prep/_offtarget/我的故乡在大海边__qupu123-311038/001.png
我的方向	qupu123	308468	1	简谱	我的方向（毛翰词 孙洪斌曲）__qupu123-308468	/home/caesium-132/jianpu/images-prep/qupu123-sweep/我的方向（毛翰词 孙洪斌曲）__qupu123-308468/001.jpg
我的梦&nbsp;&nbsp;	jianpucn	475668	11	简谱	我的梦&nbsp;&nbsp;__jianpucn-475668	/home/caesium-132/jianpu/images-prep/test-jianpucn/我的梦&nbsp;&nbsp;__jianpucn-475668/001.jpg
我的济南	qupu123	306209	1	改编	我的济南（傅晓词 傅晓曲）（带和弦）__qupu123-306209	/home/caesium-132/jianpu/images-prep/qupu123-sweep/我的济南（傅晓词 傅晓曲）（带和弦）__qupu123-306209/001.jpg
我的爱 歌曲类 钢琴伴奏谱	jianpucn	112570	1	改编	我的爱 歌曲类 钢琴伴奏谱__jianpucn-112570	/home/caesium-132/jianpu/images-prep/jianpucn-pop/我的爱 歌曲类 钢琴伴奏谱__jianpucn-112570/001.jpg
我的爱-弹唱 吉他类 流行	jianpucn	113169	1	改编	我的爱-弹唱 吉他类 流行__jianpucn-113169	/home/caesium-132/jianpu/images-prep/jianpucn-pop/我的爱-弹唱 吉他类 流行__jianpucn-113169/001.jpg
我的爱-弹唱版	jianpucn	101557	2	改编	我的爱-弹唱版__jianpucn-101557	/home/caesium-132/jianpu/images-prep/jianpucn-pop/我的爱-弹唱版__jianpucn-101557/001.jpg
我的爱人你可听见	jianpucn	432395	1	简谱	我的爱人你可听见（大字正音）__jianpucn-432395	/home/caesium-132/jianpu/images-prep/jianpucn-yanweiwen/我的爱人你可听见（大字正音）__jianpucn-432395/001.jpg
我的祝福	qupu123	324363	3	改编	我的祝福（西藏普兰民歌、正谱）__qupu123-324363	/home/caesium-132/jianpu/images-prep/qupu123-crawl/我的祝福（西藏普兰民歌、正谱）__qupu123-324363/001.jpg
我的祝福你听见了吗	jianpujia	19671	1	简谱	我的祝福你听见了吗简谱(歌词)_谭晶演唱_沈公宝曲谱__jianpujia-19671	/home/caesium-132/jianpu/images-prep/jianpujia-7224/我的祝福你听见了吗简谱(歌词)_谭晶演唱_沈公宝曲谱__jianpujia-19671/001.png
我的秋天	jianpucn	1793	1	简谱	我的秋天__jianpucn-1793	/home/caesium-132/jianpu/images-prep/jianpucn-xuwei/我的秋天__jianpucn-1793/001.jpg
我的秘密	jianpucn	465977	2	改编	我的秘密 （ C调原版编配）__jianpucn-465977	/home/caesium-132/jianpu/images-prep/jianpucn-dengziqi/我的秘密 （ C调原版编配）__jianpucn-465977/001.jpg
我的秘密-Piano Version -	jianpucn	255699	2	简谱	我的秘密-Piano Version -__jianpucn-255699	/home/caesium-132/jianpu/images-prep/jianpucn-dengziqi/我的秘密-Piano Version -__jianpucn-255699/001.jpg
我的老家	qupu123	322977	1	简谱	我的老家（胡泽民词 祝修明曲）__qupu123-322977	/home/caesium-132/jianpu/images-prep/qupu123-sweep/我的老家（胡泽民词 祝修明曲）__qupu123-322977/001.jpg
我的背后你的手	qupu123	305414	1	简谱	我的背后你的手__qupu123-305414	/home/caesium-132/jianpu/images-prep/qupu123-sweep/我的背后你的手__qupu123-305414/001.jpg
我的草原阿妈	jianpujia	160561	1	简谱	我的草原阿妈简谱(歌词)_草原雨荷演唱_秋叶起舞记谱__jianpujia-160561	/home/caesium-132/jianpu/images-prep/jianpujia-6223/我的草原阿妈简谱(歌词)_草原雨荷演唱_秋叶起舞记谱__jianpujia-160561/001.gif
我的蓝雀花	qupu123	322355	3	改编	我的蓝雀花（正谱）__qupu123-322355	/home/caesium-132/jianpu/images-prep/qupu123-crawl/我的蓝雀花（正谱）__qupu123-322355/001.jpg
我看着你的时候	jianpucn	458162	1	简谱	我看着你的时候 （ D调原版）__jianpucn-458162	/home/caesium-132/jianpu/images-prep/jianpucn-lironghao/我看着你的时候 （ D调原版）__jianpucn-458162/001.jpg
我真的受了伤	jianpucn	213214	1	简谱	我真的受了伤__jianpucn-213214	/home/caesium-132/jianpu/images-prep/jianpucn-zhangxueyou/我真的受了伤__jianpucn-213214/001.jpg
我真的受伤了-版本一	jianpucn	179499	2	简谱	我真的受伤了-版本一__jianpucn-179499	/home/caesium-132/jianpu/images-prep/jianpucn-zhangxueyou/我真的受伤了-版本一__jianpucn-179499/001.jpg
我真的受伤了-版本二	jianpucn	203524	2	简谱	我真的受伤了-版本二__jianpucn-203524	/home/caesium-132/jianpu/images-prep/jianpucn-zhangxueyou/我真的受伤了-版本二__jianpucn-203524/001.jpg
我真的受伤了—张学友	jianpucn	208323	1	简谱	我真的受伤了—张学友__jianpucn-208323	/home/caesium-132/jianpu/images-prep/jianpucn-zhangxueyou/我真的受伤了—张学友__jianpucn-208323/001.jpg
我真的受伤了尤克里里谱	jianpucn	461877	1	改编	我真的受伤了尤克里里谱（ C调四 ）__jianpucn-461877	/home/caesium-132/jianpu/images-prep/jianpucn-zhangxueyou/我真的受伤了尤克里里谱（ C调四 ）__jianpucn-461877/001.jpg
我真的受伤了独奏	jianpucn	213538	3	改编	我真的受伤了独奏__jianpucn-213538	/home/caesium-132/jianpu/images-prep/jianpucn-zhangxueyou/我真的受伤了独奏__jianpucn-213538/001.jpg
我真的受伤了钢琴	jianpujia	150755	5	改编	我真的受伤了钢琴简谱_张学友演唱__jianpujia-150755	/home/caesium-132/jianpu/images-prep/jianpujia-414/我真的受伤了钢琴简谱_张学友演唱__jianpujia-150755/001.png
我等到花儿也谢了 -G调	jianpucn	471218	2	简谱	我等到花儿也谢了 -G调__jianpucn-471218	/home/caesium-132/jianpu/images-prep/jianpucn-zhangxueyou/我等到花儿也谢了 -G调__jianpucn-471218/001.jpg
我等到花儿也谢了钢琴	jianpujia	247833	6	改编	我等到花儿也谢了钢琴简谱_张学友演唱__jianpujia-247833	/home/caesium-132/jianpu/images-prep/jianpujia-art414/我等到花儿也谢了钢琴简谱_张学友演唱__jianpujia-247833/001.png
我管你	jianpucn	444893	1	改编	我管你( G调弹唱谱 编配)__jianpucn-444893	/home/caesium-132/jianpu/images-prep/jianpucn-huachenyu/我管你( G调弹唱谱 编配)__jianpucn-444893/001.jpg
我终于失去了你 -G调	jianpucn	472019	2	简谱	我终于失去了你 -G调__jianpucn-472019	/home/caesium-132/jianpu/images-prep/jianpucn-lizongsheng/我终于失去了你 -G调__jianpucn-472019/001.jpg
我落泪情绪零碎钢琴	jianpujia	384854	5	改编	我落泪情绪零碎钢琴简谱_周杰伦演唱__jianpujia-384854	/home/caesium-132/jianpu/images-prep/jianpujia-583/我落泪情绪零碎钢琴简谱_周杰伦演唱__jianpujia-384854/001.png
我要你电影	jianpujia	337301	3	简谱	我要你电影_驴得水_主题曲电影_驴得水_主题曲简谱_老狼演唱_樊冲_樊冲词曲__jianpujia-337301	/home/caesium-132/jianpu/images-prep/jianpujia-cat388/我要你电影_驴得水_主题曲电影_驴得水_主题曲简谱_老狼演唱_樊冲_樊冲词曲__jianpujia-337301/001.png
我要回乡下	qupu123	328935	1	简谱	我要回乡下__qupu123-328935	/home/caesium-132/jianpu/images-prep/qupu123-sweep/我要回乡下__qupu123-328935/001.png
我要感动这上天	qupu123	310078	1	简谱	我要感动这上天__qupu123-310078	/home/caesium-132/jianpu/images-prep/qupu123-sweep/我要感动这上天__qupu123-310078/001.jpg
我要我们在一起	jianpucn	248537	4	简谱	我要我们在一起（）__jianpucn-248537	/home/caesium-132/jianpu/images-prep/jianpucn-dengziqi/我要我们在一起（）__jianpucn-248537/001.jpg
我要我们要在一起	jianpucn	253918	2	简谱	我要我们要在一起__jianpucn-253918	/home/caesium-132/jianpu/images-prep/jianpucn-dengziqi/我要我们要在一起__jianpucn-253918/001.jpg
我要把怎样的世界留给你	jianpucn	58008	2	简谱	我要把怎样的世界留给你__jianpucn-58008	/home/caesium-132/jianpu/images-prep/jianpucn-zhouhuajian/我要把怎样的世界留给你__jianpucn-58008/001.jpg
我记得有一个地方	qupu123	112037	1	简谱	我记得有一个地方__qupu123-112037	/home/caesium-132/jianpu/images-prep/_offtarget/我记得有一个地方__qupu123-112037/001.jpg
我该不该回家	qupu123	312623	1	简谱	我该不该回家（李友焱词 罗有明曲）__qupu123-312623	/home/caesium-132/jianpu/images-prep/qupu123-sweep/我该不该回家（李友焱词 罗有明曲）__qupu123-312623/001.jpg
我走以后	jianpucn	91104	2	改编	我走以后(吉他谱)__jianpucn-91104	/home/caesium-132/jianpu/images-prep/jianpucn-pop/我走以后(吉他谱)__jianpucn-91104/001.jpg
我走以后-简单版	jianpucn	128350	2	简谱	我走以后-简单版__jianpucn-128350	/home/caesium-132/jianpu/images-prep/jianpucn-pop/我走以后-简单版__jianpucn-128350/001.jpg
我走在路上	qupu123	321572	1	简谱	我走在路上__qupu123-321572	/home/caesium-132/jianpu/images-prep/qupu123-sweep/我走在路上__qupu123-321572/001.jpg
我还想她	jianpucn	101670	3	简谱	我还想她__jianpucn-101670	/home/caesium-132/jianpu/images-prep/jianpucn-linjunjie/我还想她__jianpucn-101670/001.jpg
我还想她 钢琴弹唱谱 五线谱—	jianpucn	226901	2	改编	我还想她 钢琴弹唱谱 五线谱—__jianpucn-226901	/home/caesium-132/jianpu/images-prep/jianpucn-linjunjie/我还想她 钢琴弹唱谱 五线谱—__jianpucn-226901/001.jpg
我还记得-b欣仔b版	jianpucn	100612	2	简谱	我还记得-b欣仔b版__jianpucn-100612	/home/caesium-132/jianpu/images-prep/jianpucn-pop/我还记得-b欣仔b版__jianpucn-100612/001.jpg
我钢琴	jianpujia	149605	7	改编	我钢琴简谱_张国荣演唱__jianpujia-149605	/home/caesium-132/jianpu/images-prep/jianpujia-art1542/我钢琴简谱_张国荣演唱__jianpujia-149605/001.png
我静不下来	qupu123	318569	1	简谱	我静不下来__qupu123-318569	/home/caesium-132/jianpu/images-prep/qupu123-sweep/我静不下来__qupu123-318569/001.jpg
我驾飞船上蓝天	qupu123	324545	3	改编	我驾飞船上蓝天（正谱）__qupu123-324545	/home/caesium-132/jianpu/images-prep/qupu123-crawl/我驾飞船上蓝天（正谱）__qupu123-324545/001.jpg
我骄傲我是中国人	qupu123	321439	1	简谱	我骄傲我是中国人（扬尚俊词 孙涛曲）__qupu123-321439	/home/caesium-132/jianpu/images-prep/qupu123-sweep/我骄傲我是中国人（扬尚俊词 孙涛曲）__qupu123-321439/001.jpg
战士的梦想	qupu123	322856	2	改编	战士的梦想（男声组合演唱、五线谱）__qupu123-322856	/home/caesium-132/jianpu/images-prep/qupu123-crawl/战士的梦想（男声组合演唱、五线谱）__qupu123-322856/001.jpg
战胜心魔—beyond	jianpucn	172180	1	简谱	战胜心魔—beyond__jianpucn-172180	/home/caesium-132/jianpu/images-prep/jianpucn-beyond/战胜心魔—beyond__jianpucn-172180/001.jpg
手写的从前	jianpucn	457429	2	改编	手写的从前 （ C调原版编配）__jianpucn-457429	/home/caesium-132/jianpu/images-prep/jianpucn-zhoujielun/手写的从前 （ C调原版编配）__jianpucn-457429/001.jpg
手心的蔷薇	jianpucn	466973	2	简谱	手心的蔷薇 （ 邓紫棋 C调原版）__jianpucn-466973	/home/caesium-132/jianpu/images-prep/jianpucn-linjunjie/手心的蔷薇 （ 邓紫棋 C调原版）__jianpucn-466973/001.jpg
手拉手	qupu123	328398	2	简谱	手拉手（罗晓航词曲）__qupu123-328398	/home/caesium-132/jianpu/images-prep/qupu123-crawl/手拉手（罗晓航词曲）__qupu123-328398/001.jpg
手语	jianpucn	4410	1	简谱	手语__jianpucn-4410	/home/caesium-132/jianpu/images-prep/jianpucn-pop/手语__jianpucn-4410/001.jpg
打工惆怅	qupu123	325727	1	简谱	打工惆怅__qupu123-325727	/home/caesium-132/jianpu/images-prep/qupu123-sweep/打工惆怅__qupu123-325727/001.jpg
打工的哥哥你快回来	qupu123	370100	3	简谱	打工的哥哥你快回来__qupu123-370100	/home/caesium-132/jianpu/images-prep/qupu123-crawl/打工的哥哥你快回来__qupu123-370100/001.jpg
打工者之歌	qupu123	335104	2	简谱	打工者之歌（王玉庆_词曲）__qupu123-335104	/home/caesium-132/jianpu/images-prep/qupu123-crawl/打工者之歌（王玉庆_词曲）__qupu123-335104/001.jpg
打工者恋歌	qupu123	306990	1	简谱	打工者恋歌（刘岐山词 黄清林曲）__qupu123-306990	/home/caesium-132/jianpu/images-prep/qupu123-sweep/打工者恋歌（刘岐山词 黄清林曲）__qupu123-306990/001.jpg
打樱桃1	qupu123	335780	3	简谱	打樱桃1（张新政制谱版一）__qupu123-335780	/home/caesium-132/jianpu/images-prep/qupu123-crawl/打樱桃1（张新政制谱版一）__qupu123-335780/001.jpg
打樱桃2	qupu123	335781	3	简谱	打樱桃2（张新政制谱版二）__qupu123-335781	/home/caesium-132/jianpu/images-prep/qupu123-crawl/打樱桃2（张新政制谱版二）__qupu123-335781/001.jpg
打樱桃3	qupu123	335782	3	简谱	打樱桃3（张新政制谱版三）__qupu123-335782	/home/caesium-132/jianpu/images-prep/qupu123-crawl/打樱桃3（张新政制谱版三）__qupu123-335782/001.jpg
打起鼓	qupu123	321600	1	简谱	打起鼓__qupu123-321600	/home/caesium-132/jianpu/images-prep/qupu123-sweep/打起鼓__qupu123-321600/001.jpg
打马草原	qupu123	321599	1	简谱	打马草原__qupu123-321599	/home/caesium-132/jianpu/images-prep/qupu123-sweep/打马草原__qupu123-321599/001.jpg
执子之手&nbsp;&nbsp;	jianpucn	148019	1	简谱	执子之手&nbsp;&nbsp;__jianpucn-148019	/home/caesium-132/jianpu/images-prep/jianpucn-title/执子之手&nbsp;&nbsp;__jianpucn-148019/001.jpg
执子之手，与子偕老	qupu123	228164	2	简谱	执子之手，与子偕老__qupu123-228164	/home/caesium-132/jianpu/images-prep/qupu123-title/执子之手，与子偕老__qupu123-228164/001.jpg
执着吉他谱六线谱	qupu123	29746	4	改编	执着吉他谱六线谱（许巍）__qupu123-29746	/home/caesium-132/jianpu/images-prep/qupu123-xuwei/执着吉他谱六线谱（许巍）__qupu123-29746/001.jpg
执迷不悔钢琴	jianpujia	249763	4	改编	执迷不悔钢琴简谱_王菲演唱__jianpujia-249763	/home/caesium-132/jianpu/images-prep/jianpujia-art3395/执迷不悔钢琴简谱_王菲演唱__jianpujia-249763/001.png
扬子明珠	qupu123	311088	1	简谱	扬子明珠__qupu123-311088	/home/caesium-132/jianpu/images-prep/qupu123-sweep/扬子明珠__qupu123-311088/001.jpg
找个老婆不容易	qupu123	322883	3	简谱	找个老婆不容易__qupu123-322883	/home/caesium-132/jianpu/images-prep/qupu123-sweep/找个老婆不容易__qupu123-322883/001.jpg
找朋友	jianpujia	15551	4	简谱	找朋友简谱_儿歌_唱起爸爸妈妈们小时候的经典儿歌__jianpujia-15551	/home/caesium-132/jianpu/images-prep/jianpujia-3462/找朋友简谱_儿歌_唱起爸爸妈妈们小时候的经典儿歌__jianpujia-15551/001.png
承德、承德	jianpucn	159584	1	简谱	承德、承德__jianpucn-159584	/home/caesium-132/jianpu/images-prep/jianpucn-dongwenhua/承德、承德__jianpucn-159584/001.jpg
抉择	qupu123	327112	1	简谱	抉择（梁弘志 词曲）__qupu123-327112	/home/caesium-132/jianpu/images-prep/qupu123-sweep/抉择（梁弘志 词曲）__qupu123-327112/001.jpg
把思念寄托远方	jianpucn	100855	2	简谱	把思念寄托远方__jianpucn-100855	/home/caesium-132/jianpu/images-prep/jianpucn-pop/把思念寄托远方__jianpucn-100855/001.jpg
把我的爱留给你	qupu123	305416	1	简谱	把我的爱留给你__qupu123-305416	/home/caesium-132/jianpu/images-prep/qupu123-sweep/把我的爱留给你__qupu123-305416/001.png
把生命留在这片林海	qupu123	334783	4	简谱	把生命留在这片林海__qupu123-334783	/home/caesium-132/jianpu/images-prep/qupu123-crawl/把生命留在这片林海__qupu123-334783/001.jpg
把生活过成自己喜欢的模样	qupu123	309883	1	简谱	把生活过成自己喜欢的模样__qupu123-309883	/home/caesium-132/jianpu/images-prep/qupu123-sweep/把生活过成自己喜欢的模样__qupu123-309883/001.jpg
把美好的祝愿献给士兵	qupu123	311045	1	简谱	把美好的祝愿献给士兵__qupu123-311045	/home/caesium-132/jianpu/images-prep/qupu123-sweep/把美好的祝愿献给士兵__qupu123-311045/001.jpg
投名状	jianpucn	91135	2	改编	投名状(吉他谱)__jianpucn-91135	/home/caesium-132/jianpu/images-prep/jianpucn-liudehua/投名状(吉他谱)__jianpucn-91135/001.jpg
抗战二十年	jianpucn	471939	1	改编	抗战二十年 （ G调原版编配）__jianpucn-471939	/home/caesium-132/jianpu/images-prep/jianpucn-beyond/抗战二十年 （ G调原版编配）__jianpucn-471939/001.jpg
抗战十四年	qupu123	327590	2	简谱	抗战十四年_爷爷是好样__qupu123-327590	/home/caesium-132/jianpu/images-prep/qupu123-crawl/抗战十四年_爷爷是好样__qupu123-327590/001.jpg
抗日合唱	qupu123	325707	3	改编	抗日合唱（四部合唱、五线谱）__qupu123-325707	/home/caesium-132/jianpu/images-prep/qupu123-crawl/抗日合唱（四部合唱、五线谱）__qupu123-325707/001.jpg
抚仙湖	jianpucn	89956	2	简谱	抚仙湖__jianpucn-89956	/home/caesium-132/jianpu/images-prep/jianpucn-lijian/抚仙湖__jianpucn-89956/001.jpg
披头士乐队 Hey Jude	qupu123	368532	2	改编	披头士乐队 Hey Jude 吉他谱（无限延音编配）__qupu123-368532	/home/caesium-132/jianpu/images-prep/qupu123-west/披头士乐队 Hey Jude 吉他谱（无限延音编配）__qupu123-368532/001.jpg
披风钢琴	jianpujia	149724	6	改编	披风钢琴简谱_陈奕迅演唱__jianpujia-149724	/home/caesium-132/jianpu/images-prep/jianpujia-art315/披风钢琴简谱_陈奕迅演唱__jianpujia-149724/001.png
拉起手来	qupu123	304816	1	改编	拉起手来（西安词 李娜曲、五线谱）__qupu123-304816	/home/caesium-132/jianpu/images-prep/qupu123-sweep/拉起手来（西安词 李娜曲、五线谱）__qupu123-304816/001.png
拔萝卜钢琴	jianpujia	380006	3	改编	拔萝卜钢琴简谱_儿歌演唱__jianpujia-380006	/home/caesium-132/jianpu/images-prep/jianpujia-cat3462/拔萝卜钢琴简谱_儿歌演唱__jianpujia-380006/001.png
拥抱吉他谱六线谱	qupu123	29749	3	改编	拥抱吉他谱六线谱（五月天）__qupu123-29749	/home/caesium-132/jianpu/images-prep/qupu123-wuyuetian/拥抱吉他谱六线谱（五月天）__qupu123-29749/001.jpg
拥抱钢琴	jianpujia	150412	4	改编	拥抱钢琴简谱_五月天演唱__jianpujia-150412	/home/caesium-132/jianpu/images-prep/jianpujia-1192/拥抱钢琴简谱_五月天演唱__jianpujia-150412/001.png
挂牵	jianpucn	205439	1	简谱	挂牵（王宏伟演唱版）__jianpucn-205439	/home/caesium-132/jianpu/images-prep/jianpucn-pop/挂牵（王宏伟演唱版）__jianpucn-205439/001.jpg
挂红灯	qupu123	394966	2	简谱	挂红灯_-_白嘉妮__qupu123-394966	/home/caesium-132/jianpu/images-prep/qupu123-crawl/挂红灯_-_白嘉妮__qupu123-394966/001.jpg
指点江山望未来	qupu123	322456	6	改编	指点江山望未来（正谱）__qupu123-322456	/home/caesium-132/jianpu/images-prep/qupu123-crawl/指点江山望未来（正谱）__qupu123-322456/001.jpg
挑山的汉子	qupu123	321268	4	改编	挑山的汉子（正谱）__qupu123-321268	/home/caesium-132/jianpu/images-prep/qupu123-crawl/挑山的汉子（正谱）__qupu123-321268/001.jpg
挑花篮	qupu123	325789	1	简谱	挑花篮（又名：摩登老太挑花篮）__qupu123-325789	/home/caesium-132/jianpu/images-prep/qupu123-sweep/挑花篮（又名：摩登老太挑花篮）__qupu123-325789/001.jpg
捕风的汉子	qupu123	305409	1	简谱	捕风的汉子__qupu123-305409	/home/caesium-132/jianpu/images-prep/qupu123-sweep/捕风的汉子__qupu123-305409/001.jpg
捞金鱼	jianpucn	247574	3	简谱	捞金鱼__jianpucn-247574	/home/caesium-132/jianpu/images-prep/jianpucn-zhoujielun/捞金鱼__jianpucn-247574/001.jpg
掌心	jianpucn	101907	2	简谱	掌心__jianpucn-101907	/home/caesium-132/jianpu/images-prep/jianpucn-pop/掌心__jianpucn-101907/001.jpg
掌心-mt200编配版	jianpucn	177561	2	改编	掌心-mt200编配版__jianpucn-177561	/home/caesium-132/jianpu/images-prep/jianpucn-pop/掌心-mt200编配版__jianpucn-177561/001.jpg
掏空	jianpucn	39895	1	简谱	掏空__jianpucn-39895	/home/caesium-132/jianpu/images-prep/jianpucn-pop/掏空__jianpucn-39895/001.jpg
接受	jianpucn	101823	2	简谱	接受__jianpucn-101823	/home/caesium-132/jianpu/images-prep/jianpucn-pop/接受__jianpucn-101823/001.jpg
接受-弹唱 吉他类 流行	jianpucn	112968	2	改编	接受-弹唱 吉他类 流行__jianpucn-112968	/home/caesium-132/jianpu/images-prep/jianpucn-pop/接受-弹唱 吉他类 流行__jianpucn-112968/001.jpg
推车歌&nbsp;&nbsp;	jianpucn	475917	6	简谱	推车歌&nbsp;&nbsp;__jianpucn-475917	/home/caesium-132/jianpu/images-prep/test-jianpucn/推车歌&nbsp;&nbsp;__jianpucn-475917/001.jpg
握不住的沙	qupu123	306500	1	简谱	握不住的沙__qupu123-306500	/home/caesium-132/jianpu/images-prep/qupu123-sweep/握不住的沙__qupu123-306500/001.jpg
握住你的手	jianpujia	20041	1	简谱	握住你的手简谱(歌词)_王丽达王传亮演唱_momoliu曲谱__jianpujia-20041	/home/caesium-132/jianpu/images-prep/jianpujia-12500/握住你的手简谱(歌词)_王丽达王传亮演唱_momoliu曲谱__jianpujia-20041/001.jpg
握你的手	jianpucn	102506	2	简谱	握你的手__jianpucn-102506	/home/caesium-132/jianpu/images-prep/jianpucn-pop/握你的手__jianpucn-102506/001.jpg
搀扶	qupu123	395219	1	改编	搀扶（二胡谱_G调弓指法）__qupu123-395219	/home/caesium-132/jianpu/images-prep/qupu123-crawl/搀扶（二胡谱_G调弓指法）__qupu123-395219/001.jpg
搁浅	jianpucn	471436	1	改编	搁浅 （ C调指法编配）__jianpucn-471436	/home/caesium-132/jianpu/images-prep/jianpucn-zhoujielun/搁浅 （ C调指法编配）__jianpucn-471436/001.jpg
搁浅 歌曲类 钢琴伴奏谱	jianpucn	112332	2	改编	搁浅 歌曲类 钢琴伴奏谱__jianpucn-112332	/home/caesium-132/jianpu/images-prep/jianpucn-zhoujielun/搁浅 歌曲类 钢琴伴奏谱__jianpucn-112332/001.jpg
摄影艺术	jianpujia	12467	1	简谱	摄影艺术简谱(歌词)_许嵩演唱_桃李醉春风记谱__jianpujia-12467	/home/caesium-132/jianpu/images-prep/jianpujia-693/摄影艺术简谱(歌词)_许嵩演唱_桃李醉春风记谱__jianpujia-12467/001.gif
摘星星	jianpujia	22073	1	简谱	摘星星简谱(歌词)_儿歌_谱友好心情999上传__jianpujia-22073	/home/caesium-132/jianpu/images-prep/jianpujia-3462/摘星星简谱(歌词)_儿歌_谱友好心情999上传__jianpujia-22073/001.gif
摩天大楼	jianpujia	15555	5	简谱	摩天大楼简谱__薛之谦突破情歌致敬小人物__jianpujia-15555	/home/caesium-132/jianpu/images-prep/jianpujia-351/摩天大楼简谱__薛之谦突破情歌致敬小人物__jianpujia-15555/001.png
撒拉耶	qupu123	335896	2	改编	撒拉耶（五线谱）__qupu123-335896	/home/caesium-132/jianpu/images-prep/qupu123-crawl/撒拉耶（五线谱）__qupu123-335896/001.jpg
撕夜 -C调	jianpucn	466186	2	简谱	撕夜 -C调__jianpucn-466186	/home/caesium-132/jianpu/images-prep/jianpucn-pop/撕夜 -C调__jianpucn-466186/001.jpg
撕夜-版本二	jianpucn	177778	2	简谱	撕夜-版本二__jianpucn-177778	/home/caesium-132/jianpu/images-prep/jianpucn-pop/撕夜-版本二__jianpucn-177778/001.jpg
擦肩而过	qupu123	311022	1	简谱	擦肩而过（张毅词 陈涤非曲）__qupu123-311022	/home/caesium-132/jianpu/images-prep/qupu123-sweep/擦肩而过（张毅词 陈涤非曲）__qupu123-311022/001.png
攀登	jianpucn	462817	1	简谱	攀登 （ C调指法简单版）__jianpucn-462817	/home/caesium-132/jianpu/images-prep/jianpucn-dengziqi/攀登 （ C调指法简单版）__jianpucn-462817/001.jpg
改编版月亮代表我的心	jianpucn	219361	1	简谱	改编版月亮代表我的心__jianpucn-219361	/home/caesium-132/jianpu/images-prep/jianpucn-denglijun/改编版月亮代表我的心__jianpucn-219361/001.jpg
放不下的是你	qupu123	395930	1	简谱	放不下的是你__qupu123-395930	/home/caesium-132/jianpu/images-prep/qupu123-crawl/放不下的是你__qupu123-395930/001.jpg
放你在心里	jianpucn	176120	2	改编	放你在心里(辵辵弹唱版)__jianpucn-176120	/home/caesium-132/jianpu/images-prep/jianpucn-xumeijing/放你在心里(辵辵弹唱版)__jianpucn-176120/001.jpg
放弃世界也不放弃你	qupu123	306567	1	简谱	放弃世界也不放弃你__qupu123-306567	/home/caesium-132/jianpu/images-prep/qupu123-sweep/放弃世界也不放弃你__qupu123-306567/001.jpg
放手	jianpucn	57910	2	简谱	放手__jianpucn-57910	/home/caesium-132/jianpu/images-prep/jianpucn-pop/放手__jianpucn-57910/001.jpg
放牛歌	jianpujia	22055	1	简谱	放牛歌简谱(歌词)_儿歌_谱友好心情999上传__jianpujia-22055	/home/caesium-132/jianpu/images-prep/jianpujia-3462/放牛歌简谱(歌词)_儿歌_谱友好心情999上传__jianpujia-22055/001.gif
放过自己吧	qupu123	311177	1	简谱	放过自己吧__qupu123-311177	/home/caesium-132/jianpu/images-prep/qupu123-sweep/放过自己吧__qupu123-311177/001.jpg
放钢琴	jianpujia	149990	9	改编	放钢琴简谱_陈奕迅演唱__jianpujia-149990	/home/caesium-132/jianpu/images-prep/jianpujia-art315/放钢琴简谱_陈奕迅演唱__jianpujia-149990/001.png
放飞少年歌	qupu123	324249	4	改编	放飞少年歌（童声合唱、正谱）__qupu123-324249	/home/caesium-132/jianpu/images-prep/qupu123-crawl/放飞少年歌（童声合唱、正谱）__qupu123-324249/001.jpg
放飞翅膀	qupu123	323374	3	改编	放飞翅膀（正谱）__qupu123-323374	/home/caesium-132/jianpu/images-prep/qupu123-crawl/放飞翅膀（正谱）__qupu123-323374/001.jpg
放飞足球梦	qupu123	303134	1	简谱	放飞足球梦__qupu123-303134	/home/caesium-132/jianpu/images-prep/qupu123-sweep/放飞足球梦__qupu123-303134/001.jpg
故乡之恋	qupu123	324362	3	改编	故乡之恋（无伴奏合唱、五线谱）__qupu123-324362	/home/caesium-132/jianpu/images-prep/qupu123-crawl/故乡之恋（无伴奏合唱、五线谱）__qupu123-324362/001.jpg
故乡外	qupu123	308927	2	简谱	故乡外__qupu123-308927	/home/caesium-132/jianpu/images-prep/qupu123-sweep/故乡外__qupu123-308927/001.jpg
故乡山川 吉他弹唱谱 —	jianpucn	231536	1	改编	故乡山川 吉他弹唱谱 —__jianpucn-231536	/home/caesium-132/jianpu/images-prep/jianpucn-lijian/故乡山川 吉他弹唱谱 —__jianpucn-231536/001.jpg
故乡欢迎我归来	qupu123	305199	1	简谱	故乡欢迎我归来__qupu123-305199	/home/caesium-132/jianpu/images-prep/qupu123-sweep/故乡欢迎我归来__qupu123-305199/001.png
故乡的梦	qupu123	323375	2	改编	故乡的梦（许德清词_陈鸿铎曲、正谱）__qupu123-323375	/home/caesium-132/jianpu/images-prep/qupu123-crawl/故乡的梦（许德清词_陈鸿铎曲、正谱）__qupu123-323375/001.jpg
故乡钢琴	jianpujia	152901	2	改编	故乡钢琴简谱_数字双手_许巍__jianpujia-152901	/home/caesium-132/jianpu/images-prep/jianpujia-1380/故乡钢琴简谱_数字双手_许巍__jianpujia-152901/001.png
故乡雨	qupu123	295944	5	改编	故乡雨（赵越词_房丹琪曲、正谱）__qupu123-295944	/home/caesium-132/jianpu/images-prep/qupu123-crawl/故乡雨（赵越词_房丹琪曲、正谱）__qupu123-295944/001.jpg
故事尤克里里谱	jianpucn	458311	1	改编	故事尤克里里谱（ D调 ）__jianpucn-458311	/home/caesium-132/jianpu/images-prep/jianpucn-xuwei/故事尤克里里谱（ D调 ）__jianpucn-458311/001.jpg
教我如何不想他	jianpucn	111074	1	简谱	教我如何不想他__jianpucn-111074	/home/caesium-132/jianpu/images-prep/jianpucn-liguyi/教我如何不想他__jianpucn-111074/001.jpg
敢为才是真英雄	qupu123	303658	1	简谱	敢为才是真英雄__qupu123-303658	/home/caesium-132/jianpu/images-prep/qupu123-sweep/敢为才是真英雄__qupu123-303658/001.jpg
敦煌谣	jianpujia	20028	1	简谱	敦煌谣简谱(歌词)_雷佳演唱_momoliu曲谱__jianpujia-20028	/home/caesium-132/jianpu/images-prep/jianpujia-6369/敦煌谣简谱(歌词)_雷佳演唱_momoliu曲谱__jianpujia-20028/001.jpg
敬仰英雄模范	qupu123	327240	1	简谱	敬仰英雄模范__qupu123-327240	/home/caesium-132/jianpu/images-prep/qupu123-sweep/敬仰英雄模范__qupu123-327240/001.png
敬爱的周总理，各族人民怀念您	qupu123	369931	3	简谱	敬爱的周总理，各族人民怀念您__qupu123-369931	/home/caesium-132/jianpu/images-prep/qupu123-crawl/敬爱的周总理，各族人民怀念您__qupu123-369931/001.jpg
文理的夏天	qupu123	328788	1	简谱	文理的夏天（线简谱对照版）__qupu123-328788	/home/caesium-132/jianpu/images-prep/qupu123-sweep/文理的夏天（线简谱对照版）__qupu123-328788/001.jpg
斑色花开	qupu123	325271	5	改编	斑色花开（正谱）__qupu123-325271	/home/caesium-132/jianpu/images-prep/qupu123-crawl/斑色花开（正谱）__qupu123-325271/001.jpg
断了的弦	jianpucn	440655	4	改编	断了的弦( 编配)__jianpucn-440655	/home/caesium-132/jianpu/images-prep/jianpucn-zhoujielun/断了的弦( 编配)__jianpucn-440655/001.jpg
断桥残雪钢琴	jianpujia	150254	4	改编	断桥残雪钢琴简谱_许嵩演唱__jianpujia-150254	/home/caesium-132/jianpu/images-prep/jianpujia-693/断桥残雪钢琴简谱_许嵩演唱__jianpujia-150254/001.png
断点 Garg李霖版本	jianpucn	214264	3	简谱	断点 Garg李霖版本__jianpucn-214264	/home/caesium-132/jianpu/images-prep/jianpucn-pop/断点 Garg李霖版本__jianpucn-214264/001.jpg
断点 歌曲类 钢琴伴奏谱	jianpucn	112337	2	改编	断点 歌曲类 钢琴伴奏谱__jianpucn-112337	/home/caesium-132/jianpu/images-prep/jianpucn-pop/断点 歌曲类 钢琴伴奏谱__jianpucn-112337/001.jpg
断点-原调-清晰版	jianpucn	196508	1	简谱	断点-原调-清晰版__jianpucn-196508	/home/caesium-132/jianpu/images-prep/jianpucn-pop/断点-原调-清晰版__jianpucn-196508/001.jpg
断点-简易版 歌曲类 钢琴伴奏谱	jianpucn	112338	2	改编	断点-简易版 歌曲类 钢琴伴奏谱__jianpucn-112338	/home/caesium-132/jianpu/images-prep/jianpucn-pop/断点-简易版 歌曲类 钢琴伴奏谱__jianpucn-112338/001.jpg
断点-简易版 键盘类 钢琴	jianpucn	114387	2	改编	断点-简易版 键盘类 钢琴__jianpucn-114387	/home/caesium-132/jianpu/images-prep/jianpucn-pop/断点-简易版 键盘类 钢琴__jianpucn-114387/001.jpg
断点-简易版-弹唱 吉他类 流行	jianpucn	112932	2	改编	断点-简易版-弹唱 吉他类 流行__jianpucn-112932	/home/caesium-132/jianpu/images-prep/jianpucn-pop/断点-简易版-弹唱 吉他类 流行__jianpucn-112932/001.jpg
断章	qupu123	324813	3	改编	断章（正谱）__qupu123-324813	/home/caesium-132/jianpu/images-prep/qupu123-crawl/断章（正谱）__qupu123-324813/001.jpg
新世纪的呼唤	qupu123	324370	3	改编	新世纪的呼唤（正谱）__qupu123-324370	/home/caesium-132/jianpu/images-prep/qupu123-crawl/新世纪的呼唤（正谱）__qupu123-324370/001.jpg
新中华进行曲	qupu123	325698	3	改编	新中华进行曲（正谱）__qupu123-325698	/home/caesium-132/jianpu/images-prep/qupu123-crawl/新中华进行曲（正谱）__qupu123-325698/001.jpg
新使命	qupu123	333861	2	简谱	新使命_新召唤__qupu123-333861	/home/caesium-132/jianpu/images-prep/qupu123-crawl/新使命_新召唤__qupu123-333861/001.jpg
新四季歌	qupu123	319629	2	改编	新四季歌（彭野词曲、五线谱版）__qupu123-319629	/home/caesium-132/jianpu/images-prep/qupu123-crawl/新四季歌（彭野词曲、五线谱版）__qupu123-319629/001.jpg
新地球	jianpucn	457859	2	改编	新地球 （ C调指法原版编配）__jianpucn-457859	/home/caesium-132/jianpu/images-prep/jianpucn-linjunjie/新地球 （ C调指法原版编配）__jianpucn-457859/001.jpg
新婚祝福	qupu123	303518	1	简谱	新婚祝福（赵良田词 赵俊兴曲）__qupu123-303518	/home/caesium-132/jianpu/images-prep/qupu123-sweep/新婚祝福（赵良田词 赵俊兴曲）__qupu123-303518/001.jpg
新安顺古夜郎	qupu123	333816	3	简谱	新安顺古夜郎__qupu123-333816	/home/caesium-132/jianpu/images-prep/qupu123-crawl/新安顺古夜郎__qupu123-333816/001.jpg
新寻找刀郎	qupu123	324382	1	简谱	新寻找刀郎__qupu123-324382	/home/caesium-132/jianpu/images-prep/qupu123-sweep/新寻找刀郎__qupu123-324382/001.jpg
新年好钢琴	jianpujia	387554	4	改编	新年好钢琴简谱_儿歌演唱__jianpujia-387554	/home/caesium-132/jianpu/images-prep/jianpujia-cat3462/新年好钢琴简谱_儿歌演唱__jianpujia-387554/001.png
新年歌	qupu123	329667	1	简谱	新年歌（陈元绍 词曲）__qupu123-329667	/home/caesium-132/jianpu/images-prep/qupu123-sweep/新年歌（陈元绍 词曲）__qupu123-329667/001.jpg
新打工谣	qupu123	325371	1	简谱	新打工谣__qupu123-325371	/home/caesium-132/jianpu/images-prep/qupu123-sweep/新打工谣__qupu123-325371/001.jpg
新时代新北京	qupu123	319697	1	简谱	新时代新北京__qupu123-319697	/home/caesium-132/jianpu/images-prep/qupu123-sweep/新时代新北京__qupu123-319697/001.jpg
新时代的梦	jianpujia	20012	1	简谱	新时代的梦简谱(歌词)_王丽达演唱_momoliu曲谱__jianpujia-20012	/home/caesium-132/jianpu/images-prep/jianpujia-12500/新时代的梦简谱(歌词)_王丽达演唱_momoliu曲谱__jianpujia-20012/001.jpg
新时代老人歌	qupu123	326405	1	简谱	新时代老人歌（刘岐山词 于珂群曲）__qupu123-326405	/home/caesium-132/jianpu/images-prep/qupu123-sweep/新时代老人歌（刘岐山词 于珂群曲）__qupu123-326405/001.jpg
新疆人世代难忘上北京	qupu123	322804	4	改编	新疆人世代难忘上北京（正谱）__qupu123-322804	/home/caesium-132/jianpu/images-prep/qupu123-crawl/新疆人世代难忘上北京（正谱）__qupu123-322804/001.jpg
新的心跳	jianpujia	14240	1	简谱	新的心跳简谱(歌词)_邓紫棋演唱_桃李醉春风记谱__jianpujia-14240	/home/caesium-132/jianpu/images-prep/jianpujia-377/新的心跳简谱(歌词)_邓紫棋演唱_桃李醉春风记谱__jianpujia-14240/001.png
新老北京人	qupu123	328832	1	简谱	新老北京人__qupu123-328832	/home/caesium-132/jianpu/images-prep/qupu123-sweep/新老北京人__qupu123-328832/001.jpg
新誓言	qupu123	310075	1	简谱	新誓言__qupu123-310075	/home/caesium-132/jianpu/images-prep/qupu123-sweep/新誓言__qupu123-310075/001.jpg
新野情歌	qupu123	304884	1	简谱	新野情歌__qupu123-304884	/home/caesium-132/jianpu/images-prep/qupu123-sweep/新野情歌__qupu123-304884/001.jpg
新长征路上的摇滚	qupu123	396060	3	简谱	新长征路上的摇滚__qupu123-396060	/home/caesium-132/jianpu/images-prep/qupu123-mp9006/新长征路上的摇滚__qupu123-396060/001.jpg
方向	jianpucn	1134	3	简谱	方向__jianpucn-1134	/home/caesium-132/jianpu/images-prep/jianpucn-xuwei/方向__jianpucn-1134/001.jpg
方圆几里 C调完整版原版 唯音悦制谱	jianpucn	405683	2	简谱	方圆几里 C调完整版原版 唯音悦制谱__jianpucn-405683	/home/caesium-132/jianpu/images-prep/jianpucn-xuezhiqian/方圆几里 C调完整版原版 唯音悦制谱__jianpucn-405683/001.jpg
方圆几里 C调简单版 唯音悦制谱	jianpucn	405684	2	简谱	方圆几里 C调简单版 唯音悦制谱__jianpucn-405684	/home/caesium-132/jianpu/images-prep/jianpucn-xuezhiqian/方圆几里 C调简单版 唯音悦制谱__jianpucn-405684/001.jpg
方圆几里 薛之谦 C调简单版吉他谱 唯音悦制谱	jianpucn	405687	2	改编	方圆几里 薛之谦 C调简单版吉他谱 唯音悦制谱__jianpucn-405687	/home/caesium-132/jianpu/images-prep/jianpucn-xuezhiqian/方圆几里 薛之谦 C调简单版吉他谱 唯音悦制谱__jianpucn-405687/001.jpg
方圆几里钢琴	jianpujia	150136	7	改编	方圆几里钢琴简谱_薛之谦演唱__jianpujia-150136	/home/caesium-132/jianpu/images-prep/jianpujia-351/方圆几里钢琴简谱_薛之谦演唱__jianpujia-150136/001.png
旅行-弹唱 吉他类 流行	jianpucn	113003	2	改编	旅行-弹唱 吉他类 流行__jianpucn-113003	/home/caesium-132/jianpu/images-prep/jianpucn-xuwei/旅行-弹唱 吉他类 流行__jianpucn-113003/001.jpg
旅行钢琴	jianpujia	150100	7	改编	旅行钢琴简谱_许巍演唱__jianpujia-150100	/home/caesium-132/jianpu/images-prep/jianpujia-1380/旅行钢琴简谱_许巍演唱__jianpujia-150100/001.png
旅行－完整版 吉他谱	jianpucn	191122	1	改编	旅行－完整版 吉他谱 弹唱谱__jianpucn-191122	/home/caesium-132/jianpu/images-prep/jianpucn-xuwei/旅行－完整版 吉他谱 弹唱谱__jianpucn-191122/001.jpg
旅途	jianpucn	7966	1	简谱	旅途__jianpucn-7966	/home/caesium-132/jianpu/images-prep/jianpucn-pushu/旅途__jianpucn-7966/001.jpg
旋木钢琴	jianpujia	250917	4	改编	旋木钢琴简谱_王菲演唱__jianpujia-250917	/home/caesium-132/jianpu/images-prep/jianpujia-art3395/旋木钢琴简谱_王菲演唱__jianpujia-250917/001.png
旗袍泪	qupu123	308707	1	简谱	旗袍泪__qupu123-308707	/home/caesium-132/jianpu/images-prep/qupu123-sweep/旗袍泪__qupu123-308707/001.png
无与伦比的美丽	qupu123	32353	1	简谱	无与伦比的美丽__qupu123-32353	/home/caesium-132/jianpu/images-prep/qupu123-mp084/无与伦比的美丽__qupu123-32353/001.jpg
无与伦比的美丽童声合唱谱	qupu123	386843	1	简谱	无与伦比的美丽童声合唱谱__qupu123-386843	/home/caesium-132/jianpu/images-prep/qupu123-mp9066/无与伦比的美丽童声合唱谱__qupu123-386843/001.png
无关	jianpujia	20102	1	简谱	无关(电影_幕后玩家_推广曲)简谱(歌词)_周深演唱_momoliu曲谱__jianpujia-20102	/home/caesium-132/jianpu/images-prep/jianpujia-380/无关(电影_幕后玩家_推广曲)简谱(歌词)_周深演唱_momoliu曲谱__jianpujia-20102/001.jpg
无可奈何花落去	qupu123	308787	1	简谱	无可奈何花落去__qupu123-308787	/home/caesium-132/jianpu/images-prep/qupu123-sweep/无可奈何花落去__qupu123-308787/001.jpg
无名花	jianpujia	20023	1	简谱	无名花简谱(歌词)_雷佳演唱_momoliu曲谱__jianpujia-20023	/home/caesium-132/jianpu/images-prep/jianpujia-6369/无名花简谱(歌词)_雷佳演唱_momoliu曲谱__jianpujia-20023/001.jpg
无声的雨	jianpucn	4414	1	简谱	无声的雨__jianpucn-4414	/home/caesium-132/jianpu/images-prep/jianpucn-pop/无声的雨__jianpucn-4414/001.jpg
无尽空虚	jianpucn	37131	1	简谱	无尽空虚__jianpucn-37131	/home/caesium-132/jianpu/images-prep/jianpucn-beyond/无尽空虚__jianpucn-37131/001.jpg
无心伤害	jianpucn	8673	1	简谱	无心伤害__jianpucn-8673	/home/caesium-132/jianpu/images-prep/jianpucn-pop/无心伤害__jianpucn-8673/001.jpg
无心快语	qupu123	355969	1	改编	无心快语（Careless Whisper）（萨克斯谱）__qupu123-355969	/home/caesium-132/jianpu/images-prep/qupu123-west/无心快语（Careless Whisper）（萨克斯谱）__qupu123-355969/001.jpg
无悔的人	qupu123	322461	3	改编	无悔的人（正谱）__qupu123-322461	/home/caesium-132/jianpu/images-prep/qupu123-crawl/无悔的人（正谱）__qupu123-322461/001.jpg
无悔这一生	jianpucn	461979	1	改编	无悔这一生 （ G调原版编配）__jianpucn-461979	/home/caesium-132/jianpu/images-prep/jianpucn-beyond/无悔这一生 （ G调原版编配）__jianpucn-461979/001.jpg
无情的雨 无情的你	qupu123	73328	1	简谱	无情的雨 无情的你__qupu123-73328	/home/caesium-132/jianpu/images-prep/qupu123-title/无情的雨 无情的你__qupu123-73328/001.jpg
无情的雨 无情的你&nbsp;&nbsp;	jianpucn	183352	1	简谱	无情的雨 无情的你&nbsp;&nbsp;__jianpucn-183352	/home/caesium-132/jianpu/images-prep/jianpucn-title/无情的雨 无情的你&nbsp;&nbsp;__jianpucn-183352/001.jpg
无所谓 弹唱版 键盘类 钢琴	jianpucn	113478	2	改编	无所谓 弹唱版 键盘类 钢琴__jianpucn-113478	/home/caesium-132/jianpu/images-prep/jianpucn-pop/无所谓 弹唱版 键盘类 钢琴__jianpucn-113478/001.jpg
无拘	jianpucn	461911	2	改编	无拘 （ 新歌 G调原版编配）__jianpucn-461911	/home/caesium-132/jianpu/images-prep/jianpucn-linjunjie/无拘 （ 新歌 G调原版编配）__jianpucn-461911/001.jpg
无数	jianpucn	467135	4	改编	无数 （ C调指法原版编配）__jianpucn-467135	/home/caesium-132/jianpu/images-prep/jianpucn-xuezhiqian/无数 （ C调指法原版编配）__jianpucn-467135/001.jpg
无条件钢琴	jianpujia	249961	4	改编	无条件钢琴简谱_陈奕迅演唱__jianpujia-249961	/home/caesium-132/jianpu/images-prep/jianpujia-art315/无条件钢琴简谱_陈奕迅演唱__jianpujia-249961/001.png
无滤镜	jianpucn	446590	4	简谱	无滤镜( 藤原浩跨界合作时尚单曲)__jianpucn-446590	/home/caesium-132/jianpu/images-prep/jianpucn-linjunjie/无滤镜( 藤原浩跨界合作时尚单曲)__jianpucn-446590/001.jpg
无聊教主	qupu123	310047	1	简谱	无聊教主__qupu123-310047	/home/caesium-132/jianpu/images-prep/qupu123-sweep/无聊教主__qupu123-310047/001.jpg
无能为力	jianpucn	42268	1	简谱	无能为力__jianpucn-42268	/home/caesium-132/jianpu/images-prep/jianpucn-pop/无能为力__jianpucn-42268/001.jpg
无能为力-弹唱 吉他类 流行	jianpucn	113235	2	改编	无能为力-弹唱 吉他类 流行__jianpucn-113235	/home/caesium-132/jianpu/images-prep/jianpucn-pop/无能为力-弹唱 吉他类 流行__jianpucn-113235/001.jpg
无论天边 无论眼前	jianpucn	293601	1	简谱	无论天边 无论眼前（ 词曲唱）__jianpucn-293601	/home/caesium-132/jianpu/images-prep/jianpucn-liguyi/无论天边 无论眼前（ 词曲唱）__jianpucn-293601/001.jpg
无语问苍天	jianpucn	245704	1	简谱	无语问苍天（扫描谱） —__jianpucn-245704	/home/caesium-132/jianpu/images-prep/jianpucn-denglijun/无语问苍天（扫描谱） —__jianpucn-245704/001.jpg
无语问苍天 猫猫仔完美版	jianpucn	214278	3	简谱	无语问苍天 猫猫仔完美版__jianpucn-214278	/home/caesium-132/jianpu/images-prep/jianpucn-beyond/无语问苍天 猫猫仔完美版__jianpucn-214278/001.jpg
无边的思忆	qupu123	305415	1	简谱	无边的思忆__qupu123-305415	/home/caesium-132/jianpu/images-prep/qupu123-sweep/无边的思忆__qupu123-305415/001.jpg
无间道钢琴	jianpujia	252860	6	改编	无间道钢琴简谱_刘德华__梁朝伟演唱__jianpujia-252860	/home/caesium-132/jianpu/images-prep/jianpujia-art855/无间道钢琴简谱_刘德华__梁朝伟演唱__jianpujia-252860/001.png
无限	jianpucn	446475	4	简谱	无限(重启之极海听雷片尾曲)__jianpucn-446475	/home/caesium-132/jianpu/images-prep/jianpucn-zhoushen/无限(重启之极海听雷片尾曲)__jianpucn-446475/001.jpg
日不落 -C调	jianpucn	464676	2	简谱	日不落 -C调__jianpucn-464676	/home/caesium-132/jianpu/images-prep/jianpucn-caiyilin/日不落 -C调__jianpucn-464676/001.jpg
旧信纸	qupu123	305322	1	简谱	旧信纸__qupu123-305322	/home/caesium-132/jianpu/images-prep/qupu123-sweep/旧信纸__qupu123-305322/001.jpg
旧情绵绵—张学友	jianpucn	170348	2	简谱	旧情绵绵—张学友__jianpucn-170348	/home/caesium-132/jianpu/images-prep/jianpucn-zhangxueyou/旧情绵绵—张学友__jianpucn-170348/001.jpg
旧日的足迹	jianpucn	467477	1	简谱	旧日的足迹 （ A调扫弦版）__jianpucn-467477	/home/caesium-132/jianpu/images-prep/jianpucn-beyond/旧日的足迹 （ A调扫弦版）__jianpucn-467477/001.jpg
旧日足迹 吉他 —	jianpucn	234433	2	改编	旧日足迹 吉他 — （扫描版）__jianpucn-234433	/home/caesium-132/jianpu/images-prep/jianpucn-beyond/旧日足迹 吉他 — （扫描版）__jianpucn-234433/001.jpg
早安	qupu123	309271	1	简谱	早安（高梅花词 曹士明曲）__qupu123-309271	/home/caesium-132/jianpu/images-prep/qupu123-sweep/早安（高梅花词 曹士明曲）__qupu123-309271/001.png
早班火车	jianpucn	155719	2	简谱	早班火车__jianpucn-155719	/home/caesium-132/jianpu/images-prep/jianpucn-beyond/早班火车__jianpucn-155719/001.jpg
早班火车—beyond	jianpucn	171850	2	简谱	早班火车—beyond__jianpucn-171850	/home/caesium-132/jianpu/images-prep/jianpucn-beyond/早班火车—beyond__jianpucn-171850/001.jpg
时光不老我们不散	qupu123	325322	1	简谱	时光不老我们不散__qupu123-325322	/home/caesium-132/jianpu/images-prep/qupu123-sweep/时光不老我们不散__qupu123-325322/001.jpg
时光倒流二十年	jianpucn	2969	1	简谱	时光倒流二十年__jianpucn-2969	/home/caesium-132/jianpu/images-prep/jianpucn-pop/时光倒流二十年__jianpucn-2969/001.jpg
时光机【完善版】-五月天	jianpucn	208306	2	简谱	时光机【完善版】-五月天__jianpucn-208306	/home/caesium-132/jianpu/images-prep/jianpucn-wuyuetian/时光机【完善版】-五月天__jianpucn-208306/001.jpg
时间	qupu123	323172	4	改编	时间（正谱）__qupu123-323172	/home/caesium-132/jianpu/images-prep/qupu123-crawl/时间（正谱）__qupu123-323172/001.jpg
时间变了吗	qupu123	324702	1	简谱	时间变了吗__qupu123-324702	/home/caesium-132/jianpu/images-prep/qupu123-sweep/时间变了吗__qupu123-324702/001.jpg
时间有泪	jianpujia	14255	1	简谱	时间有泪简谱(歌词)_张碧晨演唱_桃李醉春风记谱__jianpujia-14255	/home/caesium-132/jianpu/images-prep/jianpujia-414/时间有泪简谱(歌词)_张碧晨演唱_桃李醉春风记谱__jianpujia-14255/001.png
时间煮雨	qupu123	336059	2	改编	时间煮雨（五线谱）__qupu123-336059	/home/caesium-132/jianpu/images-prep/qupu123-crawl/时间煮雨（五线谱）__qupu123-336059/001.jpg
时间走过	jianpujia	19522	1	简谱	时间走过简谱(歌词)_雷佳演唱_郑工1944上传__jianpujia-19522	/home/caesium-132/jianpu/images-prep/jianpujia-6369/时间走过简谱(歌词)_雷佳演唱_郑工1944上传__jianpujia-19522/001.jpg
时间都去哪了？	qupu123	336060	2	简谱	时间都去哪了？（线简谱对照版）__qupu123-336060	/home/caesium-132/jianpu/images-prep/qupu123-crawl/时间都去哪了？（线简谱对照版）__qupu123-336060/001.jpg
时间都去哪儿了	qupu123	323974	5	简谱	时间都去哪儿了（合唱线谱）__qupu123-323974	/home/caesium-132/jianpu/images-prep/qupu123-mp087/时间都去哪儿了（合唱线谱）__qupu123-323974/001.jpg
明天会更好-钢琴伴奏版	jianpucn	99987	2	改编	明天会更好-钢琴伴奏版__jianpucn-99987	/home/caesium-132/jianpu/images-prep/jianpucn-pop/明天会更好-钢琴伴奏版__jianpucn-99987/001.jpg
明天你是否依然爱我	qupu123	1225	4	简谱	明天你是否依然爱我（5个版本）__qupu123-1225	/home/caesium-132/jianpu/images-prep/qupu123-mp005/明天你是否依然爱我（5个版本）__qupu123-1225/001.jpg
明天我要嫁给	jianpucn	197240	1	简谱	明天我要嫁给（你版本2）__jianpucn-197240	/home/caesium-132/jianpu/images-prep/jianpucn-zhouhuajian/明天我要嫁给（你版本2）__jianpucn-197240/001.jpg
明天我要嫁给你	jianpucn	5612	1	简谱	明天我要嫁给你__jianpucn-5612	/home/caesium-132/jianpu/images-prep/jianpucn-zhouhuajian/明天我要嫁给你__jianpucn-5612/001.jpg
明天我要嫁给你 吉他类 流行	jianpucn	91227	2	改编	明天我要嫁给你 吉他类 流行__jianpucn-91227	/home/caesium-132/jianpu/images-prep/jianpucn-zhouhuajian/明天我要嫁给你 吉他类 流行__jianpucn-91227/001.jpg
明明就 C调转调	qupu123	372747	1	改编	明明就 C调转调（半音阶口琴）__qupu123-372747	/home/caesium-132/jianpu/images-prep/qupu123-mp024/明明就 C调转调（半音阶口琴）__qupu123-372747/001.png
明明很愛你	jianpucn	103549	2	简谱	明明很愛你__jianpucn-103549	/home/caesium-132/jianpu/images-prep/jianpucn-pop/明明很愛你__jianpucn-103549/001.jpg
明月几时有钢琴	jianpujia	245665	8	改编	明月几时有钢琴简谱_王菲演唱__jianpujia-245665	/home/caesium-132/jianpu/images-prep/jianpujia-art3395/明月几时有钢琴简谱_王菲演唱__jianpujia-245665/001.png
明知故犯	jianpucn	109470	1	简谱	明知故犯（简谱版）__jianpucn-109470	/home/caesium-132/jianpu/images-prep/jianpucn-pop/明知故犯（简谱版）__jianpucn-109470/001.jpg
昙花一现雨及时钢琴	jianpujia	155039	5	改编	昙花一现雨及时钢琴简谱_数字双手_周深_郑云龙__jianpujia-155039	/home/caesium-132/jianpu/images-prep/jianpujia-380/昙花一现雨及时钢琴简谱_数字双手_周深_郑云龙__jianpujia-155039/001.png
昙花情	qupu123	316608	1	简谱	昙花情__qupu123-316608	/home/caesium-132/jianpu/images-prep/qupu123-sweep/昙花情__qupu123-316608/001.jpg
星光	jianpucn	29583	1	简谱	星光__jianpucn-29583	/home/caesium-132/jianpu/images-prep/jianpucn-liguyi/星光__jianpucn-29583/001.jpg
星光大道主题曲	qupu123	325747	1	简谱	星光大道主题曲__qupu123-325747	/home/caesium-132/jianpu/images-prep/qupu123-sweep/星光大道主题曲__qupu123-325747/001.jpg
星光游乐园-弹唱 吉他类 流行	jianpucn	113220	2	改编	星光游乐园-弹唱 吉他类 流行__jianpucn-113220	/home/caesium-132/jianpu/images-prep/jianpucn-twins/星光游乐园-弹唱 吉他类 流行__jianpucn-113220/001.jpg
星晴六线	jianpucn	193726	2	简谱	星晴六线__jianpucn-193726	/home/caesium-132/jianpu/images-prep/jianpucn-zhoujielun/星晴六线__jianpucn-193726/001.jpg
星晴完美版	jianpucn	213019	1	简谱	星晴完美版__jianpucn-213019	/home/caesium-132/jianpu/images-prep/jianpucn-zhoujielun/星晴完美版__jianpucn-213019/001.jpg
星月神话	jianpujia	15581	9	简谱	星月神话简谱__金莎___一生最美好的场景__jianpujia-15581	/home/caesium-132/jianpu/images-prep/jianpujia-1106/星月神话简谱__金莎___一生最美好的场景__jianpujia-15581/001.png
星期天DO RE MI	qupu123	188873	1	简谱	星期天DO RE MI（儿童歌曲）__qupu123-188873	/home/caesium-132/jianpu/images-prep/qupu123-west/星期天DO RE MI（儿童歌曲）__qupu123-188873/001.jpg
星空 扫弦加切音变化版本	jianpucn	223568	1	简谱	星空 扫弦加切音变化版本__jianpucn-223568	/home/caesium-132/jianpu/images-prep/jianpucn-xuwei/星空 扫弦加切音变化版本__jianpucn-223568/001.jpg
星空下	jianpucn	103031	2	简谱	星空下__jianpucn-103031	/home/caesium-132/jianpu/images-prep/jianpucn-zhouchuanxiong/星空下__jianpucn-103031/001.jpg
星空尤克里里谱	jianpucn	461942	1	改编	星空尤克里里谱（ F调带前奏版）__jianpucn-461942	/home/caesium-132/jianpu/images-prep/jianpucn-wuyuetian/星空尤克里里谱（ F调带前奏版）__jianpucn-461942/001.jpg
映山红 钢琴	jianpucn	232541	2	改编	映山红 钢琴 （带歌词）—__jianpucn-232541	/home/caesium-132/jianpu/images-prep/jianpucn-songzuying/映山红 钢琴 （带歌词）—__jianpucn-232541/001.jpg
春之韵	jianpujia	20125	1	简谱	春之韵简谱(歌词)_王丽达演唱_momoliu曲谱__jianpujia-20125	/home/caesium-132/jianpu/images-prep/jianpujia-12500/春之韵简谱(歌词)_王丽达演唱_momoliu曲谱__jianpujia-20125/001.jpg
春到杏花村	jianpujia	18601	1	简谱	春到杏花村简谱(歌词)_谭晶演唱_王wzh曲谱__jianpujia-18601	/home/caesium-132/jianpu/images-prep/jianpujia-7224/春到杏花村简谱(歌词)_谭晶演唱_王wzh曲谱__jianpujia-18601/001.jpg
春在岁岁年年	jianpucn	233361	1	简谱	春在岁岁年年（ ） — 彩谱版__jianpucn-233361	/home/caesium-132/jianpu/images-prep/jianpucn-denglijun/春在岁岁年年（ ） — 彩谱版__jianpucn-233361/001.jpg
春天在车厢里	jianpucn	243231	1	简谱	春天在车厢里( 演唱)__jianpucn-243231	/home/caesium-132/jianpu/images-prep/jianpucn-denglijun/春天在车厢里( 演唱)__jianpucn-243231/001.jpg
春天来了	qupu123	329253	6	改编	春天来了（班南词曲、简谱+五线谱）__qupu123-329253	/home/caesium-132/jianpu/images-prep/qupu123-crawl/春天来了（班南词曲、简谱+五线谱）__qupu123-329253/001.jpg
春天的手	qupu123	319626	2	改编	春天的手（严惠萍词_黎建南曲、五线谱版）__qupu123-319626	/home/caesium-132/jianpu/images-prep/qupu123-crawl/春天的手（严惠萍词_黎建南曲、五线谱版）__qupu123-319626/001.jpg
春天的故事历史经典	jianpucn	472170	1	简谱	春天的故事历史经典__jianpucn-472170	/home/caesium-132/jianpu/images-prep/jianpucn-dongwenhua/春天的故事历史经典__jianpucn-472170/001.jpg
春天的香花	qupu123	324365	3	改编	春天的香花（芒市坝子调）（男声无伴奏合唱、五线谱）__qupu123-324365	/home/caesium-132/jianpu/images-prep/qupu123-crawl/春天的香花（芒市坝子调）（男声无伴奏合唱、五线谱）__qupu123-324365/001.jpg
春天花会开	jianpucn	469103	1	改编	春天花会开 （ G调原版编配）__jianpucn-469103	/home/caesium-132/jianpu/images-prep/jianpucn-renxianqi/春天花会开 （ G调原版编配）__jianpucn-469103/001.jpg
春天里	jianpucn	458440	1	简谱	春天里（ 架子 ）__jianpucn-458440	/home/caesium-132/jianpu/images-prep/jianpucn-wangfeng/春天里（ 架子 ）__jianpucn-458440/001.jpg
春天里 C调简单版	jianpucn	304378	1	简谱	春天里 C调简单版__jianpucn-304378	/home/caesium-132/jianpu/images-prep/jianpucn-wangfeng/春天里 C调简单版__jianpucn-304378/001.jpg
春天里 基本原版	jianpucn	215170	1	简谱	春天里 基本原版__jianpucn-215170	/home/caesium-132/jianpu/images-prep/jianpucn-wangfeng/春天里 基本原版__jianpucn-215170/001.jpg
春娇与志明	qupu123	371981	2	改编	春娇与志明 吉他谱（无限延音编配）__qupu123-371981	/home/caesium-132/jianpu/images-prep/qupu123-mp020/春娇与志明 吉他谱（无限延音编配）__qupu123-371981/001.jpg
春寒	qupu123	329479	1	简谱	春寒（故事影片《春寒》主题歌）__qupu123-329479	/home/caesium-132/jianpu/images-prep/qupu123-sweep/春寒（故事影片《春寒》主题歌）__qupu123-329479/001.png
春染太行	qupu123	316736	1	简谱	春染太行__qupu123-316736	/home/caesium-132/jianpu/images-prep/qupu123-sweep/春染太行__qupu123-316736/001.jpg
春江恋曲	qupu123	335187	3	简谱	春江恋曲__qupu123-335187	/home/caesium-132/jianpu/images-prep/qupu123-crawl/春江恋曲__qupu123-335187/001.jpg
春江花月夜 - 声乐随想曲	qupu123	97	5	改编	春江花月夜 - 声乐随想曲（正谱版）__qupu123-97	/home/caesium-132/jianpu/images-prep/qupu123-hk/春江花月夜 - 声乐随想曲（正谱版）__qupu123-97/001.jpg
春秋	jianpucn	292759	1	改编	春秋（钢琴伴奏谱）__jianpucn-292759	/home/caesium-132/jianpu/images-prep/jianpucn-pop/春秋（钢琴伴奏谱）__jianpucn-292759/001.jpg
春空风竹	qupu123	318347	1	简谱	春空风竹__qupu123-318347	/home/caesium-132/jianpu/images-prep/qupu123-sweep/春空风竹__qupu123-318347/001.jpg
春韵	qupu123	321479	3	改编	春韵（五线谱）__qupu123-321479	/home/caesium-132/jianpu/images-prep/qupu123-crawl/春韵（五线谱）__qupu123-321479/001.jpg
春风不忘	jianpujia	18589	1	简谱	春风不忘简谱(歌词)_雷佳演唱_王wzh曲谱__jianpujia-18589	/home/caesium-132/jianpu/images-prep/jianpujia-6369/春风不忘简谱(歌词)_雷佳演唱_王wzh曲谱__jianpujia-18589/001.jpg
春风你不懂我的伤悲	qupu123	395212	1	简谱	春风你不懂我的伤悲__qupu123-395212	/home/caesium-132/jianpu/images-prep/qupu123-crawl/春风你不懂我的伤悲__qupu123-395212/001.jpg
春风十里不如你	jianpujia	13267	1	简谱	春风十里不如你简谱(歌词)_李健演唱_电视剧_春风十里不如你_主题曲__jianpujia-13267	/home/caesium-132/jianpu/images-prep/jianpujia-1106/春风十里不如你简谱(歌词)_李健演唱_电视剧_春风十里不如你_主题曲__jianpujia-13267/001.png
春风十里不如你尤克里里谱	jianpucn	462610	1	改编	春风十里不如你尤克里里谱（ G调尤克里里弹唱谱）__jianpucn-462610	/home/caesium-132/jianpu/images-prep/jianpucn-lijian/春风十里不如你尤克里里谱（ G调尤克里里弹唱谱）__jianpucn-462610/001.jpg
春风吹遍了太行山	qupu123	324029	4	改编	春风吹遍了太行山（正谱）__qupu123-324029	/home/caesium-132/jianpu/images-prep/qupu123-crawl/春风吹遍了太行山（正谱）__qupu123-324029/001.jpg
昨夜书简谱歌词	jianpujia	379443	1	简谱	昨夜书简谱歌词_许嵩演唱__jianpujia-379443	/home/caesium-132/jianpu/images-prep/jianpujia-693/昨夜书简谱歌词_许嵩演唱__jianpujia-379443/001.jpg
昨日如风	qupu123	325544	1	简谱	昨日如风__qupu123-325544	/home/caesium-132/jianpu/images-prep/qupu123-sweep/昨日如风__qupu123-325544/001.jpg
是但求其爱钢琴	jianpujia	248737	6	改编	是但求其爱钢琴简谱_陈奕迅演唱__jianpujia-248737	/home/caesium-132/jianpu/images-prep/jianpujia-art315/是但求其爱钢琴简谱_陈奕迅演唱__jianpujia-248737/001.png
是你吗？	qupu123	322964	1	简谱	是你吗？__qupu123-322964	/home/caesium-132/jianpu/images-prep/qupu123-sweep/是你吗？__qupu123-322964/001.jpg
是否 其他类 口琴	jianpucn	115910	1	改编	是否 其他类 口琴__jianpucn-115910	/home/caesium-132/jianpu/images-prep/jianpucn-pop/是否 其他类 口琴__jianpucn-115910/001.jpg
是否会有一个久违的问候	qupu123	308931	1	简谱	是否会有一个久违的问候__qupu123-308931	/home/caesium-132/jianpu/images-prep/qupu123-sweep/是否会有一个久违的问候__qupu123-308931/001.jpg
是否还记得我	qupu123	87976	1	简谱	是否还记得我__qupu123-87976	/home/caesium-132/jianpu/images-prep/_offtarget/是否还记得我__qupu123-87976/001.jpg
是谁在我心里种下了红豆	qupu123	110174	1	简谱	是谁在我心里种下了红豆__qupu123-110174	/home/caesium-132/jianpu/images-prep/_offtarget/是谁在我心里种下了红豆__qupu123-110174/001.jpg
是谁把云儿气哭了	qupu123	309654	1	简谱	是谁把云儿气哭了__qupu123-309654	/home/caesium-132/jianpu/images-prep/qupu123-sweep/是谁把云儿气哭了__qupu123-309654/001.jpg
显通寺歌	qupu123	308395	1	简谱	显通寺歌__qupu123-308395	/home/caesium-132/jianpu/images-prep/qupu123-sweep/显通寺歌__qupu123-308395/001.jpg
晚上七点琴房见	jianpucn	197728	1	简谱	晚上七点琴房见__jianpucn-197728	/home/caesium-132/jianpu/images-prep/jianpucn-zhoujielun/晚上七点琴房见__jianpucn-197728/001.jpg
晚婚	jianpucn	467411	2	改编	晚婚 （ C调指法原版编配）__jianpucn-467411	/home/caesium-132/jianpu/images-prep/jianpucn-lizongsheng/晚婚 （ C调指法原版编配）__jianpucn-467411/001.jpg
晚安北京	qupu123	318424	1	简谱	晚安北京__qupu123-318424	/home/caesium-132/jianpu/images-prep/qupu123-sweep/晚安北京__qupu123-318424/001.png
晚歌	qupu123	325700	2	改编	晚歌（廖辅叔词_江定仙曲、正谱）__qupu123-325700	/home/caesium-132/jianpu/images-prep/qupu123-crawl/晚歌（廖辅叔词_江定仙曲、正谱）__qupu123-325700/001.jpg
晚熟的人	qupu123	370368	1	简谱	晚熟的人（词曲_刘祚志）__qupu123-370368	/home/caesium-132/jianpu/images-prep/qupu123-crawl/晚熟的人（词曲_刘祚志）__qupu123-370368/001.jpg
晚秋	qupu123	336057	2	简谱	晚秋（许建平词曲、线简谱对照版）__qupu123-336057	/home/caesium-132/jianpu/images-prep/qupu123-crawl/晚秋（许建平词曲、线简谱对照版）__qupu123-336057/001.jpg
晚霞多美丽	qupu123	308759	1	简谱	晚霞多美丽__qupu123-308759	/home/caesium-132/jianpu/images-prep/qupu123-sweep/晚霞多美丽__qupu123-308759/001.jpg
晚风	qupu123	333324	3	简谱	晚风__qupu123-333324	/home/caesium-132/jianpu/images-prep/qupu123-kw/晚风__qupu123-333324/001.png
普通人	qupu123	312094	1	简谱	普通人__qupu123-312094	/home/caesium-132/jianpu/images-prep/qupu123-sweep/普通人__qupu123-312094/001.jpg
晴天-	jianpucn	448749	1	简谱	晴天- （简化版 ）__jianpucn-448749	/home/caesium-132/jianpu/images-prep/jianpucn-zhoujielun/晴天- （简化版 ）__jianpucn-448749/001.jpg
晴天-周杰伦	qupu123	363758	2	改编	晴天-周杰伦（简化版吉他谱）__qupu123-363758	/home/caesium-132/jianpu/images-prep/qupu123-zhoujielun/晴天-周杰伦（简化版吉他谱）__qupu123-363758/001.jpg
晴天指弹	jianpucn	457701	2	改编	晴天指弹 （ 卢家宏版独奏 ）__jianpucn-457701	/home/caesium-132/jianpu/images-prep/jianpucn-zhoujielun/晴天指弹 （ 卢家宏版独奏 ）__jianpucn-457701/001.jpg
晴天的喜羊羊	jianpucn	186529	1	简谱	晴天的喜羊羊__jianpucn-186529	/home/caesium-132/jianpu/images-prep/jianpucn-zhoujielun/晴天的喜羊羊__jianpucn-186529/001.jpg
晴朗	jianpucn	462648	2	改编	晴朗 （ G调指法扫弦版编配）__jianpucn-462648	/home/caesium-132/jianpu/images-prep/jianpucn-xuwei/晴朗 （ G调指法扫弦版编配）__jianpucn-462648/001.jpg
暖暖	jianpucn	469439	1	改编	暖暖 （ G调指法原版编配）__jianpucn-469439	/home/caesium-132/jianpu/images-prep/jianpucn-liangjingru/暖暖 （ G调指法原版编配）__jianpucn-469439/001.jpg
暖暖+遇见+童话	jianpucn	100616	2	简谱	暖暖+遇见+童话(超简易)-冰岛的雨季__jianpucn-100616	/home/caesium-132/jianpu/images-prep/jianpucn-pop/暖暖+遇见+童话(超简易)-冰岛的雨季__jianpucn-100616/001.jpg
暗号	jianpucn	90509	3	简谱	暗号__jianpucn-90509	/home/caesium-132/jianpu/images-prep/jianpucn-zhoujielun/暗号__jianpucn-90509/001.jpg
暗斗-	jianpucn	101180	2	改编	暗斗-总谱__jianpucn-101180	/home/caesium-132/jianpu/images-prep/jianpucn-zhoujielun/暗斗-总谱__jianpucn-101180/001.jpg
暗涌钢琴	jianpujia	245798	7	改编	暗涌钢琴简谱_王菲演唱__jianpujia-245798	/home/caesium-132/jianpu/images-prep/jianpujia-art3395/暗涌钢琴简谱_王菲演唱__jianpujia-245798/001.png
暗里着迷钢琴	jianpujia	248454	4	改编	暗里着迷钢琴简谱_刘德华演唱__jianpujia-248454	/home/caesium-132/jianpu/images-prep/jianpujia-art855/暗里着迷钢琴简谱_刘德华演唱__jianpujia-248454/001.png
暧昧钢琴	jianpujia	149618	7	改编	暧昧钢琴简谱_薛之谦演唱__jianpujia-149618	/home/caesium-132/jianpu/images-prep/jianpujia-351/暧昧钢琴简谱_薛之谦演唱__jianpujia-149618/001.png
暮色	qupu123	324923	6	改编	暮色（女声四部合唱、小提琴+大提琴+钢琴伴奏）__qupu123-324923	/home/caesium-132/jianpu/images-prep/qupu123-crawl/暮色（女声四部合唱、小提琴+大提琴+钢琴伴奏）__qupu123-324923/001.jpg
暴风女神	qupu123	305186	1	简谱	暴风女神（向雪怀词 芹泽广明曲）__qupu123-305186	/home/caesium-132/jianpu/images-prep/qupu123-sweep/暴风女神（向雪怀词 芹泽广明曲）__qupu123-305186/001.png
更喜秋风秋雨凉	qupu123	305198	1	简谱	更喜秋风秋雨凉__qupu123-305198	/home/caesium-132/jianpu/images-prep/qupu123-sweep/更喜秋风秋雨凉__qupu123-305198/001.jpg
曹操 完整版带间奏solo	jianpucn	470351	2	简谱	曹操 完整版带间奏solo__jianpucn-470351	/home/caesium-132/jianpu/images-prep/jianpucn-linjunjie/曹操 完整版带间奏solo__jianpucn-470351/001.jpg
曹操 歌曲类 钢琴伴奏谱	jianpucn	112291	1	改编	曹操 歌曲类 钢琴伴奏谱__jianpucn-112291	/home/caesium-132/jianpu/images-prep/jianpucn-linjunjie/曹操 歌曲类 钢琴伴奏谱__jianpucn-112291/001.jpg
曾经何时.	jianpucn	190729	1	简谱	曾经何时.__jianpucn-190729	/home/caesium-132/jianpu/images-prep/jianpucn-qiqin/曾经何时.__jianpucn-190729/001.jpg
曾经拥有	jianpucn	472367	1	改编	曾经拥有 （ A调原版编配）__jianpucn-472367	/home/caesium-132/jianpu/images-prep/jianpucn-beyond/曾经拥有 （ A调原版编配）__jianpucn-472367/001.jpg
曾经拥有 BEYOND	jianpucn	215154	1	简谱	曾经拥有 BEYOND__jianpucn-215154	/home/caesium-132/jianpu/images-prep/jianpucn-beyond/曾经拥有 BEYOND__jianpucn-215154/001.jpg
曾经沧海	jianpujia	13864	1	简谱	曾经沧海简谱(歌词)_周深演唱_桃李醉春风记谱__jianpujia-13864	/home/caesium-132/jianpu/images-prep/jianpujia-380/曾经沧海简谱(歌词)_周深演唱_桃李醉春风记谱__jianpujia-13864/001.png
最亲最爱的祖国	jianpujia	14058	1	简谱	最亲最爱的祖国简谱(歌词)_谭晶演唱_桃李醉春风记谱__jianpujia-14058	/home/caesium-132/jianpu/images-prep/jianpujia-7224/最亲最爱的祖国简谱(歌词)_谭晶演唱_桃李醉春风记谱__jianpujia-14058/001.png
最佳损友钢琴	jianpujia	148533	6	改编	最佳损友钢琴简谱_陈奕迅演唱__jianpujia-148533	/home/caesium-132/jianpu/images-prep/jianpujia-art315/最佳损友钢琴简谱_陈奕迅演唱__jianpujia-148533/001.png
最佳福星	qupu123	305321	1	简谱	最佳福星__qupu123-305321	/home/caesium-132/jianpu/images-prep/qupu123-sweep/最佳福星__qupu123-305321/001.jpg
最后一个梦	qupu123	323635	3	改编	最后一个梦（张鸿西词_张帆曲、正谱）__qupu123-323635	/home/caesium-132/jianpu/images-prep/qupu123-crawl/最后一个梦（张鸿西词_张帆曲、正谱）__qupu123-323635/001.jpg
最后一公里	qupu123	323223	1	简谱	最后一公里__qupu123-323223	/home/caesium-132/jianpu/images-prep/qupu123-sweep/最后一公里__qupu123-323223/001.jpg
最后一次为你醉	qupu123	306757	1	简谱	最后一次为你醉（刘有名词 伊啦啦曲）__qupu123-306757	/home/caesium-132/jianpu/images-prep/qupu123-sweep/最后一次为你醉（刘有名词 伊啦啦曲）__qupu123-306757/001.jpg
最后一页&nbsp;&nbsp;	jianpucn	316809	1	简谱	最后一页&nbsp;&nbsp;__jianpucn-316809	/home/caesium-132/jianpu/images-prep/jianpucn-title/最后一页&nbsp;&nbsp;__jianpucn-316809/001.jpg
最好不相见	qupu123	321584	1	简谱	最好不相见（仓央嘉措词 林夕子曲）__qupu123-321584	/home/caesium-132/jianpu/images-prep/qupu123-sweep/最好不相见（仓央嘉措词 林夕子曲）__qupu123-321584/001.jpg
最好的我们	qupu123	305211	5	改编	最好的我们（五线谱）__qupu123-305211	/home/caesium-132/jianpu/images-prep/qupu123-sweep/最好的我们（五线谱）__qupu123-305211/001.png
最怕	jianpucn	2137	1	简谱	最怕__jianpucn-2137	/home/caesium-132/jianpu/images-prep/jianpucn-zhangxueyou/最怕__jianpucn-2137/001.jpg
最想环游的世界	jianpucn	244438	2	改编	最想环游的世界（钢琴伴奏谱）__jianpucn-244438	/home/caesium-132/jianpu/images-prep/jianpucn-liangjingru/最想环游的世界（钢琴伴奏谱）__jianpucn-244438/001.jpg
最想环游的世界 伴奏	jianpucn	218618	2	改编	最想环游的世界 伴奏__jianpucn-218618	/home/caesium-132/jianpu/images-prep/jianpucn-pop/最想环游的世界 伴奏__jianpucn-218618/001.jpg
最爱	qupu123	315436	1	简谱	最爱（廖伟鉴 词曲）__qupu123-315436	/home/caesium-132/jianpu/images-prep/qupu123-sweep/最爱（廖伟鉴 词曲）__qupu123-315436/001.png
最爱上海滩	jianpujia	74585	1	简谱	最爱上海滩简谱_刘德华演唱__电影_新上海滩_片尾曲__jianpujia-74585	/home/caesium-132/jianpu/images-prep/jianpujia-855/最爱上海滩简谱_刘德华演唱__电影_新上海滩_片尾曲__jianpujia-74585/001.jpg
最爱的人	qupu123	370261	3	简谱	最爱的人__qupu123-370261	/home/caesium-132/jianpu/images-prep/qupu123-crawl/最爱的人__qupu123-370261/001.jpg
最真的梦 吉他类 流行	jianpucn	117680	1	改编	最真的梦 吉他类 流行__jianpucn-117680	/home/caesium-132/jianpu/images-prep/jianpucn-zhouhuajian/最真的梦 吉他类 流行__jianpucn-117680/001.jpg
最美山里娃	qupu123	329360	2	简谱	最美山里娃__qupu123-329360	/home/caesium-132/jianpu/images-prep/qupu123-crawl/最美山里娃__qupu123-329360/001.jpg
最美的太阳	qupu123	324219	1	简谱	最美的太阳__qupu123-324219	/home/caesium-132/jianpu/images-prep/qupu123-sweep/最美的太阳__qupu123-324219/001.png
最美的姑娘在草原	qupu123	328463	1	简谱	最美的姑娘在草原__qupu123-328463	/home/caesium-132/jianpu/images-prep/qupu123-sweep/最美的姑娘在草原__qupu123-328463/001.jpg
最美的心缘	qupu123	329583	1	简谱	最美的心缘__qupu123-329583	/home/caesium-132/jianpu/images-prep/qupu123-sweep/最美的心缘__qupu123-329583/001.jpg
最美的春天	jianpucn	280867	1	改编	最美的春天( 和弦)__jianpucn-280867	/home/caesium-132/jianpu/images-prep/jianpucn-lijian/最美的春天( 和弦)__jianpucn-280867/001.jpg
最美祖国	qupu123	381546	1	简谱	最美祖国__qupu123-381546	/home/caesium-132/jianpu/images-prep/qupu123-crawl/最美祖国__qupu123-381546/001.jpg
最長的電影	jianpucn	196034	2	简谱	最長的電影 （綾楓版）__jianpucn-196034	/home/caesium-132/jianpu/images-prep/jianpucn-zhoujielun/最長的電影 （綾楓版）__jianpucn-196034/001.jpg
最长的电影	jianpucn	236929	2	简谱	最长的电影（小爱克版）__jianpucn-236929	/home/caesium-132/jianpu/images-prep/jianpucn-zhoujielun/最长的电影（小爱克版）__jianpucn-236929/001.jpg
最长的电影 弹唱版 Wind Chou	jianpucn	215142	2	改编	最长的电影 弹唱版 Wind Chou__jianpucn-215142	/home/caesium-132/jianpu/images-prep/jianpucn-zhoujielun/最长的电影 弹唱版 Wind Chou__jianpucn-215142/001.jpg
最难忘的歌	qupu123	323161	3	改编	最难忘的歌（正谱）__qupu123-323161	/home/caesium-132/jianpu/images-prep/qupu123-crawl/最难忘的歌（正谱）__qupu123-323161/001.jpg
月下人之歌	qupu123	305746	3	改编	月下人之歌（正谱）__qupu123-305746	/home/caesium-132/jianpu/images-prep/qupu123-crawl/月下人之歌（正谱）__qupu123-305746/001.jpg
月下填词寄侬	qupu123	306406	1	简谱	月下填词寄侬__qupu123-306406	/home/caesium-132/jianpu/images-prep/qupu123-sweep/月下填词寄侬__qupu123-306406/001.jpg
月下情思	qupu123	314164	1	简谱	月下情思（张弛词 王焱曲）__qupu123-314164	/home/caesium-132/jianpu/images-prep/qupu123-sweep/月下情思（张弛词 王焱曲）__qupu123-314164/001.png
月下独守望	qupu123	305536	1	简谱	月下独守望__qupu123-305536	/home/caesium-132/jianpu/images-prep/qupu123-sweep/月下独守望__qupu123-305536/001.png
月下独酌	qupu123	396380	3	简谱	月下独酌（原创）__qupu123-396380	/home/caesium-132/jianpu/images-prep/qupu123-crawl/月下独酌（原创）__qupu123-396380/001.jpg
月亮之上扬州城	qupu123	284270	1	简谱	月亮之上扬州城__qupu123-284270	/home/caesium-132/jianpu/images-prep/qupu123-nb/月亮之上扬州城__qupu123-284270/001.jpg
月亮之伤	jianpujia	10427	1	简谱	月亮之伤简谱(歌词)_妞妞演唱_桃李醉春风记谱__jianpujia-10427	/home/caesium-132/jianpu/images-prep/jianpujia-1106/月亮之伤简谱(歌词)_妞妞演唱_桃李醉春风记谱__jianpujia-10427/001.gif
月亮之歌-董文华	jianpucn	159061	1	简谱	月亮之歌-董文华__jianpucn-159061	/home/caesium-132/jianpu/images-prep/jianpucn-dongwenhua/月亮之歌-董文华__jianpucn-159061/001.jpg
月亮代表我的心 88年版本改编	jianpucn	214281	3	简谱	月亮代表我的心 88年版本改编__jianpucn-214281	/home/caesium-132/jianpu/images-prep/jianpucn-denglijun/月亮代表我的心 88年版本改编__jianpucn-214281/001.jpg
月亮代表我的心 吉他类 流行	jianpucn	117683	1	改编	月亮代表我的心 吉他类 流行__jianpucn-117683	/home/caesium-132/jianpu/images-prep/jianpucn-denglijun/月亮代表我的心 吉他类 流行__jianpucn-117683/001.jpg
月亮代表我的心 男生版	jianpucn	214275	1	简谱	月亮代表我的心 男生版__jianpucn-214275	/home/caesium-132/jianpu/images-prep/jianpucn-denglijun/月亮代表我的心 男生版__jianpucn-214275/001.jpg
月亮代表我的心-关也新版	jianpucn	101370	2	简谱	月亮代表我的心-关也新版__jianpucn-101370	/home/caesium-132/jianpu/images-prep/jianpucn-denglijun/月亮代表我的心-关也新版__jianpucn-101370/001.jpg
月亮代表我的心-弹唱版	jianpucn	102836	2	改编	月亮代表我的心-弹唱版__jianpucn-102836	/home/caesium-132/jianpu/images-prep/jianpucn-denglijun/月亮代表我的心-弹唱版__jianpucn-102836/001.jpg
月亮代表我的心-我的JAZZ SOLO	jianpucn	230153	2	简谱	月亮代表我的心-我的JAZZ SOLO__jianpucn-230153	/home/caesium-132/jianpu/images-prep/jianpucn-denglijun/月亮代表我的心-我的JAZZ SOLO__jianpucn-230153/001.jpg
月亮代表我的心—简易版 键盘类 钢琴	jianpucn	97356	1	改编	月亮代表我的心—简易版 键盘类 钢琴__jianpucn-97356	/home/caesium-132/jianpu/images-prep/jianpucn-qiqin/月亮代表我的心—简易版 键盘类 钢琴__jianpucn-97356/001.jpg
月亮代表我的心版本2	jianpucn	200126	1	简谱	月亮代表我的心版本2__jianpucn-200126	/home/caesium-132/jianpu/images-prep/jianpucn-qiqin/月亮代表我的心版本2__jianpucn-200126/001.jpg
月亮代表我的心独吉他奏谱	jianpucn	205583	1	改编	月亮代表我的心独吉他奏谱__jianpucn-205583	/home/caesium-132/jianpu/images-prep/jianpucn-denglijun/月亮代表我的心独吉他奏谱__jianpucn-205583/001.jpg
月亮代表我的心独奏	jianpucn	213056	1	改编	月亮代表我的心独奏__jianpucn-213056	/home/caesium-132/jianpu/images-prep/jianpucn-denglijun/月亮代表我的心独奏__jianpucn-213056/001.jpg
月亮代表我的心独奏版	jianpucn	212730	1	改编	月亮代表我的心独奏版__jianpucn-212730	/home/caesium-132/jianpu/images-prep/jianpucn-denglijun/月亮代表我的心独奏版__jianpucn-212730/001.jpg
月亮代表我的心超简单版钢琴	jianpujia	148393	4	改编	月亮代表我的心超简单版钢琴简谱_邓丽君演唱__jianpujia-148393	/home/caesium-132/jianpu/images-prep/jianpujia-1252/月亮代表我的心超简单版钢琴简谱_邓丽君演唱__jianpujia-148393/001.png
月亮代表我的心钢琴	jianpujia	152089	4	改编	月亮代表我的心钢琴简谱_邓丽君演唱__jianpujia-152089	/home/caesium-132/jianpu/images-prep/jianpujia-1252/月亮代表我的心钢琴简谱_邓丽君演唱__jianpujia-152089/001.png
月亮桥	qupu123	322630	1	简谱	月亮桥（李晓军词 李海明曲）__qupu123-322630	/home/caesium-132/jianpu/images-prep/qupu123-sweep/月亮桥（李晓军词 李海明曲）__qupu123-322630/001.jpg
月亮河	qupu123	358462	1	简谱	月亮河（Moon River）__qupu123-358462	/home/caesium-132/jianpu/images-prep/qupu123-west/月亮河（Moon River）__qupu123-358462/001.jpg
月亮照山川	qupu123	395218	1	简谱	月亮照山川__qupu123-395218	/home/caesium-132/jianpu/images-prep/qupu123-crawl/月亮照山川__qupu123-395218/001.jpg
月儿歌	qupu123	322678	3	改编	月儿歌（正谱）__qupu123-322678	/home/caesium-132/jianpu/images-prep/qupu123-crawl/月儿歌（正谱）__qupu123-322678/001.jpg
月光下的思恋	qupu123	307326	1	简谱	月光下的思恋（全芳词 王锐曲）__qupu123-307326	/home/caesium-132/jianpu/images-prep/qupu123-sweep/月光下的思恋（全芳词 王锐曲）__qupu123-307326/001.jpg
月光尤克里里谱	jianpucn	460142	1	改编	月光尤克里里谱（ D调 ）__jianpucn-460142	/home/caesium-132/jianpu/images-prep/jianpucn-lijian/月光尤克里里谱（ D调 ）__jianpucn-460142/001.jpg
月光流淌	qupu123	322130	4	改编	月光流淌（正谱）__qupu123-322130	/home/caesium-132/jianpu/images-prep/qupu123-crawl/月光流淌（正谱）__qupu123-322130/001.jpg
月半小夜曲&nbsp;&nbsp;	jianpucn	66177	3	简谱	月半小夜曲&nbsp;&nbsp;__jianpucn-66177	/home/caesium-132/jianpu/images-prep/jianpucn-title/月半小夜曲&nbsp;&nbsp;__jianpucn-66177/001.jpg
月夜情思	qupu123	320093	1	简谱	月夜情思（​幸天游词 踏雪韵梅曲）__qupu123-320093	/home/caesium-132/jianpu/images-prep/qupu123-sweep/月夜情思（​幸天游词 踏雪韵梅曲）__qupu123-320093/001.jpg
月影西窗美人愁	qupu123	327963	1	简谱	月影西窗美人愁__qupu123-327963	/home/caesium-132/jianpu/images-prep/qupu123-sweep/月影西窗美人愁__qupu123-327963/001.jpg
月满西楼	qupu123	370767	4	简谱	月满西楼__qupu123-370767	/home/caesium-132/jianpu/images-prep/qupu123-crawl/月满西楼__qupu123-370767/001.jpg
月照黄鹤楼	qupu123	325071	4	改编	月照黄鹤楼（雷子明词_雷维模曲、正谱）__qupu123-325071	/home/caesium-132/jianpu/images-prep/qupu123-crawl/月照黄鹤楼（雷子明词_雷维模曲、正谱）__qupu123-325071/001.jpg
月牙泉	jianpucn	472072	1	改编	月牙泉 （ F调指法原版编配）__jianpucn-472072	/home/caesium-132/jianpu/images-prep/jianpucn-tianzhen/月牙泉 （ F调指法原版编配）__jianpucn-472072/001.jpg
月球上的人	jianpucn	341455	1	简谱	月球上的人__jianpucn-341455	/home/caesium-132/jianpu/images-prep/jianpucn-pop/月球上的人__jianpucn-341455/001.jpg
月球上的人钢琴	jianpujia	245617	5	改编	月球上的人钢琴简谱_陈奕迅演唱__jianpujia-245617	/home/caesium-132/jianpu/images-prep/jianpujia-art315/月球上的人钢琴简谱_陈奕迅演唱__jianpujia-245617/001.png
月魔 《倩女幽魂》&nbsp;&nbsp;	jianpucn	136584	1	简谱	月魔 《倩女幽魂》&nbsp;&nbsp;__jianpucn-136584	/home/caesium-132/jianpu/images-prep/jianpucn-title/月魔 《倩女幽魂》&nbsp;&nbsp;__jianpucn-136584/001.jpg
月黑风高	jianpucn	266889	2	简谱	月黑风高__jianpucn-266889	/home/caesium-132/jianpu/images-prep/jianpucn-pop/月黑风高__jianpucn-266889/001.jpg
有一个地方	qupu123	335051	5	改编	有一个地方（蒋仁波词_张迦曲、正谱）__qupu123-335051	/home/caesium-132/jianpu/images-prep/qupu123-crawl/有一个地方（蒋仁波词_张迦曲、正谱）__qupu123-335051/001.jpg
有一个地方叫塞罕坝	qupu123	334774	4	简谱	有一个地方叫塞罕坝__qupu123-334774	/home/caesium-132/jianpu/images-prep/qupu123-crawl/有一个地方叫塞罕坝__qupu123-334774/001.jpg
有一个姑娘	qupu123	96193	1	简谱	有一个姑娘（电视剧《还珠格格》第二部片尾曲）__qupu123-96193	/home/caesium-132/jianpu/images-prep/qupu123-title/有一个姑娘（电视剧《还珠格格》第二部片尾曲）__qupu123-96193/001.jpg
有一个姑娘&nbsp;&nbsp;	jianpucn	120891	1	简谱	有一个姑娘&nbsp;&nbsp;__jianpucn-120891	/home/caesium-132/jianpu/images-prep/jianpucn-title/有一个姑娘&nbsp;&nbsp;__jianpucn-120891/001.jpg
有一句话总想对你说	qupu123	310680	1	简谱	有一句话总想对你说__qupu123-310680	/home/caesium-132/jianpu/images-prep/qupu123-sweep/有一句话总想对你说__qupu123-310680/001.jpg
有一种恋人就是朋友	qupu123	304072	1	简谱	有一种恋人就是朋友__qupu123-304072	/home/caesium-132/jianpu/images-prep/qupu123-sweep/有一种恋人就是朋友__qupu123-304072/001.png
有你的世界	qupu123	310087	1	简谱	有你的世界__qupu123-310087	/home/caesium-132/jianpu/images-prep/qupu123-sweep/有你的世界__qupu123-310087/001.jpg
有你的地方	qupu123	329579	1	简谱	有你的地方（黄友华词 吴六夕曲）__qupu123-329579	/home/caesium-132/jianpu/images-prep/qupu123-sweep/有你的地方（黄友华词 吴六夕曲）__qupu123-329579/001.jpg
有你相伴	qupu123	324799	1	简谱	有你相伴（潘攀 词曲）__qupu123-324799	/home/caesium-132/jianpu/images-prep/qupu123-sweep/有你相伴（潘攀 词曲）__qupu123-324799/001.jpg
有心人钢琴	jianpujia	149317	5	改编	有心人钢琴简谱_张国荣演唱__jianpujia-149317	/home/caesium-132/jianpu/images-prep/jianpujia-art1542/有心人钢琴简谱_张国荣演唱__jianpujia-149317/001.png
有情也难牵你手1=be4	jianpujia	317853	1	改编	有情也难牵你手1=be4_4_伤感地简谱_萨克斯吹奏_草原丁喜演唱_马正寿、黎敦武_草原丁喜词曲__jianpujia-317853	/home/caesium-132/jianpu/images-prep/jianpujia-6223/有情也难牵你手1=be4_4_伤感地简谱_萨克斯吹奏_草原丁喜演唱_马正寿、黎敦武_草原丁喜词曲__jianpujia-317853/001.png
有没有一首歌让你想起我	jianpucn	11178	1	简谱	有没有一首歌让你想起我__jianpucn-11178	/home/caesium-132/jianpu/images-prep/jianpucn-zhouhuajian/有没有一首歌让你想起我__jianpucn-11178/001.jpg
有没有钢琴	jianpujia	149956	8	改编	有没有钢琴简谱_薛之谦演唱__jianpujia-149956	/home/caesium-132/jianpu/images-prep/jianpujia-351/有没有钢琴简谱_薛之谦演唱__jianpujia-149956/001.png
有点甜	jianpujia	155486	6	简谱	有点甜简谱_汪苏泷歌曲_孙世彦曲谱__jianpujia-155486	/home/caesium-132/jianpu/images-prep/jianpujia-art736/有点甜简谱_汪苏泷歌曲_孙世彦曲谱__jianpujia-155486/001.jpg
有爱才有家	jianpujia	20081	1	简谱	有爱才有家简谱(歌词)_谭晶演唱_momoliu曲谱__jianpujia-20081	/home/caesium-132/jianpu/images-prep/jianpujia-7224/有爱才有家简谱(歌词)_谭晶演唱_momoliu曲谱__jianpujia-20081/001.jpg
有谁共鸣钢琴	jianpujia	251700	6	改编	有谁共鸣钢琴简谱_张国荣演唱__jianpujia-251700	/home/caesium-132/jianpu/images-prep/jianpujia-art1542/有谁共鸣钢琴简谱_张国荣演唱__jianpujia-251700/001.png
朋友 吉他类 流行	jianpucn	91193	1	改编	朋友 吉他类 流行__jianpucn-91193	/home/caesium-132/jianpu/images-prep/jianpucn-zhouhuajian/朋友 吉他类 流行__jianpucn-91193/001.jpg
朋友－－周华健	jianpucn	95788	1	简谱	朋友－－周华健__jianpucn-95788	/home/caesium-132/jianpu/images-prep/jianpucn-zhouhuajian/朋友－－周华健__jianpucn-95788/001.jpg
望夜空	qupu123	311176	1	简谱	望夜空__qupu123-311176	/home/caesium-132/jianpu/images-prep/qupu123-sweep/望夜空__qupu123-311176/001.jpg
望妹别忘哥	qupu123	335902	2	改编	望妹别忘哥（同声二重唱、五线谱）__qupu123-335902	/home/caesium-132/jianpu/images-prep/qupu123-crawl/望妹别忘哥（同声二重唱、五线谱）__qupu123-335902/001.jpg
望星空怀旧经典	jianpucn	472878	1	简谱	望星空怀旧经典__jianpucn-472878	/home/caesium-132/jianpu/images-prep/jianpucn-dongwenhua/望星空怀旧经典__jianpucn-472878/001.jpg
望月其他	jianpucn	228028	1	简谱	望月其他__jianpucn-228028	/home/caesium-132/jianpu/images-prep/jianpucn-songzuying/望月其他__jianpucn-228028/001.jpg
望月钢琴	jianpujia	249757	3	改编	望月钢琴简谱_张学友演唱__jianpujia-249757	/home/caesium-132/jianpu/images-prep/jianpujia-art414/望月钢琴简谱_张学友演唱__jianpujia-249757/001.png
望江亭放歌	qupu123	336077	2	简谱	望江亭放歌（作词：杜劲松作曲：李怀东）__qupu123-336077	/home/caesium-132/jianpu/images-prep/qupu123-crawl/望江亭放歌（作词：杜劲松作曲：李怀东）__qupu123-336077/001.jpg
望舒诗意	qupu123	324373	4	改编	望舒诗意（正谱）__qupu123-324373	/home/caesium-132/jianpu/images-prep/qupu123-crawl/望舒诗意（正谱）__qupu123-324373/001.jpg
望草原李建方词黄清林曲望草原李建方词	jianpujia	403707	1	简谱	望草原李建方词黄清林曲望草原李建方词_黄清林曲简谱__jianpujia-403707	/home/caesium-132/jianpu/images-prep/jianpujia-6223/望草原李建方词黄清林曲望草原李建方词_黄清林曲简谱__jianpujia-403707/001.png
朝朝暮暮情	jianpucn	279010	1	简谱	朝朝暮暮情__jianpucn-279010	/home/caesium-132/jianpu/images-prep/jianpucn-pop/朝朝暮暮情__jianpucn-279010/001.jpg
朝雾里的小花	qupu123	300045	4	改编	朝雾里的小花（正谱）__qupu123-300045	/home/caesium-132/jianpu/images-prep/qupu123-crawl/朝雾里的小花（正谱）__qupu123-300045/001.jpg
朝霞与鲜花	qupu123	334147	2	简谱	朝霞与鲜花__qupu123-334147	/home/caesium-132/jianpu/images-prep/qupu123-crawl/朝霞与鲜花__qupu123-334147/001.jpg
期待你的爱	jianpucn	10823	3	简谱	期待你的爱__jianpucn-10823	/home/caesium-132/jianpu/images-prep/jianpucn-linjunjie/期待你的爱__jianpucn-10823/001.jpg
期待你的爱 弹唱谱 伴奏	jianpucn	218148	2	改编	期待你的爱 弹唱谱 伴奏__jianpucn-218148	/home/caesium-132/jianpu/images-prep/jianpucn-linjunjie/期待你的爱 弹唱谱 伴奏__jianpucn-218148/001.jpg
木偶人	jianpucn	469572	2	改编	木偶人 （ G调指法原版编配）__jianpucn-469572	/home/caesium-132/jianpu/images-prep/jianpucn-xuezhiqian/木偶人 （ G调指法原版编配）__jianpucn-469572/001.jpg
木偶人尤克里里谱	jianpucn	462466	1	改编	木偶人尤克里里谱（ 尤克里里单音指弹谱）__jianpucn-462466	/home/caesium-132/jianpu/images-prep/jianpucn-xuezhiqian/木偶人尤克里里谱（ 尤克里里单音指弹谱）__jianpucn-462466/001.jpg
木兰花慢	qupu123	324611	1	简谱	木兰花慢__qupu123-324611	/home/caesium-132/jianpu/images-prep/qupu123-sweep/木兰花慢__qupu123-324611/001.jpg
木叶情&nbsp;&nbsp;	jianpucn	475637	10	简谱	木叶情&nbsp;&nbsp;__jianpucn-475637	/home/caesium-132/jianpu/images-prep/test-jianpucn/木叶情&nbsp;&nbsp;__jianpucn-475637/001.jpg
木梳缘	qupu123	332755	2	简谱	木梳缘（作词：杜劲松作曲：_马佶）__qupu123-332755	/home/caesium-132/jianpu/images-prep/qupu123-crawl/木梳缘（作词：杜劲松作曲：_马佶）__qupu123-332755/001.jpg
木棉道	jianpucn	52893	3	简谱	木棉道__jianpucn-52893	/home/caesium-132/jianpu/images-prep/jianpucn-pop/木棉道__jianpucn-52893/001.jpg
木瓜恰恰恰钢琴	jianpujia	149655	5	改编	木瓜恰恰恰钢琴简谱_儿歌演唱__jianpujia-149655	/home/caesium-132/jianpu/images-prep/jianpujia-3462/木瓜恰恰恰钢琴简谱_儿歌演唱__jianpujia-149655/001.png
未到伤心处	jianpucn	3958	3	简谱	未到伤心处__jianpucn-3958	/home/caesium-132/jianpu/images-prep/jianpucn-liudehua/未到伤心处__jianpucn-3958/001.jpg
未央长歌	qupu123	332998	2	简谱	未央长歌__qupu123-332998	/home/caesium-132/jianpu/images-prep/qupu123-crawl/未央长歌__qupu123-332998/001.jpg
未来的路	qupu123	323047	1	简谱	未来的路__qupu123-323047	/home/caesium-132/jianpu/images-prep/qupu123-sweep/未来的路__qupu123-323047/001.jpg
朴树 平凡之路 G调指法	qupu123	344380	4	改编	朴树 平凡之路 G调指法 吉他谱（无限延音编配）__qupu123-344380	/home/caesium-132/jianpu/images-prep/qupu123-pushu/朴树 平凡之路 G调指法 吉他谱（无限延音编配）__qupu123-344380/001.jpg
朴树 生如夏花	qupu123	350832	4	改编	朴树 生如夏花 吉他谱（无限延音编配）__qupu123-350832	/home/caesium-132/jianpu/images-prep/qupu123-pushu/朴树 生如夏花 吉他谱（无限延音编配）__qupu123-350832/001.jpg
朴树-那些花儿	jianpucn	95912	1	简谱	朴树-那些花儿__jianpucn-95912	/home/caesium-132/jianpu/images-prep/jianpucn-pushu/朴树-那些花儿__jianpucn-95912/001.jpg
朴树《平凡之路》	qupu123	338556	2	改编	朴树《平凡之路》吉他谱（双吉他精华版）__qupu123-338556	/home/caesium-132/jianpu/images-prep/qupu123-pushu/朴树《平凡之路》吉他谱（双吉他精华版）__qupu123-338556/001.jpg
朴树【那些花儿】原版伴奏	jianpucn	209106	2	改编	朴树【那些花儿】原版伴奏__jianpucn-209106	/home/caesium-132/jianpu/images-prep/jianpucn-pushu/朴树【那些花儿】原版伴奏__jianpucn-209106/001.jpg
杀手	jianpucn	11047	3	简谱	杀手__jianpucn-11047	/home/caesium-132/jianpu/images-prep/jianpucn-linjunjie/杀手__jianpucn-11047/001.jpg
杀手-弹唱版	jianpucn	99909	2	改编	杀手-弹唱版__jianpucn-99909	/home/caesium-132/jianpu/images-prep/jianpucn-linjunjie/杀手-弹唱版__jianpucn-99909/001.jpg
李健	qupu123	354004	4	改编	李健_齐秦 袖手旁观 吉他谱（无限延音编配）__qupu123-354004	/home/caesium-132/jianpu/images-prep/qupu123-lijian/李健_齐秦 袖手旁观 吉他谱（无限延音编配）__qupu123-354004/001.jpg
李健 假如爱有天意	qupu123	341454	4	改编	李健 假如爱有天意 吉他谱（无限延音编配）__qupu123-341454	/home/caesium-132/jianpu/images-prep/qupu123-lijian/李健 假如爱有天意 吉他谱（无限延音编配）__qupu123-341454/001.jpg
李健 异乡人	qupu123	347938	3	改编	李健 异乡人 吉他谱（无限延音编配）__qupu123-347938	/home/caesium-132/jianpu/images-prep/qupu123-lijian/李健 异乡人 吉他谱（无限延音编配）__qupu123-347938/001.jpg
李健 贝加尔湖畔	qupu123	341453	3	改编	李健 贝加尔湖畔 吉他谱（无限延音编配）__qupu123-341453	/home/caesium-132/jianpu/images-prep/qupu123-lijian/李健 贝加尔湖畔 吉他谱（无限延音编配）__qupu123-341453/001.jpg
李健 风吹麦浪	qupu123	346970	3	改编	李健 风吹麦浪 吉他谱（无限延音编配）__qupu123-346970	/home/caesium-132/jianpu/images-prep/qupu123-lijian/李健 风吹麦浪 吉他谱（无限延音编配）__qupu123-346970/001.jpg
李健《贝加尔湖畔》高清	qupu123	265949	4	改编	李健《贝加尔湖畔》高清吉他谱（吉他弹唱）__qupu123-265949	/home/caesium-132/jianpu/images-prep/qupu123-lijian/李健《贝加尔湖畔》高清吉他谱（吉他弹唱）__qupu123-265949/001.jpg
李兰香	jianpucn	210220	2	简谱	李兰香__jianpucn-210220	/home/caesium-132/jianpu/images-prep/jianpucn-zhangxueyou/李兰香__jianpucn-210220/001.jpg
李宗盛-寂寞难耐	jianpucn	95921	1	简谱	李宗盛-寂寞难耐__jianpucn-95921	/home/caesium-132/jianpu/images-prep/jianpucn-pop/李宗盛-寂寞难耐__jianpucn-95921/001.jpg
李白钢琴	jianpujia	150454	4	改编	李白钢琴简谱_李荣浩演唱__jianpujia-150454	/home/caesium-132/jianpu/images-prep/jianpujia-478/李白钢琴简谱_李荣浩演唱__jianpujia-150454/001.png
李香兰	jianpucn	419922	2	改编	李香兰(《吻别 歌曲改编的钢琴曲》)__jianpucn-419922	/home/caesium-132/jianpu/images-prep/jianpucn-zhangxueyou/李香兰(《吻别 歌曲改编的钢琴曲》)__jianpucn-419922/001.jpg
李香兰-xiang	jianpucn	103583	2	简谱	李香兰-xiang__jianpucn-103583	/home/caesium-132/jianpu/images-prep/jianpucn-zhangxueyou/李香兰-xiang__jianpucn-103583/001.jpg
李香兰钢琴	jianpujia	245847	6	改编	李香兰钢琴简谱_张学友演唱__jianpujia-245847	/home/caesium-132/jianpu/images-prep/jianpujia-art414/李香兰钢琴简谱_张学友演唱__jianpujia-245847/001.png
来不及-弹唱 吉他类 流行	jianpucn	113016	2	改编	来不及-弹唱 吉他类 流行__jianpucn-113016	/home/caesium-132/jianpu/images-prep/jianpucn-pushu/来不及-弹唱 吉他类 流行__jianpucn-113016/001.jpg
来不及把梦留给你	jianpucn	33898	1	简谱	来不及把梦留给你__jianpucn-33898	/home/caesium-132/jianpu/images-prep/jianpucn-feiyuqing/来不及把梦留给你__jianpucn-33898/001.jpg
来不及说爱你	jianpucn	213515	2	简谱	来不及说爱你__jianpucn-213515	/home/caesium-132/jianpu/images-prep/jianpucn-pop/来不及说爱你__jianpucn-213515/001.jpg
来世未必相逢	qupu123	353250	1	简谱	来世未必相逢（作词雨柔、韩红月，作曲梁铭，演唱：许志刚）__qupu123-353250	/home/caesium-132/jianpu/images-prep/qupu123-hanhong/来世未必相逢（作词雨柔、韩红月，作曲梁铭，演唱：许志刚）__qupu123-353250/001.jpg
来日方长钢琴	jianpujia	149762	6	改编	来日方长钢琴简谱_薛之谦_黄龄演唱__jianpujia-149762	/home/caesium-132/jianpu/images-prep/jianpujia-351/来日方长钢琴简谱_薛之谦_黄龄演唱__jianpujia-149762/001.png
来生化蝶永相随	qupu123	335177	2	简谱	来生化蝶永相随__qupu123-335177	/home/caesium-132/jianpu/images-prep/qupu123-crawl/来生化蝶永相随__qupu123-335177/001.jpg
来生愿做一朵莲	qupu123	312490	1	简谱	来生愿做一朵莲（陈思明词 yhmwms曲）__qupu123-312490	/home/caesium-132/jianpu/images-prep/qupu123-sweep/来生愿做一朵莲（陈思明词 yhmwms曲）__qupu123-312490/001.jpg
来生缘-XP版	jianpucn	101344	2	简谱	来生缘-XP版__jianpucn-101344	/home/caesium-132/jianpu/images-prep/jianpucn-liudehua/来生缘-XP版__jianpucn-101344/001.jpg
来生缘-blueman	jianpucn	101835	2	简谱	来生缘-blueman__jianpucn-101835	/home/caesium-132/jianpu/images-prep/jianpucn-liudehua/来生缘-blueman__jianpucn-101835/001.jpg
来生缘完整好听版	jianpucn	470267	4	简谱	来生缘完整好听版__jianpucn-470267	/home/caesium-132/jianpu/images-prep/jianpucn-liudehua/来生缘完整好听版__jianpucn-470267/001.jpg
来生缘钢琴	jianpujia	251672	2	改编	来生缘钢琴简谱_刘德华演唱__jianpujia-251672	/home/caesium-132/jianpu/images-prep/jianpujia-art855/来生缘钢琴简谱_刘德华演唱__jianpujia-251672/001.png
来生还继续	qupu123	324802	1	简谱	来生还继续__qupu123-324802	/home/caesium-132/jianpu/images-prep/qupu123-sweep/来生还继续__qupu123-324802/001.jpg
来自天堂的魔鬼	jianpucn	465245	2	简谱	来自天堂的魔鬼 （ G调原版）__jianpucn-465245	/home/caesium-132/jianpu/images-prep/jianpucn-dengziqi/来自天堂的魔鬼 （ G调原版）__jianpucn-465245/001.jpg
来自天堂的魔鬼尤克里里谱	jianpucn	461936	1	改编	来自天堂的魔鬼尤克里里谱（ G调）__jianpucn-461936	/home/caesium-132/jianpu/images-prep/jianpucn-dengziqi/来自天堂的魔鬼尤克里里谱（ G调）__jianpucn-461936/001.jpg
杨丞琳 雨爱	qupu123	368595	4	改编	杨丞琳 雨爱 吉他谱（无限延音编配）__qupu123-368595	/home/caesium-132/jianpu/images-prep/qupu123-search/杨丞琳 雨爱 吉他谱（无限延音编配）__qupu123-368595/001.jpg
杨乃文 推开世界的门	qupu123	372047	2	改编	杨乃文 推开世界的门 吉他谱（无限延音编配）__qupu123-372047	/home/caesium-132/jianpu/images-prep/qupu123-mp039/杨乃文 推开世界的门 吉他谱（无限延音编配）__qupu123-372047/001.jpg
杨宗纬《洋葱》吉他谱C调入门版 猴哥吉他教学 高音教编配	qupu123	343432	1	改编	杨宗纬《洋葱》吉他谱C调入门版 猴哥吉他教学 高音教编配__qupu123-343432	/home/caesium-132/jianpu/images-prep/qupu123-kw/杨宗纬《洋葱》吉他谱C调入门版 猴哥吉他教学 高音教编配__qupu123-343432/001.jpg
杭州	qupu123	306700	1	简谱	杭州__qupu123-306700	/home/caesium-132/jianpu/images-prep/qupu123-sweep/杭州__qupu123-306700/001.jpg
杰伦即兴	jianpucn	136036	1	简谱	杰伦即兴（快乐大本营时的演奏）__jianpucn-136036	/home/caesium-132/jianpu/images-prep/jianpucn-zhoujielun/杰伦即兴（快乐大本营时的演奏）__jianpucn-136036/001.jpg
杰伦的即兴	jianpucn	177670	1	简谱	杰伦的即兴__jianpucn-177670	/home/caesium-132/jianpu/images-prep/jianpucn-zhoujielun/杰伦的即兴__jianpucn-177670/001.jpg
杰伦的说了再见	jianpucn	181387	2	改编	杰伦的说了再见（真情独奏版）__jianpucn-181387	/home/caesium-132/jianpu/images-prep/jianpucn-zhoujielun/杰伦的说了再见（真情独奏版）__jianpucn-181387/001.jpg
杵 歌	jianpucn	273266	1	简谱	杵 歌__jianpucn-273266	/home/caesium-132/jianpu/images-prep/jianpucn-gaoshengmei/杵 歌__jianpucn-273266/001.jpg
松花江	jianpucn	90075	1	简谱	松花江__jianpucn-90075	/home/caesium-132/jianpu/images-prep/jianpucn-lijian/松花江__jianpucn-90075/001.jpg
林俊杰 五月天 黑暗骑士	qupu123	342210	3	改编	林俊杰 五月天 黑暗骑士 吉他谱（无限延音编配）__qupu123-342210	/home/caesium-132/jianpu/images-prep/qupu123-linjunjie/林俊杰 五月天 黑暗骑士 吉他谱（无限延音编配）__qupu123-342210/001.jpg
林俊杰 交换余生	qupu123	368642	4	改编	林俊杰 交换余生 吉他谱（无限延音编配）__qupu123-368642	/home/caesium-132/jianpu/images-prep/qupu123-linjunjie/林俊杰 交换余生 吉他谱（无限延音编配）__qupu123-368642/001.jpg
林俊杰 关键词	qupu123	355121	4	改编	林俊杰 关键词 吉他谱（无限延音编配）__qupu123-355121	/home/caesium-132/jianpu/images-prep/qupu123-linjunjie/林俊杰 关键词 吉他谱（无限延音编配）__qupu123-355121/001.jpg
林俊杰 可惜没如果	qupu123	353225	4	改编	林俊杰 可惜没如果 吉他谱（无限延音编配）__qupu123-353225	/home/caesium-132/jianpu/images-prep/qupu123-linjunjie/林俊杰 可惜没如果 吉他谱（无限延音编配）__qupu123-353225/001.jpg
林俊杰 她说	qupu123	352889	3	改编	林俊杰 她说 吉他谱（无限延音编配）__qupu123-352889	/home/caesium-132/jianpu/images-prep/qupu123-linjunjie/林俊杰 她说 吉他谱（无限延音编配）__qupu123-352889/001.jpg
林俊杰 将故事写成我们	qupu123	351949	4	改编	林俊杰 将故事写成我们 吉他谱（无限延音编配）__qupu123-351949	/home/caesium-132/jianpu/images-prep/qupu123-linjunjie/林俊杰 将故事写成我们 吉他谱（无限延音编配）__qupu123-351949/001.jpg
林俊杰 小酒窝	qupu123	368590	4	改编	林俊杰 小酒窝 吉他谱（无限延音编配）__qupu123-368590	/home/caesium-132/jianpu/images-prep/qupu123-linjunjie/林俊杰 小酒窝 吉他谱（无限延音编配）__qupu123-368590/001.jpg
林俊杰 当你	qupu123	350838	4	改编	林俊杰 当你 吉他谱（无限延音编配）__qupu123-350838	/home/caesium-132/jianpu/images-prep/qupu123-linjunjie/林俊杰 当你 吉他谱（无限延音编配）__qupu123-350838/001.jpg
林俊杰 心墙	qupu123	368523	4	改编	林俊杰 心墙 吉他谱（无限延音编配）__qupu123-368523	/home/caesium-132/jianpu/images-prep/qupu123-linjunjie/林俊杰 心墙 吉他谱（无限延音编配）__qupu123-368523/001.jpg
林俊杰 曹操	qupu123	368480	3	改编	林俊杰 曹操 吉他谱（无限延音编配）__qupu123-368480	/home/caesium-132/jianpu/images-prep/qupu123-linjunjie/林俊杰 曹操 吉他谱（无限延音编配）__qupu123-368480/001.jpg
林俊杰 爱笑的眼睛	qupu123	354633	4	改编	林俊杰 爱笑的眼睛 吉他谱（无限延音编配）__qupu123-354633	/home/caesium-132/jianpu/images-prep/qupu123-linjunjie/林俊杰 爱笑的眼睛 吉他谱（无限延音编配）__qupu123-354633/001.jpg
林俊杰 第几个一百天	qupu123	368641	4	改编	林俊杰 第几个一百天 吉他谱（无限延音编配）__qupu123-368641	/home/caesium-132/jianpu/images-prep/qupu123-linjunjie/林俊杰 第几个一百天 吉他谱（无限延音编配）__qupu123-368641/001.jpg
林俊杰 美人鱼	qupu123	368696	4	改编	林俊杰 美人鱼 吉他谱（无限延音编配）__qupu123-368696	/home/caesium-132/jianpu/images-prep/qupu123-linjunjie/林俊杰 美人鱼 吉他谱（无限延音编配）__qupu123-368696/001.jpg
林俊杰 裹着心的光	qupu123	371994	4	改编	林俊杰 裹着心的光 吉他谱（无限延音编配）__qupu123-371994	/home/caesium-132/jianpu/images-prep/qupu123-linjunjie/林俊杰 裹着心的光 吉他谱（无限延音编配）__qupu123-371994/001.jpg
林俊杰-一千年以后	jianpucn	95870	1	简谱	林俊杰-一千年以后__jianpucn-95870	/home/caesium-132/jianpu/images-prep/jianpucn-linjunjie/林俊杰-一千年以后__jianpucn-95870/001.jpg
林俊杰《一千年以后》 高清	jianpucn	158395	3	改编	林俊杰《一千年以后》 高清吉他谱__jianpucn-158395	/home/caesium-132/jianpu/images-prep/jianpucn-linjunjie/林俊杰《一千年以后》 高清吉他谱__jianpucn-158395/001.jpg
林俊杰《一千年以后》吉他谱C调入门版 高音教编配 猴哥吉他教学	qupu123	350770	1	改编	林俊杰《一千年以后》吉他谱C调入门版 高音教编配 猴哥吉他教学__qupu123-350770	/home/caesium-132/jianpu/images-prep/qupu123-linjunjie/林俊杰《一千年以后》吉他谱C调入门版 高音教编配 猴哥吉他教学__qupu123-350770/001.jpg
林俊杰《江南》吉他谱G调精华版 高音教编配 猴哥吉他教学	qupu123	346586	1	改编	林俊杰《江南》吉他谱G调精华版 高音教编配 猴哥吉他教学__qupu123-346586	/home/caesium-132/jianpu/images-prep/qupu123-linjunjie/林俊杰《江南》吉他谱G调精华版 高音教编配 猴哥吉他教学__qupu123-346586/001.jpg
林俊杰《江南》吉他谱吉他弹唱教学G调精华版 高音教	qupu123	357338	1	改编	林俊杰《江南》吉他谱吉他弹唱教学G调精华版 高音教__qupu123-357338	/home/caesium-132/jianpu/images-prep/qupu123-linjunjie/林俊杰《江南》吉他谱吉他弹唱教学G调精华版 高音教__qupu123-357338/001.jpg
林俊杰《背对背拥抱》吉他谱吉他弹唱教学C调入门版 高音教	qupu123	350737	1	改编	林俊杰《背对背拥抱》吉他谱吉他弹唱教学C调入门版 高音教__qupu123-350737	/home/caesium-132/jianpu/images-prep/qupu123-linjunjie/林俊杰《背对背拥抱》吉他谱吉他弹唱教学C调入门版 高音教__qupu123-350737/001.jpg
果是米中生	qupu123	335906	2	改编	果是米中生（男声重唱、五线谱）__qupu123-335906	/home/caesium-132/jianpu/images-prep/qupu123-crawl/果是米中生（男声重唱、五线谱）__qupu123-335906/001.jpg
枪林恋曲	jianpucn	100940	2	简谱	枪林恋曲__jianpucn-100940	/home/caesium-132/jianpu/images-prep/jianpucn-pop/枪林恋曲__jianpucn-100940/001.jpg
枫 - ﹑Shēkˊ﹏上传版	jianpucn	103237	2	简谱	枫 - ﹑Shēkˊ﹏上传版__jianpucn-103237	/home/caesium-132/jianpu/images-prep/jianpucn-zhoujielun/枫 - ﹑Shēkˊ﹏上传版__jianpucn-103237/001.jpg
枫-manle版	jianpucn	101715	2	简谱	枫-manle版__jianpucn-101715	/home/caesium-132/jianpu/images-prep/jianpucn-zhoujielun/枫-manle版__jianpucn-101715/001.jpg
枫《原版和声》版	jianpucn	122163	2	简谱	枫《原版和声》版__jianpucn-122163	/home/caesium-132/jianpu/images-prep/jianpucn-zhoujielun/枫《原版和声》版__jianpucn-122163/001.jpg
枫尤克里里谱	jianpucn	462463	1	改编	枫尤克里里谱（ C调附前奏 枫尤克里里弹唱谱）__jianpucn-462463	/home/caesium-132/jianpu/images-prep/jianpucn-zhoujielun/枫尤克里里谱（ C调附前奏 枫尤克里里弹唱谱）__jianpucn-462463/001.jpg
枸杞花开	jianpujia	20034	1	简谱	枸杞花开简谱(歌词)_王丽达演唱_momoliu曲谱__jianpujia-20034	/home/caesium-132/jianpu/images-prep/jianpujia-12500/枸杞花开简谱(歌词)_王丽达演唱_momoliu曲谱__jianpujia-20034/001.jpg
柠檬树Lemon tree	qupu123	210968	3	简谱	柠檬树Lemon tree（ukulele四线谱）__qupu123-210968	/home/caesium-132/jianpu/images-prep/qupu123-west/柠檬树Lemon tree（ukulele四线谱）__qupu123-210968/001.jpg
柠檬草的味道	jianpucn	102228	2	简谱	柠檬草的味道__jianpucn-102228	/home/caesium-132/jianpu/images-prep/jianpucn-caiyilin/柠檬草的味道__jianpucn-102228/001.jpg
柳叶眉	qupu123	310688	1	简谱	柳叶眉（静儿词 龙溟曲）__qupu123-310688	/home/caesium-132/jianpu/images-prep/qupu123-sweep/柳叶眉（静儿词 龙溟曲）__qupu123-310688/001.jpg
柳妹	jianpujia	18406	1	简谱	柳妹简谱(歌词)_谭晶演唱_王wzh曲谱__jianpujia-18406	/home/caesium-132/jianpu/images-prep/jianpujia-7224/柳妹简谱(歌词)_谭晶演唱_王wzh曲谱__jianpujia-18406/001.jpg
柳絮满天飞	qupu123	317841	1	简谱	柳絮满天飞__qupu123-317841	/home/caesium-132/jianpu/images-prep/qupu123-sweep/柳絮满天飞__qupu123-317841/001.jpg
树	jianpucn	1787	1	简谱	树__jianpucn-1787	/home/caesium-132/jianpu/images-prep/jianpucn-xuwei/树__jianpucn-1787/001.jpg
树上喜鹊叫喳喳	qupu123	335883	2	改编	树上喜鹊叫喳喳（女声二重唱、五线谱）__qupu123-335883	/home/caesium-132/jianpu/images-prep/qupu123-crawl/树上喜鹊叫喳喳（女声二重唱、五线谱）__qupu123-335883/001.jpg
校友之歌	qupu123	311082	1	简谱	校友之歌__qupu123-311082	/home/caesium-132/jianpu/images-prep/qupu123-sweep/校友之歌__qupu123-311082/001.jpg
根	qupu123	305413	1	简谱	根（林振强词 井上久雄曲）__qupu123-305413	/home/caesium-132/jianpu/images-prep/qupu123-sweep/根（林振强词 井上久雄曲）__qupu123-305413/001.png
桂林美	jianpucn	149580	1	简谱	桂林美__jianpucn-149580	/home/caesium-132/jianpu/images-prep/jianpucn-fenghuangchuanqi/桂林美__jianpucn-149580/001.jpg
桂花园	qupu123	333369	2	简谱	桂花园_樟树园__qupu123-333369	/home/caesium-132/jianpu/images-prep/qupu123-crawl/桂花园_樟树园__qupu123-333369/001.jpg
桂花郁香时	qupu123	331723	1	简谱	桂花郁香时（线简谱对照版）__qupu123-331723	/home/caesium-132/jianpu/images-prep/qupu123-crawl/桂花郁香时（线简谱对照版）__qupu123-331723/001.jpg
桃乡中国红	qupu123	334402	2	简谱	桃乡中国红__qupu123-334402	/home/caesium-132/jianpu/images-prep/qupu123-crawl/桃乡中国红__qupu123-334402/001.jpg
桃乡月亮	qupu123	334403	2	简谱	桃乡月亮__qupu123-334403	/home/caesium-132/jianpu/images-prep/qupu123-crawl/桃乡月亮__qupu123-334403/001.jpg
桃园中国梦	qupu123	334401	2	简谱	桃园中国梦__qupu123-334401	/home/caesium-132/jianpu/images-prep/qupu123-crawl/桃园中国梦__qupu123-334401/001.jpg
桃花依旧笑春风	jianpucn	44530	1	改编	桃花依旧笑春风(五线谱_简谱对照)__jianpucn-44530	/home/caesium-132/jianpu/images-prep/jianpucn-jiangdawei/桃花依旧笑春风(五线谱_简谱对照)__jianpucn-44530/001.jpg
桃花妹	qupu123	314389	1	简谱	桃花妹__qupu123-314389	/home/caesium-132/jianpu/images-prep/qupu123-sweep/桃花妹__qupu123-314389/001.png
桃花开了	qupu123	323044	1	简谱	桃花开了（灵山秀水 词曲）__qupu123-323044	/home/caesium-132/jianpu/images-prep/qupu123-sweep/桃花开了（灵山秀水 词曲）__qupu123-323044/001.jpg
桃花情	qupu123	306657	1	简谱	桃花情（刘有名词 伊啦啦曲）__qupu123-306657	/home/caesium-132/jianpu/images-prep/qupu123-sweep/桃花情（刘有名词 伊啦啦曲）__qupu123-306657/001.jpg
桃花扇	qupu123	305905	1	简谱	桃花扇（席国荣词 席国荣 快乐好歌曲）__qupu123-305905	/home/caesium-132/jianpu/images-prep/qupu123-sweep/桃花扇（席国荣词 席国荣 快乐好歌曲）__qupu123-305905/001.jpg
桃花朵朵开	qupu123	48300	1	简谱	桃花朵朵开（聆闻词 吴宏维曲）__qupu123-48300	/home/caesium-132/jianpu/images-prep/qupu123-bench/桃花朵朵开（聆闻词 吴宏维曲）__qupu123-48300/001.jpg
桃花泣血记	qupu123	329476	1	简谱	桃花泣血记（故事影片《桃花泣血记》宣传用歌）__qupu123-329476	/home/caesium-132/jianpu/images-prep/qupu123-sweep/桃花泣血记（故事影片《桃花泣血记》宣传用歌）__qupu123-329476/001.png
桃花腮	qupu123	306671	1	简谱	桃花腮__qupu123-306671	/home/caesium-132/jianpu/images-prep/qupu123-sweep/桃花腮__qupu123-306671/001.png
桃花诺尤克里里谱	jianpucn	462468	1	改编	桃花诺尤克里里谱（ C调尤克里里弹唱谱）__jianpucn-462468	/home/caesium-132/jianpu/images-prep/jianpucn-dengziqi/桃花诺尤克里里谱（ C调尤克里里弹唱谱）__jianpucn-462468/001.jpg
桐寨长发妹	qupu123	322354	3	改编	桐寨长发妹（正谱）__qupu123-322354	/home/caesium-132/jianpu/images-prep/qupu123-crawl/桐寨长发妹（正谱）__qupu123-322354/001.jpg
梁咏琪-下雨天	jianpucn	95919	1	简谱	梁咏琪-下雨天__jianpucn-95919	/home/caesium-132/jianpu/images-prep/jianpucn-pop/梁咏琪-下雨天__jianpucn-95919/001.jpg
梁靜茹-101	jianpucn	185426	2	简谱	梁靜茹-101__jianpucn-185426	/home/caesium-132/jianpu/images-prep/jianpucn-pop/梁靜茹-101__jianpucn-185426/001.jpg
梅	jianpujia	20137	1	简谱	梅简谱(歌词)_王丽达演唱_momoliu曲谱__jianpujia-20137	/home/caesium-132/jianpu/images-prep/jianpujia-12500/梅简谱(歌词)_王丽达演唱_momoliu曲谱__jianpujia-20137/001.jpg
梅兰梅兰我爱你	jianpucn	445551	2	简谱	梅兰梅兰我爱你( G调)__jianpucn-445551	/home/caesium-132/jianpu/images-prep/jianpucn-jiangyuheng/梅兰梅兰我爱你( G调)__jianpucn-445551/001.jpg
梅花三弄	jianpucn	90537	1	简谱	梅花三弄(同名电视剧主题歌)__jianpucn-90537	/home/caesium-132/jianpu/images-prep/jianpucn-jiangyuheng/梅花三弄(同名电视剧主题歌)__jianpucn-90537/001.jpg
梅里雪山的女儿	jianpujia	22830	1	简谱	梅里雪山的女儿简谱(歌词)_格桑拉姆演唱_秋叶起舞记谱上传__jianpujia-22830	/home/caesium-132/jianpu/images-prep/jianpujia-3462/梅里雪山的女儿简谱(歌词)_格桑拉姆演唱_秋叶起舞记谱上传__jianpujia-22830/001.gif
梦不再遥远	qupu123	313951	1	简谱	梦不再遥远__qupu123-313951	/home/caesium-132/jianpu/images-prep/qupu123-sweep/梦不再遥远__qupu123-313951/001.jpg
梦中的爱恋	qupu123	321461	1	简谱	梦中的爱恋__qupu123-321461	/home/caesium-132/jianpu/images-prep/qupu123-sweep/梦中的爱恋__qupu123-321461/001.jpg
梦中相逢	qupu123	369967	3	简谱	梦中相逢__qupu123-369967	/home/caesium-132/jianpu/images-prep/qupu123-crawl/梦中相逢__qupu123-369967/001.jpg
梦丽江	jianpujia	18606	1	简谱	梦丽江简谱(歌词)_王丽达演唱_王wzh曲谱__jianpujia-18606	/home/caesium-132/jianpu/images-prep/jianpujia-12500/梦丽江简谱(歌词)_王丽达演唱_王wzh曲谱__jianpujia-18606/001.jpg
梦儿和心儿	qupu123	323036	4	改编	梦儿和心儿（童声领唱与合唱、正谱）__qupu123-323036	/home/caesium-132/jianpu/images-prep/qupu123-crawl/梦儿和心儿（童声领唱与合唱、正谱）__qupu123-323036/001.jpg
梦到刀哥变熊猫了	qupu123	310064	1	简谱	梦到刀哥变熊猫了__qupu123-310064	/home/caesium-132/jianpu/images-prep/qupu123-sweep/梦到刀哥变熊猫了__qupu123-310064/001.jpg
梦圆	jianpujia	20032	1	简谱	梦圆简谱(歌词)_谭晶演唱_momoliu曲谱__jianpujia-20032	/home/caesium-132/jianpu/images-prep/jianpujia-7224/梦圆简谱(歌词)_谭晶演唱_momoliu曲谱__jianpujia-20032/001.jpg
梦在飞	qupu123	327939	2	简谱	梦在飞（肖正民词_奇峰曲）__qupu123-327939	/home/caesium-132/jianpu/images-prep/qupu123-crawl/梦在飞（肖正民词_奇峰曲）__qupu123-327939/001.jpg
梦很远	qupu123	311957	1	简谱	梦很远__qupu123-311957	/home/caesium-132/jianpu/images-prep/qupu123-sweep/梦很远__qupu123-311957/001.jpg
梦想成真	qupu123	327950	1	简谱	梦想成真（滕海英 乔明全词 马喜华曲）__qupu123-327950	/home/caesium-132/jianpu/images-prep/qupu123-sweep/梦想成真（滕海英 乔明全词 马喜华曲）__qupu123-327950/001.jpg
梦想的幻彩	qupu123	305326	1	简谱	梦想的幻彩__qupu123-305326	/home/caesium-132/jianpu/images-prep/qupu123-sweep/梦想的幻彩__qupu123-305326/001.jpg
梦桂林	qupu123	333030	2	简谱	梦桂林（胡青山_词曲）__qupu123-333030	/home/caesium-132/jianpu/images-prep/qupu123-crawl/梦桂林（胡青山_词曲）__qupu123-333030/001.jpg
梦田	jianpucn	471269	1	改编	梦田 （ 潘越云 C调指法原版编配）__jianpucn-471269	/home/caesium-132/jianpu/images-prep/jianpucn-qiyu/梦田 （ 潘越云 C调指法原版编配）__jianpucn-471269/001.jpg
梦留别	jianpujia	14344	1	简谱	梦留别简谱(歌词)_周深演唱_桃李醉春风记谱__jianpujia-14344	/home/caesium-132/jianpu/images-prep/jianpujia-380/梦留别简谱(歌词)_周深演唱_桃李醉春风记谱__jianpujia-14344/001.png
梦里有你陪	qupu123	334874	2	简谱	梦里有你陪__qupu123-334874	/home/caesium-132/jianpu/images-prep/qupu123-crawl/梦里有你陪__qupu123-334874/001.jpg
梦驼铃	jianpucn	87339	1	简谱	梦驼铃__jianpucn-87339	/home/caesium-132/jianpu/images-prep/jianpucn-zhangmingmin/梦驼铃__jianpucn-87339/001.jpg
梨花开	qupu123	332988	2	简谱	梨花开_等你来__qupu123-332988	/home/caesium-132/jianpu/images-prep/qupu123-crawl/梨花开_等你来__qupu123-332988/001.jpg
梨花开了，你却走了	qupu123	309567	1	简谱	梨花开了，你却走了__qupu123-309567	/home/caesium-132/jianpu/images-prep/qupu123-sweep/梨花开了，你却走了__qupu123-309567/001.jpg
梨花泪	qupu123	315114	1	简谱	梨花泪（杜劲松词 赖密玲曲）__qupu123-315114	/home/caesium-132/jianpu/images-prep/qupu123-sweep/梨花泪（杜劲松词 赖密玲曲）__qupu123-315114/001.jpg
棋子	jianpucn	10808	1	简谱	棋子__jianpucn-10808	/home/caesium-132/jianpu/images-prep/jianpucn-zhouhuajian/棋子__jianpucn-10808/001.jpg
森巴皇后	jianpucn	104077	2	简谱	森巴皇后__jianpucn-104077	/home/caesium-132/jianpu/images-prep/jianpucn-twins/森巴皇后__jianpucn-104077/001.jpg
森林水车	jianpucn	233372	1	简谱	森林水车（唐亚明译配）__jianpucn-233372	/home/caesium-132/jianpu/images-prep/jianpucn-liguyi/森林水车（唐亚明译配）__jianpucn-233372/001.jpg
森林秋歌	qupu123	324250	4	改编	森林秋歌（五线谱）__qupu123-324250	/home/caesium-132/jianpu/images-prep/qupu123-crawl/森林秋歌（五线谱）__qupu123-324250/001.jpg
森铁老朋友之歌	qupu123	304305	1	简谱	森铁老朋友之歌__qupu123-304305	/home/caesium-132/jianpu/images-prep/qupu123-sweep/森铁老朋友之歌__qupu123-304305/001.jpg
椰寨情歌	qupu123	324634	4	改编	椰寨情歌（五线谱）__qupu123-324634	/home/caesium-132/jianpu/images-prep/qupu123-crawl/椰寨情歌（五线谱）__qupu123-324634/001.jpg
楚河汉界	qupu123	305303	1	简谱	楚河汉界__qupu123-305303	/home/caesium-132/jianpu/images-prep/qupu123-sweep/楚河汉界__qupu123-305303/001.jpg
楼上来的声音 吉他类 流行	jianpucn	91229	2	改编	楼上来的声音 吉他类 流行__jianpucn-91229	/home/caesium-132/jianpu/images-prep/jianpucn-zhangxueyou/楼上来的声音 吉他类 流行__jianpucn-91229/001.jpg
模特	jianpucn	301512	1	改编	模特（齐元义编配版）__jianpucn-301512	/home/caesium-132/jianpu/images-prep/jianpucn-lironghao/模特（齐元义编配版）__jianpucn-301512/001.jpg
横冲直撞	jianpucn	457982	2	简谱	横冲直撞__jianpucn-457982	/home/caesium-132/jianpu/images-prep/jianpucn-huachenyu/横冲直撞__jianpucn-457982/001.jpg
橄榄树-修正版	jianpucn	254144	1	简谱	橄榄树-修正版__jianpucn-254144	/home/caesium-132/jianpu/images-prep/jianpucn-qiyu/橄榄树-修正版__jianpucn-254144/001.jpg
次次心动	qupu123	394702	2	简谱	次次心动_次次落空__qupu123-394702	/home/caesium-132/jianpu/images-prep/qupu123-crawl/次次心动_次次落空__qupu123-394702/001.jpg
欢乐山寨	jianpujia	18437	1	简谱	欢乐山寨简谱(歌词)_雷佳演唱_王wzh曲谱__jianpujia-18437	/home/caesium-132/jianpu/images-prep/jianpujia-6369/欢乐山寨简谱(歌词)_雷佳演唱_王wzh曲谱__jianpujia-18437/001.jpg
欢颜 中国好声音本 原版	jianpucn	266013	2	简谱	欢颜 中国好声音本 原版__jianpucn-266013	/home/caesium-132/jianpu/images-prep/jianpucn-zhoushen/欢颜 中国好声音本 原版__jianpucn-266013/001.jpg
欲水	jianpujia	14282	2	简谱	欲水简谱(歌词)_谭晶演唱_桃李醉春风记谱__jianpujia-14282	/home/caesium-132/jianpu/images-prep/jianpujia-7224/欲水简谱(歌词)_谭晶演唱_桃李醉春风记谱__jianpujia-14282/001.png
歌	jianpucn	2865	1	简谱	歌__jianpucn-2865	/home/caesium-132/jianpu/images-prep/jianpucn-pop/歌__jianpucn-2865/001.jpg
歌从草原来张宝星词张士科曲歌从草原来张宝星词	jianpujia	333873	1	简谱	歌从草原来张宝星词张士科曲歌从草原来张宝星词_张士科曲简谱__jianpujia-333873	/home/caesium-132/jianpu/images-prep/jianpujia-6223/歌从草原来张宝星词张士科曲歌从草原来张宝星词_张士科曲简谱__jianpujia-333873/001.gif
歌仙刘三姐	qupu123	307625	1	简谱	歌仙刘三姐__qupu123-307625	/home/caesium-132/jianpu/images-prep/qupu123-sweep/歌仙刘三姐__qupu123-307625/001.jpg
歌友情&nbsp;&nbsp;	jianpucn	475556	11	简谱	歌友情&nbsp;&nbsp;__jianpucn-475556	/home/caesium-132/jianpu/images-prep/test-jianpucn/歌友情&nbsp;&nbsp;__jianpucn-475556/001.jpg
歌唱十九中	qupu123	323048	1	简谱	歌唱十九中__qupu123-323048	/home/caesium-132/jianpu/images-prep/qupu123-sweep/歌唱十九中__qupu123-323048/001.jpg
歌唱吧 万景台岔路口	jianpucn	260697	1	简谱	歌唱吧 万景台岔路口__jianpucn-260697	/home/caesium-132/jianpu/images-prep/jianpucn-pop/歌唱吧 万景台岔路口__jianpucn-260697/001.jpg
歌声与微笑简单演奏班	jianpucn	189580	2	简谱	歌声与微笑简单演奏班__jianpucn-189580	/home/caesium-132/jianpu/images-prep/jianpucn-liguyi/歌声与微笑简单演奏班__jianpucn-189580/001.jpg
歌曲《九儿》	jianpucn	452656	3	简谱	歌曲《九儿》（不变调 ）__jianpucn-452656	/home/caesium-132/jianpu/images-prep/jianpucn-hanhong/歌曲《九儿》（不变调 ）__jianpucn-452656/001.jpg
歌曲串烧	jianpucn	469845	2	简谱	歌曲串烧 （C调4536251走向）__jianpucn-469845	/home/caesium-132/jianpu/images-prep/jianpucn-zhoujielun/歌曲串烧 （C调4536251走向）__jianpucn-469845/001.jpg
止不住热泪滚滚流	qupu123	318191	3	改编	止不住热泪滚滚流（轻歌剧《救救她》选曲、正谱）__qupu123-318191	/home/caesium-132/jianpu/images-prep/qupu123-crawl/止不住热泪滚滚流（轻歌剧《救救她》选曲、正谱）__qupu123-318191/001.jpg
止战之伤	jianpucn	104082	2	简谱	止战之伤__jianpucn-104082	/home/caesium-132/jianpu/images-prep/jianpucn-zhoujielun/止战之伤__jianpucn-104082/001.jpg
正确对待生活	qupu123	318745	1	简谱	正确对待生活__qupu123-318745	/home/caesium-132/jianpu/images-prep/qupu123-sweep/正确对待生活__qupu123-318745/001.jpg
此情可待	qupu123	358632	2	简谱	此情可待（Right Here Waiting）__qupu123-358632	/home/caesium-132/jianpu/images-prep/qupu123-west/此情可待（Right Here Waiting）__qupu123-358632/001.jpg
步步	jianpucn	230944	1	简谱	步步__jianpucn-230944	/home/caesium-132/jianpu/images-prep/jianpucn-wuyuetian/步步__jianpucn-230944/001.jpg
步步高&nbsp;&nbsp;	jianpucn	475469	8	简谱	步步高&nbsp;&nbsp;__jianpucn-475469	/home/caesium-132/jianpu/images-prep/test-jianpucn/步步高&nbsp;&nbsp;__jianpucn-475469/001.jpg
武陵源	qupu123	335018	2	简谱	武陵源_桃花源__qupu123-335018	/home/caesium-132/jianpu/images-prep/qupu123-crawl/武陵源_桃花源__qupu123-335018/001.jpg
死不了原版双吉他	jianpucn	210110	1	改编	死不了原版双吉他__jianpucn-210110	/home/caesium-132/jianpu/images-prep/jianpucn-renxianqi/死不了原版双吉他__jianpucn-210110/001.jpg
死心彻底	jianpucn	2600	1	简谱	死心彻底__jianpucn-2600	/home/caesium-132/jianpu/images-prep/jianpucn-pop/死心彻底__jianpucn-2600/001.jpg
死性不改	jianpucn	4886	1	简谱	死性不改__jianpucn-4886	/home/caesium-132/jianpu/images-prep/jianpucn-twins/死性不改__jianpucn-4886/001.jpg
母亲的眼泪	jianpucn	57973	1	简谱	母亲的眼泪__jianpucn-57973	/home/caesium-132/jianpu/images-prep/jianpucn-songzuying/母亲的眼泪__jianpucn-57973/001.jpg
母亲的草原	qupu123	335032	2	简谱	母亲的草原_生命的摇篮__qupu123-335032	/home/caesium-132/jianpu/images-prep/qupu123-crawl/母亲的草原_生命的摇篮__qupu123-335032/001.jpg
母亲草原刘志毅词夏宝森曲母亲草原刘志毅词	jianpujia	338808	1	简谱	母亲草原刘志毅词夏宝森曲母亲草原刘志毅词_夏宝森曲简谱__jianpujia-338808	/home/caesium-132/jianpu/images-prep/jianpujia-6223/母亲草原刘志毅词夏宝森曲母亲草原刘志毅词_夏宝森曲简谱__jianpujia-338808/001.png
母亲草原刘志毅词张瑞孔徐书民曲母亲草原刘志毅词	jianpujia	358388	1	简谱	母亲草原刘志毅词张瑞孔徐书民曲母亲草原刘志毅词_张瑞孔_徐书民曲简谱__jianpujia-358388	/home/caesium-132/jianpu/images-prep/jianpujia-6223/母亲草原刘志毅词张瑞孔徐书民曲母亲草原刘志毅词_张瑞孔_徐书民曲简谱__jianpujia-358388/001.png
母鸡带小鸡	qupu123	328293	2	简谱	母鸡带小鸡（罗晓航词曲）__qupu123-328293	/home/caesium-132/jianpu/images-prep/qupu123-crawl/母鸡带小鸡（罗晓航词曲）__qupu123-328293/001.jpg
每天爱你多一些&nbsp;&nbsp;	jianpucn	84931	1	简谱	每天爱你多一些&nbsp;&nbsp;__jianpucn-84931	/home/caesium-132/jianpu/images-prep/jianpucn-title/每天爱你多一些&nbsp;&nbsp;__jianpucn-84931/001.jpg
每天爱你多一些钢琴	jianpujia	150760	6	改编	每天爱你多一些钢琴简谱_张学友演唱__jianpujia-150760	/home/caesium-132/jianpu/images-prep/jianpujia-art414/每天爱你多一些钢琴简谱_张学友演唱__jianpujia-150760/001.png
每天笑一笑	qupu123	315204	1	简谱	每天笑一笑__qupu123-315204	/home/caesium-132/jianpu/images-prep/qupu123-sweep/每天笑一笑__qupu123-315204/001.jpg
每天第一件事	jianpucn	90114	2	简谱	每天第一件事__jianpucn-90114	/home/caesium-132/jianpu/images-prep/jianpucn-pop/每天第一件事__jianpucn-90114/001.jpg
每天第一件事 吉他弹唱	jianpucn	223246	2	改编	每天第一件事 吉他弹唱__jianpucn-223246	/home/caesium-132/jianpu/images-prep/jianpucn-pop/每天第一件事 吉他弹唱__jianpucn-223246/001.jpg
每段路	qupu123	209491	1	简谱	每段路__qupu123-209491	/home/caesium-132/jianpu/images-prep/qupu123-mp007/每段路__qupu123-209491/001.png
毕业生2	jianpucn	191099	1	简谱	毕业生2__jianpucn-191099	/home/caesium-132/jianpu/images-prep/jianpucn-zhangmingmin/毕业生2__jianpucn-191099/001.jpg
毛不易 东北民谣 吉他谱 C调指法	qupu123	343030	4	改编	毛不易 东北民谣 吉他谱 C调指法（无限延音编配）__qupu123-343030	/home/caesium-132/jianpu/images-prep/qupu123-maobuyi/毛不易 东北民谣 吉他谱 C调指法（无限延音编配）__qupu123-343030/001.jpg
毛不易 借	qupu123	354176	4	改编	毛不易 借 吉他谱（无限延音编配）__qupu123-354176	/home/caesium-132/jianpu/images-prep/qupu123-maobuyi/毛不易 借 吉他谱（无限延音编配）__qupu123-354176/001.jpg
毛不易 像我这样的人	qupu123	351749	3	改编	毛不易 像我这样的人 吉他谱（无限延音编配）__qupu123-351749	/home/caesium-132/jianpu/images-prep/qupu123-maobuyi/毛不易 像我这样的人 吉他谱（无限延音编配）__qupu123-351749/001.jpg
毛不易 如果有一天我变得很有钱	qupu123	368528	4	改编	毛不易 如果有一天我变得很有钱 吉他谱（无限延音编配）__qupu123-368528	/home/caesium-132/jianpu/images-prep/qupu123-maobuyi/毛不易 如果有一天我变得很有钱 吉他谱（无限延音编配）__qupu123-368528/001.jpg
毛不易 平凡的一天	qupu123	368624	4	改编	毛不易 平凡的一天 吉他谱（无限延音编配）__qupu123-368624	/home/caesium-132/jianpu/images-prep/qupu123-maobuyi/毛不易 平凡的一天 吉他谱（无限延音编配）__qupu123-368624/001.jpg
毛不易 无名的人	qupu123	372235	4	改编	毛不易 无名的人 吉他谱（无限延音编配）__qupu123-372235	/home/caesium-132/jianpu/images-prep/qupu123-maobuyi/毛不易 无名的人 吉他谱（无限延音编配）__qupu123-372235/001.jpg
毛不易 消愁	qupu123	350830	4	改编	毛不易 消愁 吉他谱（无限延音编配）__qupu123-350830	/home/caesium-132/jianpu/images-prep/qupu123-maobuyi/毛不易 消愁 吉他谱（无限延音编配）__qupu123-350830/001.jpg
毛不易—《像我这样的人》C调弹唱六线谱	qupu123	358765	3	改编	毛不易—《像我这样的人》C调弹唱六线谱（彪叔吉他课）__qupu123-358765	/home/caesium-132/jianpu/images-prep/qupu123-maobuyi/毛不易—《像我这样的人》C调弹唱六线谱（彪叔吉他课）__qupu123-358765/001.jpg
民族声乐考级歌曲：叫一声哥哥你快回来	qupu123	304161	1	改编	民族声乐考级歌曲：叫一声哥哥你快回来__qupu123-304161	/home/caesium-132/jianpu/images-prep/qupu123-mp088/民族声乐考级歌曲：叫一声哥哥你快回来__qupu123-304161/001.jpg
水墨故乡	qupu123	336062	2	简谱	水墨故乡（刘伊宁词_向往曲、线简谱对照版）__qupu123-336062	/home/caesium-132/jianpu/images-prep/qupu123-crawl/水墨故乡（刘伊宁词_向往曲、线简谱对照版）__qupu123-336062/001.jpg
水妖	jianpucn	1789	1	简谱	水妖__jianpucn-1789	/home/caesium-132/jianpu/images-prep/jianpucn-xuwei/水妖__jianpucn-1789/001.jpg
水妖��	jianpucn	213283	1	简谱	水妖��__jianpucn-213283	/home/caesium-132/jianpu/images-prep/jianpucn-xuwei/水妖��__jianpucn-213283/001.jpg
水形物语	jianpujia	154946	3	简谱	水形物语简谱_周深歌曲_孙世彦曲谱__jianpujia-154946	/home/caesium-132/jianpu/images-prep/jianpujia-380/水形物语简谱_周深歌曲_孙世彦曲谱__jianpujia-154946/001.jpg
水流众生	jianpujia	73663	1	简谱	水流众生简谱(歌词)_李健演唱_韵文记谱__jianpujia-73663	/home/caesium-132/jianpu/images-prep/jianpujia-1106/水流众生简谱(歌词)_李健演唱_韵文记谱__jianpujia-73663/001.jpg
水滴石穿	qupu123	315025	1	简谱	水滴石穿__qupu123-315025	/home/caesium-132/jianpu/images-prep/qupu123-sweep/水滴石穿__qupu123-315025/001.jpg
水瓶座的心愿	qupu123	325624	1	简谱	水瓶座的心愿__qupu123-325624	/home/caesium-132/jianpu/images-prep/qupu123-sweep/水瓶座的心愿__qupu123-325624/001.jpg
水调歌头	qupu123	323534	4	改编	水调歌头（王震亚作曲版、正谱）__qupu123-323534	/home/caesium-132/jianpu/images-prep/qupu123-crawl/水调歌头（王震亚作曲版、正谱）__qupu123-323534/001.jpg
永不想你	qupu123	305314	1	简谱	永不想你__qupu123-305314	/home/caesium-132/jianpu/images-prep/qupu123-sweep/永不想你__qupu123-305314/001.png
永恒	jianpucn	1144	3	简谱	永恒__jianpucn-1144	/home/caesium-132/jianpu/images-prep/jianpucn-xuwei/永恒__jianpucn-1144/001.jpg
永浴爱河	jianpucn	109440	2	简谱	永浴爱河（简谱版）__jianpucn-109440	/home/caesium-132/jianpu/images-prep/jianpucn-pop/永浴爱河（简谱版）__jianpucn-109440/001.jpg
永远的歌唱	qupu123	335050	7	改编	永远的歌唱（混声合唱、正谱）__qupu123-335050	/home/caesium-132/jianpu/images-prep/qupu123-crawl/永远的歌唱（混声合唱、正谱）__qupu123-335050/001.jpg
永远的距离	qupu123	322971	1	简谱	永远的距离__qupu123-322971	/home/caesium-132/jianpu/images-prep/qupu123-sweep/永远的距离__qupu123-322971/001.png
永远跟着你	qupu123	334416	2	简谱	永远跟着你（刘连峰_词曲）__qupu123-334416	/home/caesium-132/jianpu/images-prep/qupu123-crawl/永远跟着你（刘连峰_词曲）__qupu123-334416/001.jpg
永隔一江水	jianpucn	177611	2	简谱	永隔一江水__jianpucn-177611	/home/caesium-132/jianpu/images-prep/jianpucn-xuwei/永隔一江水__jianpucn-177611/001.jpg
求婚	jianpucn	58014	1	简谱	求婚__jianpucn-58014	/home/caesium-132/jianpu/images-prep/jianpucn-zhouhuajian/求婚__jianpucn-58014/001.jpg
江南 - 05895464版	jianpucn	103222	2	简谱	江南 - 05895464版__jianpucn-103222	/home/caesium-132/jianpu/images-prep/jianpucn-linjunjie/江南 - 05895464版__jianpucn-103222/001.jpg
江南 原调 带前奏	jianpucn	215235	1	简谱	江南 原调 带前奏__jianpucn-215235	/home/caesium-132/jianpu/images-prep/jianpucn-linjunjie/江南 原调 带前奏__jianpucn-215235/001.jpg
江南 吉他类 流行	jianpucn	112539	2	改编	江南 吉他类 流行__jianpucn-112539	/home/caesium-132/jianpu/images-prep/jianpucn-linjunjie/江南 吉他类 流行__jianpucn-112539/001.jpg
江南 图片扫描谱	jianpucn	215237	1	简谱	江南 图片扫描谱__jianpucn-215237	/home/caesium-132/jianpu/images-prep/jianpucn-linjunjie/江南 图片扫描谱__jianpucn-215237/001.jpg
江南 歌曲类 钢琴伴奏谱	jianpucn	112378	2	改编	江南 歌曲类 钢琴伴奏谱__jianpucn-112378	/home/caesium-132/jianpu/images-prep/jianpucn-linjunjie/江南 歌曲类 钢琴伴奏谱__jianpucn-112378/001.jpg
江南-简易版-弹唱 吉他类 流行	jianpucn	112969	1	改编	江南-简易版-弹唱 吉他类 流行__jianpucn-112969	/home/caesium-132/jianpu/images-prep/jianpucn-linjunjie/江南-简易版-弹唱 吉他类 流行__jianpucn-112969/001.jpg
江南江北姐妹花	qupu123	323372	3	改编	江南江北姐妹花（正谱）__qupu123-323372	/home/caesium-132/jianpu/images-prep/qupu123-crawl/江南江北姐妹花（正谱）__qupu123-323372/001.jpg
江南的女郎	qupu123	314182	1	简谱	江南的女郎__qupu123-314182	/home/caesium-132/jianpu/images-prep/qupu123-sweep/江南的女郎__qupu123-314182/001.jpg
江南－简易版 键盘类 钢琴	jianpucn	113725	1	改编	江南－简易版 键盘类 钢琴__jianpucn-113725	/home/caesium-132/jianpu/images-prep/jianpucn-linjunjie/江南－简易版 键盘类 钢琴__jianpucn-113725/001.jpg
江城子 密州出猎	qupu123	324352	1	简谱	江城子 密州出猎__qupu123-324352	/home/caesium-132/jianpu/images-prep/qupu123-sweep/江城子 密州出猎__qupu123-324352/001.jpg
江湖再见	qupu123	310051	1	简谱	江湖再见（陈思明词 yhmwms曲）__qupu123-310051	/home/caesium-132/jianpu/images-prep/qupu123-sweep/江湖再见（陈思明词 yhmwms曲）__qupu123-310051/001.jpg
江湖夜雨十年灯	qupu123	395217	1	简谱	江湖夜雨十年灯__qupu123-395217	/home/caesium-132/jianpu/images-prep/qupu123-crawl/江湖夜雨十年灯__qupu123-395217/001.jpg
江湖钢琴	jianpujia	149000	5	改编	江湖钢琴简谱_许嵩演唱__jianpujia-149000	/home/caesium-132/jianpu/images-prep/jianpujia-693/江湖钢琴简谱_许嵩演唱__jianpujia-149000/001.png
江湾城秩序维护队歌	qupu123	333148	2	简谱	江湾城秩序维护队歌__qupu123-333148	/home/caesium-132/jianpu/images-prep/qupu123-crawl/江湾城秩序维护队歌__qupu123-333148/001.jpg
汪峰 像梦一样自由	qupu123	352888	4	改编	汪峰 像梦一样自由 吉他谱（无限延音编配）__qupu123-352888	/home/caesium-132/jianpu/images-prep/qupu123-wangfeng/汪峰 像梦一样自由 吉他谱（无限延音编配）__qupu123-352888/001.jpg
汪峰 像梦一样自由 吉他谱 卢家兴	jianpucn	208345	4	改编	汪峰 像梦一样自由 吉他谱 卢家兴__jianpucn-208345	/home/caesium-132/jianpu/images-prep/jianpucn-wangfeng/汪峰 像梦一样自由 吉他谱 卢家兴__jianpucn-208345/001.jpg
汪峰 在雨中	qupu123	368539	4	改编	汪峰 在雨中 吉他谱（无限延音编配）__qupu123-368539	/home/caesium-132/jianpu/images-prep/qupu123-wangfeng/汪峰 在雨中 吉他谱（无限延音编配）__qupu123-368539/001.jpg
汪峰 当我想你的时候	qupu123	354580	4	改编	汪峰 当我想你的时候 吉他谱（无限延音编配）__qupu123-354580	/home/caesium-132/jianpu/images-prep/qupu123-wangfeng/汪峰 当我想你的时候 吉他谱（无限延音编配）__qupu123-354580/001.jpg
汪峰 怒放的生命	qupu123	354675	4	改编	汪峰 怒放的生命 吉他谱（无限延音编配）__qupu123-354675	/home/caesium-132/jianpu/images-prep/qupu123-wangfeng/汪峰 怒放的生命 吉他谱（无限延音编配）__qupu123-354675/001.jpg
汪峰 飞的更高	qupu123	368538	4	改编	汪峰 飞的更高 吉他谱（无限延音编配）__qupu123-368538	/home/caesium-132/jianpu/images-prep/qupu123-wangfeng/汪峰 飞的更高 吉他谱（无限延音编配）__qupu123-368538/001.jpg
汪峰《存在》吉他谱D调入门版 高音教编配 猴哥吉他教学	qupu123	351641	1	改编	汪峰《存在》吉他谱D调入门版 高音教编配 猴哥吉他教学__qupu123-351641	/home/caesium-132/jianpu/images-prep/qupu123-wangfeng/汪峰《存在》吉他谱D调入门版 高音教编配 猴哥吉他教学__qupu123-351641/001.jpg
汪峰《当我想你的时候》吉他谱吉他弹唱教学G调入门版 高音教	qupu123	357748	2	改编	汪峰《当我想你的时候》吉他谱吉他弹唱教学G调入门版 高音教__qupu123-357748	/home/caesium-132/jianpu/images-prep/qupu123-wangfeng/汪峰《当我想你的时候》吉他谱吉他弹唱教学G调入门版 高音教__qupu123-357748/001.jpg
汪峰《硬币》吉他谱吉他弹唱教学C调入门版 高音教	qupu123	353052	1	改编	汪峰《硬币》吉他谱吉他弹唱教学C调入门版 高音教__qupu123-353052	/home/caesium-132/jianpu/images-prep/qupu123-wangfeng/汪峰《硬币》吉他谱吉他弹唱教学C调入门版 高音教__qupu123-353052/001.jpg
汪峰《飞得更高》考级版超清谱 老歌大叔吉他教室出品	qupu123	342895	3	改编	汪峰《飞得更高》考级版超清谱 老歌大叔吉他教室出品__qupu123-342895	/home/caesium-132/jianpu/images-prep/qupu123-wangfeng/汪峰《飞得更高》考级版超清谱 老歌大叔吉他教室出品__qupu123-342895/001.jpg
沂蒙随想	qupu123	325247	3	改编	沂蒙随想（童声无伴奏合唱、五线谱）__qupu123-325247	/home/caesium-132/jianpu/images-prep/qupu123-crawl/沂蒙随想（童声无伴奏合唱、五线谱）__qupu123-325247/001.jpg
沈阳情歌	qupu123	305104	1	简谱	沈阳情歌__qupu123-305104	/home/caesium-132/jianpu/images-prep/qupu123-sweep/沈阳情歌__qupu123-305104/001.jpg
沈阳的颜色	qupu123	311065	1	简谱	沈阳的颜色__qupu123-311065	/home/caesium-132/jianpu/images-prep/qupu123-sweep/沈阳的颜色__qupu123-311065/001.jpg
沉香流年	jianpujia	14463	1	简谱	沉香流年简谱(歌词)_电视剧_如懿传_片头曲_秋叶起舞记谱__jianpujia-14463	/home/caesium-132/jianpu/images-prep/jianpujia-6369/沉香流年简谱(歌词)_电视剧_如懿传_片头曲_秋叶起舞记谱__jianpujia-14463/001.jpg
沙滩恋曲-Tanning In Your Sunray	jianpucn	101463	2	简谱	沙滩恋曲-Tanning In Your Sunray__jianpucn-101463	/home/caesium-132/jianpu/images-prep/jianpucn-zhoujielun/沙滩恋曲-Tanning In Your Sunray__jianpucn-101463/001.jpg
沙龙	jianpucn	127021	2	简谱	沙龙__jianpucn-127021	/home/caesium-132/jianpu/images-prep/jianpucn-pop/沙龙__jianpucn-127021/001.jpg
没敢念	qupu123	335903	2	改编	没敢念（女声重唱、五线谱）__qupu123-335903	/home/caesium-132/jianpu/images-prep/qupu123-crawl/没敢念（女声重唱、五线谱）__qupu123-335903/001.jpg
没有你 我怎么能幸福	qupu123	314250	1	简谱	没有你 我怎么能幸福__qupu123-314250	/home/caesium-132/jianpu/images-prep/qupu123-sweep/没有你 我怎么能幸福__qupu123-314250/001.jpg
没有你的城市	jianpucn	10366	1	简谱	没有你的城市__jianpucn-10366	/home/caesium-132/jianpu/images-prep/jianpucn-liudehua/没有你的城市__jianpucn-10366/001.jpg
没有你的日子我真的好孤单	qupu123	324220	1	简谱	没有你的日子我真的好孤单__qupu123-324220	/home/caesium-132/jianpu/images-prep/qupu123-sweep/没有你的日子我真的好孤单__qupu123-324220/001.png
没有如果	jianpucn	95953	2	简谱	没有如果__jianpucn-95953	/home/caesium-132/jianpu/images-prep/jianpucn-liangjingru/没有如果__jianpucn-95953/001.jpg
没有如果 电视剧配乐版	jianpucn	218663	2	简谱	没有如果 电视剧配乐版__jianpucn-218663	/home/caesium-132/jianpu/images-prep/jianpucn-pop/没有如果 电视剧配乐版__jianpucn-218663/001.jpg
没有如果--全谱	jianpucn	95952	2	改编	没有如果--全谱（伴奏谱）__jianpucn-95952	/home/caesium-132/jianpu/images-prep/jianpucn-pop/没有如果--全谱（伴奏谱）__jianpucn-95952/001.jpg
没有如果——电视原声修改版	jianpucn	196126	2	简谱	没有如果——电视原声修改版__jianpucn-196126	/home/caesium-132/jianpu/images-prep/jianpucn-pop/没有如果——电视原声修改版__jianpucn-196126/001.jpg
没有妈妈的小孩	qupu123	322887	1	简谱	没有妈妈的小孩__qupu123-322887	/home/caesium-132/jianpu/images-prep/qupu123-sweep/没有妈妈的小孩__qupu123-322887/001.jpg
没有情人的情人节2	jianpucn	213332	1	简谱	没有情人的情人节2__jianpucn-213332	/home/caesium-132/jianpu/images-prep/jianpucn-pop/没有情人的情人节2__jianpucn-213332/001.jpg
没有永久的爱情	jianpucn	58040	1	简谱	没有永久的爱情__jianpucn-58040	/home/caesium-132/jianpu/images-prep/jianpucn-zhouhuajian/没有永久的爱情__jianpucn-58040/001.jpg
没有眼泪没有悲伤	qupu123	370285	3	简谱	没有眼泪没有悲伤__qupu123-370285	/home/caesium-132/jianpu/images-prep/qupu123-crawl/没有眼泪没有悲伤__qupu123-370285/001.jpg
没有翅膀的鸟	qupu123	303757	1	简谱	没有翅膀的鸟（王文词 乐做伴曲）__qupu123-303757	/home/caesium-132/jianpu/images-prep/qupu123-sweep/没有翅膀的鸟（王文词 乐做伴曲）__qupu123-303757/001.png
沧海轻舟	jianpujia	26352	1	简谱	沧海轻舟简谱(歌词)_李健演唱_暖儿曲谱__jianpujia-26352	/home/caesium-132/jianpu/images-prep/jianpujia-1106/沧海轻舟简谱(歌词)_李健演唱_暖儿曲谱__jianpujia-26352/001.jpg
油城特警情	qupu123	319693	1	简谱	油城特警情__qupu123-319693	/home/caesium-132/jianpu/images-prep/qupu123-sweep/油城特警情__qupu123-319693/001.jpg
油麻菜籽	qupu123	329481	1	简谱	油麻菜籽（故事影片《油麻菜籽》主题歌）__qupu123-329481	/home/caesium-132/jianpu/images-prep/qupu123-sweep/油麻菜籽（故事影片《油麻菜籽》主题歌）__qupu123-329481/001.png
泡妞三十六计	qupu123	307743	1	简谱	泡妞三十六计__qupu123-307743	/home/caesium-132/jianpu/images-prep/qupu123-sweep/泡妞三十六计__qupu123-307743/001.jpg
泡沫 吉他指弹谱 —	jianpucn	256302	2	改编	泡沫 吉他指弹谱 —__jianpucn-256302	/home/caesium-132/jianpu/images-prep/jianpucn-dengziqi/泡沫 吉他指弹谱 —__jianpucn-256302/001.jpg
泡沫 钢琴伴奏谱 —	jianpucn	252720	2	改编	泡沫 钢琴伴奏谱 — （男声调降B调）__jianpucn-252720	/home/caesium-132/jianpu/images-prep/jianpucn-dengziqi/泡沫 钢琴伴奏谱 — （男声调降B调）__jianpucn-252720/001.jpg
泡沫 钢琴独奏谱 —	jianpucn	252721	2	改编	泡沫 钢琴独奏谱 — （F调）__jianpucn-252721	/home/caesium-132/jianpu/images-prep/jianpucn-dengziqi/泡沫 钢琴独奏谱 — （F调）__jianpucn-252721/001.jpg
泡沫尤克里里谱	jianpucn	458583	4	改编	泡沫尤克里里谱（ F调 ）__jianpucn-458583	/home/caesium-132/jianpu/images-prep/jianpucn-dengziqi/泡沫尤克里里谱（ F调 ）__jianpucn-458583/001.jpg
泡沫指弹	jianpucn	277692	1	改编	泡沫指弹__jianpucn-277692	/home/caesium-132/jianpu/images-prep/jianpucn-dengziqi/泡沫指弹__jianpucn-277692/001.jpg
泡沫钢琴伴奏谱	jianpucn	252689	2	改编	泡沫钢琴伴奏谱（女声原调E调） -__jianpucn-252689	/home/caesium-132/jianpu/images-prep/jianpucn-dengziqi/泡沫钢琴伴奏谱（女声原调E调） -__jianpucn-252689/001.jpg
泪光	jianpucn	10625	1	简谱	泪光__jianpucn-10625	/home/caesium-132/jianpu/images-prep/jianpucn-pop/泪光__jianpucn-10625/001.jpg
泪染的红豆	qupu123	48050	1	简谱	泪染的红豆__qupu123-48050	/home/caesium-132/jianpu/images-prep/_offtarget/泪染的红豆__qupu123-48050/001.jpg
泪眼成诗	jianpucn	199446	1	简谱	泪眼成诗__jianpucn-199446	/home/caesium-132/jianpu/images-prep/jianpucn-pop/泪眼成诗__jianpucn-199446/001.jpg
泰山颂	qupu123	323515	3	简谱	泰山颂（杜劲松词_晓扬曲）__qupu123-323515	/home/caesium-132/jianpu/images-prep/qupu123-crawl/泰山颂（杜劲松词_晓扬曲）__qupu123-323515/001.jpg
泰康人寿之歌	qupu123	306665	1	简谱	泰康人寿之歌__qupu123-306665	/home/caesium-132/jianpu/images-prep/qupu123-sweep/泰康人寿之歌__qupu123-306665/001.jpg
泰康人寿保险人生首选	qupu123	309005	1	简谱	泰康人寿保险人生首选__qupu123-309005	/home/caesium-132/jianpu/images-prep/qupu123-sweep/泰康人寿保险人生首选__qupu123-309005/001.png
洁癖	jianpucn	232843	2	简谱	洁癖（绿箭口香糖广告曲） —__jianpucn-232843	/home/caesium-132/jianpu/images-prep/jianpucn-wuyuetian/洁癖（绿箭口香糖广告曲） —__jianpucn-232843/001.jpg
洁白的小伞	qupu123	322240	3	改编	洁白的小伞（合唱、五线谱）__qupu123-322240	/home/caesium-132/jianpu/images-prep/qupu123-crawl/洁白的小伞（合唱、五线谱）__qupu123-322240/001.jpg
洋娃娃和小熊跳舞	jianpujia	15708	3	简谱	洋娃娃和小熊跳舞简谱_儿歌_我们一起来跳舞__jianpujia-15708	/home/caesium-132/jianpu/images-prep/jianpujia-3462/洋娃娃和小熊跳舞简谱_儿歌_我们一起来跳舞__jianpujia-15708/001.png
洋娃娃的梦钢琴	jianpujia	250727	7	改编	洋娃娃的梦钢琴简谱_儿歌演唱__jianpujia-250727	/home/caesium-132/jianpu/images-prep/jianpujia-cat3462/洋娃娃的梦钢琴简谱_儿歌演唱__jianpujia-250727/001.png
洋葱吉他谱六线谱	qupu123	69365	2	改编	洋葱吉他谱六线谱（杨宗纬）__qupu123-69365	/home/caesium-132/jianpu/images-prep/qupu123-kw/洋葱吉他谱六线谱（杨宗纬）__qupu123-69365/001.jpg
洗手绢	jianpujia	22143	1	简谱	洗手绢简谱(歌词)_儿歌_谱友好心情999上传__jianpujia-22143	/home/caesium-132/jianpu/images-prep/jianpujia-3462/洗手绢简谱(歌词)_儿歌_谱友好心情999上传__jianpujia-22143/001.gif
洗衣机	jianpucn	171637	2	简谱	洗衣机__jianpucn-171637	/home/caesium-132/jianpu/images-prep/jianpucn-wuyuetian/洗衣机__jianpucn-171637/001.jpg
洛城	jianpucn	457798	2	改编	洛城 （ C调原版编配）__jianpucn-457798	/home/caesium-132/jianpu/images-prep/jianpucn-xuezhiqian/洛城 （ C调原版编配）__jianpucn-457798/001.jpg
洛城钢琴	jianpujia	387621	2	改编	洛城钢琴简谱_薛之谦演唱__jianpujia-387621	/home/caesium-132/jianpu/images-prep/jianpujia-351/洛城钢琴简谱_薛之谦演唱__jianpujia-387621/001.png
活的就是现在	jianpucn	38965	1	简谱	活的就是现在__jianpucn-38965	/home/caesium-132/jianpu/images-prep/jianpucn-naying/活的就是现在__jianpucn-38965/001.jpg
活着吉他	jianpucn	220383	1	改编	活着吉他__jianpucn-220383	/home/caesium-132/jianpu/images-prep/jianpucn-renxianqi/活着吉他__jianpucn-220383/001.jpg
活过	jianpucn	1135	1	简谱	活过__jianpucn-1135	/home/caesium-132/jianpu/images-prep/jianpucn-pop/活过__jianpucn-1135/001.jpg
流动的风景	qupu123	333436	3	简谱	流动的风景_家中之家（又名：流动风景家中家）__qupu123-333436	/home/caesium-132/jianpu/images-prep/qupu123-crawl/流动的风景_家中之家（又名：流动风景家中家）__qupu123-333436/001.jpg
流失的渴望	qupu123	99117	1	简谱	流失的渴望__qupu123-99117	/home/caesium-132/jianpu/images-prep/_offtarget/流失的渴望__qupu123-99117/001.jpg
流浪	jianpucn	3945	1	简谱	流浪__jianpucn-3945	/home/caesium-132/jianpu/images-prep/jianpucn-liudehua/流浪__jianpucn-3945/001.jpg
流浪的心	jianpucn	3473	1	简谱	流浪的心__jianpucn-3473	/home/caesium-132/jianpu/images-prep/jianpucn-pop/流浪的心__jianpucn-3473/001.jpg
流浪的燕子	qupu123	327102	1	简谱	流浪的燕子__qupu123-327102	/home/caesium-132/jianpu/images-prep/qupu123-sweep/流浪的燕子__qupu123-327102/001.jpg
流着泪说分手独奏	jianpucn	213564	3	改编	流着泪说分手独奏__jianpucn-213564	/home/caesium-132/jianpu/images-prep/jianpucn-pop/流着泪说分手独奏__jianpucn-213564/001.jpg
流行主教	jianpucn	40311	1	简谱	流行主教__jianpucn-40311	/home/caesium-132/jianpu/images-prep/jianpucn-linjunjie/流行主教__jianpucn-40311/001.jpg
浓情淡如你	jianpujia	13422	1	简谱	浓情淡如你简谱(歌词)_周深演唱__绣春刀·修罗战场_宣传曲__jianpujia-13422	/home/caesium-132/jianpu/images-prep/jianpujia-380/浓情淡如你简谱(歌词)_周深演唱__绣春刀·修罗战场_宣传曲__jianpujia-13422/001.png
浓眉毛	jianpucn	4335	1	简谱	浓眉毛__jianpucn-4335	/home/caesium-132/jianpu/images-prep/jianpucn-pop/浓眉毛__jianpucn-4335/001.jpg
浪子回头	qupu123	329431	1	简谱	浪子回头（陈修锋词曲）__qupu123-329431	/home/caesium-132/jianpu/images-prep/qupu123-sweep/浪子回头（陈修锋词曲）__qupu123-329431/001.jpg
浪子心声 免费	qupu123	370756	2	改编	浪子心声 免费吉他谱__qupu123-370756	/home/caesium-132/jianpu/images-prep/qupu123-hk/浪子心声 免费吉他谱__qupu123-370756/001.jpg
浪子心声&nbsp;&nbsp;	jianpucn	65638	1	简谱	浪子心声&nbsp;&nbsp;__jianpucn-65638	/home/caesium-132/jianpu/images-prep/jianpucn-title/浪子心声&nbsp;&nbsp;__jianpucn-65638/001.jpg
浪漫大海边	qupu123	209901	1	简谱	浪漫大海边__qupu123-209901	/home/caesium-132/jianpu/images-prep/_offtarget/浪漫大海边__qupu123-209901/001.jpg
浪漫手机-05895464版	jianpucn	103151	2	简谱	浪漫手机-05895464版__jianpucn-103151	/home/caesium-132/jianpu/images-prep/jianpucn-zhoujielun/浪漫手机-05895464版__jianpucn-103151/001.jpg
浪漫手机-总谱版	jianpucn	100902	2	改编	浪漫手机-总谱版__jianpucn-100902	/home/caesium-132/jianpu/images-prep/jianpucn-zhoujielun/浪漫手机-总谱版__jianpucn-100902/001.jpg
浪漫春秋	qupu123	325623	1	简谱	浪漫春秋__qupu123-325623	/home/caesium-132/jianpu/images-prep/qupu123-sweep/浪漫春秋__qupu123-325623/001.jpg
浪漫血液	jianpucn	466349	2	改编	浪漫血液 （ C调原版编配）__jianpucn-466349	/home/caesium-132/jianpu/images-prep/jianpucn-linjunjie/浪漫血液 （ C调原版编配）__jianpucn-466349/001.jpg
浪花一朵朵 吉他里里谱 乌克丽丽其他	jianpucn	254143	1	改编	浪花一朵朵 吉他里里谱 乌克丽丽其他__jianpucn-254143	/home/caesium-132/jianpu/images-prep/jianpucn-renxianqi/浪花一朵朵 吉他里里谱 乌克丽丽其他__jianpucn-254143/001.jpg
浪花上的沉醉	qupu123	294852	3	改编	浪花上的沉醉（正谱）__qupu123-294852	/home/caesium-132/jianpu/images-prep/qupu123-crawl/浪花上的沉醉（正谱）__qupu123-294852/001.jpg
浪花節だよ人生は	jianpucn	294459	1	简谱	浪花節だよ人生は__jianpucn-294459	/home/caesium-132/jianpu/images-prep/jianpucn-denglijun/浪花節だよ人生は__jianpucn-294459/001.jpg
浮夸-完美演奏版	jianpucn	229233	2	简谱	浮夸-完美演奏版__jianpucn-229233	/home/caesium-132/jianpu/images-prep/jianpucn-pop/浮夸-完美演奏版__jianpucn-229233/001.jpg
浮夸钢琴	jianpujia	379990	4	改编	浮夸钢琴简谱_陈奕迅演唱__jianpujia-379990	/home/caesium-132/jianpu/images-prep/jianpujia-315/浮夸钢琴简谱_陈奕迅演唱__jianpujia-379990/001.png
浮游护心主题曲	jianpucn	465138	4	简谱	浮游护心主题曲__jianpucn-465138	/home/caesium-132/jianpu/images-prep/jianpucn-zhoushen/浮游护心主题曲__jianpucn-465138/001.jpg
浮躁	jianpucn	1763	3	简谱	浮躁__jianpucn-1763	/home/caesium-132/jianpu/images-prep/jianpucn-xuwei/浮躁__jianpucn-1763/001.jpg
海军航空兵之歌	qupu123	334979	2	简谱	海军航空兵之歌（韩立功_词曲）__qupu123-334979	/home/caesium-132/jianpu/images-prep/qupu123-crawl/海军航空兵之歌（韩立功_词曲）__qupu123-334979/001.jpg
海天蓝梦之蓝	qupu123	308546	1	简谱	海天蓝梦之蓝__qupu123-308546	/home/caesium-132/jianpu/images-prep/qupu123-sweep/海天蓝梦之蓝__qupu123-308546/001.jpg
海滨之夜	qupu123	315227	2	简谱	海滨之夜（翟可_词曲）__qupu123-315227	/home/caesium-132/jianpu/images-prep/qupu123-crawl/海滨之夜（翟可_词曲）__qupu123-315227/001.jpg
海燕之歌	qupu123	333444	2	简谱	海燕之歌（李勇词_王清明曲）__qupu123-333444	/home/caesium-132/jianpu/images-prep/qupu123-crawl/海燕之歌（李勇词_王清明曲）__qupu123-333444/001.jpg
海盗 - 弹唱版	jianpucn	103270	2	改编	海盗 - 弹唱版__jianpucn-103270	/home/caesium-132/jianpu/images-prep/jianpucn-caiyilin/海盗 - 弹唱版__jianpucn-103270/001.jpg
海盗 - 弹唱版 弹唱版 -	jianpucn	231212	2	改编	海盗 - 弹唱版 弹唱版 -__jianpucn-231212	/home/caesium-132/jianpu/images-prep/jianpucn-caiyilin/海盗 - 弹唱版 弹唱版 -__jianpucn-231212/001.jpg
海蓝蓝	qupu123	323267	2	改编	海蓝蓝（施翔词_晓其曲、正谱）__qupu123-323267	/home/caesium-132/jianpu/images-prep/qupu123-crawl/海蓝蓝（施翔词_晓其曲、正谱）__qupu123-323267/001.jpg
海边静悄悄 —	jianpucn	232720	2	简谱	海边静悄悄 — （多版本合一）__jianpucn-232720	/home/caesium-132/jianpu/images-prep/jianpucn-liguyi/海边静悄悄 — （多版本合一）__jianpucn-232720/001.jpg
海阔天空 原曲的钢琴部分	jianpucn	230968	2	改编	海阔天空 原曲的钢琴部分__jianpucn-230968	/home/caesium-132/jianpu/images-prep/jianpucn-beyond/海阔天空 原曲的钢琴部分__jianpucn-230968/001.jpg
海阔天空 混声四部合唱谱	jianpucn	474440	11	简谱	海阔天空 混声四部合唱谱__jianpucn-474440	/home/caesium-132/jianpu/images-prep/ready4/海阔天空 混声四部合唱谱__jianpucn-474440/001.jpg
海阔天空 钢琴伴奏谱 —	jianpucn	231010	2	改编	海阔天空 钢琴伴奏谱 —__jianpucn-231010	/home/caesium-132/jianpu/images-prep/jianpucn-beyond/海阔天空 钢琴伴奏谱 —__jianpucn-231010/001.jpg
海阔天空 马来西亚不插电	jianpucn	214286	1	简谱	海阔天空 马来西亚不插电__jianpucn-214286	/home/caesium-132/jianpu/images-prep/jianpucn-beyond/海阔天空 马来西亚不插电__jianpucn-214286/001.jpg
海阔天空 高清	jianpucn	219602	2	简谱	海阔天空 高清__jianpucn-219602	/home/caesium-132/jianpu/images-prep/jianpucn-beyond/海阔天空 高清__jianpucn-219602/001.jpg
海阔天空-版本一	jianpucn	206598	1	简谱	海阔天空-版本一__jianpucn-206598	/home/caesium-132/jianpu/images-prep/jianpucn-beyond/海阔天空-版本一__jianpucn-206598/001.jpg
海阔天空E调版—beyond	jianpucn	208472	2	简谱	海阔天空E调版—beyond__jianpucn-208472	/home/caesium-132/jianpu/images-prep/jianpucn-beyond/海阔天空E调版—beyond__jianpucn-208472/001.jpg
海阔天空—beyond	jianpucn	171711	2	简谱	海阔天空—beyond__jianpucn-171711	/home/caesium-132/jianpu/images-prep/jianpucn-beyond/海阔天空—beyond__jianpucn-171711/001.jpg
海阔天空伴奏版钢琴	jianpujia	150416	6	改编	海阔天空伴奏版钢琴简谱_Beyond演唱__jianpujia-150416	/home/caesium-132/jianpu/images-prep/jianpujia-3246/海阔天空伴奏版钢琴简谱_Beyond演唱__jianpujia-150416/001.png
海阔天空吉他 —扫描版	jianpucn	234334	2	改编	海阔天空吉他 —扫描版__jianpucn-234334	/home/caesium-132/jianpu/images-prep/jianpucn-beyond/海阔天空吉他 —扫描版__jianpucn-234334/001.jpg
海阔天空尤克里里谱	jianpucn	458300	1	改编	海阔天空尤克里里谱（ C调简单版）__jianpucn-458300	/home/caesium-132/jianpu/images-prep/jianpucn-beyond/海阔天空尤克里里谱（ C调简单版）__jianpucn-458300/001.jpg
海阔天空指弹	jianpucn	457586	2	改编	海阔天空指弹 （ G调独奏 ）__jianpucn-457586	/home/caesium-132/jianpu/images-prep/jianpucn-beyond/海阔天空指弹 （ G调独奏 ）__jianpucn-457586/001.jpg
海阔天空钢琴	jianpujia	252426	8	改编	海阔天空钢琴简谱_Beyond演唱__jianpujia-252426	/home/caesium-132/jianpu/images-prep/jianpujia-art3246/海阔天空钢琴简谱_Beyond演唱__jianpujia-252426/001.png
海阔天空马来西亚不插电版	jianpucn	208518	2	简谱	海阔天空马来西亚不插电版__jianpucn-208518	/home/caesium-132/jianpu/images-prep/jianpucn-beyond/海阔天空马来西亚不插电版__jianpucn-208518/001.jpg
消失的爱	jianpucn	135743	1	简谱	消失的爱__jianpucn-135743	/home/caesium-132/jianpu/images-prep/jianpucn-pop/消失的爱__jianpucn-135743/001.jpg
消愁尤克里里谱	jianpucn	462953	1	改编	消愁尤克里里谱（ F调带前奏 ukulele弹唱谱）__jianpucn-462953	/home/caesium-132/jianpu/images-prep/jianpucn-maobuyi/消愁尤克里里谱（ F调带前奏 ukulele弹唱谱）__jianpucn-462953/001.jpg
消愁钢琴	jianpujia	150692	5	改编	消愁钢琴简谱_毛不易演唱__jianpujia-150692	/home/caesium-132/jianpu/images-prep/jianpujia-362/消愁钢琴简谱_毛不易演唱__jianpujia-150692/001.png
消气歌	qupu123	321373	1	简谱	消气歌（刘岐山词 刘北休曲）__qupu123-321373	/home/caesium-132/jianpu/images-prep/qupu123-sweep/消气歌（刘岐山词 刘北休曲）__qupu123-321373/001.jpg
涛声依旧	qupu123	196034	1	简谱	涛声依旧__qupu123-196034	/home/caesium-132/jianpu/images-prep/qupu123-mp016/涛声依旧__qupu123-196034/001.jpg
淘汰 钢琴弹唱谱 男声a调	jianpucn	242824	2	改编	淘汰 钢琴弹唱谱 男声a调__jianpucn-242824	/home/caesium-132/jianpu/images-prep/jianpucn-pop/淘汰 钢琴弹唱谱 男声a调__jianpucn-242824/001.jpg
淘汰尤克里里谱	jianpucn	460954	1	改编	淘汰尤克里里谱（ D调带前奏尾奏）__jianpucn-460954	/home/caesium-132/jianpu/images-prep/jianpucn-pop/淘汰尤克里里谱（ D调带前奏尾奏）__jianpucn-460954/001.jpg
淘汰钢琴	jianpujia	149886	5	改编	淘汰钢琴简谱_陈奕迅演唱__jianpujia-149886	/home/caesium-132/jianpu/images-prep/jianpujia-art315/淘汰钢琴简谱_陈奕迅演唱__jianpujia-149886/001.png
淡水海边－不能说的秘密原声	jianpucn	200263	1	简谱	淡水海边－不能说的秘密原声__jianpucn-200263	/home/caesium-132/jianpu/images-prep/jianpucn-zhoujielun/淡水海边－不能说的秘密原声__jianpucn-200263/001.jpg
深呼吸	jianpucn	5518	3	简谱	深呼吸__jianpucn-5518	/home/caesium-132/jianpu/images-prep/jianpucn-zhouhuajian/深呼吸__jianpucn-5518/001.jpg
深夜书店钢琴	jianpujia	149467	9	改编	深夜书店钢琴简谱_许嵩_洛天依演唱__jianpujia-149467	/home/caesium-132/jianpu/images-prep/jianpujia-693/深夜书店钢琴简谱_许嵩_洛天依演唱__jianpujia-149467/001.png
深情相拥	jianpujia	19269	1	简谱	深情相拥简谱(歌词)_张国荣辛晓琪演唱_谱友电视迷上传__jianpujia-19269	/home/caesium-132/jianpu/images-prep/jianpujia-art1542/深情相拥简谱(歌词)_张国荣辛晓琪演唱_谱友电视迷上传__jianpujia-19269/001.png
深深爱上你	qupu123	305529	1	简谱	深深爱上你__qupu123-305529	/home/caesium-132/jianpu/images-prep/qupu123-sweep/深深爱上你__qupu123-305529/001.png
深深爱过你钢琴	jianpujia	150016	4	改编	深深爱过你钢琴简谱_薛之谦演唱__jianpujia-150016	/home/caesium-132/jianpu/images-prep/jianpujia-351/深深爱过你钢琴简谱_薛之谦演唱__jianpujia-150016/001.png
深秋的雨	qupu123	303305	1	简谱	深秋的雨__qupu123-303305	/home/caesium-132/jianpu/images-prep/qupu123-sweep/深秋的雨__qupu123-303305/001.jpg
深蓝色的情书－简易版 键盘类 钢琴	jianpucn	113608	1	改编	深蓝色的情书－简易版 键盘类 钢琴__jianpucn-113608	/home/caesium-132/jianpu/images-prep/jianpucn-zhoujielun/深蓝色的情书－简易版 键盘类 钢琴__jianpucn-113608/001.jpg
清夜悠悠-桃源忆故人	jianpucn	245490	1	简谱	清夜悠悠-桃源忆故人（扫描谱） —__jianpucn-245490	/home/caesium-132/jianpu/images-prep/jianpucn-denglijun/清夜悠悠-桃源忆故人（扫描谱） —__jianpucn-245490/001.jpg
清平乐·晚春	qupu123	322239	3	改编	清平乐·晚春（五线谱）__qupu123-322239	/home/caesium-132/jianpu/images-prep/qupu123-crawl/清平乐·晚春（五线谱）__qupu123-322239/001.jpg
清平愿	qupu123	313135	1	改编	清平愿（ 《琅琊榜之风起长林》电视剧宣传曲、钢琴弹...__qupu123-313135	/home/caesium-132/jianpu/images-prep/qupu123-sweep/清平愿（ 《琅琊榜之风起长林》电视剧宣传曲、钢琴弹...__qupu123-313135/001.jpg
清平调	jianpujia	11119	1	简谱	清平调简谱(歌词)_王菲邓丽君演唱_桃李醉春风记谱__jianpujia-11119	/home/caesium-132/jianpu/images-prep/jianpujia-1252/清平调简谱(歌词)_王菲邓丽君演唱_桃李醉春风记谱__jianpujia-11119/001.gif
清新的草原祝国文词邰景坤曲清新的草原祝国文词	jianpujia	244157	1	简谱	清新的草原祝国文词邰景坤曲清新的草原祝国文词_邰景坤曲简谱__jianpujia-244157	/home/caesium-132/jianpu/images-prep/jianpujia-6223/清新的草原祝国文词邰景坤曲清新的草原祝国文词_邰景坤曲简谱__jianpujia-244157/001.gif
清明雨	jianpujia	20100	1	简谱	清明雨简谱(歌词)_谭晶演唱_momoliu曲谱__jianpujia-20100	/home/caesium-132/jianpu/images-prep/jianpujia-7224/清明雨简谱(歌词)_谭晶演唱_momoliu曲谱__jianpujia-20100/001.jpg
清明雨上钢琴	jianpujia	380540	5	改编	清明雨上钢琴简谱_许嵩演唱__jianpujia-380540	/home/caesium-132/jianpu/images-prep/jianpujia-693/清明雨上钢琴简谱_许嵩演唱__jianpujia-380540/001.png
清歌漫步彩云间	qupu123	321666	1	简谱	清歌漫步彩云间__qupu123-321666	/home/caesium-132/jianpu/images-prep/qupu123-sweep/清歌漫步彩云间__qupu123-321666/001.jpg
清水	jianpucn	128073	2	简谱	清水__jianpucn-128073	/home/caesium-132/jianpu/images-prep/jianpucn-pop/清水__jianpucn-128073/001.jpg
清江谣	jianpujia	20134	1	简谱	清江谣简谱(歌词)_王丽达演唱_momoliu曲谱__jianpujia-20134	/home/caesium-132/jianpu/images-prep/jianpujia-12500/清江谣简谱(歌词)_王丽达演唱_momoliu曲谱__jianpujia-20134/001.jpg
清清络马湖	jianpucn	74454	1	简谱	清清络马湖__jianpucn-74454	/home/caesium-132/jianpu/images-prep/jianpucn-songzuying/清清络马湖__jianpucn-74454/001.jpg
清白之年	jianpujia	15045	11	简谱	清白之年简谱_朴树_出走半生_归来仍旧是少年__jianpujia-15045	/home/caesium-132/jianpu/images-prep/jianpujia-859/清白之年简谱_朴树_出走半生_归来仍旧是少年__jianpujia-15045/001.png
清白之年钢琴	jianpujia	113406	8	改编	清白之年钢琴简谱_数字双手_朴树__jianpujia-113406	/home/caesium-132/jianpu/images-prep/jianpujia-859/清白之年钢琴简谱_数字双手_朴树__jianpujia-113406/001.png
清荷留梦	qupu123	303979	1	简谱	清荷留梦__qupu123-303979	/home/caesium-132/jianpu/images-prep/qupu123-sweep/清荷留梦__qupu123-303979/001.jpg
清风徐来电影	jianpujia	397263	1	简谱	清风徐来电影_港囧_主题曲_清风徐来电影_港囧_主题曲简谱__jianpujia-397263	/home/caesium-132/jianpu/images-prep/jianpujia-cat388/清风徐来电影_港囧_主题曲_清风徐来电影_港囧_主题曲简谱__jianpujia-397263/001.gif
清风徐来钢琴	jianpujia	380183	6	改编	清风徐来钢琴简谱_王菲演唱__jianpujia-380183	/home/caesium-132/jianpu/images-prep/jianpujia-art3395/清风徐来钢琴简谱_王菲演唱__jianpujia-380183/001.png
渔家娃	qupu123	323389	3	改编	渔家娃（林梦词曲、合唱、正谱）__qupu123-323389	/home/caesium-132/jianpu/images-prep/qupu123-crawl/渔家娃（林梦词曲、合唱、正谱）__qupu123-323389/001.jpg
渡口	qupu123	327111	1	简谱	渡口（席慕容词 杨弦曲）__qupu123-327111	/home/caesium-132/jianpu/images-prep/qupu123-sweep/渡口（席慕容词 杨弦曲）__qupu123-327111/001.png
渡钢琴	jianpujia	150766	7	改编	渡钢琴简谱_薛之谦演唱__jianpujia-150766	/home/caesium-132/jianpu/images-prep/jianpujia-351/渡钢琴简谱_薛之谦演唱__jianpujia-150766/001.png
温暖家乡	jianpucn	178298	1	简谱	温暖家乡__jianpucn-178298	/home/caesium-132/jianpu/images-prep/jianpucn-beyond/温暖家乡__jianpucn-178298/001.jpg
温柔 -G调	jianpucn	470730	2	简谱	温柔 -G调__jianpucn-470730	/home/caesium-132/jianpu/images-prep/jianpucn-wuyuetian/温柔 -G调__jianpucn-470730/001.jpg
温柔的时光	qupu123	318037	1	简谱	温柔的时光__qupu123-318037	/home/caesium-132/jianpu/images-prep/qupu123-sweep/温柔的时光__qupu123-318037/001.jpg
温柔钢琴	jianpujia	149406	5	改编	温柔钢琴简谱_五月天演唱__jianpujia-149406	/home/caesium-132/jianpu/images-prep/jianpujia-1192/温柔钢琴简谱_五月天演唱__jianpujia-149406/001.png
渴望	qupu123	374563	1	简谱	渴望__qupu123-374563	/home/caesium-132/jianpu/images-prep/qupu123-nb/渴望__qupu123-374563/001.jpg
渴望一个知音陪	qupu123	225059	1	简谱	渴望一个知音陪__qupu123-225059	/home/caesium-132/jianpu/images-prep/_offtarget/渴望一个知音陪__qupu123-225059/001.jpg
渴望和平	qupu123	224545	1	简谱	渴望和平__qupu123-224545	/home/caesium-132/jianpu/images-prep/_offtarget/渴望和平__qupu123-224545/001.jpg
渴望的温度	qupu123	8037	1	简谱	渴望的温度__qupu123-8037	/home/caesium-132/jianpu/images-prep/_offtarget/渴望的温度__qupu123-8037/001.jpg
渴望的溫度	qupu123	11168	1	简谱	渴望的溫度__qupu123-11168	/home/caesium-132/jianpu/images-prep/_offtarget/渴望的溫度__qupu123-11168/001.jpg
湘吟	qupu123	305743	3	改编	湘吟（正谱）__qupu123-305743	/home/caesium-132/jianpu/images-prep/qupu123-crawl/湘吟（正谱）__qupu123-305743/001.jpg
湘江，我们赞美你	qupu123	311081	1	简谱	湘江，我们赞美你（佟文西词 陈涤非曲）__qupu123-311081	/home/caesium-132/jianpu/images-prep/qupu123-sweep/湘江，我们赞美你（佟文西词 陈涤非曲）__qupu123-311081/001.jpg
源	qupu123	299378	3	改编	源（贾铮词_李延忠曲）（正谱）__qupu123-299378	/home/caesium-132/jianpu/images-prep/qupu123-crawl/源（贾铮词_李延忠曲）（正谱）__qupu123-299378/001.jpg
滚滚红尘	jianpucn	260042	1	简谱	滚滚红尘（）__jianpucn-260042	/home/caesium-132/jianpu/images-prep/jianpucn-feiyuqing/滚滚红尘（）__jianpucn-260042/001.jpg
满城尽带黄金甲【菊花台】	jianpujia	412804	8	简谱	满城尽带黄金甲【菊花台】简谱_周杰伦演唱_方文山_周杰伦词曲__jianpujia-412804	/home/caesium-132/jianpu/images-prep/jianpujia-583/满城尽带黄金甲【菊花台】简谱_周杰伦演唱_方文山_周杰伦词曲__jianpujia-412804/001.png
满江红	qupu123	327880	3	改编	满江红（岳飞词_段平泰曲、五线谱）__qupu123-327880	/home/caesium-132/jianpu/images-prep/qupu123-crawl/满江红（岳飞词_段平泰曲、五线谱）__qupu123-327880/001.jpg
漂亮的女兵	qupu123	316966	1	简谱	漂亮的女兵（李希望词 武秀林曲）__qupu123-316966	/home/caesium-132/jianpu/images-prep/qupu123-sweep/漂亮的女兵（李希望词 武秀林曲）__qupu123-316966/001.jpg
漂洋过海来看你尤克里里谱	jianpucn	460950	1	改编	漂洋过海来看你尤克里里谱（ C调）__jianpucn-460950	/home/caesium-132/jianpu/images-prep/jianpucn-pop/漂洋过海来看你尤克里里谱（ C调）__jianpucn-460950/001.jpg
演员A调	jianpucn	341213	2	简谱	演员A调__jianpucn-341213	/home/caesium-132/jianpu/images-prep/jianpucn-xuezhiqian/演员A调__jianpucn-341213/001.jpg
演员C调	jianpucn	341216	2	简谱	演员C调__jianpucn-341216	/home/caesium-132/jianpu/images-prep/jianpucn-xuezhiqian/演员C调__jianpucn-341216/001.jpg
演员钢琴	jianpujia	152771	1	改编	演员钢琴简谱_数字双手_薛之谦__jianpujia-152771	/home/caesium-132/jianpu/images-prep/jianpujia-351/演员钢琴简谱_数字双手_薛之谦__jianpujia-152771/001.png
漫步人生路&nbsp;&nbsp;	jianpucn	148934	1	简谱	漫步人生路&nbsp;&nbsp;__jianpucn-148934	/home/caesium-132/jianpu/images-prep/jianpucn-title/漫步人生路&nbsp;&nbsp;__jianpucn-148934/001.jpg
漫步人生路指弹	jianpucn	462531	2	改编	漫步人生路指弹 （ 独奏 ）__jianpucn-462531	/home/caesium-132/jianpu/images-prep/jianpucn-denglijun/漫步人生路指弹 （ 独奏 ）__jianpucn-462531/001.jpg
漫步雨花台	qupu123	322248	4	改编	漫步雨花台（正谱）__qupu123-322248	/home/caesium-132/jianpu/images-prep/qupu123-crawl/漫步雨花台（正谱）__qupu123-322248/001.jpg
漫步黄花雨瘦	qupu123	335784	1	简谱	漫步黄花雨瘦（蒋燕_词曲）__qupu123-335784	/home/caesium-132/jianpu/images-prep/qupu123-crawl/漫步黄花雨瘦（蒋燕_词曲）__qupu123-335784/001.gif
潇洒人生	qupu123	307340	1	简谱	潇洒人生（徐杰词 梁海洋曲）__qupu123-307340	/home/caesium-132/jianpu/images-prep/qupu123-sweep/潇洒人生（徐杰词 梁海洋曲）__qupu123-307340/001.jpg
潇洒走一回&nbsp;&nbsp;	jianpucn	43881	1	简谱	潇洒走一回&nbsp;&nbsp;__jianpucn-43881	/home/caesium-132/jianpu/images-prep/jianpucn-title/潇洒走一回&nbsp;&nbsp;__jianpucn-43881/001.jpg
潇湘花月谣	qupu123	295157	5	简谱	潇湘花月谣_（廖昌永演唱版）__qupu123-295157	/home/caesium-132/jianpu/images-prep/qupu123-crawl/潇湘花月谣_（廖昌永演唱版）__qupu123-295157/001.jpg
潮汕情	qupu123	333982	2	简谱	潮汕情（陈武峰_词曲）__qupu123-333982	/home/caesium-132/jianpu/images-prep/qupu123-crawl/潮汕情（陈武峰_词曲）__qupu123-333982/001.jpg
激情广场歌飞扬	qupu123	323517	1	简谱	激情广场歌飞扬__qupu123-323517	/home/caesium-132/jianpu/images-prep/qupu123-sweep/激情广场歌飞扬__qupu123-323517/001.jpg
火把节的火把	qupu123	323535	3	改编	火把节的火把（正谱）__qupu123-323535	/home/caesium-132/jianpu/images-prep/qupu123-crawl/火把节的火把（正谱）__qupu123-323535/001.jpg
火星人来过钢琴	jianpujia	149077	7	改编	火星人来过钢琴简谱_薛之谦演唱__jianpujia-149077	/home/caesium-132/jianpu/images-prep/jianpujia-351/火星人来过钢琴简谱_薛之谦演唱__jianpujia-149077/001.png
火苗	qupu123	331312	3	简谱	火苗（何沐阳_词曲）__qupu123-331312	/home/caesium-132/jianpu/images-prep/qupu123-crawl/火苗（何沐阳_词曲）__qupu123-331312/001.jpg
火车快开	jianpucn	472205	1	改编	火车快开 （ C调指法原版编配）__jianpucn-472205	/home/caesium-132/jianpu/images-prep/jianpucn-qiqin/火车快开 （ C调指法原版编配）__jianpucn-472205/001.jpg
灯火里的中国	jianpujia	151454	1	简谱	灯火里的中国简谱_张也、周深演唱_HNTGQ制作曲谱__jianpujia-151454	/home/caesium-132/jianpu/images-prep/jianpujia-380/灯火里的中国简谱_张也、周深演唱_HNTGQ制作曲谱__jianpujia-151454/001.gif
灰色空间－简易版 键盘类 钢琴	jianpucn	113734	2	改编	灰色空间－简易版 键盘类 钢琴__jianpucn-113734	/home/caesium-132/jianpu/images-prep/jianpucn-zhoujielun/灰色空间－简易版 键盘类 钢琴__jianpucn-113734/001.jpg
灰色轨迹-间奏+尾奏	jianpucn	175861	1	简谱	灰色轨迹-间奏+尾奏__jianpucn-175861	/home/caesium-132/jianpu/images-prep/jianpucn-beyond/灰色轨迹-间奏+尾奏__jianpucn-175861/001.jpg
灰色轨迹吉他 —扫描版	jianpucn	234333	2	改编	灰色轨迹吉他 —扫描版__jianpucn-234333	/home/caesium-132/jianpu/images-prep/jianpucn-beyond/灰色轨迹吉他 —扫描版__jianpucn-234333/001.jpg
灰色轨迹尾奏	jianpucn	211774	1	简谱	灰色轨迹尾奏__jianpucn-211774	/home/caesium-132/jianpu/images-prep/jianpucn-beyond/灰色轨迹尾奏__jianpucn-211774/001.jpg
灰色轨迹钢琴	jianpujia	250142	4	改编	灰色轨迹钢琴简谱_Beyond演唱__jianpujia-250142	/home/caesium-132/jianpu/images-prep/jianpujia-art3246/灰色轨迹钢琴简谱_Beyond演唱__jianpujia-250142/001.png
灵魂的共鸣	jianpucn	238050	2	简谱	灵魂的共鸣__jianpucn-238050	/home/caesium-132/jianpu/images-prep/jianpucn-linjunjie/灵魂的共鸣__jianpucn-238050/001.jpg
炊烟	qupu123	325143	4	改编	炊烟（梁雄诗_孟卫东曲、正谱）__qupu123-325143	/home/caesium-132/jianpu/images-prep/qupu123-crawl/炊烟（梁雄诗_孟卫东曲、正谱）__qupu123-325143/001.jpg
炫舞麦西来甫跳起来	qupu123	307024	1	简谱	炫舞麦西来甫跳起来__qupu123-307024	/home/caesium-132/jianpu/images-prep/qupu123-sweep/炫舞麦西来甫跳起来__qupu123-307024/001.jpg
烛光的向往	qupu123	311037	1	简谱	烛光的向往__qupu123-311037	/home/caesium-132/jianpu/images-prep/qupu123-sweep/烛光的向往__qupu123-311037/001.png
烟圈	jianpucn	98502	2	简谱	烟圈__jianpucn-98502	/home/caesium-132/jianpu/images-prep/jianpucn-zhoujielun/烟圈__jianpucn-98502/001.jpg
烟熏妆	jianpucn	179705	2	简谱	烟熏妆__jianpucn-179705	/home/caesium-132/jianpu/images-prep/jianpucn-dengziqi/烟熏妆__jianpucn-179705/001.jpg
烟花易冷 吉他弹唱谱 —	jianpucn	231962	1	改编	烟花易冷 吉他弹唱谱 — （彼岸编配版）__jianpucn-231962	/home/caesium-132/jianpu/images-prep/jianpucn-zhoujielun/烟花易冷 吉他弹唱谱 — （彼岸编配版）__jianpucn-231962/001.jpg
烟花易冷 吉他独奏谱 —	jianpucn	255001	2	改编	烟花易冷 吉他独奏谱 —__jianpucn-255001	/home/caesium-132/jianpu/images-prep/jianpucn-zhoujielun/烟花易冷 吉他独奏谱 —__jianpucn-255001/001.jpg
烟雨江南	qupu123	333574	2	简谱	烟雨江南（张逸雪词_陈继麟曲）__qupu123-333574	/home/caesium-132/jianpu/images-prep/qupu123-crawl/烟雨江南（张逸雪词_陈继麟曲）__qupu123-333574/001.jpg
烦恼歌钢琴	jianpujia	246997	5	改编	烦恼歌钢琴简谱_张学友演唱__jianpujia-246997	/home/caesium-132/jianpu/images-prep/jianpujia-art414/烦恼歌钢琴简谱_张学友演唱__jianpujia-246997/001.png
热冬雨	qupu123	323371	3	改编	热冬雨（合唱、正谱）__qupu123-323371	/home/caesium-132/jianpu/images-prep/qupu123-crawl/热冬雨（合唱、正谱）__qupu123-323371/001.jpg
热爱生命	qupu123	329401	1	简谱	热爱生命（汪国真词 王远飞曲）__qupu123-329401	/home/caesium-132/jianpu/images-prep/qupu123-sweep/热爱生命（汪国真词 王远飞曲）__qupu123-329401/001.jpg
焦土抗战	qupu123	325706	2	改编	焦土抗战（二部合唱、五线谱）__qupu123-325706	/home/caesium-132/jianpu/images-prep/qupu123-crawl/焦土抗战（二部合唱、五线谱）__qupu123-325706/001.jpg
然后怎样	jianpucn	471744	1	改编	然后怎样 （ C调指法原版编配）__jianpucn-471744	/home/caesium-132/jianpu/images-prep/jianpucn-pop/然后怎样 （ C调指法原版编配）__jianpucn-471744/001.jpg
燕子归来草原丁喜萨斯原创曲	jianpujia	317494	1	简谱	燕子归来草原丁喜萨斯原创曲简谱_草原大哈演唱_草原大哈_草原丁喜词曲__jianpujia-317494	/home/caesium-132/jianpu/images-prep/jianpujia-6223/燕子归来草原丁喜萨斯原创曲简谱_草原大哈演唱_草原大哈_草原丁喜词曲__jianpujia-317494/001.png
燕尾蝶-弹唱 吉他类 流行	jianpucn	113277	2	改编	燕尾蝶-弹唱 吉他类 流行__jianpucn-113277	/home/caesium-132/jianpu/images-prep/jianpucn-pop/燕尾蝶-弹唱 吉他类 流行__jianpucn-113277/001.jpg
燕归巢钢琴	jianpujia	150162	7	改编	燕归巢钢琴简谱_许嵩演唱__jianpujia-150162	/home/caesium-132/jianpu/images-prep/jianpujia-693/燕归巢钢琴简谱_许嵩演唱__jianpujia-150162/001.png
爱上你	qupu123	305410	1	简谱	爱上你（黎彼得词 历风曲）__qupu123-305410	/home/caesium-132/jianpu/images-prep/qupu123-sweep/爱上你（黎彼得词 历风曲）__qupu123-305410/001.png
爱上你永远不会放弃	qupu123	329340	1	简谱	爱上你永远不会放弃__qupu123-329340	/home/caesium-132/jianpu/images-prep/qupu123-sweep/爱上你永远不会放弃__qupu123-329340/001.jpg
爱上草原有情郎	qupu123	327961	1	简谱	爱上草原有情郎__qupu123-327961	/home/caesium-132/jianpu/images-prep/qupu123-sweep/爱上草原有情郎__qupu123-327961/001.jpg
爱不够的黄山	qupu123	311042	1	简谱	爱不够的黄山__qupu123-311042	/home/caesium-132/jianpu/images-prep/qupu123-sweep/爱不够的黄山__qupu123-311042/001.jpg
爱与希望	jianpucn	10795	1	简谱	爱与希望__jianpucn-10795	/home/caesium-132/jianpu/images-prep/jianpucn-linjunjie/爱与希望__jianpucn-10795/001.jpg
爱与希望 弹唱 elva520jj版	jianpucn	218670	2	改编	爱与希望 弹唱 elva520jj版__jianpucn-218670	/home/caesium-132/jianpu/images-prep/jianpucn-linjunjie/爱与希望 弹唱 elva520jj版__jianpucn-218670/001.jpg
爱与希望 弹唱版	jianpucn	218220	2	改编	爱与希望 弹唱版__jianpucn-218220	/home/caesium-132/jianpu/images-prep/jianpucn-linjunjie/爱与希望 弹唱版__jianpucn-218220/001.jpg
爱与海	qupu123	325746	3	简谱	爱与海（樊波词 郑树人曲）__qupu123-325746	/home/caesium-132/jianpu/images-prep/qupu123-sweep/爱与海（樊波词 郑树人曲）__qupu123-325746/001.jpg
爱丛零开始	jianpucn	220596	1	简谱	爱丛零开始__jianpucn-220596	/home/caesium-132/jianpu/images-prep/jianpucn-pop/爱丛零开始__jianpucn-220596/001.jpg
爱丢了还可回忆	qupu123	325647	1	简谱	爱丢了还可回忆__qupu123-325647	/home/caesium-132/jianpu/images-prep/qupu123-sweep/爱丢了还可回忆__qupu123-325647/001.jpg
爱久见人心	jianpucn	319075	1	简谱	爱久见人心__jianpucn-319075	/home/caesium-132/jianpu/images-prep/jianpucn-pop/爱久见人心__jianpucn-319075/001.jpg
爱人同志	jianpujia	12241	1	简谱	爱人同志简谱(歌词)_罗大佑演唱_桃李醉春风记谱__jianpujia-12241	/home/caesium-132/jianpu/images-prep/jianpujia-1173/爱人同志简谱(歌词)_罗大佑演唱_桃李醉春风记谱__jianpujia-12241/001.png
爱人烧不尽	jianpucn	195434	1	简谱	爱人烧不尽__jianpucn-195434	/home/caesium-132/jianpu/images-prep/jianpucn-liudehua/爱人烧不尽__jianpucn-195434/001.jpg
爱从零开始	jianpucn	102800	2	简谱	爱从零开始__jianpucn-102800	/home/caesium-132/jianpu/images-prep/jianpucn-pop/爱从零开始__jianpucn-102800/001.jpg
爱你一万年钢琴	jianpujia	251340	5	改编	爱你一万年钢琴简谱_刘德华演唱__jianpujia-251340	/home/caesium-132/jianpu/images-prep/jianpujia-art855/爱你一万年钢琴简谱_刘德华演唱__jianpujia-251340/001.png
爱你不会改变	qupu123	331047	2	简谱	爱你不会改变（作词：杜劲松作曲：马佶）__qupu123-331047	/home/caesium-132/jianpu/images-prep/qupu123-crawl/爱你不会改变（作词：杜劲松作曲：马佶）__qupu123-331047/001.jpg
爱你比我重要	jianpucn	2536	1	简谱	爱你比我重要__jianpucn-2536	/home/caesium-132/jianpu/images-prep/jianpucn-pop/爱你比我重要__jianpucn-2536/001.jpg
爱你没错-电视剧《古剑奇谭》原声带之一	jianpucn	266440	2	简谱	爱你没错-电视剧《古剑奇谭》原声带之一__jianpucn-266440	/home/caesium-132/jianpu/images-prep/jianpucn-zhangxinzhe/爱你没错-电视剧《古剑奇谭》原声带之一__jianpucn-266440/001.jpg
爱你的红玫瑰	qupu123	335011	2	简谱	爱你的红玫瑰__qupu123-335011	/home/caesium-132/jianpu/images-prep/qupu123-crawl/爱你的红玫瑰__qupu123-335011/001.jpg
爱你真好	qupu123	308568	1	简谱	爱你真好__qupu123-308568	/home/caesium-132/jianpu/images-prep/qupu123-sweep/爱你真好__qupu123-308568/001.jpg
爱你真的不容易	qupu123	331115	2	简谱	爱你真的不容易（作词：杜劲松_作曲：李怀东）__qupu123-331115	/home/caesium-132/jianpu/images-prep/qupu123-crawl/爱你真的不容易（作词：杜劲松_作曲：李怀东）__qupu123-331115/001.jpg
爱到深处是无言	qupu123	309561	1	简谱	爱到深处是无言__qupu123-309561	/home/caesium-132/jianpu/images-prep/qupu123-sweep/爱到深处是无言__qupu123-309561/001.jpg
爱吧	qupu123	318567	1	简谱	爱吧__qupu123-318567	/home/caesium-132/jianpu/images-prep/qupu123-sweep/爱吧__qupu123-318567/001.jpg
爱在夕阳下	qupu123	370020	3	简谱	爱在夕阳下__qupu123-370020	/home/caesium-132/jianpu/images-prep/qupu123-crawl/爱在夕阳下__qupu123-370020/001.jpg
爱在天与地	qupu123	325120	1	简谱	爱在天与地__qupu123-325120	/home/caesium-132/jianpu/images-prep/qupu123-sweep/爱在天与地__qupu123-325120/001.jpg
爱在心间	qupu123	306697	1	简谱	爱在心间（邬洁词 胡苹曲）__qupu123-306697	/home/caesium-132/jianpu/images-prep/qupu123-sweep/爱在心间（邬洁词 胡苹曲）__qupu123-306697/001.png
爱在无言时	qupu123	325373	1	简谱	爱在无言时（徐环宙词 张朱论曲）__qupu123-325373	/home/caesium-132/jianpu/images-prep/qupu123-sweep/爱在无言时（徐环宙词 张朱论曲）__qupu123-325373/001.jpg
爱在深秋&nbsp;&nbsp;	jianpucn	45993	1	简谱	爱在深秋&nbsp;&nbsp;__jianpucn-45993	/home/caesium-132/jianpu/images-prep/jianpucn-title/爱在深秋&nbsp;&nbsp;__jianpucn-45993/001.jpg
爱在空间	qupu123	306622	1	简谱	爱在空间__qupu123-306622	/home/caesium-132/jianpu/images-prep/qupu123-sweep/爱在空间__qupu123-306622/001.png
爱她	qupu123	295155	3	简谱	爱她_想她_祝福她__qupu123-295155	/home/caesium-132/jianpu/images-prep/qupu123-crawl/爱她_想她_祝福她__qupu123-295155/001.jpg
爱好你就说出来	qupu123	321963	1	简谱	爱好你就说出来__qupu123-321963	/home/caesium-132/jianpu/images-prep/qupu123-sweep/爱好你就说出来__qupu123-321963/001.jpg
爱如夏花	qupu123	322990	1	简谱	爱如夏花__qupu123-322990	/home/caesium-132/jianpu/images-prep/qupu123-sweep/爱如夏花__qupu123-322990/001.png
爱如此美丽	jianpucn	270427	1	简谱	爱如此美丽（ 混排）__jianpucn-270427	/home/caesium-132/jianpu/images-prep/jianpucn-songzuying/爱如此美丽（ 混排）__jianpucn-270427/001.jpg
爱就一个字二部合唱谱	jianpucn	474443	6	简谱	爱就一个字二部合唱谱__jianpucn-474443	/home/caesium-132/jianpu/images-prep/ready4/爱就一个字二部合唱谱__jianpucn-474443/001.jpg
爱很简单	qupu123	69347	4	改编	爱很简单（吉他谱）__qupu123-69347	/home/caesium-132/jianpu/images-prep/qupu123-mp049/爱很简单（吉他谱）__qupu123-69347/001.jpg
爱得起	jianpucn	87529	2	简谱	爱得起__jianpucn-87529	/home/caesium-132/jianpu/images-prep/jianpucn-pop/爱得起__jianpucn-87529/001.jpg
爱心大行动	qupu123	311043	1	简谱	爱心大行动__qupu123-311043	/home/caesium-132/jianpu/images-prep/qupu123-sweep/爱心大行动__qupu123-311043/001.jpg
爱念	qupu123	305327	1	简谱	爱念__qupu123-305327	/home/caesium-132/jianpu/images-prep/qupu123-sweep/爱念__qupu123-305327/001.png
爱情一米痛千里	qupu123	315792	1	简谱	爱情一米痛千里__qupu123-315792	/home/caesium-132/jianpu/images-prep/qupu123-sweep/爱情一米痛千里__qupu123-315792/001.jpg
爱情万岁	jianpucn	198983	2	简谱	爱情万岁__jianpucn-198983	/home/caesium-132/jianpu/images-prep/jianpucn-wuyuetian/爱情万岁__jianpucn-198983/001.jpg
爱情不去皮儿	qupu123	329695	1	简谱	爱情不去皮儿__qupu123-329695	/home/caesium-132/jianpu/images-prep/qupu123-sweep/爱情不去皮儿__qupu123-329695/001.jpg
爱情之所以为爱情 美妙钢琴版	jianpucn	121924	2	改编	爱情之所以为爱情 美妙钢琴版（配乐版）__jianpucn-121924	/home/caesium-132/jianpu/images-prep/jianpucn-pop/爱情之所以为爱情 美妙钢琴版（配乐版）__jianpucn-121924/001.jpg
爱情刘传版	jianpucn	176445	1	简谱	爱情刘传版__jianpucn-176445	/home/caesium-132/jianpu/images-prep/jianpucn-pop/爱情刘传版__jianpucn-176445/001.jpg
爱情尤克里里谱	jianpucn	460937	1	改编	爱情尤克里里谱（ C调简单版）__jianpucn-460937	/home/caesium-132/jianpu/images-prep/jianpucn-mowenwei/爱情尤克里里谱（ C调简单版）__jianpucn-460937/001.jpg
爱情废材	jianpucn	413892	1	改编	爱情废材（尤克里里弹唱谱）__jianpucn-413892	/home/caesium-132/jianpu/images-prep/jianpucn-zhoujielun/爱情废材（尤克里里弹唱谱）__jianpucn-413892/001.jpg
爱情废柴	jianpucn	457551	2	改编	爱情废柴 （ A调原版编配）__jianpucn-457551	/home/caesium-132/jianpu/images-prep/jianpucn-zhoujielun/爱情废柴 （ A调原版编配）__jianpucn-457551/001.jpg
爱情漫游	jianpucn	51961	3	简谱	爱情漫游__jianpucn-51961	/home/caesium-132/jianpu/images-prep/jianpucn-pop/爱情漫游__jianpucn-51961/001.jpg
爱情玩偶	qupu123	305421	1	简谱	爱情玩偶__qupu123-305421	/home/caesium-132/jianpu/images-prep/qupu123-sweep/爱情玩偶__qupu123-305421/001.jpg
爱情的模样	jianpucn	445881	1	改编	爱情的模样( G调弹唱谱)__jianpucn-445881	/home/caesium-132/jianpu/images-prep/jianpucn-wuyuetian/爱情的模样( G调弹唱谱)__jianpucn-445881/001.jpg
爱情的路	qupu123	329578	1	简谱	爱情的路__qupu123-329578	/home/caesium-132/jianpu/images-prep/qupu123-sweep/爱情的路__qupu123-329578/001.jpg
爱情的路上，感谢有你陪	qupu123	312567	1	简谱	爱情的路上，感谢有你陪__qupu123-312567	/home/caesium-132/jianpu/images-prep/qupu123-sweep/爱情的路上，感谢有你陪__qupu123-312567/001.jpg
爱情色彩	qupu123	311021	1	简谱	爱情色彩（徐翠霞词 陈涤非曲）__qupu123-311021	/home/caesium-132/jianpu/images-prep/qupu123-sweep/爱情色彩（徐翠霞词 陈涤非曲）__qupu123-311021/001.png
爱情花	qupu123	311263	1	简谱	爱情花（杨成春词 杨明国 尹晓星曲）__qupu123-311263	/home/caesium-132/jianpu/images-prep/qupu123-sweep/爱情花（杨成春词 杨明国 尹晓星曲）__qupu123-311263/001.png
爱情转移-完美-帅版	jianpucn	99916	2	简谱	爱情转移-完美-帅版__jianpucn-99916	/home/caesium-132/jianpu/images-prep/jianpucn-pop/爱情转移-完美-帅版__jianpucn-99916/001.jpg
爱情转移尤克里里谱	jianpucn	460946	1	改编	爱情转移尤克里里谱（ 单音四 ）__jianpucn-460946	/home/caesium-132/jianpu/images-prep/jianpucn-pop/爱情转移尤克里里谱（ 单音四 ）__jianpucn-460946/001.jpg
爱情转移钢琴	jianpujia	252723	5	改编	爱情转移钢琴简谱_陈奕迅演唱__jianpujia-252723	/home/caesium-132/jianpu/images-prep/jianpujia-art315/爱情转移钢琴简谱_陈奕迅演唱__jianpujia-252723/001.png
爱情陷井	qupu123	305417	1	简谱	爱情陷井__qupu123-305417	/home/caesium-132/jianpu/images-prep/qupu123-sweep/爱情陷井__qupu123-305417/001.jpg
爱我中华—含指法	jianpucn	122172	1	简谱	爱我中华—含指法__jianpucn-122172	/home/caesium-132/jianpu/images-prep/jianpucn-songzuying/爱我中华—含指法__jianpucn-122172/001.jpg
爱我你怕了吗-认证谱	jianpucn	176127	1	简谱	爱我你怕了吗-认证谱__jianpucn-176127	/home/caesium-132/jianpu/images-prep/jianpucn-jiangyuheng/爱我你怕了吗-认证谱__jianpucn-176127/001.jpg
爱我别走	qupu123	324902	2	改编	爱我别走（钢琴伴奏谱）__qupu123-324902	/home/caesium-132/jianpu/images-prep/qupu123-sweep/爱我别走（钢琴伴奏谱）__qupu123-324902/001.png
爱我别走-05895464版	jianpucn	102965	2	简谱	爱我别走-05895464版__jianpucn-102965	/home/caesium-132/jianpu/images-prep/jianpucn-zhoujielun/爱我别走-05895464版__jianpucn-102965/001.jpg
爱我别走-弹唱 吉他类 流行	jianpucn	112842	1	改编	爱我别走-弹唱 吉他类 流行__jianpucn-112842	/home/caesium-132/jianpu/images-prep/jianpucn-zhoujielun/爱我别走-弹唱 吉他类 流行__jianpucn-112842/001.jpg
爱我还是他&nbsp;&nbsp;	jianpucn	39308	1	简谱	爱我还是他&nbsp;&nbsp;__jianpucn-39308	/home/caesium-132/jianpu/images-prep/jianpucn-title/爱我还是他&nbsp;&nbsp;__jianpucn-39308/001.jpg
爱是什么	qupu123	327308	1	简谱	爱是什么（冷桂萍词 李志明曲）__qupu123-327308	/home/caesium-132/jianpu/images-prep/qupu123-sweep/爱是什么（冷桂萍词 李志明曲）__qupu123-327308/001.jpg
爱是依靠	qupu123	331296	2	简谱	爱是依靠__qupu123-331296	/home/caesium-132/jianpu/images-prep/qupu123-crawl/爱是依靠__qupu123-331296/001.jpg
爱是怎样炼成的	jianpucn	1930	1	简谱	爱是怎样炼成的__jianpucn-1930	/home/caesium-132/jianpu/images-prep/jianpucn-pop/爱是怎样炼成的__jianpucn-1930/001.jpg
爱是这样甜	qupu123	305331	1	简谱	爱是这样甜__qupu123-305331	/home/caesium-132/jianpu/images-prep/qupu123-sweep/爱是这样甜__qupu123-305331/001.png
爱死你	jianpucn	70337	1	简谱	爱死你__jianpucn-70337	/home/caesium-132/jianpu/images-prep/jianpucn-mowenwei/爱死你__jianpucn-70337/001.jpg
爱永远美丽你	qupu123	311044	1	简谱	爱永远美丽你__qupu123-311044	/home/caesium-132/jianpu/images-prep/qupu123-sweep/爱永远美丽你__qupu123-311044/001.jpg
爱河竞帆	qupu123	329066	1	简谱	爱河竞帆__qupu123-329066	/home/caesium-132/jianpu/images-prep/qupu123-sweep/爱河竞帆__qupu123-329066/001.png
爱火烧不尽	jianpucn	470141	1	改编	爱火烧不尽 （ G调原版编配）__jianpucn-470141	/home/caesium-132/jianpu/images-prep/jianpucn-liudehua/爱火烧不尽 （ G调原版编配）__jianpucn-470141/001.jpg
爱的代价 李宗盛版本	jianpucn	214222	1	简谱	爱的代价 李宗盛版本__jianpucn-214222	/home/caesium-132/jianpu/images-prep/jianpucn-lizongsheng/爱的代价 李宗盛版本__jianpucn-214222/001.jpg
爱的你呀何处寻	jianpucn	245705	1	简谱	爱的你呀何处寻（扫描谱） —__jianpucn-245705	/home/caesium-132/jianpu/images-prep/jianpucn-denglijun/爱的你呀何处寻（扫描谱） —__jianpucn-245705/001.jpg
爱的光芒	jianpujia	10719	1	简谱	爱的光芒简谱(歌词)_谭晶张杰演唱_桃李醉春风记谱__jianpujia-10719	/home/caesium-132/jianpu/images-prep/jianpujia-7224/爱的光芒简谱(歌词)_谭晶张杰演唱_桃李醉春风记谱__jianpujia-10719/001.gif
爱的力量	qupu123	328212	1	简谱	爱的力量（张鹏词 魏小林曲）__qupu123-328212	/home/caesium-132/jianpu/images-prep/qupu123-sweep/爱的力量（张鹏词 魏小林曲）__qupu123-328212/001.jpg
爱的四季	qupu123	334472	2	简谱	爱的四季（巴秀拉_词曲）__qupu123-334472	/home/caesium-132/jianpu/images-prep/qupu123-crawl/爱的四季（巴秀拉_词曲）__qupu123-334472/001.jpg
爱的完结篇	qupu123	307436	1	简谱	爱的完结篇__qupu123-307436	/home/caesium-132/jianpu/images-prep/qupu123-sweep/爱的完结篇__qupu123-307436/001.png
爱的感觉真甜蜜	qupu123	311676	1	简谱	爱的感觉真甜蜜__qupu123-311676	/home/caesium-132/jianpu/images-prep/qupu123-sweep/爱的感觉真甜蜜__qupu123-311676/001.jpg
爱的折磨	qupu123	332681	2	简谱	爱的折磨（才潜_词曲）__qupu123-332681	/home/caesium-132/jianpu/images-prep/qupu123-crawl/爱的折磨（才潜_词曲）__qupu123-332681/001.jpg
爱的拥抱	qupu123	327770	1	简谱	爱的拥抱__qupu123-327770	/home/caesium-132/jianpu/images-prep/qupu123-sweep/爱的拥抱__qupu123-327770/001.jpg
爱的晚宴	qupu123	307676	1	简谱	爱的晚宴__qupu123-307676	/home/caesium-132/jianpu/images-prep/qupu123-sweep/爱的晚宴__qupu123-307676/001.png
爱的替身	qupu123	305336	1	简谱	爱的替身__qupu123-305336	/home/caesium-132/jianpu/images-prep/qupu123-sweep/爱的替身__qupu123-305336/001.jpg
爱的期限	jianpucn	11043	3	简谱	爱的期限__jianpucn-11043	/home/caesium-132/jianpu/images-prep/jianpucn-xuezhiqian/爱的期限__jianpucn-11043/001.jpg
爱的桥梁明星版	jianpujia	380775	3	简谱	爱的桥梁明星版简谱_刘德华_刘涛_韩磊演唱_一笑奈何晓斅制谱__jianpujia-380775	/home/caesium-132/jianpu/images-prep/jianpujia-art855/爱的桥梁明星版简谱_刘德华_刘涛_韩磊演唱_一笑奈何晓斅制谱__jianpujia-380775/001.png
爱的梦里只有你	qupu123	309243	1	简谱	爱的梦里只有你__qupu123-309243	/home/caesium-132/jianpu/images-prep/qupu123-sweep/爱的梦里只有你__qupu123-309243/001.jpg
爱的沐浴	qupu123	306497	1	简谱	爱的沐浴__qupu123-306497	/home/caesium-132/jianpu/images-prep/qupu123-sweep/爱的沐浴__qupu123-306497/001.png
爱的温柔	qupu123	315437	1	简谱	爱的温柔__qupu123-315437	/home/caesium-132/jianpu/images-prep/qupu123-sweep/爱的温柔__qupu123-315437/001.png
爱的滋味	qupu123	328939	1	简谱	爱的滋味（岳朝周词 况荣峰曲）__qupu123-328939	/home/caesium-132/jianpu/images-prep/qupu123-sweep/爱的滋味（岳朝周词 况荣峰曲）__qupu123-328939/001.jpg
爱的直白	qupu123	329580	1	简谱	爱的直白__qupu123-329580	/home/caesium-132/jianpu/images-prep/qupu123-sweep/爱的直白__qupu123-329580/001.png
爱的神话	jianpujia	10667	1	简谱	爱的神话简谱(歌词)_谭晶演唱_桃李醉春风记谱__jianpujia-10667	/home/caesium-132/jianpu/images-prep/jianpujia-7224/爱的神话简谱(歌词)_谭晶演唱_桃李醉春风记谱__jianpujia-10667/001.gif
爱的种子	qupu123	329480	1	简谱	爱的种子（故事影片《春寒》插曲）__qupu123-329480	/home/caesium-132/jianpu/images-prep/qupu123-sweep/爱的种子（故事影片《春寒》插曲）__qupu123-329480/001.jpg
爱的箴言--邓丽君	jianpucn	205687	1	改编	爱的箴言--邓丽君（萨克斯谱）__jianpucn-205687	/home/caesium-132/jianpu/images-prep/jianpucn-denglijun/爱的箴言--邓丽君（萨克斯谱）__jianpucn-205687/001.jpg
爱的红豆	qupu123	263785	1	简谱	爱的红豆__qupu123-263785	/home/caesium-132/jianpu/images-prep/_offtarget/爱的红豆__qupu123-263785/001.jpg
爱的草原姜仁波词赵天华曲爱的草原姜仁波词	jianpujia	347998	3	简谱	爱的草原姜仁波词赵天华曲爱的草原姜仁波词_赵天华曲简谱__jianpujia-347998	/home/caesium-132/jianpu/images-prep/jianpujia-6223/爱的草原姜仁波词赵天华曲爱的草原姜仁波词_赵天华曲简谱__jianpujia-347998/001.png
爱的边缘	qupu123	306257	1	简谱	爱的边缘（崔治安 郭鹏词 崔治安 曲）__qupu123-306257	/home/caesium-132/jianpu/images-prep/qupu123-sweep/爱的边缘（崔治安 郭鹏词 崔治安 曲）__qupu123-306257/001.jpg
爱的过客	qupu123	330271	2	简谱	爱的过客（清闲人词曲）__qupu123-330271	/home/caesium-132/jianpu/images-prep/qupu123-crawl/爱的过客（清闲人词曲）__qupu123-330271/001.jpg
爱的逃兵	qupu123	305333	1	简谱	爱的逃兵（吴铭词曲）__qupu123-305333	/home/caesium-132/jianpu/images-prep/qupu123-sweep/爱的逃兵（吴铭词曲）__qupu123-305333/001.png
爱的铃声	qupu123	307435	1	简谱	爱的铃声__qupu123-307435	/home/caesium-132/jianpu/images-prep/qupu123-sweep/爱的铃声__qupu123-307435/001.png
爱的雪	qupu123	308447	1	简谱	爱的雪__qupu123-308447	/home/caesium-132/jianpu/images-prep/qupu123-sweep/爱的雪__qupu123-308447/001.jpg
爱的飞行日记Ab调	jianpujia	406981	10	简谱	爱的飞行日记Ab调简谱_周杰伦演唱_方文山_周杰伦词曲__jianpujia-406981	/home/caesium-132/jianpu/images-prep/jianpujia-583/爱的飞行日记Ab调简谱_周杰伦演唱_方文山_周杰伦词曲__jianpujia-406981/001.png
爱的飞行日记尤克里里谱	jianpucn	460143	2	改编	爱的飞行日记尤克里里谱（ G调四 ）__jianpucn-460143	/home/caesium-132/jianpu/images-prep/jianpucn-zhoujielun/爱的飞行日记尤克里里谱（ G调四 ）__jianpucn-460143/001.jpg
爱相随－－周华健	jianpucn	84689	1	简谱	爱相随－－周华健__jianpucn-84689	/home/caesium-132/jianpu/images-prep/jianpucn-zhouhuajian/爱相随－－周华健__jianpucn-84689/001.jpg
爱笑的眼睛	jianpucn	457463	2	简谱	爱笑的眼睛 （ D调原版）__jianpucn-457463	/home/caesium-132/jianpu/images-prep/jianpucn-linjunjie/爱笑的眼睛 （ D调原版）__jianpucn-457463/001.jpg
爱简单	qupu123	307804	1	简谱	爱简单__qupu123-307804	/home/caesium-132/jianpu/images-prep/qupu123-sweep/爱简单__qupu123-307804/001.png
爱错人	qupu123	226657	1	简谱	爱错人__qupu123-226657	/home/caesium-132/jianpu/images-prep/qupu123-search/爱错人__qupu123-226657/001.gif
父母的恩情	qupu123	321274	3	改编	父母的恩情（五线谱）__qupu123-321274	/home/caesium-132/jianpu/images-prep/qupu123-crawl/父母的恩情（五线谱）__qupu123-321274/001.jpg
爷爷夸我好乖乖钢琴	jianpujia	255729	3	改编	爷爷夸我好乖乖钢琴简谱_儿歌演唱__jianpujia-255729	/home/caesium-132/jianpu/images-prep/jianpujia-cat3462/爷爷夸我好乖乖钢琴简谱_儿歌演唱__jianpujia-255729/001.png
爷爷泡的茶	jianpucn	462579	4	改编	爷爷泡的茶 （ D调原版编配）__jianpucn-462579	/home/caesium-132/jianpu/images-prep/jianpucn-zhoujielun/爷爷泡的茶 （ D调原版编配）__jianpucn-462579/001.jpg
爸,我回来了	jianpucn	118040	2	简谱	爸,我回来了__jianpucn-118040	/home/caesium-132/jianpu/images-prep/jianpucn-zhoujielun/爸,我回来了__jianpucn-118040/001.jpg
爸妈辛苦了	qupu123	319696	1	简谱	爸妈辛苦了__qupu123-319696	/home/caesium-132/jianpu/images-prep/qupu123-sweep/爸妈辛苦了__qupu123-319696/001.jpg
爸爸你怎么还没回家	qupu123	311035	1	简谱	爸爸你怎么还没回家__qupu123-311035	/home/caesium-132/jianpu/images-prep/qupu123-sweep/爸爸你怎么还没回家__qupu123-311035/001.png
爸爸好	qupu123	319628	2	改编	爸爸好（彭野词曲、五线谱版）__qupu123-319628	/home/caesium-132/jianpu/images-prep/qupu123-crawl/爸爸好（彭野词曲、五线谱版）__qupu123-319628/001.jpg
爸爸妈妈钢琴	jianpujia	152885	1	改编	爸爸妈妈钢琴简谱_数字双手__李荣浩__jianpujia-152885	/home/caesium-132/jianpu/images-prep/jianpujia-478/爸爸妈妈钢琴简谱_数字双手__李荣浩__jianpujia-152885/001.png
爸爸的祝福	jianpucn	35970	1	简谱	爸爸的祝福__jianpucn-35970	/home/caesium-132/jianpu/images-prep/jianpucn-liuhuan/爸爸的祝福__jianpucn-35970/001.jpg
版《外面的世界》伴奏谱	jianpucn	233469	2	改编	版《外面的世界》伴奏谱__jianpucn-233469	/home/caesium-132/jianpu/images-prep/jianpucn-mowenwei/版《外面的世界》伴奏谱__jianpucn-233469/001.jpg
牙关	jianpucn	131088	1	简谱	牙关__jianpucn-131088	/home/caesium-132/jianpu/images-prep/jianpucn-wuyuetian/牙关__jianpucn-131088/001.jpg
牛	qupu123	328268	2	简谱	牛（黄自词曲）__qupu123-328268	/home/caesium-132/jianpu/images-prep/qupu123-crawl/牛（黄自词曲）__qupu123-328268/001.jpg
牛仔很忙	jianpucn	90949	2	简谱	牛仔很忙__jianpucn-90949	/home/caesium-132/jianpu/images-prep/jianpucn-zhoujielun/牛仔很忙__jianpucn-90949/001.jpg
牡丹之歌	jianpucn	448987	1	简谱	牡丹之歌（十大作曲家吕远作品选（34））__jianpucn-448987	/home/caesium-132/jianpu/images-prep/jianpucn-jiangdawei/牡丹之歌（十大作曲家吕远作品选（34））__jianpucn-448987/001.jpg
牡丹亭	qupu123	333742	1	简谱	牡丹亭（蒋燕_词曲）__qupu123-333742	/home/caesium-132/jianpu/images-prep/qupu123-crawl/牡丹亭（蒋燕_词曲）__qupu123-333742/001.gif
牧人	jianpujia	313538	1	简谱	牧人简谱_草原丁喜演唱_草原大哈、黎敦武_草原丁喜词曲__jianpujia-313538	/home/caesium-132/jianpu/images-prep/jianpujia-6223/牧人简谱_草原丁喜演唱_草原大哈、黎敦武_草原丁喜词曲__jianpujia-313538/001.gif
牧村小夜曲	qupu123	321147	2	改编	牧村小夜曲（正谱）__qupu123-321147	/home/caesium-132/jianpu/images-prep/qupu123-crawl/牧村小夜曲（正谱）__qupu123-321147/001.jpg
牧游	qupu123	322247	2	改编	牧游（正谱）__qupu123-322247	/home/caesium-132/jianpu/images-prep/qupu123-crawl/牧游（正谱）__qupu123-322247/001.jpg
牧童	jianpujia	22140	1	简谱	牧童简谱(歌词)_儿歌_谱友好心情999上传__jianpujia-22140	/home/caesium-132/jianpu/images-prep/jianpujia-3462/牧童简谱(歌词)_儿歌_谱友好心情999上传__jianpujia-22140/001.gif
牧羊姑娘1=F4	jianpujia	315435	1	简谱	牧羊姑娘1=F4_4_深情悠扬地简谱_草原丁喜演唱_草原大哈_草原丁喜词曲__jianpujia-315435	/home/caesium-132/jianpu/images-prep/jianpujia-6223/牧羊姑娘1=F4_4_深情悠扬地简谱_草原丁喜演唱_草原大哈_草原丁喜词曲__jianpujia-315435/001.png
牧马城市尤克里里谱	jianpucn	462455	1	改编	牧马城市尤克里里谱（ F调带前奏版）__jianpucn-462455	/home/caesium-132/jianpu/images-prep/jianpucn-maobuyi/牧马城市尤克里里谱（ F调带前奏版）__jianpucn-462455/001.jpg
牵着你的手	qupu123	322211	1	简谱	牵着你的手（路曦 阿美词 路曦曲）__qupu123-322211	/home/caesium-132/jianpu/images-prep/qupu123-sweep/牵着你的手（路曦 阿美词 路曦曲）__qupu123-322211/001.jpg
牵起你的手	qupu123	328180	1	简谱	牵起你的手__qupu123-328180	/home/caesium-132/jianpu/images-prep/qupu123-sweep/牵起你的手__qupu123-328180/001.jpg
特别的人	qupu123	240586	1	简谱	特别的人__qupu123-240586	/home/caesium-132/jianpu/images-prep/qupu123-mp019/特别的人__qupu123-240586/001.jpg
特务	jianpucn	209477	3	简谱	特务__jianpucn-209477	/home/caesium-132/jianpu/images-prep/jianpucn-caiyilin/特务__jianpucn-209477/001.jpg
特务J	jianpucn	10726	3	简谱	特务J__jianpucn-10726	/home/caesium-132/jianpu/images-prep/jianpucn-caiyilin/特务J__jianpucn-10726/001.jpg
狠心的一课	jianpucn	191245	1	简谱	狠心的一课__jianpucn-191245	/home/caesium-132/jianpu/images-prep/jianpucn-liudehua/狠心的一课__jianpucn-191245/001.jpg
独上西楼钢琴	jianpujia	152049	7	改编	独上西楼钢琴简谱_邓丽君演唱__jianpujia-152049	/home/caesium-132/jianpu/images-prep/jianpujia-1252/独上西楼钢琴简谱_邓丽君演唱__jianpujia-152049/001.png
独占神话	jianpucn	2935	1	简谱	独占神话__jianpucn-2935	/home/caesium-132/jianpu/images-prep/jianpucn-caiyilin/独占神话__jianpucn-2935/001.jpg
独奏	jianpucn	205678	1	改编	独奏_阿里山的姑娘.__jianpucn-205678	/home/caesium-132/jianpu/images-prep/jianpucn-denglijun/独奏_阿里山的姑娘.__jianpucn-205678/001.jpg
狮子山下&nbsp;&nbsp;	jianpucn	158808	1	简谱	狮子山下&nbsp;&nbsp;__jianpucn-158808	/home/caesium-132/jianpu/images-prep/jianpucn-title/狮子山下&nbsp;&nbsp;__jianpucn-158808/001.jpg
狮子山下遇上&nbsp;&nbsp;	jianpucn	158116	1	简谱	狮子山下遇上&nbsp;&nbsp;__jianpucn-158116	/home/caesium-132/jianpu/images-prep/jianpucn-title/狮子山下遇上&nbsp;&nbsp;__jianpucn-158116/001.jpg
狼	jianpucn	458682	2	简谱	狼（ 架子 ）__jianpucn-458682	/home/caesium-132/jianpu/images-prep/jianpucn-qiqin/狼（ 架子 ）__jianpucn-458682/001.jpg
狼图腾主题曲《沧浪之歌》	jianpucn	280063	2	简谱	狼图腾主题曲《沧浪之歌》__jianpucn-280063	/home/caesium-132/jianpu/images-prep/jianpucn-wangfeng/狼图腾主题曲《沧浪之歌》__jianpucn-280063/001.jpg
猜不透&nbsp;&nbsp;	jianpucn	234442	1	简谱	猜不透&nbsp;&nbsp;__jianpucn-234442	/home/caesium-132/jianpu/images-prep/jianpucn-title/猜不透&nbsp;&nbsp;__jianpucn-234442/001.jpg
献给母亲	qupu123	325740	1	简谱	献给母亲（杨锦词 郑树人曲）__qupu123-325740	/home/caesium-132/jianpu/images-prep/qupu123-sweep/献给母亲（杨锦词 郑树人曲）__qupu123-325740/001.jpg
献给老师的歌	qupu123	322458	3	改编	献给老师的歌（童声三部合唱、正谱）__qupu123-322458	/home/caesium-132/jianpu/images-prep/qupu123-crawl/献给老师的歌（童声三部合唱、正谱）__qupu123-322458/001.jpg
猴狗相抵头	qupu123	322257	3	改编	猴狗相抵头（三部合唱、五线谱）__qupu123-322257	/home/caesium-132/jianpu/images-prep/qupu123-crawl/猴狗相抵头（三部合唱、五线谱）__qupu123-322257/001.jpg
玉林欢迎你	qupu123	308004	1	简谱	玉林欢迎你__qupu123-308004	/home/caesium-132/jianpu/images-prep/qupu123-sweep/玉林欢迎你__qupu123-308004/001.jpg
玉楼春慢	qupu123	324332	1	简谱	玉楼春慢__qupu123-324332	/home/caesium-132/jianpu/images-prep/qupu123-sweep/玉楼春慢__qupu123-324332/001.jpg
王子公主钢琴	jianpujia	149547	7	改编	王子公主钢琴简谱_薛之谦_张信哲演唱__jianpujia-149547	/home/caesium-132/jianpu/images-prep/jianpujia-351/王子公主钢琴简谱_薛之谦_张信哲演唱__jianpujia-149547/001.png
王菲 匆匆那年 吉他谱 C调指法	qupu123	352944	4	改编	王菲 匆匆那年 吉他谱 C调指法（无限延音编配）__qupu123-352944	/home/caesium-132/jianpu/images-prep/qupu123-wangfei/王菲 匆匆那年 吉他谱 C调指法（无限延音编配）__qupu123-352944/001.jpg
王菲 我愿意	qupu123	368592	3	改编	王菲 我愿意 吉他谱（无限延音编配）__qupu123-368592	/home/caesium-132/jianpu/images-prep/qupu123-wangfei/王菲 我愿意 吉他谱（无限延音编配）__qupu123-368592/001.jpg
王菲 棋子 吉他谱 C调指法	qupu123	352534	4	改编	王菲 棋子 吉他谱 C调指法（无限延音编配）__qupu123-352534	/home/caesium-132/jianpu/images-prep/qupu123-wangfei/王菲 棋子 吉他谱 C调指法（无限延音编配）__qupu123-352534/001.jpg
王菲《但愿人长久》吉他谱C调入门版 高音教编配 猴哥吉他教学	qupu123	351172	1	改编	王菲《但愿人长久》吉他谱C调入门版 高音教编配 猴哥吉他教学__qupu123-351172	/home/caesium-132/jianpu/images-prep/qupu123-wangfei/王菲《但愿人长久》吉他谱C调入门版 高音教编配 猴哥吉他教学__qupu123-351172/001.jpg
王菲《我和我的祖国》吉他谱 C调弹唱六线谱	qupu123	351187	4	改编	王菲《我和我的祖国》吉他谱 C调弹唱六线谱__qupu123-351187	/home/caesium-132/jianpu/images-prep/qupu123-wangfei/王菲《我和我的祖国》吉他谱 C调弹唱六线谱__qupu123-351187/001.jpg
王菲《致青春》吉他谱C调精华版 高音教编配 猴哥吉他教学	qupu123	351705	1	改编	王菲《致青春》吉他谱C调精华版 高音教编配 猴哥吉他教学__qupu123-351705	/home/caesium-132/jianpu/images-prep/qupu123-wangfei/王菲《致青春》吉他谱C调精华版 高音教编配 猴哥吉他教学__qupu123-351705/001.jpg
玛依拉	jianpucn	107000	1	简谱	玛依拉__jianpucn-107000	/home/caesium-132/jianpu/images-prep/jianpucn-songzuying/玛依拉__jianpucn-107000/001.jpg
玫瑰	qupu123	206603	2	简谱	玫瑰（宋承宪 词曲）__qupu123-206603	/home/caesium-132/jianpu/images-prep/qupu123-kw/玫瑰（宋承宪 词曲）__qupu123-206603/001.jpg
玫瑰少年尤克里里谱	jianpucn	458430	1	改编	玫瑰少年尤克里里谱（ G调带前奏版）__jianpucn-458430	/home/caesium-132/jianpu/images-prep/jianpucn-wuyuetian/玫瑰少年尤克里里谱（ G调带前奏版）__jianpucn-458430/001.jpg
玫瑰玫瑰我爱你	qupu123	1020	2	简谱	玫瑰玫瑰我爱你__qupu123-1020	/home/caesium-132/jianpu/images-prep/qupu123-nb/玫瑰玫瑰我爱你__qupu123-1020/001.jpg
玫瑰香	jianpucn	63805	1	简谱	玫瑰香__jianpucn-63805	/home/caesium-132/jianpu/images-prep/jianpucn-pop/玫瑰香__jianpucn-63805/001.jpg
环江米糯香	qupu123	335898	2	改编	环江米糯香（二重唱、五线谱）__qupu123-335898	/home/caesium-132/jianpu/images-prep/qupu123-crawl/环江米糯香（二重唱、五线谱）__qupu123-335898/001.jpg
现在才说我爱你	jianpucn	55752	1	简谱	现在才说我爱你__jianpucn-55752	/home/caesium-132/jianpu/images-prep/jianpucn-zhouhuajian/现在才说我爱你__jianpucn-55752/001.jpg
现在才说爱你	jianpucn	54369	1	简谱	现在才说爱你__jianpucn-54369	/home/caesium-132/jianpu/images-prep/jianpucn-zhouhuajian/现在才说爱你__jianpucn-54369/001.jpg
现象七十二变	jianpucn	146282	1	改编	现象七十二变（吉他弹唱）__jianpucn-146282	/home/caesium-132/jianpu/images-prep/jianpucn-pop/现象七十二变（吉他弹唱）__jianpucn-146282/001.jpg
玻璃之情	jianpujia	14180	1	简谱	玻璃之情简谱(歌词)_张国荣演唱_桃李醉春风记谱__jianpujia-14180	/home/caesium-132/jianpu/images-prep/jianpujia-art1542/玻璃之情简谱(歌词)_张国荣演唱_桃李醉春风记谱__jianpujia-14180/001.png
玻璃之情钢琴	jianpujia	247248	5	改编	玻璃之情钢琴简谱_张国荣演唱__jianpujia-247248	/home/caesium-132/jianpu/images-prep/jianpujia-art1542/玻璃之情钢琴简谱_张国荣演唱__jianpujia-247248/001.png
珊瑚海 - 05895464版	jianpucn	103149	1	简谱	珊瑚海 - 05895464版__jianpucn-103149	/home/caesium-132/jianpu/images-prep/jianpucn-zhoujielun/珊瑚海 - 05895464版__jianpucn-103149/001.jpg
珊瑚海 - 05895464版 05895464版 -	jianpucn	231789	1	简谱	珊瑚海 - 05895464版 05895464版 -__jianpucn-231789	/home/caesium-132/jianpu/images-prep/jianpucn-zhoujielun/珊瑚海 - 05895464版 05895464版 -__jianpucn-231789/001.jpg
珊瑚海 弹唱版	jianpucn	218844	2	改编	珊瑚海 弹唱版__jianpucn-218844	/home/caesium-132/jianpu/images-prep/jianpucn-zhoujielun/珊瑚海 弹唱版__jianpucn-218844/001.jpg
珊瑚海—简易版 键盘类 钢琴	jianpucn	113612	2	改编	珊瑚海—简易版 键盘类 钢琴__jianpucn-113612	/home/caesium-132/jianpu/images-prep/jianpucn-zhoujielun/珊瑚海—简易版 键盘类 钢琴__jianpucn-113612/001.jpg
珊瑚海简单改编钢琴	jianpucn	216285	2	改编	珊瑚海简单改编钢琴__jianpucn-216285	/home/caesium-132/jianpu/images-prep/jianpucn-zhoujielun/珊瑚海简单改编钢琴__jianpucn-216285/001.jpg
珍重	qupu123	305325	1	简谱	珍重（黄沾词 三木曲）__qupu123-305325	/home/caesium-132/jianpu/images-prep/qupu123-sweep/珍重（黄沾词 三木曲）__qupu123-305325/001.png
班前会“2105”之歌	qupu123	329421	1	简谱	班前会“2105”之歌__qupu123-329421	/home/caesium-132/jianpu/images-prep/qupu123-sweep/班前会“2105”之歌__qupu123-329421/001.jpg
琅琅吉他原版编配 如果没有你---莫文蔚	jianpucn	194201	1	改编	琅琅吉他原版编配 如果没有你---莫文蔚__jianpucn-194201	/home/caesium-132/jianpu/images-prep/jianpucn-pop/琅琅吉他原版编配 如果没有你---莫文蔚__jianpucn-194201/001.jpg
理想	qupu123	366684	1	简谱	理想__qupu123-366684	/home/caesium-132/jianpu/images-prep/qupu123-kw/理想__qupu123-366684/001.jpg
琴心倩女幽魂&nbsp;&nbsp;	jianpucn	137502	1	简谱	琴心倩女幽魂&nbsp;&nbsp;__jianpucn-137502	/home/caesium-132/jianpu/images-prep/jianpucn-title/琴心倩女幽魂&nbsp;&nbsp;__jianpucn-137502/001.jpg
璀璨	jianpucn	231943	2	改编	璀璨（吉他弹唱）__jianpucn-231943	/home/caesium-132/jianpu/images-prep/jianpucn-lijian/璀璨（吉他弹唱）__jianpucn-231943/001.jpg
瓶中沙-弹唱 吉他类 流行	jianpucn	113092	2	改编	瓶中沙-弹唱 吉他类 流行__jianpucn-113092	/home/caesium-132/jianpu/images-prep/jianpucn-twins/瓶中沙-弹唱 吉他类 流行__jianpucn-113092/001.jpg
瓷器中国	jianpujia	20069	1	简谱	瓷器中国简谱(歌词)_王丽达演唱_momoliu曲谱__jianpujia-20069	/home/caesium-132/jianpu/images-prep/jianpujia-12500/瓷器中国简谱(歌词)_王丽达演唱_momoliu曲谱__jianpujia-20069/001.jpg
甘心替代你	jianpucn	458089	1	改编	甘心替代你 （ C调原版编配）__jianpucn-458089	/home/caesium-132/jianpu/images-prep/jianpucn-maobuyi/甘心替代你 （ C调原版编配）__jianpucn-458089/001.jpg
甜甜的 带和弦独奏版	jianpucn	214276	3	改编	甜甜的 带和弦独奏版__jianpucn-214276	/home/caesium-132/jianpu/images-prep/jianpucn-zhoujielun/甜甜的 带和弦独奏版__jianpucn-214276/001.jpg
甜蜜的泪水	qupu123	304885	1	简谱	甜蜜的泪水__qupu123-304885	/home/caesium-132/jianpu/images-prep/qupu123-sweep/甜蜜的泪水__qupu123-304885/001.jpg
甜蜜蜜 吉他类 流行	jianpucn	117725	1	改编	甜蜜蜜 吉他类 流行__jianpucn-117725	/home/caesium-132/jianpu/images-prep/jianpucn-denglijun/甜蜜蜜 吉他类 流行__jianpucn-117725/001.jpg
甜蜜蜜-jila编配版	jianpucn	175969	1	改编	甜蜜蜜-jila编配版__jianpucn-175969	/home/caesium-132/jianpu/images-prep/jianpucn-denglijun/甜蜜蜜-jila编配版__jianpucn-175969/001.jpg
甜蜜蜜尤克里里谱	jianpucn	458483	1	改编	甜蜜蜜尤克里里谱（ 简单版四 ）__jianpucn-458483	/home/caesium-132/jianpu/images-prep/jianpucn-denglijun/甜蜜蜜尤克里里谱（ 简单版四 ）__jianpucn-458483/001.jpg
生命中不可承受的轻	jianpucn	196992	1	简谱	生命中不可承受的轻__jianpucn-196992	/home/caesium-132/jianpu/images-prep/jianpucn-pop/生命中不可承受的轻__jianpucn-196992/001.jpg
生命中的一天	jianpucn	213652	2	简谱	生命中的一天__jianpucn-213652	/home/caesium-132/jianpu/images-prep/jianpucn-wangfeng/生命中的一天__jianpucn-213652/001.jpg
生命中的精灵	jianpucn	205590	1	简谱	生命中的精灵___jianpucn-205590	/home/caesium-132/jianpu/images-prep/jianpucn-lizongsheng/生命中的精灵___jianpucn-205590/001.jpg
生命之河钢琴	jianpujia	247744	6	改编	生命之河钢琴简谱_王菲_那英演唱__jianpujia-247744	/home/caesium-132/jianpu/images-prep/jianpujia-art3395/生命之河钢琴简谱_王菲_那英演唱__jianpujia-247744/001.png
生命有一种绝对	jianpucn	2186	1	简谱	生命有一种绝对__jianpucn-2186	/home/caesium-132/jianpu/images-prep/jianpucn-wuyuetian/生命有一种绝对__jianpucn-2186/001.jpg
生如夏花 -C调	jianpucn	473680	2	简谱	生如夏花 -C调__jianpucn-473680	/home/caesium-132/jianpu/images-prep/jianpucn-pushu/生如夏花 -C调__jianpucn-473680/001.jpg
生如夏花-弹唱 吉他类 流行	jianpucn	113132	2	改编	生如夏花-弹唱 吉他类 流行__jianpucn-113132	/home/caesium-132/jianpu/images-prep/jianpucn-pushu/生如夏花-弹唱 吉他类 流行__jianpucn-113132/001.jpg
生如夏花钢琴	jianpujia	115158	3	改编	生如夏花钢琴简谱_数字双手_朴树__jianpujia-115158	/home/caesium-132/jianpu/images-prep/jianpujia-859/生如夏花钢琴简谱_数字双手_朴树__jianpujia-115158/001.png
生日快乐完整好听版钢琴	jianpujia	150149	4	改编	生日快乐完整好听版钢琴简谱_儿歌演唱__jianpujia-150149	/home/caesium-132/jianpu/images-prep/jianpujia-3462/生日快乐完整好听版钢琴简谱_儿歌演唱__jianpujia-150149/001.png
生来彷徨	jianpucn	462643	1	改编	生来彷徨 （ G调指法原版编配）__jianpucn-462643	/home/caesium-132/jianpu/images-prep/jianpucn-wangfeng/生来彷徨 （ G调指法原版编配）__jianpucn-462643/001.jpg
生来彷徨吉他谱六线谱	qupu123	90180	4	改编	生来彷徨吉他谱六线谱（汪峰）__qupu123-90180	/home/caesium-132/jianpu/images-prep/qupu123-wangfeng/生来彷徨吉他谱六线谱（汪峰）__qupu123-90180/001.jpg
生活，我总是会原谅你	qupu123	312299	1	简谱	生活，我总是会原谅你__qupu123-312299	/home/caesium-132/jianpu/images-prep/qupu123-sweep/生活，我总是会原谅你__qupu123-312299/001.jpg
甩葱歌	qupu123	304723	1	简谱	甩葱歌（芬兰民间舞曲、颂今填词改编）__qupu123-304723	/home/caesium-132/jianpu/images-prep/qupu123-sweep/甩葱歌（芬兰民间舞曲、颂今填词改编）__qupu123-304723/001.jpg
田光歌曲选-101水花花	qupu123	322704	2	简谱	田光歌曲选-101水花花_泥花花__qupu123-322704	/home/caesium-132/jianpu/images-prep/qupu123-crawl/田光歌曲选-101水花花_泥花花__qupu123-322704/001.jpg
田光歌曲选-240燕子捕食	qupu123	323313	1	简谱	田光歌曲选-240燕子捕食__qupu123-323313	/home/caesium-132/jianpu/images-prep/qupu123-crawl/田光歌曲选-240燕子捕食__qupu123-323313/001.jpg
田光歌曲选-288好朋友	qupu123	323563	2	简谱	田光歌曲选-288好朋友_拉起手__qupu123-323563	/home/caesium-132/jianpu/images-prep/qupu123-crawl/田光歌曲选-288好朋友_拉起手__qupu123-323563/001.jpg
田光歌曲选-300星星火炬	qupu123	323575	2	简谱	田光歌曲选-300星星火炬_代代相传__qupu123-323575	/home/caesium-132/jianpu/images-prep/qupu123-crawl/田光歌曲选-300星星火炬_代代相传__qupu123-323575/001.jpg
电台情歌—莫文蔚	jianpucn	171015	1	简谱	电台情歌—莫文蔚__jianpucn-171015	/home/caesium-132/jianpu/images-prep/jianpucn-pop/电台情歌—莫文蔚__jianpucn-171015/001.jpg
男人和女人	qupu123	328733	1	简谱	男人和女人__qupu123-328733	/home/caesium-132/jianpu/images-prep/qupu123-sweep/男人和女人__qupu123-328733/001.jpg
男人哭吧哭吧不是罪	jianpucn	319388	1	简谱	男人哭吧哭吧不是罪__jianpucn-319388	/home/caesium-132/jianpu/images-prep/jianpucn-liudehua/男人哭吧哭吧不是罪__jianpucn-319388/001.jpg
男人好累	qupu123	313421	1	简谱	男人好累__qupu123-313421	/home/caesium-132/jianpu/images-prep/qupu123-sweep/男人好累__qupu123-313421/001.jpg
男人是很好骗的-	jianpucn	244235	2	简谱	男人是很好骗的-__jianpucn-244235	/home/caesium-132/jianpu/images-prep/jianpucn-zhoujielun/男人是很好骗的-__jianpucn-244235/001.jpg
男人的泪有点咸	qupu123	303655	1	简谱	男人的泪有点咸__qupu123-303655	/home/caesium-132/jianpu/images-prep/qupu123-sweep/男人的泪有点咸__qupu123-303655/001.jpg
男人闯江湖	qupu123	315433	1	简谱	男人闯江湖__qupu123-315433	/home/caesium-132/jianpu/images-prep/qupu123-sweep/男人闯江湖__qupu123-315433/001.jpg
男儿有泪不轻弹	qupu123	304667	2	简谱	男儿有泪不轻弹（王金刚词 王金刚曲）__qupu123-304667	/home/caesium-132/jianpu/images-prep/qupu123-sweep/男儿有泪不轻弹（王金刚词 王金刚曲）__qupu123-304667/001.jpg
男儿泉&nbsp;&nbsp;	jianpucn	475607	10	简谱	男儿泉&nbsp;&nbsp;__jianpucn-475607	/home/caesium-132/jianpu/images-prep/test-jianpucn/男儿泉&nbsp;&nbsp;__jianpucn-475607/001.jpg
男声版吉他弹唱《遇见》	jianpucn	156669	3	改编	男声版吉他弹唱《遇见》__jianpucn-156669	/home/caesium-132/jianpu/images-prep/jianpucn-pop/男声版吉他弹唱《遇见》__jianpucn-156669/001.jpg
男孩的心思你别猜	qupu123	322851	1	简谱	男孩的心思你别猜__qupu123-322851	/home/caesium-132/jianpu/images-prep/qupu123-sweep/男孩的心思你别猜__qupu123-322851/001.jpg
男朋友	jianpujia	19288	1	简谱	男朋友简谱(歌词)_刘德华演唱_电视迷曲谱__jianpujia-19288	/home/caesium-132/jianpu/images-prep/jianpujia-855/男朋友简谱(歌词)_刘德华演唱_电视迷曲谱__jianpujia-19288/001.png
画 赵雷 C调 超级简单版 分解	jianpucn	304377	2	简谱	画 赵雷 C调 超级简单版 分解__jianpucn-304377	/home/caesium-132/jianpu/images-prep/jianpucn-wangfeng/画 赵雷 C调 超级简单版 分解__jianpucn-304377/001.jpg
画心 六孔	jianpucn	224338	1	简谱	画心 六孔__jianpucn-224338	/home/caesium-132/jianpu/images-prep/jianpucn-pop/画心 六孔__jianpucn-224338/001.jpg
画心编号-256	jianpucn	470211	3	简谱	画心编号-256__jianpucn-470211	/home/caesium-132/jianpu/images-prep/jianpucn-pop/画心编号-256__jianpucn-470211/001.jpg
画心－张靓颖	jianpucn	203915	2	简谱	画心－张靓颖__jianpucn-203915	/home/caesium-132/jianpu/images-prep/jianpucn-pop/画心－张靓颖__jianpucn-203915/001.jpg
画月亮	qupu123	327597	1	简谱	画月亮（李雪琼词 李子璇曲）__qupu123-327597	/home/caesium-132/jianpu/images-prep/qupu123-sweep/画月亮（李雪琼词 李子璇曲）__qupu123-327597/001.jpg
画沙间奏	jianpucn	180921	1	简谱	画沙间奏（鸠玖版）__jianpucn-180921	/home/caesium-132/jianpu/images-prep/jianpucn-zhoujielun/画沙间奏（鸠玖版）__jianpucn-180921/001.jpg
疯人院	jianpucn	445339	2	改编	疯人院( G调弹唱谱)__jianpucn-445339	/home/caesium-132/jianpu/images-prep/jianpucn-huachenyu/疯人院( G调弹唱谱)__jianpucn-445339/001.jpg
疯疯癫癫活到老	qupu123	331051	2	简谱	疯疯癫癫活到老（作词：杜劲松_作曲：阿酩）__qupu123-331051	/home/caesium-132/jianpu/images-prep/qupu123-crawl/疯疯癫癫活到老（作词：杜劲松_作曲：阿酩）__qupu123-331051/001.jpg
疼彻心扉	qupu123	308933	1	简谱	疼彻心扉__qupu123-308933	/home/caesium-132/jianpu/images-prep/qupu123-sweep/疼彻心扉__qupu123-308933/001.jpg
痛爱的滋味	qupu123	103336	1	简谱	痛爱的滋味（华政双 词曲）__qupu123-103336	/home/caesium-132/jianpu/images-prep/qupu123-hk/痛爱的滋味（华政双 词曲）__qupu123-103336/001.jpg
痴心不改	qupu123	334385	3	简谱	痴心不改（申光惠词_解力曲）__qupu123-334385	/home/caesium-132/jianpu/images-prep/qupu123-crawl/痴心不改（申光惠词_解力曲）__qupu123-334385/001.jpg
痴情飞渡共沧桑	qupu123	305723	1	简谱	痴情飞渡共沧桑__qupu123-305723	/home/caesium-132/jianpu/images-prep/qupu123-sweep/痴情飞渡共沧桑__qupu123-305723/001.jpg
瘦瘦的—简易版 键盘类 钢琴	jianpucn	113605	1	改编	瘦瘦的—简易版 键盘类 钢琴__jianpucn-113605	/home/caesium-132/jianpu/images-prep/jianpucn-pop/瘦瘦的—简易版 键盘类 钢琴__jianpucn-113605/001.jpg
登场	jianpujia	384696	2	简谱	登场简谱(歌词)_刘德华演唱_桃李醉春风制谱__jianpujia-384696	/home/caesium-132/jianpu/images-prep/jianpujia-art855/登场简谱(歌词)_刘德华演唱_桃李醉春风制谱__jianpujia-384696/001.jpg
登鹤雀楼	jianpujia	22108	1	简谱	登鹤雀楼简谱(歌词)_儿歌_好心情曲谱__jianpujia-22108	/home/caesium-132/jianpu/images-prep/jianpujia-3462/登鹤雀楼简谱(歌词)_儿歌_好心情曲谱__jianpujia-22108/001.gif
白云	qupu123	333748	2	简谱	白云（白云词曲、台湾儿歌）__qupu123-333748	/home/caesium-132/jianpu/images-prep/qupu123-crawl/白云（白云词曲、台湾儿歌）__qupu123-333748/001.jpg
白云娃娃	qupu123	326786	2	简谱	白云娃娃（李严词_陈祥福曲）__qupu123-326786	/home/caesium-132/jianpu/images-prep/qupu123-crawl/白云娃娃（李严词_陈祥福曲）__qupu123-326786/001.jpg
白华林	jianpucn	203367	1	简谱	白华林__jianpucn-203367	/home/caesium-132/jianpu/images-prep/jianpucn-pushu/白华林__jianpucn-203367/001.jpg
白头吟	qupu123	334759	1	简谱	白头吟（蒋燕_词曲）__qupu123-334759	/home/caesium-132/jianpu/images-prep/qupu123-crawl/白头吟（蒋燕_词曲）__qupu123-334759/001.gif
白娘子	qupu123	307931	1	简谱	白娘子（am词 老猫曲）__qupu123-307931	/home/caesium-132/jianpu/images-prep/qupu123-sweep/白娘子（am词 老猫曲）__qupu123-307931/001.png
白月光尤克里里谱	jianpucn	458426	1	改编	白月光尤克里里谱（ F调带前奏版）__jianpucn-458426	/home/caesium-132/jianpu/images-prep/jianpucn-zhangxinzhe/白月光尤克里里谱（ F调带前奏版）__jianpucn-458426/001.jpg
白月光－简易版 键盘类 钢琴	jianpucn	115266	1	改编	白月光－简易版 键盘类 钢琴__jianpucn-115266	/home/caesium-132/jianpu/images-prep/jianpucn-zhangxinzhe/白月光－简易版 键盘类 钢琴__jianpucn-115266/001.jpg
白桦林 独奏	jianpucn	215230	1	改编	白桦林 独奏__jianpucn-215230	/home/caesium-132/jianpu/images-prep/jianpucn-pushu/白桦林 独奏__jianpucn-215230/001.jpg
白桦林-----『忧伤歌声』	jianpucn	227222	2	简谱	白桦林-----『忧伤歌声』__jianpucn-227222	/home/caesium-132/jianpu/images-prep/jianpucn-pushu/白桦林-----『忧伤歌声』__jianpucn-227222/001.jpg
白桦林-之歌	jianpucn	291444	4	简谱	白桦林-之歌__jianpucn-291444	/home/caesium-132/jianpu/images-prep/jianpucn-pushu/白桦林-之歌__jianpucn-291444/001.jpg
白桦林-弹唱 吉他类 流行	jianpucn	112898	2	改编	白桦林-弹唱 吉他类 流行__jianpucn-112898	/home/caesium-132/jianpu/images-prep/jianpucn-pushu/白桦林-弹唱 吉他类 流行__jianpucn-112898/001.jpg
白桦林1	jianpucn	36982	1	简谱	白桦林1__jianpucn-36982	/home/caesium-132/jianpu/images-prep/jianpucn-pushu/白桦林1__jianpucn-36982/001.jpg
白桦林2	jianpucn	36981	1	简谱	白桦林2__jianpucn-36981	/home/caesium-132/jianpu/images-prep/jianpucn-pushu/白桦林2__jianpucn-36981/001.jpg
白桦林尤克里里谱	jianpucn	458435	1	改编	白桦林尤克里里谱（ G调 ）__jianpucn-458435	/home/caesium-132/jianpu/images-prep/jianpucn-pushu/白桦林尤克里里谱（ G调 ）__jianpucn-458435/001.jpg
白桦林钢琴	jianpujia	112831	2	改编	白桦林钢琴简谱_数字双手_朴树__jianpujia-112831	/home/caesium-132/jianpu/images-prep/jianpujia-859/白桦林钢琴简谱_数字双手_朴树__jianpujia-112831/001.png
白桦树	jianpucn	200554	2	简谱	白桦树__jianpucn-200554	/home/caesium-132/jianpu/images-prep/jianpucn-pushu/白桦树__jianpucn-200554/001.jpg
白水河	qupu123	332146	3	简谱	白水河_古老的河__qupu123-332146	/home/caesium-132/jianpu/images-prep/qupu123-crawl/白水河_古老的河__qupu123-332146/001.jpg
白玫瑰尤克里里谱	jianpucn	462451	1	改编	白玫瑰尤克里里谱（ C调带前奏版）__jianpucn-462451	/home/caesium-132/jianpu/images-prep/jianpucn-pop/白玫瑰尤克里里谱（ C调带前奏版）__jianpucn-462451/001.jpg
白色球鞋	jianpucn	260086	1	简谱	白色球鞋__jianpucn-260086	/home/caesium-132/jianpu/images-prep/jianpucn-pop/白色球鞋__jianpucn-260086/001.jpg
白色裂痕	jianpucn	173129	2	简谱	白色裂痕__jianpucn-173129	/home/caesium-132/jianpu/images-prep/jianpucn-zhoujielun/白色裂痕__jianpucn-173129/001.jpg
百姓人生	qupu123	316458	1	简谱	百姓人生__qupu123-316458	/home/caesium-132/jianpu/images-prep/qupu123-sweep/百姓人生__qupu123-316458/001.jpg
百姓记着你	jianpujia	18593	1	简谱	百姓记着你简谱(歌词)_雷佳演唱_王wzh曲谱__jianpujia-18593	/home/caesium-132/jianpu/images-prep/jianpujia-6369/百姓记着你简谱(歌词)_雷佳演唱_王wzh曲谱__jianpujia-18593/001.jpg
百岁不是梦	qupu123	320099	6	简谱	百岁不是梦（郭瑛词曲、高立志编合唱）__qupu123-320099	/home/caesium-132/jianpu/images-prep/qupu123-crawl/百岁不是梦（郭瑛词曲、高立志编合唱）__qupu123-320099/001.jpg
百年	qupu123	323155	5	改编	百年（正谱）__qupu123-323155	/home/caesium-132/jianpu/images-prep/qupu123-crawl/百年（正谱）__qupu123-323155/001.jpg
百年孤寂钢琴	jianpujia	250056	4	改编	百年孤寂钢琴简谱_王菲演唱__jianpujia-250056	/home/caesium-132/jianpu/images-prep/jianpujia-art3395/百年孤寂钢琴简谱_王菲演唱__jianpujia-250056/001.png
百鸟朝鳯】彩谱】	jianpucn	234579	1	简谱	百鸟朝鳯】彩谱】__jianpucn-234579	/home/caesium-132/jianpu/images-prep/jianpucn-denglijun/百鸟朝鳯】彩谱】__jianpucn-234579/001.jpg
的士司机	qupu123	305315	1	简谱	的士司机__qupu123-305315	/home/caesium-132/jianpu/images-prep/qupu123-sweep/的士司机__qupu123-305315/001.png
皇后大道	jianpucn	180674	1	简谱	皇后大道__jianpucn-180674	/home/caesium-132/jianpu/images-prep/jianpucn-pop/皇后大道__jianpucn-180674/001.jpg
皇后大道东	jianpucn	11549	1	简谱	皇后大道东__jianpucn-11549	/home/caesium-132/jianpu/images-prep/jianpucn-pop/皇后大道东__jianpucn-11549/001.jpg
盗墓笔记 天真 浮夸	jianpucn	219014	2	简谱	盗墓笔记 天真 浮夸__jianpucn-219014	/home/caesium-132/jianpu/images-prep/jianpucn-pop/盗墓笔记 天真 浮夸__jianpucn-219014/001.jpg
盗墓笔记之重启	qupu123	326866	1	简谱	盗墓笔记之重启__qupu123-326866	/home/caesium-132/jianpu/images-prep/qupu123-sweep/盗墓笔记之重启__qupu123-326866/001.jpg
盛世田园	jianpujia	20016	1	简谱	盛世田园简谱(歌词)_雷佳演唱_momoliu曲谱__jianpujia-20016	/home/caesium-132/jianpu/images-prep/jianpujia-6369/盛世田园简谱(歌词)_雷佳演唱_momoliu曲谱__jianpujia-20016/001.jpg
盛夏	jianpucn	466847	2	改编	盛夏 （ G调指法原版编配）__jianpucn-466847	/home/caesium-132/jianpu/images-prep/jianpucn-maobuyi/盛夏 （ G调指法原版编配）__jianpucn-466847/001.jpg
盛夏尤克里里谱	jianpucn	462951	1	改编	盛夏尤克里里谱（ G调尤克里里弹唱谱）__jianpucn-462951	/home/caesium-132/jianpu/images-prep/jianpucn-maobuyi/盛夏尤克里里谱（ G调尤克里里弹唱谱）__jianpucn-462951/001.jpg
盛夏的果实 C调原版	jianpucn	405645	1	简谱	盛夏的果实 C调原版（ 编谱）__jianpucn-405645	/home/caesium-132/jianpu/images-prep/jianpucn-mowenwei/盛夏的果实 C调原版（ 编谱）__jianpucn-405645/001.jpg
盛夏的果实-刘传版-认证谱	jianpucn	178206	2	简谱	盛夏的果实-刘传版-认证谱__jianpucn-178206	/home/caesium-132/jianpu/images-prep/jianpucn-pop/盛夏的果实-刘传版-认证谱__jianpucn-178206/001.jpg
盛夏的果实伴奏	jianpucn	216222	1	改编	盛夏的果实伴奏__jianpucn-216222	/home/caesium-132/jianpu/images-prep/jianpucn-pop/盛夏的果实伴奏__jianpucn-216222/001.jpg
盛夏的果实尤克里里谱	jianpucn	458482	1	改编	盛夏的果实尤克里里谱（ C调 ）__jianpucn-458482	/home/caesium-132/jianpu/images-prep/jianpucn-pop/盛夏的果实尤克里里谱（ C调 ）__jianpucn-458482/001.jpg
目标一定达到	qupu123	318748	1	简谱	目标一定达到__qupu123-318748	/home/caesium-132/jianpu/images-prep/qupu123-sweep/目标一定达到__qupu123-318748/001.jpg
盲婚哑嫁简谱歌词	jianpujia	388028	1	简谱	盲婚哑嫁简谱歌词_陈奕迅演唱__jianpujia-388028	/home/caesium-132/jianpu/images-prep/jianpujia-315/盲婚哑嫁简谱歌词_陈奕迅演唱__jianpujia-388028/001.png
盲婚哑嫁钢琴	jianpujia	380871	5	改编	盲婚哑嫁钢琴简谱_陈奕迅演唱__jianpujia-380871	/home/caesium-132/jianpu/images-prep/jianpujia-315/盲婚哑嫁钢琴简谱_陈奕迅演唱__jianpujia-380871/001.png
相依的心	jianpucn	119403	1	简谱	相依的心__jianpucn-119403	/home/caesium-132/jianpu/images-prep/jianpucn-beyond/相依的心__jianpucn-119403/001.jpg
相依相爱	qupu123	303224	1	简谱	相依相爱__qupu123-303224	/home/caesium-132/jianpu/images-prep/qupu123-sweep/相依相爱__qupu123-303224/001.png
相依相辅	qupu123	324094	1	简谱	相依相辅__qupu123-324094	/home/caesium-132/jianpu/images-prep/qupu123-sweep/相依相辅__qupu123-324094/001.png
相信	jianpucn	103508	2	简谱	相信__jianpucn-103508	/home/caesium-132/jianpu/images-prep/jianpucn-pop/相信__jianpucn-103508/001.jpg
相信中国	qupu123	306276	1	简谱	相信中国（龙飞凤词 周历城曲）__qupu123-306276	/home/caesium-132/jianpu/images-prep/qupu123-sweep/相信中国（龙飞凤词 周历城曲）__qupu123-306276/001.png
相信你的人钢琴	jianpujia	255761	5	改编	相信你的人钢琴简谱_陈奕迅演唱__jianpujia-255761	/home/caesium-132/jianpu/images-prep/jianpujia-art315/相信你的人钢琴简谱_陈奕迅演唱__jianpujia-255761/001.png
相信我可以	jianpucn	176008	2	简谱	相信我可以__jianpucn-176008	/home/caesium-132/jianpu/images-prep/jianpucn-pop/相信我可以__jianpucn-176008/001.jpg
相容	jianpucn	2612	1	简谱	相容__jianpucn-2612	/home/caesium-132/jianpu/images-prep/jianpucn-pop/相容__jianpucn-2612/001.jpg
相思如霜	qupu123	327208	1	简谱	相思如霜__qupu123-327208	/home/caesium-132/jianpu/images-prep/qupu123-sweep/相思如霜__qupu123-327208/001.jpg
相思泪如雨	qupu123	306752	1	简谱	相思泪如雨__qupu123-306752	/home/caesium-132/jianpu/images-prep/qupu123-sweep/相思泪如雨__qupu123-306752/001.png
相思的夜	qupu123	315399	1	简谱	相思的夜__qupu123-315399	/home/caesium-132/jianpu/images-prep/qupu123-sweep/相思的夜__qupu123-315399/001.jpg
相思美	qupu123	320625	1	简谱	相思美（郭辉词 郭彦春曲）__qupu123-320625	/home/caesium-132/jianpu/images-prep/qupu123-sweep/相思美（郭辉词 郭彦春曲）__qupu123-320625/001.jpg
相思银河	qupu123	327640	1	简谱	相思银河__qupu123-327640	/home/caesium-132/jianpu/images-prep/qupu123-sweep/相思银河__qupu123-327640/001.jpg
相思风雨中	jianpucn	41077	1	简谱	相思风雨中(《出位江湖》插曲、粤语)&nbsp;&nbsp;__jianpucn-41077	/home/caesium-132/jianpu/images-prep/jianpucn-title/相思风雨中(《出位江湖》插曲、粤语)&nbsp;&nbsp;__jianpucn-41077/001.jpg
相思风雨中&nbsp;&nbsp;	jianpucn	132668	1	简谱	相思风雨中&nbsp;&nbsp;__jianpucn-132668	/home/caesium-132/jianpu/images-prep/jianpucn-title/相思风雨中&nbsp;&nbsp;__jianpucn-132668/001.jpg
相爱多年	jianpucn	99548	2	简谱	相爱多年__jianpucn-99548	/home/caesium-132/jianpu/images-prep/jianpucn-hanhong/相爱多年__jianpucn-99548/001.jpg
相爱的可能性	jianpucn	100932	2	简谱	相爱的可能性__jianpucn-100932	/home/caesium-132/jianpu/images-prep/jianpucn-pop/相爱的可能性__jianpucn-100932/001.jpg
相约520	qupu123	316648	3	简谱	相约520__qupu123-316648	/home/caesium-132/jianpu/images-prep/qupu123-sweep/相约520__qupu123-316648/001.jpg
相约到永久	jianpujia	74379	2	简谱	相约到永久简谱_关之琳_刘德华演唱__jianpujia-74379	/home/caesium-132/jianpu/images-prep/jianpujia-855/相约到永久简谱_关之琳_刘德华演唱__jianpujia-74379/001.jpg
相约开花的时候	qupu123	311080	1	简谱	相约开花的时候__qupu123-311080	/home/caesium-132/jianpu/images-prep/qupu123-sweep/相约开花的时候__qupu123-311080/001.jpg
相聚中华	jianpujia	18286	1	简谱	相聚中华简谱(歌词)_王丽达演唱_王wzh曲谱__jianpujia-18286	/home/caesium-132/jianpu/images-prep/jianpujia-12500/相聚中华简谱(歌词)_王丽达演唱_王wzh曲谱__jianpujia-18286/001.jpg
相聚北京 邀约冬奥	qupu123	322961	1	简谱	相聚北京 邀约冬奥__qupu123-322961	/home/caesium-132/jianpu/images-prep/qupu123-sweep/相聚北京 邀约冬奥__qupu123-322961/001.jpg
相聚在九七	qupu123	305726	1	简谱	相聚在九七__qupu123-305726	/home/caesium-132/jianpu/images-prep/qupu123-sweep/相聚在九七__qupu123-305726/001.jpg
相识也是缘分	qupu123	911	1	简谱	相识也是缘分__qupu123-911	/home/caesium-132/jianpu/images-prep/qupu123-hk/相识也是缘分__qupu123-911/001.jpg
相逢何必曾相识	jianpucn	43748	1	简谱	相逢何必曾相识（粤语）&nbsp;&nbsp;__jianpucn-43748	/home/caesium-132/jianpu/images-prep/jianpucn-title/相逢何必曾相识（粤语）&nbsp;&nbsp;__jianpucn-43748/001.jpg
相逢何必曾相识&nbsp;&nbsp;	jianpucn	40305	1	简谱	相逢何必曾相识&nbsp;&nbsp;__jianpucn-40305	/home/caesium-132/jianpu/images-prep/jianpucn-title/相逢何必曾相识&nbsp;&nbsp;__jianpucn-40305/001.jpg
相逢在鼓浪屿	qupu123	322131	2	改编	相逢在鼓浪屿（正谱）__qupu123-322131	/home/caesium-132/jianpu/images-prep/qupu123-crawl/相逢在鼓浪屿（正谱）__qupu123-322131/001.jpg
相遇	jianpucn	54229	1	简谱	相遇(粤语)__jianpucn-54229	/home/caesium-132/jianpu/images-prep/jianpucn-liudehua/相遇(粤语)__jianpucn-54229/001.jpg
相遇也是缘	qupu123	305264	1	简谱	相遇也是缘__qupu123-305264	/home/caesium-132/jianpu/images-prep/qupu123-sweep/相遇也是缘__qupu123-305264/001.jpg
相遇红尘客栈&nbsp;&nbsp;	jianpucn	454170	3	简谱	相遇红尘客栈&nbsp;&nbsp;__jianpucn-454170	/home/caesium-132/jianpu/images-prep/jianpucn-title/相遇红尘客栈&nbsp;&nbsp;__jianpucn-454170/001.jpg
相隔一江水	jianpucn	198992	1	简谱	相隔一江水__jianpucn-198992	/home/caesium-132/jianpu/images-prep/jianpucn-xuwei/相隔一江水__jianpucn-198992/001.jpg
相风一样自由	jianpucn	94684	1	简谱	相风一样自由__jianpucn-94684	/home/caesium-132/jianpu/images-prep/jianpucn-xuwei/相风一样自由__jianpucn-94684/001.jpg
盼	qupu123	322127	3	改编	盼（佚名词_陆在易曲、正谱）__qupu123-322127	/home/caesium-132/jianpu/images-prep/qupu123-crawl/盼（佚名词_陆在易曲、正谱）__qupu123-322127/001.jpg
盼望	qupu123	324163	3	改编	盼望（席慕蓉诗_龚华华曲、正谱）__qupu123-324163	/home/caesium-132/jianpu/images-prep/qupu123-crawl/盼望（席慕蓉诗_龚华华曲、正谱）__qupu123-324163/001.jpg
看你的眼	qupu123	331568	5	改编	看你的眼（正谱）__qupu123-331568	/home/caesium-132/jianpu/images-prep/qupu123-crawl/看你的眼（正谱）__qupu123-331568/001.jpg
看到了星星就想到了你的眼睛	qupu123	302757	1	简谱	看到了星星就想到了你的眼睛__qupu123-302757	/home/caesium-132/jianpu/images-prep/qupu123-sweep/看到了星星就想到了你的眼睛__qupu123-302757/001.jpg
看天下劳苦人民都解放	qupu123	370333	4	简谱	看天下劳苦人民都解放__qupu123-370333	/home/caesium-132/jianpu/images-prep/qupu123-crawl/看天下劳苦人民都解放__qupu123-370333/001.jpg
看山看水看四川	jianpujia	10701	1	简谱	看山看水看四川简谱(歌词)_谭晶演唱_桃李醉春风记谱__jianpujia-10701	/home/caesium-132/jianpu/images-prep/jianpujia-7224/看山看水看四川简谱(歌词)_谭晶演唱_桃李醉春风记谱__jianpujia-10701/001.gif
看得最远的地方	jianpucn	458247	1	简谱	看得最远的地方 （ C调原版）__jianpucn-458247	/home/caesium-132/jianpu/images-prep/jianpucn-maobuyi/看得最远的地方 （ C调原版）__jianpucn-458247/001.jpg
看我七十二变-赵一民版	jianpucn	176286	2	简谱	看我七十二变-赵一民版__jianpucn-176286	/home/caesium-132/jianpu/images-prep/jianpucn-caiyilin/看我七十二变-赵一民版__jianpucn-176286/001.jpg
看未来有什么不一样	jianpucn	68867	1	简谱	看未来有什么不一样__jianpucn-68867	/home/caesium-132/jianpu/images-prep/jianpucn-tongange/看未来有什么不一样__jianpucn-68867/001.jpg
真心爱人	qupu123	311024	1	简谱	真心爱人__qupu123-311024	/home/caesium-132/jianpu/images-prep/qupu123-sweep/真心爱人__qupu123-311024/001.png
真心英雄 吉他类 流行	jianpucn	117681	2	改编	真心英雄 吉他类 流行__jianpucn-117681	/home/caesium-132/jianpu/images-prep/jianpucn-zhouhuajian/真心英雄 吉他类 流行__jianpucn-117681/001.jpg
真情告白	qupu123	312302	1	简谱	真情告白（培地词 绿歌曲）__qupu123-312302	/home/caesium-132/jianpu/images-prep/qupu123-sweep/真情告白（培地词 绿歌曲）__qupu123-312302/001.jpg
真的	jianpucn	4823	3	简谱	真的__jianpucn-4823	/home/caesium-132/jianpu/images-prep/jianpucn-pop/真的__jianpucn-4823/001.jpg
真的受伤了	jianpucn	171870	2	简谱	真的受伤了__jianpucn-171870	/home/caesium-132/jianpu/images-prep/jianpucn-zhangxueyou/真的受伤了__jianpucn-171870/001.jpg
真的爱你 单吉他版	jianpucn	215560	3	改编	真的爱你 单吉他版__jianpucn-215560	/home/caesium-132/jianpu/images-prep/jianpucn-beyond/真的爱你 单吉他版__jianpucn-215560/001.jpg
真的爱你 简化教学版	jianpucn	222448	1	简谱	真的爱你 简化教学版__jianpucn-222448	/home/caesium-132/jianpu/images-prep/jianpucn-beyond/真的爱你 简化教学版__jianpucn-222448/001.jpg
真的爱你-ynwxpyw编配版	jianpucn	173455	2	改编	真的爱你-ynwxpyw编配版__jianpucn-173455	/home/caesium-132/jianpu/images-prep/jianpucn-beyond/真的爱你-ynwxpyw编配版__jianpucn-173455/001.jpg
真的爱你123	jianpucn	253723	2	简谱	真的爱你123__jianpucn-253723	/home/caesium-132/jianpu/images-prep/jianpucn-beyond/真的爱你123__jianpucn-253723/001.jpg
真的爱你吉他谱六线谱	qupu123	69361	3	改编	真的爱你吉他谱六线谱（Beyond）__qupu123-69361	/home/caesium-132/jianpu/images-prep/qupu123-beyond/真的爱你吉他谱六线谱（Beyond）__qupu123-69361/001.jpg
真的爱你独奏天缘音符编配版	jianpucn	174679	2	改编	真的爱你独奏天缘音符编配版__jianpucn-174679	/home/caesium-132/jianpu/images-prep/jianpucn-beyond/真的爱你独奏天缘音符编配版__jianpucn-174679/001.jpg
真诚的美丽	qupu123	324515	2	简谱	真诚的美丽__qupu123-324515	/home/caesium-132/jianpu/images-prep/qupu123-crawl/真诚的美丽__qupu123-324515/001.jpg
眺望	qupu123	303667	1	简谱	眺望（韩雪丽词 南风曲）__qupu123-303667	/home/caesium-132/jianpu/images-prep/qupu123-sweep/眺望（韩雪丽词 南风曲）__qupu123-303667/001.jpg
眼前	jianpujia	12873	1	简谱	眼前简谱(歌词)_谭晶演唱_电视剧_孤芳不自赏_主题曲__jianpujia-12873	/home/caesium-132/jianpu/images-prep/jianpujia-7224/眼前简谱(歌词)_谭晶演唱_电视剧_孤芳不自赏_主题曲__jianpujia-12873/001.gif
眼泪	jianpucn	290401	1	改编	眼泪（黄国伦词曲、彼岸吉他编配曲）__jianpucn-290401	/home/caesium-132/jianpu/images-prep/jianpucn-zhangxueyou/眼泪（黄国伦词曲、彼岸吉他编配曲）__jianpucn-290401/001.jpg
眼泪成诗 歌曲类 钢琴伴奏谱	jianpucn	112641	2	改编	眼泪成诗 歌曲类 钢琴伴奏谱__jianpucn-112641	/home/caesium-132/jianpu/images-prep/jianpucn-pop/眼泪成诗 歌曲类 钢琴伴奏谱__jianpucn-112641/001.jpg
眼泪成诗－简易版 键盘类 钢琴	jianpucn	114666	2	改编	眼泪成诗－简易版 键盘类 钢琴__jianpucn-114666	/home/caesium-132/jianpu/images-prep/jianpucn-pop/眼泪成诗－简易版 键盘类 钢琴__jianpucn-114666/001.jpg
眼泪花儿把心淹了	qupu123	335680	6	改编	眼泪花儿把心淹了（正谱）__qupu123-335680	/home/caesium-132/jianpu/images-prep/qupu123-crawl/眼泪花儿把心淹了（正谱）__qupu123-335680/001.jpg
眼睛渴望眼睛的重逢	qupu123	1230	1	简谱	眼睛渴望眼睛的重逢__qupu123-1230	/home/caesium-132/jianpu/images-prep/_offtarget/眼睛渴望眼睛的重逢__qupu123-1230/001.jpg
眼神	jianpucn	29930	2	简谱	眼神__jianpucn-29930	/home/caesium-132/jianpu/images-prep/jianpucn-pop/眼神__jianpucn-29930/001.jpg
眼红红 独奏曲	jianpucn	215241	1	改编	眼红红 独奏曲__jianpucn-215241	/home/caesium-132/jianpu/images-prep/jianpucn-twins/眼红红 独奏曲__jianpucn-215241/001.jpg
眼红红-	jianpucn	101334	2	改编	眼红红-(原版钢琴)__jianpucn-101334	/home/caesium-132/jianpu/images-prep/jianpucn-twins/眼红红-(原版钢琴)__jianpucn-101334/001.jpg
睡公主	jianpucn	318509	1	简谱	睡公主__jianpucn-318509	/home/caesium-132/jianpu/images-prep/jianpucn-dengziqi/睡公主__jianpucn-318509/001.jpg
睡到12点吉他	jianpucn	220382	1	改编	睡到12点吉他__jianpucn-220382	/home/caesium-132/jianpu/images-prep/jianpucn-renxianqi/睡到12点吉他__jianpucn-220382/001.jpg
瞳	jianpucn	447941	1	简谱	瞳_出类拔萃（OnePlus 8瞳孔屏推广曲）__jianpucn-447941	/home/caesium-132/jianpu/images-prep/jianpucn-zhoushen/瞳_出类拔萃（OnePlus 8瞳孔屏推广曲）__jianpucn-447941/001.jpg
矜持	jianpujia	155047	3	简谱	矜持简谱_王菲歌曲_孙世彦曲谱__jianpujia-155047	/home/caesium-132/jianpu/images-prep/jianpujia-3395/矜持简谱_王菲歌曲_孙世彦曲谱__jianpujia-155047/001.jpg
知否知否	jianpujia	7107	1	简谱	知否知否简谱(歌词)_胡夏_郁可唯演唱__知否知否应是绿肥红瘦_电视剧主题曲__jianpujia-7107	/home/caesium-132/jianpu/images-prep/jianpujia-art1165/知否知否简谱(歌词)_胡夏_郁可唯演唱__知否知否应是绿肥红瘦_电视剧主题曲__jianpujia-7107/001.png
知否知否钢琴	jianpujia	255721	7	改编	知否知否钢琴简谱_胡夏_郁可唯演唱__jianpujia-255721	/home/caesium-132/jianpu/images-prep/jianpujia-art1165/知否知否钢琴简谱_胡夏_郁可唯演唱__jianpujia-255721/001.png
知多少	jianpucn	180032	1	简谱	知多少__jianpucn-180032	/home/caesium-132/jianpu/images-prep/jianpucn-pop/知多少__jianpucn-180032/001.jpg
知足 五月天	qupu123	372256	4	改编	知足 五月天 吉他谱（无限延音编配）__qupu123-372256	/home/caesium-132/jianpu/images-prep/qupu123-wuyuetian/知足 五月天 吉他谱（无限延音编配）__qupu123-372256/001.jpg
知足 歌曲类 钢琴伴奏谱	jianpucn	112857	2	改编	知足 歌曲类 钢琴伴奏谱__jianpucn-112857	/home/caesium-132/jianpu/images-prep/jianpucn-wuyuetian/知足 歌曲类 钢琴伴奏谱__jianpucn-112857/001.jpg
知足 简五谱首调式	jianpucn	226346	2	简谱	知足 简五谱首调式__jianpucn-226346	/home/caesium-132/jianpu/images-prep/jianpucn-wuyuetian/知足 简五谱首调式__jianpucn-226346/001.jpg
知足-弹唱版	jianpucn	103430	2	改编	知足-弹唱版__jianpucn-103430	/home/caesium-132/jianpu/images-prep/jianpucn-wuyuetian/知足-弹唱版__jianpucn-103430/001.jpg
知足-纯正钢琴版	jianpucn	101054	2	改编	知足-纯正钢琴版__jianpucn-101054	/home/caesium-132/jianpu/images-prep/jianpucn-wuyuetian/知足-纯正钢琴版__jianpucn-101054/001.jpg
知足尤克里里谱	jianpucn	462460	2	改编	知足尤克里里谱（ C调简单版）__jianpucn-462460	/home/caesium-132/jianpu/images-prep/jianpucn-wuyuetian/知足尤克里里谱（ C调简单版）__jianpucn-462460/001.jpg
知足指弹	jianpucn	457593	1	改编	知足指弹 （ 吉他独奏 ）__jianpucn-457593	/home/caesium-132/jianpu/images-prep/jianpucn-wuyuetian/知足指弹 （ 吉他独奏 ）__jianpucn-457593/001.jpg
短发尤克里里谱	jianpucn	458588	1	改编	短发尤克里里谱（ C调简单版）__jianpucn-458588	/home/caesium-132/jianpu/images-prep/jianpucn-pop/短发尤克里里谱（ C调简单版）__jianpucn-458588/001.jpg
破阵子	qupu123	324353	1	简谱	破阵子（辛弃疾词 曹桂珍曲）__qupu123-324353	/home/caesium-132/jianpu/images-prep/qupu123-sweep/破阵子（辛弃疾词 曹桂珍曲）__qupu123-324353/001.jpg
硒都恩施等你来	qupu123	323660	9	改编	硒都恩施等你来（又名：绿水青山等你来）（正谱）__qupu123-323660	/home/caesium-132/jianpu/images-prep/qupu123-crawl/硒都恩施等你来（又名：绿水青山等你来）（正谱）__qupu123-323660/001.jpg
硬币	jianpucn	106198	2	简谱	硬币__jianpucn-106198	/home/caesium-132/jianpu/images-prep/jianpucn-wangfeng/硬币__jianpucn-106198/001.jpg
硬币 原版	jianpucn	317228	1	简谱	硬币 原版__jianpucn-317228	/home/caesium-132/jianpu/images-prep/jianpucn-wangfeng/硬币 原版__jianpucn-317228/001.jpg
碎梦	jianpucn	270784	1	简谱	碎梦__jianpucn-270784	/home/caesium-132/jianpu/images-prep/jianpucn-wangfeng/碎梦__jianpucn-270784/001.jpg
磨刀老头	jianpucn	39153	1	简谱	磨刀老头__jianpucn-39153	/home/caesium-132/jianpu/images-prep/jianpucn-liuhuan/磨刀老头__jianpucn-39153/001.jpg
礼物22	jianpucn	177167	2	简谱	礼物22__jianpucn-177167	/home/caesium-132/jianpu/images-prep/jianpucn-xuwei/礼物22__jianpucn-177167/001.jpg
祖国一片新面貌	qupu123	370338	3	简谱	祖国一片新面貌__qupu123-370338	/home/caesium-132/jianpu/images-prep/qupu123-crawl/祖国一片新面貌__qupu123-370338/001.jpg
祖国不会忘记	jianpucn	457423	1	改编	祖国不会忘记 （ C调原版编配）__jianpucn-457423	/home/caesium-132/jianpu/images-prep/jianpucn-hanhong/祖国不会忘记 （ C调原版编配）__jianpucn-457423/001.jpg
祖国不会忘记 韩红	qupu123	372257	3	改编	祖国不会忘记 韩红 吉他谱（无限延音编配）__qupu123-372257	/home/caesium-132/jianpu/images-prep/qupu123-hanhong/祖国不会忘记 韩红 吉他谱（无限延音编配）__qupu123-372257/001.jpg
祖国啊	qupu123	297357	3	简谱	祖国啊_我奋进的祖国__qupu123-297357	/home/caesium-132/jianpu/images-prep/qupu123-crawl/祖国啊_我奋进的祖国__qupu123-297357/001.jpg
祖国啊!我永远热爱你	jianpucn	47775	1	简谱	祖国啊!我永远热爱你__jianpucn-47775	/home/caesium-132/jianpu/images-prep/jianpucn-pop/祖国啊!我永远热爱你__jianpucn-47775/001.jpg
祖国无与伦比	qupu123	311094	1	简谱	祖国无与伦比__qupu123-311094	/home/caesium-132/jianpu/images-prep/qupu123-sweep/祖国无与伦比__qupu123-311094/001.jpg
祖国，你是我心中永远的歌	qupu123	323629	4	改编	祖国，你是我心中永远的歌（正谱）__qupu123-323629	/home/caesium-132/jianpu/images-prep/qupu123-crawl/祖国，你是我心中永远的歌（正谱）__qupu123-323629/001.jpg
祝愿	qupu123	308594	1	简谱	祝愿（姜丽娟 词曲）__qupu123-308594	/home/caesium-132/jianpu/images-prep/qupu123-sweep/祝愿（姜丽娟 词曲）__qupu123-308594/001.jpg
祝我生日快乐-05895464版	jianpucn	102968	2	简谱	祝我生日快乐-05895464版__jianpucn-102968	/home/caesium-132/jianpu/images-prep/jianpucn-zhoujielun/祝我生日快乐-05895464版__jianpucn-102968/001.jpg
祝教师们快乐	qupu123	307763	1	简谱	祝教师们快乐__qupu123-307763	/home/caesium-132/jianpu/images-prep/qupu123-sweep/祝教师们快乐__qupu123-307763/001.jpg
祝福-剑伟版	jianpucn	102600	2	简谱	祝福-剑伟版__jianpucn-102600	/home/caesium-132/jianpu/images-prep/jianpucn-zhangxueyou/祝福-剑伟版__jianpucn-102600/001.jpg
祝福-弹唱版	jianpucn	102601	2	改编	祝福-弹唱版__jianpucn-102601	/home/caesium-132/jianpu/images-prep/jianpucn-zhangxueyou/祝福-弹唱版__jianpucn-102601/001.jpg
祝福-版本一	jianpucn	188824	1	简谱	祝福-版本一__jianpucn-188824	/home/caesium-132/jianpu/images-prep/jianpucn-zhangxueyou/祝福-版本一__jianpucn-188824/001.jpg
祝福你	qupu123	335337	2	简谱	祝福你（李德华_词曲）__qupu123-335337	/home/caesium-132/jianpu/images-prep/qupu123-crawl/祝福你（李德华_词曲）__qupu123-335337/001.jpg
祝福你,香港	qupu123	323032	3	改编	祝福你,香港（正谱）__qupu123-323032	/home/caesium-132/jianpu/images-prep/qupu123-crawl/祝福你,香港（正谱）__qupu123-323032/001.jpg
祝福祖国合唱谱	jianpucn	238591	1	简谱	祝福祖国合唱谱__jianpucn-238591	/home/caesium-132/jianpu/images-prep/jianpucn-zhangye/祝福祖国合唱谱__jianpucn-238591/001.jpg
祝福钢琴	jianpujia	253326	5	改编	祝福钢琴简谱_张学友演唱__jianpujia-253326	/home/caesium-132/jianpu/images-prep/jianpujia-art414/祝福钢琴简谱_张学友演唱__jianpujia-253326/001.png
神仙留恋的好地方	jianpucn	301759	1	简谱	神仙留恋的好地方__jianpucn-301759	/home/caesium-132/jianpu/images-prep/jianpucn-pop/神仙留恋的好地方__jianpucn-301759/001.jpg
神奇的中华鲟	qupu123	323536	3	改编	神奇的中华鲟（合唱、正谱）__qupu123-323536	/home/caesium-132/jianpu/images-prep/qupu123-crawl/神奇的中华鲟（合唱、正谱）__qupu123-323536/001.jpg
神魔	jianpucn	172286	2	简谱	神魔_不信邪__jianpucn-172286	/home/caesium-132/jianpu/images-prep/jianpucn-renxianqi/神魔_不信邪__jianpucn-172286/001.jpg
福建行	qupu123	326332	1	简谱	福建行__qupu123-326332	/home/caesium-132/jianpu/images-prep/qupu123-sweep/福建行__qupu123-326332/001.png
福星高照	qupu123	309237	1	简谱	福星高照__qupu123-309237	/home/caesium-132/jianpu/images-prep/qupu123-sweep/福星高照__qupu123-309237/001.jpg
离人	jianpucn	462436	2	改编	离人 （ C调指法原版编配）__jianpucn-462436	/home/caesium-132/jianpu/images-prep/jianpucn-zhangxueyou/离人 （ C调指法原版编配）__jianpucn-462436/001.jpg
离别 吉他类 流行	jianpucn	91231	1	改编	离别 吉他类 流行__jianpucn-91231	/home/caesium-132/jianpu/images-prep/jianpucn-pop/离别 吉他类 流行__jianpucn-91231/001.jpg
离别 多版本	jianpucn	223188	1	简谱	离别 多版本__jianpucn-223188	/home/caesium-132/jianpu/images-prep/jianpucn-pop/离别 多版本__jianpucn-223188/001.jpg
离别--阿迪版-认证谱	jianpucn	177807	2	简谱	离别--阿迪版-认证谱__jianpucn-177807	/home/caesium-132/jianpu/images-prep/jianpucn-pop/离别--阿迪版-认证谱__jianpucn-177807/001.jpg
离别-版本一	jianpucn	170038	1	简谱	离别-版本一__jianpucn-170038	/home/caesium-132/jianpu/images-prep/jianpucn-pop/离别-版本一__jianpucn-170038/001.jpg
离别叹	qupu123	328390	1	简谱	离别叹__qupu123-328390	/home/caesium-132/jianpu/images-prep/qupu123-sweep/离别叹__qupu123-328390/001.jpg
离别的泪在流	qupu123	309269	1	简谱	离别的泪在流__qupu123-309269	/home/caesium-132/jianpu/images-prep/qupu123-sweep/离别的泪在流__qupu123-309269/001.png
离开	jianpucn	90498	1	简谱	离开__jianpucn-90498	/home/caesium-132/jianpu/images-prep/jianpucn-zhoujielun/离开__jianpucn-90498/001.jpg
私人空间	jianpucn	5379	1	简谱	私人空间__jianpucn-5379	/home/caesium-132/jianpu/images-prep/jianpucn-pop/私人空间__jianpucn-5379/001.jpg
私奔到月球	jianpucn	122164	2	简谱	私奔到月球__jianpucn-122164	/home/caesium-132/jianpu/images-prep/jianpucn-wuyuetian/私奔到月球__jianpucn-122164/001.jpg
私奔到月球尤克里里谱	jianpucn	461941	2	改编	私奔到月球尤克里里谱（ G调扫弦版）__jianpucn-461941	/home/caesium-132/jianpu/images-prep/jianpucn-wuyuetian/私奔到月球尤克里里谱（ G调扫弦版）__jianpucn-461941/001.jpg
秋叶	qupu123	324369	3	改编	秋叶（刘薇词_马烁曲、正谱）__qupu123-324369	/home/caesium-132/jianpu/images-prep/qupu123-crawl/秋叶（刘薇词_马烁曲、正谱）__qupu123-324369/001.jpg
秋意浓尤克里里谱	jianpucn	458481	1	改编	秋意浓尤克里里谱（ C调带前奏版）__jianpucn-458481	/home/caesium-132/jianpu/images-prep/jianpucn-zhangxueyou/秋意浓尤克里里谱（ C调带前奏版）__jianpucn-458481/001.jpg
秋风啊，我为你唱支歌	qupu123	313988	1	简谱	秋风啊，我为你唱支歌__qupu123-313988	/home/caesium-132/jianpu/images-prep/qupu123-sweep/秋风啊，我为你唱支歌__qupu123-313988/001.jpg
种星星的人合唱谱	jianpucn	474740	8	简谱	种星星的人合唱谱__jianpucn-474740	/home/caesium-132/jianpu/images-prep/ready4/种星星的人合唱谱__jianpucn-474740/001.jpg
种树	qupu123	331706	2	简谱	种树（陆军_词曲）__qupu123-331706	/home/caesium-132/jianpu/images-prep/qupu123-crawl/种树（陆军_词曲）__qupu123-331706/001.jpg
秦淮河	qupu123	308046	1	简谱	秦淮河__qupu123-308046	/home/caesium-132/jianpu/images-prep/qupu123-sweep/秦淮河__qupu123-308046/001.jpg
移风易俗就是好	qupu123	319646	1	简谱	移风易俗就是好__qupu123-319646	/home/caesium-132/jianpu/images-prep/qupu123-sweep/移风易俗就是好__qupu123-319646/001.jpg
稳稳的幸福钢琴	jianpujia	250988	3	改编	稳稳的幸福钢琴简谱_陈奕迅演唱__jianpujia-250988	/home/caesium-132/jianpu/images-prep/jianpujia-art315/稳稳的幸福钢琴简谱_陈奕迅演唱__jianpujia-250988/001.png
稻香四手联弹	jianpucn	217957	2	简谱	稻香四手联弹__jianpucn-217957	/home/caesium-132/jianpu/images-prep/jianpucn-zhoujielun/稻香四手联弹__jianpucn-217957/001.jpg
空	qupu123	315978	1	简谱	空（闫世卿词 高岩曲）__qupu123-315978	/home/caesium-132/jianpu/images-prep/qupu123-sweep/空（闫世卿词 高岩曲）__qupu123-315978/001.jpg
空中勋章	jianpujia	20090	1	简谱	空中勋章简谱(歌词)_王丽达演唱_momoliu曲谱__jianpujia-20090	/home/caesium-132/jianpu/images-prep/jianpujia-12500/空中勋章简谱(歌词)_王丽达演唱_momoliu曲谱__jianpujia-20090/001.jpg
穿越火线	jianpucn	458445	1	简谱	穿越火线（ 架子 ）__jianpucn-458445	/home/caesium-132/jianpu/images-prep/jianpucn-dengziqi/穿越火线（ 架子 ）__jianpucn-458445/001.jpg
穿过你的黑发我的手	jianpucn	8817	1	简谱	穿过你的黑发我的手__jianpucn-8817	/home/caesium-132/jianpu/images-prep/jianpucn-pop/穿过你的黑发我的手__jianpucn-8817/001.jpg
穿过你的黑发我的手 乐队类 电声乐队	jianpucn	111432	2	改编	穿过你的黑发我的手 乐队类 电声乐队__jianpucn-111432	/home/caesium-132/jianpu/images-prep/jianpucn-pop/穿过你的黑发我的手 乐队类 电声乐队__jianpucn-111432/001.jpg
穿过你黑发我的手	jianpucn	172110	1	简谱	穿过你黑发我的手__jianpucn-172110	/home/caesium-132/jianpu/images-prep/jianpucn-luodayou/穿过你黑发我的手__jianpucn-172110/001.jpg
突然好想你 -C调	jianpucn	469513	2	简谱	突然好想你 -C调__jianpucn-469513	/home/caesium-132/jianpu/images-prep/jianpucn-wuyuetian/突然好想你 -C调__jianpucn-469513/001.jpg
突然好想你 原版独奏 指弹	jianpucn	221278	2	改编	突然好想你 原版独奏 指弹__jianpucn-221278	/home/caesium-132/jianpu/images-prep/jianpucn-wuyuetian/突然好想你 原版独奏 指弹__jianpucn-221278/001.jpg
突然好想你演奏	jianpucn	184206	2	简谱	突然好想你演奏__jianpucn-184206	/home/caesium-132/jianpu/images-prep/jianpucn-wuyuetian/突然好想你演奏__jianpucn-184206/001.jpg
突然好想你钢琴	jianpujia	150427	3	改编	突然好想你钢琴简谱_五月天演唱__jianpujia-150427	/home/caesium-132/jianpu/images-prep/jianpujia-1192/突然好想你钢琴简谱_五月天演唱__jianpujia-150427/001.png
突然累了	jianpucn	4073	1	简谱	突然累了__jianpucn-4073	/home/caesium-132/jianpu/images-prep/jianpucn-linjunjie/突然累了__jianpucn-4073/001.jpg
立春有感	qupu123	307342	1	简谱	立春有感__qupu123-307342	/home/caesium-132/jianpu/images-prep/qupu123-sweep/立春有感__qupu123-307342/001.jpg
站在青春的门口	qupu123	329662	1	简谱	站在青春的门口__qupu123-329662	/home/caesium-132/jianpu/images-prep/qupu123-sweep/站在青春的门口__qupu123-329662/001.jpg
站在高岗上独奏版	jianpucn	175904	2	改编	站在高岗上独奏版__jianpucn-175904	/home/caesium-132/jianpu/images-prep/jianpucn-zhanghuimei/站在高岗上独奏版__jianpucn-175904/001.jpg
童声哆唻咪	qupu123	334530	2	简谱	童声哆唻咪__qupu123-334530	/home/caesium-132/jianpu/images-prep/qupu123-crawl/童声哆唻咪__qupu123-334530/001.jpg
童年 吉他类 流行	jianpucn	117722	1	改编	童年 吉他类 流行__jianpucn-117722	/home/caesium-132/jianpu/images-prep/jianpucn-luodayou/童年 吉他类 流行__jianpucn-117722/001.jpg
童年-吉他高清谱	jianpucn	208672	3	改编	童年-吉他高清谱__jianpucn-208672	/home/caesium-132/jianpu/images-prep/jianpucn-pop/童年-吉他高清谱__jianpucn-208672/001.jpg
童年吉他独奏曲-wincurtain编配版	jianpucn	173399	1	改编	童年吉他独奏曲-wincurtain编配版__jianpucn-173399	/home/caesium-132/jianpu/images-prep/jianpucn-luodayou/童年吉他独奏曲-wincurtain编配版__jianpucn-173399/001.jpg
童年吉他谱 喀什怒放	jianpucn	149331	1	改编	童年吉他谱 喀什怒放__jianpucn-149331	/home/caesium-132/jianpu/images-prep/jianpucn-pop/童年吉他谱 喀什怒放__jianpucn-149331/001.jpg
童梦	jianpucn	99518	2	简谱	童梦(欣仔改编)__jianpucn-99518	/home/caesium-132/jianpu/images-prep/jianpucn-pop/童梦(欣仔改编)__jianpucn-99518/001.jpg
童话 - 再版 再版 -	jianpucn	233028	2	简谱	童话 - 再版 再版 -__jianpucn-233028	/home/caesium-132/jianpu/images-prep/jianpucn-pop/童话 - 再版 再版 -__jianpucn-233028/001.jpg
童话 -何山编配简易版	jianpucn	103118	2	改编	童话 -何山编配简易版__jianpucn-103118	/home/caesium-132/jianpu/images-prep/jianpucn-pop/童话 -何山编配简易版__jianpucn-103118/001.jpg
童话 唯一的原调弹唱	jianpucn	223058	2	改编	童话 唯一的原调弹唱__jianpucn-223058	/home/caesium-132/jianpu/images-prep/jianpucn-pop/童话 唯一的原调弹唱__jianpucn-223058/001.jpg
童话 完整独奏版	jianpucn	214311	2	改编	童话 完整独奏版__jianpucn-214311	/home/caesium-132/jianpu/images-prep/jianpucn-pop/童话 完整独奏版__jianpucn-214311/001.jpg
童话- 浪客剑心 C调初学者版 浪客剑心 C调初学者版 -	jianpucn	234497	2	简谱	童话- 浪客剑心 C调初学者版 浪客剑心 C调初学者版 -__jianpucn-234497	/home/caesium-132/jianpu/images-prep/jianpucn-pop/童话- 浪客剑心 C调初学者版 浪客剑心 C调初学者版 -__jianpucn-234497/001.jpg
童话- 浪客剑心 简易C调版	jianpucn	102673	2	简谱	童话- 浪客剑心 简易C调版__jianpucn-102673	/home/caesium-132/jianpu/images-prep/jianpucn-pop/童话- 浪客剑心 简易C调版__jianpucn-102673/001.jpg
童话-05895464版	jianpucn	102959	2	简谱	童话-05895464版__jianpucn-102959	/home/caesium-132/jianpu/images-prep/jianpucn-pop/童话-05895464版__jianpucn-102959/001.jpg
童话-B大调	jianpucn	101378	2	简谱	童话-B大调(简易版)__jianpucn-101378	/home/caesium-132/jianpu/images-prep/jianpucn-pop/童话-B大调(简易版)__jianpucn-101378/001.jpg
童话-初级	jianpucn	10048	1	简谱	童话-初级__jianpucn-10048	/home/caesium-132/jianpu/images-prep/jianpucn-pop/童话-初级__jianpucn-10048/001.jpg
童话-吴寅飞版	jianpucn	99668	1	简谱	童话-吴寅飞版__jianpucn-99668	/home/caesium-132/jianpu/images-prep/jianpucn-pop/童话-吴寅飞版__jianpucn-99668/001.jpg
童话-巴特尔版	jianpucn	103872	2	简谱	童话-巴特尔版__jianpucn-103872	/home/caesium-132/jianpu/images-prep/jianpucn-pop/童话-巴特尔版__jianpucn-103872/001.jpg
童话-弹唱 吉他类 流行	jianpucn	113175	2	改编	童话-弹唱 吉他类 流行__jianpucn-113175	/home/caesium-132/jianpu/images-prep/jianpucn-pop/童话-弹唱 吉他类 流行__jianpucn-113175/001.jpg
童话-弹唱纯钢琴版	jianpucn	101990	2	改编	童话-弹唱纯钢琴版__jianpucn-101990	/home/caesium-132/jianpu/images-prep/jianpucn-pop/童话-弹唱纯钢琴版__jianpucn-101990/001.jpg
童话-浪客剑心版	jianpucn	103268	2	简谱	童话-浪客剑心版(演奏版)__jianpucn-103268	/home/caesium-132/jianpu/images-prep/jianpucn-pop/童话-浪客剑心版(演奏版)__jianpucn-103268/001.jpg
童话-独奏	jianpucn	176779	1	改编	童话-独奏__jianpucn-176779	/home/caesium-132/jianpu/images-prep/jianpucn-pop/童话-独奏__jianpucn-176779/001.jpg
童话-简易版-弹唱 吉他类 流行	jianpucn	113174	1	改编	童话-简易版-弹唱 吉他类 流行__jianpucn-113174	/home/caesium-132/jianpu/images-prep/jianpucn-pop/童话-简易版-弹唱 吉他类 流行__jianpucn-113174/001.jpg
童话C调清新版	jianpucn	284712	3	简谱	童话C调清新版__jianpucn-284712	/home/caesium-132/jianpu/images-prep/jianpucn-pop/童话C调清新版__jianpucn-284712/001.jpg
童话C调简单版本	jianpucn	184209	1	简谱	童话C调简单版本（学生最爱）__jianpucn-184209	/home/caesium-132/jianpu/images-prep/jianpucn-pop/童话C调简单版本（学生最爱）__jianpucn-184209/001.jpg
童话指弹	jianpucn	462183	2	改编	童话指弹 （ 吉他独奏 ）__jianpucn-462183	/home/caesium-132/jianpu/images-prep/jianpucn-pop/童话指弹 （ 吉他独奏 ）__jianpucn-462183/001.jpg
童话－简易版 键盘类 钢琴	jianpucn	113575	1	改编	童话－简易版 键盘类 钢琴__jianpucn-113575	/home/caesium-132/jianpu/images-prep/jianpucn-pop/童话－简易版 键盘类 钢琴__jianpucn-113575/001.jpg
竹林深处	qupu123	307457	1	简谱	竹林深处（王力宏词 王力宏 崔惟楷曲）__qupu123-307457	/home/caesium-132/jianpu/images-prep/qupu123-sweep/竹林深处（王力宏词 王力宏 崔惟楷曲）__qupu123-307457/001.png
竹楼梦幻	qupu123	322030	3	改编	竹楼梦幻（五线谱）__qupu123-322030	/home/caesium-132/jianpu/images-prep/qupu123-crawl/竹楼梦幻（五线谱）__qupu123-322030/001.jpg
竹筒舞歌	qupu123	335890	2	改编	竹筒舞歌（女声合唱、五线谱）__qupu123-335890	/home/caesium-132/jianpu/images-prep/qupu123-crawl/竹筒舞歌（女声合唱、五线谱）__qupu123-335890/001.jpg
笑之歌	qupu123	329196	2	简谱	笑之歌（郑桂初词_单文琅曲）__qupu123-329196	/home/caesium-132/jianpu/images-prep/qupu123-crawl/笑之歌（郑桂初词_单文琅曲）__qupu123-329196/001.jpg
笑傲红尘律己行	qupu123	309851	1	简谱	笑傲红尘律己行__qupu123-309851	/home/caesium-132/jianpu/images-prep/qupu123-sweep/笑傲红尘律己行__qupu123-309851/001.jpg
笑场	jianpucn	466231	1	改编	笑场 （ G调指法原版编配）__jianpucn-466231	/home/caesium-132/jianpu/images-prep/jianpucn-xuezhiqian/笑场 （ G调指法原版编配）__jianpucn-466231/001.jpg
笑忘书尤克里里谱	jianpucn	462422	1	改编	笑忘书尤克里里谱（ C调尤克里里弹唱谱）__jianpucn-462422	/home/caesium-132/jianpu/images-prep/jianpucn-lironghao/笑忘书尤克里里谱（ C调尤克里里弹唱谱）__jianpucn-462422/001.jpg
笑忘书钢琴	jianpujia	148878	6	改编	笑忘书钢琴简谱_李荣浩演唱__jianpujia-148878	/home/caesium-132/jianpu/images-prep/jianpujia-478/笑忘书钢琴简谱_李荣浩演唱__jianpujia-148878/001.png
笑忘歌	jianpucn	86483	2	简谱	笑忘歌(“黑松沙士”广告主题歌)__jianpucn-86483	/home/caesium-132/jianpu/images-prep/jianpucn-wuyuetian/笑忘歌(“黑松沙士”广告主题歌)__jianpucn-86483/001.jpg
笑看风云	qupu123	372394	1	改编	笑看风云（免费吉他谱）__qupu123-372394	/home/caesium-132/jianpu/images-prep/qupu123-hk/笑看风云（免费吉他谱）__qupu123-372394/001.jpg
笨小孩钢琴	jianpujia	248741	6	改编	笨小孩钢琴简谱_刘德华演唱__jianpujia-248741	/home/caesium-132/jianpu/images-prep/jianpujia-art855/笨小孩钢琴简谱_刘德华演唱__jianpujia-248741/001.png
第一千滴泪	qupu123	117797	1	简谱	第一千滴泪（蓝雨演唱）__qupu123-117797	/home/caesium-132/jianpu/images-prep/qupu123-hk/第一千滴泪（蓝雨演唱）__qupu123-117797/001.jpg
第一次2	jianpucn	213263	2	简谱	第一次2__jianpucn-213263	/home/caesium-132/jianpu/images-prep/jianpucn-pop/第一次2__jianpucn-213263/001.jpg
第一滴泪	qupu123	305310	1	简谱	第一滴泪__qupu123-305310	/home/caesium-132/jianpu/images-prep/qupu123-sweep/第一滴泪__qupu123-305310/001.jpg
第三人	jianpucn	278302	1	简谱	第三人__jianpucn-278302	/home/caesium-132/jianpu/images-prep/jianpucn-caiyilin/第三人__jianpucn-278302/001.jpg
第三天	jianpucn	10977	1	简谱	第三天__jianpucn-10977	/home/caesium-132/jianpu/images-prep/jianpucn-pop/第三天__jianpucn-10977/001.jpg
第二道彩虹	jianpucn	2717	1	简谱	第二道彩虹__jianpucn-2717	/home/caesium-132/jianpu/images-prep/jianpucn-pop/第二道彩虹__jianpucn-2717/001.jpg
第几个100天尤克里里谱	jianpucn	458847	1	改编	第几个100天尤克里里谱（ C调 ）__jianpucn-458847	/home/caesium-132/jianpu/images-prep/jianpucn-linjunjie/第几个100天尤克里里谱（ C调 ）__jianpucn-458847/001.jpg
第几个一百天	jianpucn	183523	2	简谱	第几个一百天（完整版）__jianpucn-183523	/home/caesium-132/jianpu/images-prep/jianpucn-linjunjie/第几个一百天（完整版）__jianpucn-183523/001.jpg
第几个人一百天	jianpucn	427526	2	简谱	第几个人一百天__jianpucn-427526	/home/caesium-132/jianpu/images-prep/jianpucn-linjunjie/第几个人一百天__jianpucn-427526/001.jpg
等一下呢	qupu123	370022	3	简谱	等一下呢__qupu123-370022	/home/caesium-132/jianpu/images-prep/qupu123-crawl/等一下呢__qupu123-370022/001.jpg
等一个人等一个人咖啡电影主题曲	jianpujia	395601	2	简谱	等一个人等一个人咖啡电影主题曲_思萤主题曲EPHK精准版简谱_林芯仪演唱__jianpujia-395601	/home/caesium-132/jianpu/images-prep/jianpujia-cat388/等一个人等一个人咖啡电影主题曲_思萤主题曲EPHK精准版简谱_林芯仪演唱__jianpujia-395601/001.png
等一分钟	qupu123	247653	6	简谱	等一分钟__qupu123-247653	/home/caesium-132/jianpu/images-prep/qupu123-search/等一分钟__qupu123-247653/001.jpg
等一分钟&nbsp;&nbsp;	jianpucn	38765	1	简谱	等一分钟&nbsp;&nbsp;__jianpucn-38765	/home/caesium-132/jianpu/images-prep/jianpucn-title/等一分钟&nbsp;&nbsp;__jianpucn-38765/001.jpg
等你	qupu123	309901	1	简谱	等你（刘运波词 赵国清曲）__qupu123-309901	/home/caesium-132/jianpu/images-prep/qupu123-sweep/等你（刘运波词 赵国清曲）__qupu123-309901/001.png
等你下课	jianpucn	458531	1	改编	等你下课 （ G调原版编配）__jianpucn-458531	/home/caesium-132/jianpu/images-prep/jianpucn-zhoujielun/等你下课 （ G调原版编配）__jianpucn-458531/001.jpg
等你下课吉他谱 周杰伦 G调指法	qupu123	343684	4	改编	等你下课吉他谱 周杰伦 G调指法（无限延音编配）__qupu123-343684	/home/caesium-132/jianpu/images-prep/qupu123-zhoujielun/等你下课吉他谱 周杰伦 G调指法（无限延音编配）__qupu123-343684/001.jpg
等你等到我心痛	jianpucn	2078	1	简谱	等你等到我心痛__jianpucn-2078	/home/caesium-132/jianpu/images-prep/jianpucn-zhangxueyou/等你等到我心痛__jianpucn-2078/001.jpg
等我回家钢琴	jianpujia	149977	7	改编	等我回家钢琴简谱_薛之谦演唱__jianpujia-149977	/home/caesium-132/jianpu/images-prep/jianpujia-351/等我回家钢琴简谱_薛之谦演唱__jianpujia-149977/001.png
等着你，在微信里出现	qupu123	333062	1	简谱	等着你，在微信里出现__qupu123-333062	/home/caesium-132/jianpu/images-prep/qupu123-crawl/等着你，在微信里出现__qupu123-333062/001.jpg
等风雨经过	jianpucn	457913	2	简谱	等风雨经过__jianpucn-457913	/home/caesium-132/jianpu/images-prep/jianpucn-zhangxueyou/等风雨经过__jianpucn-457913/001.jpg
等风雨经过钢琴	jianpujia	247836	4	改编	等风雨经过钢琴简谱_张学友演唱__jianpujia-247836	/home/caesium-132/jianpu/images-prep/jianpujia-art414/等风雨经过钢琴简谱_张学友演唱__jianpujia-247836/001.png
简单	jianpucn	1767	3	简谱	简单__jianpucn-1767	/home/caesium-132/jianpu/images-prep/jianpucn-xuwei/简单__jianpucn-1767/001.jpg
简单爱-简易版-弹唱 吉他类 流行	jianpucn	112971	1	改编	简单爱-简易版-弹唱 吉他类 流行__jianpucn-112971	/home/caesium-132/jianpu/images-prep/jianpucn-zhoujielun/简单爱-简易版-弹唱 吉他类 流行__jianpucn-112971/001.jpg
简单的曲子	jianpucn	173944	1	简谱	简单的曲子__jianpucn-173944	/home/caesium-132/jianpu/images-prep/jianpucn-zhoujielun/简单的曲子__jianpucn-173944/001.jpg
米老鼠	jianpucn	1684	1	简谱	米老鼠__jianpucn-1684	/home/caesium-132/jianpu/images-prep/jianpucn-wuyuetian/米老鼠__jianpucn-1684/001.jpg
粉丝飞	qupu123	328186	1	简谱	粉丝飞__qupu123-328186	/home/caesium-132/jianpu/images-prep/qupu123-sweep/粉丝飞__qupu123-328186/001.png
粉色海洋	jianpucn	458948	1	改编	粉色海洋 （ G调指法编配）__jianpucn-458948	/home/caesium-132/jianpu/images-prep/jianpucn-zhoujielun/粉色海洋 （ G调指法编配）__jianpucn-458948/001.jpg
粉色海洋指弹	jianpucn	457389	2	改编	粉色海洋指弹__jianpucn-457389	/home/caesium-132/jianpu/images-prep/jianpucn-zhoujielun/粉色海洋指弹__jianpucn-457389/001.jpg
粤语残片钢琴	jianpujia	249357	4	改编	粤语残片钢琴简谱_陈奕迅演唱__jianpujia-249357	/home/caesium-132/jianpu/images-prep/jianpujia-art315/粤语残片钢琴简谱_陈奕迅演唱__jianpujia-249357/001.png
精神的力量	qupu123	321122	1	简谱	精神的力量（束立波词 老空弦曲）__qupu123-321122	/home/caesium-132/jianpu/images-prep/qupu123-sweep/精神的力量（束立波词 老空弦曲）__qupu123-321122/001.jpg
素心种菩提	qupu123	303202	1	简谱	素心种菩提__qupu123-303202	/home/caesium-132/jianpu/images-prep/qupu123-sweep/素心种菩提__qupu123-303202/001.jpg
素颜钢琴	jianpujia	154013	5	改编	素颜钢琴简谱_数字双手_许嵩_何曼婷__jianpujia-154013	/home/caesium-132/jianpu/images-prep/jianpujia-693/素颜钢琴简谱_数字双手_许嵩_何曼婷__jianpujia-154013/001.png
紫红色的黄昏	qupu123	323540	2	改编	紫红色的黄昏（正谱）__qupu123-323540	/home/caesium-132/jianpu/images-prep/qupu123-crawl/紫红色的黄昏（正谱）__qupu123-323540/001.jpg
紫罗兰	jianpucn	11389	1	简谱	紫罗兰__jianpucn-11389	/home/caesium-132/jianpu/images-prep/jianpucn-lijian/紫罗兰__jianpucn-11389/001.jpg
紫蔷薇	qupu123	334986	4	改编	紫蔷薇（正谱）__qupu123-334986	/home/caesium-132/jianpu/images-prep/qupu123-crawl/紫蔷薇（正谱）__qupu123-334986/001.jpg
紫雨-版本1	jianpucn	178612	2	简谱	紫雨-版本1__jianpucn-178612	/home/caesium-132/jianpu/images-prep/jianpucn-qiqin/紫雨-版本1__jianpucn-178612/001.jpg
纠缠 新白娘子传奇	jianpucn	218034	2	简谱	纠缠 新白娘子传奇__jianpucn-218034	/home/caesium-132/jianpu/images-prep/jianpucn-gaoshengmei/纠缠 新白娘子传奇__jianpucn-218034/001.jpg
红军鞋	jianpujia	17771	1	简谱	红军鞋简谱(歌词)_王丽达演唱_君羊曲谱__jianpujia-17771	/home/caesium-132/jianpu/images-prep/jianpujia-12500/红军鞋简谱(歌词)_王丽达演唱_君羊曲谱__jianpujia-17771/001.gif
红叶如火	qupu123	311054	1	简谱	红叶如火__qupu123-311054	/home/caesium-132/jianpu/images-prep/qupu123-sweep/红叶如火__qupu123-311054/001.jpg
红尘客栈&nbsp;&nbsp;	jianpucn	162322	1	简谱	红尘客栈&nbsp;&nbsp;__jianpucn-162322	/home/caesium-132/jianpu/images-prep/jianpucn-title/红尘客栈&nbsp;&nbsp;__jianpucn-162322/001.jpg
红旗飘飘	qupu123	312095	1	简谱	红旗飘飘（杨显群词 宋近林曲）__qupu123-312095	/home/caesium-132/jianpu/images-prep/qupu123-sweep/红旗飘飘（杨显群词 宋近林曲）__qupu123-312095/001.jpg
红星照我去战斗	jianpucn	448997	1	简谱	红星照我去战斗（十大作曲家傅庚辰作品选（24））__jianpucn-448997	/home/caesium-132/jianpu/images-prep/jianpucn-yanweiwen/红星照我去战斗（十大作曲家傅庚辰作品选（24））__jianpucn-448997/001.jpg
红月亮	qupu123	334929	2	简谱	红月亮_红脸庞（又名：月亮想太阳）__qupu123-334929	/home/caesium-132/jianpu/images-prep/qupu123-crawl/红月亮_红脸庞（又名：月亮想太阳）__qupu123-334929/001.jpg
红玫瑰尤克里里谱	jianpucn	461884	1	改编	红玫瑰尤克里里谱（ C调带前奏版）__jianpucn-461884	/home/caesium-132/jianpu/images-prep/jianpucn-pop/红玫瑰尤克里里谱（ C调带前奏版）__jianpucn-461884/001.jpg
红玫瑰钢琴	jianpujia	149387	6	改编	红玫瑰钢琴简谱_陈奕迅演唱__jianpujia-149387	/home/caesium-132/jianpu/images-prep/jianpujia-art315/红玫瑰钢琴简谱_陈奕迅演唱__jianpujia-149387/001.png
红红的她	qupu123	321607	1	简谱	红红的她__qupu123-321607	/home/caesium-132/jianpu/images-prep/qupu123-sweep/红红的她__qupu123-321607/001.jpg
红船向未来	jianpujia	20047	2	简谱	红船向未来(王丽达演唱版)简谱(歌词)_王丽达演唱_momoliu曲谱__jianpujia-20047	/home/caesium-132/jianpu/images-prep/jianpujia-12500/红船向未来(王丽达演唱版)简谱(歌词)_王丽达演唱_momoliu曲谱__jianpujia-20047/001.jpg
红色高跟鞋 蔡健雅&nbsp;&nbsp;	jianpucn	184126	2	简谱	红色高跟鞋 蔡健雅&nbsp;&nbsp;__jianpucn-184126	/home/caesium-132/jianpu/images-prep/jianpucn-title/红色高跟鞋 蔡健雅&nbsp;&nbsp;__jianpucn-184126/001.jpg
红茶馆	jianpucn	51398	1	简谱	红茶馆(粤语)&nbsp;&nbsp;__jianpucn-51398	/home/caesium-132/jianpu/images-prep/jianpucn-title/红茶馆(粤语)&nbsp;&nbsp;__jianpucn-51398/001.jpg
红茶馆&nbsp;&nbsp;	jianpucn	70485	1	简谱	红茶馆&nbsp;&nbsp;__jianpucn-70485	/home/caesium-132/jianpu/images-prep/jianpucn-title/红茶馆&nbsp;&nbsp;__jianpucn-70485/001.jpg
红蔷薇白玫瑰	jianpucn	462395	2	简谱	红蔷薇白玫瑰 （ C调原版）__jianpucn-462395	/home/caesium-132/jianpu/images-prep/jianpucn-dengziqi/红蔷薇白玫瑰 （ C调原版）__jianpucn-462395/001.jpg
红豆情	qupu123	206925	1	简谱	红豆情（黎耀成词 曾腾芳曲）__qupu123-206925	/home/caesium-132/jianpu/images-prep/_offtarget/红豆情（黎耀成词 曾腾芳曲）__qupu123-206925/001.png
红豆杉	qupu123	217408	1	简谱	红豆杉（戚婉秋词 付广慧曲）__qupu123-217408	/home/caesium-132/jianpu/images-prep/_offtarget/红豆杉（戚婉秋词 付广慧曲）__qupu123-217408/001.jpg
红豆树下	qupu123	79360	1	简谱	红豆树下__qupu123-79360	/home/caesium-132/jianpu/images-prep/_offtarget/红豆树下__qupu123-79360/001.jpg
红豆红豆你可知	qupu123	225892	1	简谱	红豆红豆你可知（张晓明演唱版）__qupu123-225892	/home/caesium-132/jianpu/images-prep/_offtarget/红豆红豆你可知（张晓明演唱版）__qupu123-225892/001.jpg
红豆钢琴	jianpujia	149347	4	改编	红豆钢琴简谱_王菲演唱__jianpujia-149347	/home/caesium-132/jianpu/images-prep/jianpujia-3395/红豆钢琴简谱_王菲演唱__jianpujia-149347/001.png
红酒女人	qupu123	308347	1	简谱	红酒女人__qupu123-308347	/home/caesium-132/jianpu/images-prep/qupu123-sweep/红酒女人__qupu123-308347/001.jpg
红颜	qupu123	324777	1	简谱	红颜（灵山秀水 词曲）__qupu123-324777	/home/caesium-132/jianpu/images-prep/qupu123-sweep/红颜（灵山秀水 词曲）__qupu123-324777/001.jpg
红颜如霜	jianpucn	458452	1	改编	红颜如霜 （ G调带前奏编配）__jianpucn-458452	/home/caesium-132/jianpu/images-prep/jianpucn-zhoujielun/红颜如霜 （ G调带前奏编配）__jianpucn-458452/001.jpg
红鼻子驯鹿鲁道夫	jianpujia	7101	5	简谱	红鼻子驯鹿鲁道夫简谱_经典圣诞歌曲，我们的圣诞节__jianpujia-7101	/home/caesium-132/jianpu/images-prep/jianpujia-3462/红鼻子驯鹿鲁道夫简谱_经典圣诞歌曲，我们的圣诞节__jianpujia-7101/001.png
约会去看彬德桥	qupu123	305552	1	简谱	约会去看彬德桥__qupu123-305552	/home/caesium-132/jianpu/images-prep/qupu123-sweep/约会去看彬德桥__qupu123-305552/001.jpg
约定 歌曲类 钢琴伴奏谱	jianpucn	112802	1	改编	约定 歌曲类 钢琴伴奏谱__jianpucn-112802	/home/caesium-132/jianpu/images-prep/jianpucn-pop/约定 歌曲类 钢琴伴奏谱__jianpucn-112802/001.jpg
约定-windtsao版	jianpucn	100054	2	简谱	约定-windtsao版__jianpucn-100054	/home/caesium-132/jianpu/images-prep/jianpucn-pop/约定-windtsao版__jianpucn-100054/001.jpg
约定-好弹好听版	jianpucn	206416	2	简谱	约定-好弹好听版__jianpucn-206416	/home/caesium-132/jianpu/images-prep/jianpucn-pop/约定-好弹好听版__jianpucn-206416/001.jpg
约定—简易版 键盘类 钢琴	jianpucn	114747	1	改编	约定—简易版 键盘类 钢琴__jianpucn-114747	/home/caesium-132/jianpu/images-prep/jianpucn-pop/约定—简易版 键盘类 钢琴__jianpucn-114747/001.jpg
约定独奏 风华艺校版	jianpucn	213156	1	改编	约定独奏 风华艺校版__jianpucn-213156	/home/caesium-132/jianpu/images-prep/jianpucn-pop/约定独奏 风华艺校版__jianpucn-213156/001.jpg
纯真	jianpucn	2168	1	简谱	纯真（演奏版）__jianpucn-2168	/home/caesium-132/jianpu/images-prep/jianpucn-wuyuetian/纯真（演奏版）__jianpucn-2168/001.jpg
纯粹	jianpucn	1758	1	简谱	纯粹__jianpucn-1758	/home/caesium-132/jianpu/images-prep/jianpucn-xuwei/纯粹__jianpucn-1758/001.jpg
纸上雪简谱歌词	jianpujia	379427	1	简谱	纸上雪简谱歌词_许嵩演唱__jianpujia-379427	/home/caesium-132/jianpu/images-prep/jianpujia-693/纸上雪简谱歌词_许嵩演唱__jianpujia-379427/001.png
纸风车	qupu123	328401	2	简谱	纸风车（罗晓航词曲）__qupu123-328401	/home/caesium-132/jianpu/images-prep/qupu123-crawl/纸风车（罗晓航词曲）__qupu123-328401/001.jpg
纽约地铁	jianpucn	462119	2	改编	纽约地铁 （ C调原版编配）__jianpucn-462119	/home/caesium-132/jianpu/images-prep/jianpucn-zhoujielun/纽约地铁 （ C调原版编配）__jianpucn-462119/001.jpg
练习 歌曲类 钢琴伴奏谱	jianpucn	112372	2	改编	练习 歌曲类 钢琴伴奏谱__jianpucn-112372	/home/caesium-132/jianpu/images-prep/jianpucn-liudehua/练习 歌曲类 钢琴伴奏谱__jianpucn-112372/001.jpg
练习-简易版 歌曲类 钢琴伴奏谱	jianpucn	112373	2	改编	练习-简易版 歌曲类 钢琴伴奏谱__jianpucn-112373	/home/caesium-132/jianpu/images-prep/jianpucn-liudehua/练习-简易版 歌曲类 钢琴伴奏谱__jianpucn-112373/001.jpg
练习钢琴	jianpujia	252874	5	改编	练习钢琴简谱_刘德华演唱__jianpujia-252874	/home/caesium-132/jianpu/images-prep/jianpujia-art855/练习钢琴简谱_刘德华演唱__jianpujia-252874/001.png
练兵谣	qupu123	333279	2	简谱	练兵谣（石扬_词曲）__qupu123-333279	/home/caesium-132/jianpu/images-prep/qupu123-crawl/练兵谣（石扬_词曲）__qupu123-333279/001.jpg
绅士尤克里里谱	jianpucn	460945	1	改编	绅士尤克里里谱（ C调 ）__jianpucn-460945	/home/caesium-132/jianpu/images-prep/jianpucn-xuezhiqian/绅士尤克里里谱（ C调 ）__jianpucn-460945/001.jpg
绅士钢琴	jianpujia	150415	5	改编	绅士钢琴简谱_薛之谦演唱__jianpujia-150415	/home/caesium-132/jianpu/images-prep/jianpujia-351/绅士钢琴简谱_薛之谦演唱__jianpujia-150415/001.png
细水长流	jianpucn	467133	3	改编	细水长流 （ 吴京 C调原版编配）__jianpucn-467133	/home/caesium-132/jianpu/images-prep/jianpucn-liudehua/细水长流 （ 吴京 C调原版编配）__jianpucn-467133/001.jpg
终于	jianpucn	4826	3	简谱	终于__jianpucn-4826	/home/caesium-132/jianpu/images-prep/jianpucn-pop/终于__jianpucn-4826/001.jpg
终于等到你	jianpucn	244245	2	简谱	终于等到你__jianpucn-244245	/home/caesium-132/jianpu/images-prep/jianpucn-pop/终于等到你__jianpucn-244245/001.jpg
终于结束的起点尤克里里谱	jianpucn	458855	1	改编	终于结束的起点尤克里里谱（ D调）__jianpucn-458855	/home/caesium-132/jianpu/images-prep/jianpucn-wuyuetian/终于结束的起点尤克里里谱（ D调）__jianpucn-458855/001.jpg
终于结束的起点指弹	jianpucn	462499	1	改编	终于结束的起点指弹 （ 独奏 ）__jianpucn-462499	/home/caesium-132/jianpu/images-prep/jianpucn-wuyuetian/终于结束的起点指弹 （ 独奏 ）__jianpucn-462499/001.jpg
终结孤单	jianpucn	201329	2	简谱	终结孤单__jianpucn-201329	/home/caesium-132/jianpu/images-prep/jianpucn-wuyuetian/终结孤单__jianpucn-201329/001.jpg
经典 情难枕 伴奏谱	jianpucn	213034	1	改编	经典 情难枕 伴奏谱__jianpucn-213034	/home/caesium-132/jianpu/images-prep/jianpucn-jiangyuheng/经典 情难枕 伴奏谱__jianpucn-213034/001.jpg
经典 漫步人生路	jianpucn	84607	1	简谱	经典 漫步人生路__jianpucn-84607	/home/caesium-132/jianpu/images-prep/jianpucn-denglijun/经典 漫步人生路__jianpucn-84607/001.jpg
经典 漫步人生路&nbsp;&nbsp;	jianpucn	84607	1	简谱	经典 漫步人生路&nbsp;&nbsp;__jianpucn-84607	/home/caesium-132/jianpu/images-prep/jianpucn-title/经典 漫步人生路&nbsp;&nbsp;__jianpucn-84607/001.jpg
结婚进行曲	jianpucn	260282	2	简谱	结婚进行曲__jianpucn-260282	/home/caesium-132/jianpu/images-prep/jianpucn-liudehua/结婚进行曲__jianpucn-260282/001.jpg
给你	qupu123	369980	3	简谱	给你__qupu123-369980	/home/caesium-132/jianpu/images-prep/qupu123-crawl/给你__qupu123-369980/001.jpg
给你的歌	jianpucn	457912	2	简谱	给你的歌__jianpucn-457912	/home/caesium-132/jianpu/images-prep/jianpucn-dengziqi/给你的歌__jianpucn-457912/001.jpg
给你给我钢琴	jianpujia	152124	7	改编	给你给我钢琴简谱_毛不易演唱__jianpujia-152124	/home/caesium-132/jianpu/images-prep/jianpujia-362/给你给我钢琴简谱_毛不易演唱__jianpujia-152124/001.png
给家捎个话	jianpujia	19804	1	简谱	给家捎个话简谱(歌词)_王丽达演唱_沈公宝曲谱__jianpujia-19804	/home/caesium-132/jianpu/images-prep/jianpujia-12500/给家捎个话简谱(歌词)_王丽达演唱_沈公宝曲谱__jianpujia-19804/001.gif
给我一个太阳	qupu123	307311	1	简谱	给我一个太阳__qupu123-307311	/home/caesium-132/jianpu/images-prep/qupu123-sweep/给我一个太阳__qupu123-307311/001.jpg
给还没有遇见的你	jianpucn	341544	1	简谱	给还没有遇见的你__jianpucn-341544	/home/caesium-132/jianpu/images-prep/jianpucn-pop/给还没有遇见的你__jianpucn-341544/001.jpg
继续谈情	jianpucn	193907	1	简谱	继续谈情__jianpucn-193907	/home/caesium-132/jianpu/images-prep/jianpucn-liudehua/继续谈情__jianpucn-193907/001.jpg
绵绵	jianpucn	103867	2	简谱	绵绵__jianpucn-103867	/home/caesium-132/jianpu/images-prep/jianpucn-pop/绵绵__jianpucn-103867/001.jpg
绿光&nbsp;&nbsp;	jianpucn	45242	1	简谱	绿光&nbsp;&nbsp;__jianpucn-45242	/home/caesium-132/jianpu/images-prep/jianpucn-title/绿光&nbsp;&nbsp;__jianpucn-45242/001.jpg
绿光尤克里里谱	jianpucn	461938	1	改编	绿光尤克里里谱（ C调简单版）__jianpucn-461938	/home/caesium-132/jianpu/images-prep/jianpucn-pop/绿光尤克里里谱（ C调简单版）__jianpucn-461938/001.jpg
绿岛小夜曲	jianpucn	46090	1	简谱	绿岛小夜曲__jianpucn-46090	/home/caesium-132/jianpu/images-prep/jianpucn-caiqin/绿岛小夜曲__jianpucn-46090/001.jpg
绿树绿梦	qupu123	323520	2	改编	绿树绿梦（正谱）__qupu123-323520	/home/caesium-132/jianpu/images-prep/qupu123-crawl/绿树绿梦（正谱）__qupu123-323520/001.jpg
绿绿的草原	jianpujia	18400	1	简谱	绿绿的草原简谱(歌词)_雷佳演唱_王wzh曲谱__jianpujia-18400	/home/caesium-132/jianpu/images-prep/jianpujia-6369/绿绿的草原简谱(歌词)_雷佳演唱_王wzh曲谱__jianpujia-18400/001.jpg
绿色恋歌	qupu123	334786	4	简谱	绿色恋歌（池宝柱词_王辉曲）__qupu123-334786	/home/caesium-132/jianpu/images-prep/qupu123-crawl/绿色恋歌（池宝柱词_王辉曲）__qupu123-334786/001.jpg
绿色的传奇	qupu123	308005	1	简谱	绿色的传奇__qupu123-308005	/home/caesium-132/jianpu/images-prep/qupu123-sweep/绿色的传奇__qupu123-308005/001.jpg
编平凡之路	jianpucn	265358	2	简谱	编平凡之路__jianpucn-265358	/home/caesium-132/jianpu/images-prep/jianpucn-pushu/编平凡之路__jianpucn-265358/001.jpg
缘分到头还是愁	qupu123	308237	1	简谱	缘分到头还是愁__qupu123-308237	/home/caesium-132/jianpu/images-prep/qupu123-sweep/缘分到头还是愁__qupu123-308237/001.jpg
缘溪行	qupu123	332957	2	简谱	缘溪行_后童吟__qupu123-332957	/home/caesium-132/jianpu/images-prep/qupu123-crawl/缘溪行_后童吟__qupu123-332957/001.jpg
缘落钢琴	jianpujia	154437	2	改编	缘落钢琴简谱_数字双手_陆虎_周深__jianpujia-154437	/home/caesium-132/jianpu/images-prep/jianpujia-380/缘落钢琴简谱_数字双手_陆虎_周深__jianpujia-154437/001.png
缘起	jianpujia	7221	1	简谱	缘起简谱(歌词)_周深演唱__白蛇：缘起_电影推广曲__jianpujia-7221	/home/caesium-132/jianpu/images-prep/jianpujia-380/缘起简谱(歌词)_周深演唱__白蛇：缘起_电影推广曲__jianpujia-7221/001.png
缘难初见	qupu123	304071	1	简谱	缘难初见__qupu123-304071	/home/caesium-132/jianpu/images-prep/qupu123-sweep/缘难初见__qupu123-304071/001.jpg
缝合心的碎片	qupu123	114604	1	简谱	缝合心的碎片（王雪玲词_郑惠铭曲）__qupu123-114604	/home/caesium-132/jianpu/images-prep/qupu123-mp041/缝合心的碎片（王雪玲词_郑惠铭曲）__qupu123-114604/001.jpg
缱绻星光下	qupu123	202997	2	改编	缱绻星光下（小提琴谱）__qupu123-202997	/home/caesium-132/jianpu/images-prep/qupu123-hk/缱绻星光下（小提琴谱）__qupu123-202997/001.jpg
缺口等一个人咖啡电影主题曲	jianpujia	395598	2	简谱	缺口等一个人咖啡电影主题曲_阿拓主题曲EPHK精准版简谱_庾澄庆演唱__jianpujia-395598	/home/caesium-132/jianpu/images-prep/jianpujia-cat388/缺口等一个人咖啡电影主题曲_阿拓主题曲EPHK精准版简谱_庾澄庆演唱__jianpujia-395598/001.png
罗刹海市D调	jianpucn	472138	1	简谱	罗刹海市D调__jianpucn-472138	/home/caesium-132/jianpu/images-prep/jianpucn-daolang/罗刹海市D调__jianpucn-472138/001.jpg
罗刹海市mkv完整版	jianpucn	472319	1	简谱	罗刹海市mkv完整版__jianpucn-472319	/home/caesium-132/jianpu/images-prep/jianpucn-daolang/罗刹海市mkv完整版__jianpucn-472319/001.jpg
罗大佑 恋曲1990 喀什怒放	jianpucn	208260	1	简谱	罗大佑 恋曲1990 喀什怒放__jianpucn-208260	/home/caesium-132/jianpu/images-prep/jianpucn-luodayou/罗大佑 恋曲1990 喀什怒放__jianpucn-208260/001.jpg
罗大佑-童年	jianpucn	85758	1	简谱	罗大佑-童年__jianpucn-85758	/home/caesium-132/jianpu/images-prep/jianpucn-pop/罗大佑-童年__jianpucn-85758/001.jpg
羊角花开	qupu123	327571	19	改编	羊角花开（带打击乐总谱+钢琴伴奏）__qupu123-327571	/home/caesium-132/jianpu/images-prep/qupu123-crawl/羊角花开（带打击乐总谱+钢琴伴奏）__qupu123-327571/001.jpg
羌族锅庄舞曲	qupu123	327470	7	改编	羌族锅庄舞曲（正谱）__qupu123-327470	/home/caesium-132/jianpu/images-prep/qupu123-crawl/羌族锅庄舞曲（正谱）__qupu123-327470/001.jpg
美丽仙游	qupu123	307764	1	简谱	美丽仙游__qupu123-307764	/home/caesium-132/jianpu/images-prep/qupu123-sweep/美丽仙游__qupu123-307764/001.jpg
美丽射阳	jianpujia	20049	1	简谱	美丽射阳简谱(歌词)_王丽达演唱_momoliu曲谱__jianpujia-20049	/home/caesium-132/jianpu/images-prep/jianpujia-12500/美丽射阳简谱(歌词)_王丽达演唱_momoliu曲谱__jianpujia-20049/001.jpg
美丽的临夏我的家	qupu123	319004	3	简谱	美丽的临夏我的家__qupu123-319004	/home/caesium-132/jianpu/images-prep/qupu123-crawl/美丽的临夏我的家__qupu123-319004/001.jpg
美丽的回忆	jianpucn	118456	1	简谱	美丽的回忆__jianpucn-118456	/home/caesium-132/jianpu/images-prep/jianpucn-liudehua/美丽的回忆__jianpucn-118456/001.jpg
美丽的大海	qupu123	178198	1	简谱	美丽的大海__qupu123-178198	/home/caesium-132/jianpu/images-prep/_offtarget/美丽的大海__qupu123-178198/001.jpg
美丽的女人	jianpucn	89936	1	简谱	美丽的女人__jianpucn-89936	/home/caesium-132/jianpu/images-prep/jianpucn-xuwei/美丽的女人__jianpucn-89936/001.jpg
美丽的姑娘	jianpucn	47450	2	简谱	美丽的姑娘__jianpucn-47450	/home/caesium-132/jianpu/images-prep/jianpucn-pushu/美丽的姑娘__jianpucn-47450/001.jpg
美丽的季节	qupu123	306499	1	简谱	美丽的季节（菜籽 词曲）__qupu123-306499	/home/caesium-132/jianpu/images-prep/qupu123-sweep/美丽的季节（菜籽 词曲）__qupu123-306499/001.jpg
美丽的广西	qupu123	333454	3	简谱	美丽的广西（黎强词_李勇改词作曲）__qupu123-333454	/home/caesium-132/jianpu/images-prep/qupu123-crawl/美丽的广西（黎强词_李勇改词作曲）__qupu123-333454/001.jpg
美丽的心情 钢琴 —	jianpucn	228573	2	改编	美丽的心情 钢琴 —__jianpucn-228573	/home/caesium-132/jianpu/images-prep/jianpucn-songzuying/美丽的心情 钢琴 —__jianpucn-228573/001.jpg
美丽的桂林	qupu123	333029	2	简谱	美丽的桂林（刘瑞桂_词曲）__qupu123-333029	/home/caesium-132/jianpu/images-prep/qupu123-crawl/美丽的桂林（刘瑞桂_词曲）__qupu123-333029/001.jpg
美丽的神话	jianpucn	7129	1	简谱	美丽的神话__jianpucn-7129	/home/caesium-132/jianpu/images-prep/jianpucn-hanhong/美丽的神话__jianpucn-7129/001.jpg
美丽的草原刘金花宋晓英词宋晓英曲美丽的草原刘金花	jianpujia	415216	1	简谱	美丽的草原刘金花宋晓英词宋晓英曲美丽的草原刘金花_宋晓英词_宋晓英曲简谱__jianpujia-415216	/home/caesium-132/jianpu/images-prep/jianpujia-6223/美丽的草原刘金花宋晓英词宋晓英曲美丽的草原刘金花_宋晓英词_宋晓英曲简谱__jianpujia-415216/001.gif
美丽的草原孙书林词石焱曲美丽的草原孙书林词	jianpujia	415214	1	简谱	美丽的草原孙书林词石焱曲美丽的草原孙书林词_石焱曲简谱__jianpujia-415214	/home/caesium-132/jianpu/images-prep/jianpujia-6223/美丽的草原孙书林词石焱曲美丽的草原孙书林词_石焱曲简谱__jianpujia-415214/001.gif
美丽的草原童童词张文曲美丽的草原童童词	jianpujia	400490	1	简谱	美丽的草原童童词张文曲美丽的草原童童词_张文曲简谱__jianpujia-400490	/home/caesium-132/jianpu/images-prep/jianpujia-6223/美丽的草原童童词张文曲美丽的草原童童词_张文曲简谱__jianpujia-400490/001.png
美丽的草原谢淑清词雷晓峰曲美丽的草原谢淑清词	jianpujia	214254	1	简谱	美丽的草原谢淑清词雷晓峰曲美丽的草原谢淑清词_雷晓峰曲简谱__jianpujia-214254	/home/caesium-132/jianpu/images-prep/jianpujia-6223/美丽的草原谢淑清词雷晓峰曲美丽的草原谢淑清词_雷晓峰曲简谱__jianpujia-214254/001.png
美丽的远航	qupu123	324627	3	改编	美丽的远航（童声合唱、正谱）__qupu123-324627	/home/caesium-132/jianpu/images-prep/qupu123-crawl/美丽的远航（童声合唱、正谱）__qupu123-324627/001.jpg
美丽邂逅	qupu123	304675	1	简谱	美丽邂逅（谢义长词 董其英曲）__qupu123-304675	/home/caesium-132/jianpu/images-prep/qupu123-sweep/美丽邂逅（谢义长词 董其英曲）__qupu123-304675/001.jpg
美丽风情特克斯	qupu123	306410	1	简谱	美丽风情特克斯__qupu123-306410	/home/caesium-132/jianpu/images-prep/qupu123-sweep/美丽风情特克斯__qupu123-306410/001.jpg
美人痛	jianpujia	75377	1	简谱	美人痛简谱(歌词)_刘德华演唱_Z.E.Z.记谱制作__jianpujia-75377	/home/caesium-132/jianpu/images-prep/jianpujia-855/美人痛简谱(歌词)_刘德华演唱_Z.E.Z.记谱制作__jianpujia-75377/001.gif
美人窝美	jianpujia	18389	1	简谱	美人窝美简谱(歌词)_雷佳演唱_王wzh曲谱__jianpujia-18389	/home/caesium-132/jianpu/images-prep/jianpujia-6369/美人窝美简谱(歌词)_雷佳演唱_王wzh曲谱__jianpujia-18389/001.jpg
美人鱼－简易版 键盘类 钢琴	jianpucn	113680	1	改编	美人鱼－简易版 键盘类 钢琴__jianpucn-113680	/home/caesium-132/jianpu/images-prep/jianpucn-linjunjie/美人鱼－简易版 键盘类 钢琴__jianpucn-113680/001.jpg
美在沈阳	qupu123	311060	1	简谱	美在沈阳（吴善翎词 陈涤非曲）__qupu123-311060	/home/caesium-132/jianpu/images-prep/qupu123-sweep/美在沈阳（吴善翎词 陈涤非曲）__qupu123-311060/001.jpg
美好家园	qupu123	335348	2	简谱	美好家园（金文艺_词曲）__qupu123-335348	/home/caesium-132/jianpu/images-prep/qupu123-crawl/美好家园（金文艺_词曲）__qupu123-335348/001.jpg
美梦难成	qupu123	370393	3	简谱	美梦难成__qupu123-370393	/home/caesium-132/jianpu/images-prep/qupu123-crawl/美梦难成__qupu123-370393/001.jpg
美酒加咖啡,原稿,和弦,前奏间奏	jianpucn	111067	1	改编	美酒加咖啡,原稿,和弦,前奏间奏__jianpucn-111067	/home/caesium-132/jianpu/images-prep/jianpucn-denglijun/美酒加咖啡,原稿,和弦,前奏间奏__jianpucn-111067/001.jpg
美酒加咖啡钢琴	jianpujia	150581	5	改编	美酒加咖啡钢琴简谱_邓丽君演唱__jianpujia-150581	/home/caesium-132/jianpu/images-prep/jianpujia-1252/美酒加咖啡钢琴简谱_邓丽君演唱__jianpujia-150581/001.png
羞答答的玫瑰静悄悄地开独奏曲	jianpucn	208857	1	改编	羞答答的玫瑰静悄悄地开独奏曲__jianpucn-208857	/home/caesium-132/jianpu/images-prep/jianpucn-mengtingwei/羞答答的玫瑰静悄悄地开独奏曲__jianpucn-208857/001.jpg
老了十岁	jianpucn	130315	3	简谱	老了十岁__jianpucn-130315	/home/caesium-132/jianpu/images-prep/jianpucn-pop/老了十岁__jianpucn-130315/001.jpg
老地方	jianpucn	11101	3	简谱	老地方__jianpucn-11101	/home/caesium-132/jianpu/images-prep/jianpucn-wuyuetian/老地方__jianpucn-11101/001.jpg
老地方相见	jianpucn	44326	3	简谱	老地方相见__jianpucn-44326	/home/caesium-132/jianpu/images-prep/jianpucn-wuyuetian/老地方相见__jianpucn-44326/001.jpg
老头与狗	qupu123	315783	1	简谱	老头与狗__qupu123-315783	/home/caesium-132/jianpu/images-prep/qupu123-sweep/老头与狗__qupu123-315783/001.png
老婆你是我的牵挂	qupu123	315427	1	简谱	老婆你是我的牵挂__qupu123-315427	/home/caesium-132/jianpu/images-prep/qupu123-sweep/老婆你是我的牵挂__qupu123-315427/001.jpg
老婆赛过纪检会	qupu123	312099	1	简谱	老婆赛过纪检会__qupu123-312099	/home/caesium-132/jianpu/images-prep/qupu123-sweep/老婆赛过纪检会__qupu123-312099/001.jpg
老家的父亲	qupu123	306991	1	简谱	老家的父亲（刘岐山词 黄清林曲）__qupu123-306991	/home/caesium-132/jianpu/images-prep/qupu123-sweep/老家的父亲（刘岐山词 黄清林曲）__qupu123-306991/001.jpg
老师	qupu123	333154	2	简谱	老师_我爱您__qupu123-333154	/home/caesium-132/jianpu/images-prep/qupu123-crawl/老师_我爱您__qupu123-333154/001.jpg
老年开心歌	qupu123	326409	3	简谱	老年开心歌（刘岐山词 于珂群曲）__qupu123-326409	/home/caesium-132/jianpu/images-prep/qupu123-sweep/老年开心歌（刘岐山词 于珂群曲）__qupu123-326409/001.jpg
老张的歌-	jianpucn	175470	1	简谱	老张的歌-（手写谱）__jianpucn-175470	/home/caesium-132/jianpu/images-prep/jianpucn-renxianqi/老张的歌-（手写谱）__jianpucn-175470/001.jpg
老来乐	qupu123	316969	1	简谱	老来乐（刘庆林词 武秀林曲）__qupu123-316969	/home/caesium-132/jianpu/images-prep/qupu123-sweep/老来乐（刘庆林词 武秀林曲）__qupu123-316969/001.jpg
老爸老妈	qupu123	333882	2	简谱	老爸老妈_我想家了__qupu123-333882	/home/caesium-132/jianpu/images-prep/qupu123-crawl/老爸老妈_我想家了__qupu123-333882/001.jpg
老爸老妈 我想家了	qupu123	333882	1	简谱	老爸老妈 我想家了__qupu123-333882	/home/caesium-132/jianpu/images-prep/qupu123-sweep/老爸老妈 我想家了__qupu123-333882/001.jpg
老班之歌	qupu123	305563	1	简谱	老班之歌__qupu123-305563	/home/caesium-132/jianpu/images-prep/qupu123-sweep/老班之歌__qupu123-305563/001.jpg
老男孩	qupu123	288567	3	简谱	老男孩__qupu123-288567	/home/caesium-132/jianpu/images-prep/qupu123-mp086/老男孩__qupu123-288567/001.png
老百姓眼中的英雄	qupu123	306992	1	简谱	老百姓眼中的英雄__qupu123-306992	/home/caesium-132/jianpu/images-prep/qupu123-sweep/老百姓眼中的英雄__qupu123-306992/001.jpg
老鸟，小鸟	qupu123	323387	2	改编	老鸟，小鸟（五线谱）__qupu123-323387	/home/caesium-132/jianpu/images-prep/qupu123-crawl/老鸟，小鸟（五线谱）__qupu123-323387/001.jpg
老鹰之歌	qupu123	365147	3	简谱	老鹰之歌（El Condor Pasa）__qupu123-365147	/home/caesium-132/jianpu/images-prep/qupu123-west/老鹰之歌（El Condor Pasa）__qupu123-365147/001.jpg
老鹰抓小鸡	qupu123	328291	2	简谱	老鹰抓小鸡（罗晓航词曲）__qupu123-328291	/home/caesium-132/jianpu/images-prep/qupu123-crawl/老鹰抓小鸡（罗晓航词曲）__qupu123-328291/001.jpg
而我知道	jianpucn	2169	1	简谱	而我知道__jianpucn-2169	/home/caesium-132/jianpu/images-prep/jianpucn-wuyuetian/而我知道__jianpucn-2169/001.jpg
聊聊	jianpucn	462481	2	改编	聊聊 （ G调指法原版编配）__jianpucn-462481	/home/caesium-132/jianpu/images-prep/jianpucn-maobuyi/聊聊 （ G调指法原版编配）__jianpucn-462481/001.jpg
聊表心意 -C调	jianpucn	467802	2	简谱	聊表心意 -C调__jianpucn-467802	/home/caesium-132/jianpu/images-prep/jianpucn-xuezhiqian/聊表心意 -C调__jianpucn-467802/001.jpg
聚英荟萃皆栋梁	qupu123	335106	3	改编	聚英荟萃皆栋梁（合唱、五线谱）__qupu123-335106	/home/caesium-132/jianpu/images-prep/qupu123-crawl/聚英荟萃皆栋梁（合唱、五线谱）__qupu123-335106/001.jpg
肆无忌惮	jianpucn	457796	2	简谱	肆无忌惮__jianpucn-457796	/home/caesium-132/jianpu/images-prep/jianpucn-xuezhiqian/肆无忌惮__jianpucn-457796/001.jpg
背对背拥抱	jianpucn	458225	2	改编	背对背拥抱 （ C调原版编配）__jianpucn-458225	/home/caesium-132/jianpu/images-prep/jianpucn-linjunjie/背对背拥抱 （ C调原版编配）__jianpucn-458225/001.jpg
背对背拥抱-【琅琅吉他】原版编配---林俊杰	jianpucn	202207	2	改编	背对背拥抱-【琅琅吉他】原版编配---林俊杰__jianpucn-202207	/home/caesium-132/jianpu/images-prep/jianpucn-linjunjie/背对背拥抱-【琅琅吉他】原版编配---林俊杰__jianpucn-202207/001.jpg
背对背的拥抱尤克里里谱	jianpucn	458674	2	改编	背对背的拥抱尤克里里谱（ C调四 ）__jianpucn-458674	/home/caesium-132/jianpu/images-prep/jianpucn-linjunjie/背对背的拥抱尤克里里谱（ C调四 ）__jianpucn-458674/001.jpg
背粮歌	qupu123	335895	2	改编	背粮歌（五线谱）__qupu123-335895	/home/caesium-132/jianpu/images-prep/qupu123-crawl/背粮歌（五线谱）__qupu123-335895/001.jpg
背过手尤克里里谱	jianpucn	458664	1	改编	背过手尤克里里谱（ C调带前奏版）__jianpucn-458664	/home/caesium-132/jianpu/images-prep/jianpucn-xuezhiqian/背过手尤克里里谱（ C调带前奏版）__jianpucn-458664/001.jpg
胭脂妆&nbsp;&nbsp;	jianpucn	475872	18	简谱	胭脂妆&nbsp;&nbsp;__jianpucn-475872	/home/caesium-132/jianpu/images-prep/test-jianpucn/胭脂妆&nbsp;&nbsp;__jianpucn-475872/001.jpg
能用的 倔强 五月天	jianpucn	39234	2	改编	能用的 倔强 五月天 总谱__jianpucn-39234	/home/caesium-132/jianpu/images-prep/jianpucn-wuyuetian/能用的 倔强 五月天 总谱__jianpucn-39234/001.jpg
脱胎换骨尤克里里谱	jianpucn	458934	1	改编	脱胎换骨尤克里里谱（ G调 ）__jianpucn-458934	/home/caesium-132/jianpu/images-prep/jianpucn-wuyuetian/脱胎换骨尤克里里谱（ G调 ）__jianpucn-458934/001.jpg
脸儿微笑梦儿香	jianpujia	18718	1	简谱	脸儿微笑梦儿香简谱(歌词)_邓丽君演唱_王wzh曲谱__jianpujia-18718	/home/caesium-132/jianpu/images-prep/jianpujia-1252/脸儿微笑梦儿香简谱(歌词)_邓丽君演唱_王wzh曲谱__jianpujia-18718/001.gif
脸咋这么厚	qupu123	370467	4	简谱	脸咋这么厚（刘妍演唱谱）__qupu123-370467	/home/caesium-132/jianpu/images-prep/qupu123-crawl/脸咋这么厚（刘妍演唱谱）__qupu123-370467/001.jpg
腾飞的草原	qupu123	324033	3	改编	腾飞的草原（正谱）__qupu123-324033	/home/caesium-132/jianpu/images-prep/qupu123-crawl/腾飞的草原（正谱）__qupu123-324033/001.jpg
自从有了你	jianpucn	42823	1	简谱	自从有了你（《还珠格格》续集片头曲）&nbsp;&nbsp;__jianpucn-42823	/home/caesium-132/jianpu/images-prep/jianpucn-title/自从有了你（《还珠格格》续集片头曲）&nbsp;&nbsp;__jianpucn-42823/001.jpg
自从有了你&nbsp;&nbsp;	jianpucn	462307	4	简谱	自从有了你&nbsp;&nbsp;__jianpucn-462307	/home/caesium-132/jianpu/images-prep/jianpucn-title/自从有了你&nbsp;&nbsp;__jianpucn-462307/001.jpg
自从那一天	qupu123	328709	1	简谱	自从那一天__qupu123-328709	/home/caesium-132/jianpu/images-prep/qupu123-sweep/自从那一天__qupu123-328709/001.jpg
自分への手紙钢琴	jianpujia	251735	5	改编	自分への手紙钢琴简谱_西村由纪江__陈奕迅演唱__jianpujia-251735	/home/caesium-132/jianpu/images-prep/jianpujia-art315/自分への手紙钢琴简谱_西村由纪江__陈奕迅演唱__jianpujia-251735/001.png
自导自演	jianpucn	180201	2	简谱	自导自演__jianpucn-180201	/home/caesium-132/jianpu/images-prep/jianpucn-zhoujielun/自导自演__jianpucn-180201/001.jpg
自己英雄	qupu123	326330	1	简谱	自己英雄__qupu123-326330	/home/caesium-132/jianpu/images-prep/qupu123-sweep/自己英雄__qupu123-326330/001.jpg
自我催眠	jianpucn	245745	2	改编	自我催眠（ 弹唱版）__jianpucn-245745	/home/caesium-132/jianpu/images-prep/jianpucn-zhoujielun/自我催眠（ 弹唱版）__jianpucn-245745/001.jpg
自由的歌者	qupu123	323228	1	简谱	自由的歌者__qupu123-323228	/home/caesium-132/jianpu/images-prep/qupu123-sweep/自由的歌者__qupu123-323228/001.jpg
自由飞翔	jianpucn	278368	1	改编	自由飞翔( 和弦)__jianpucn-278368	/home/caesium-132/jianpu/images-prep/jianpucn-fenghuangchuanqi/自由飞翔( 和弦)__jianpucn-278368/001.jpg
自由飞翔—凤凰传奇	jianpucn	174150	2	简谱	自由飞翔—凤凰传奇__jianpucn-174150	/home/caesium-132/jianpu/images-prep/jianpucn-fenghuangchuanqi/自由飞翔—凤凰传奇__jianpucn-174150/001.jpg
自由飞翔伴奏	jianpucn	453168	1	改编	自由飞翔伴奏（降B调伴奏）__jianpucn-453168	/home/caesium-132/jianpu/images-prep/jianpucn-fenghuangchuanqi/自由飞翔伴奏（降B调伴奏）__jianpucn-453168/001.jpg
至少还有你	jianpucn	466144	2	改编	至少还有你 （ C调原版编配）__jianpucn-466144	/home/caesium-132/jianpu/images-prep/jianpucn-pop/至少还有你 （ C调原版编配）__jianpucn-466144/001.jpg
至少还有你 弹唱版	jianpucn	99620	2	改编	至少还有你 弹唱版__jianpucn-99620	/home/caesium-132/jianpu/images-prep/jianpucn-pop/至少还有你 弹唱版__jianpucn-99620/001.jpg
至少还有你 男声伴奏弹唱版 《大丈夫》电视剧主题曲	jianpucn	251483	2	改编	至少还有你 男声伴奏弹唱版 《大丈夫》电视剧主题曲__jianpucn-251483	/home/caesium-132/jianpu/images-prep/jianpucn-pop/至少还有你 男声伴奏弹唱版 《大丈夫》电视剧主题曲__jianpucn-251483/001.jpg
至少还有你-adesjo版	jianpucn	101062	2	简谱	至少还有你-adesjo版__jianpucn-101062	/home/caesium-132/jianpu/images-prep/jianpucn-pop/至少还有你-adesjo版__jianpucn-101062/001.jpg
至少还有你-緋村剑心编配弹唱版	jianpucn	102837	2	改编	至少还有你-緋村剑心编配弹唱版__jianpucn-102837	/home/caesium-132/jianpu/images-prep/jianpucn-pop/至少还有你-緋村剑心编配弹唱版__jianpucn-102837/001.jpg
至美无价	qupu123	322965	1	简谱	至美无价__qupu123-322965	/home/caesium-132/jianpu/images-prep/qupu123-sweep/至美无价__qupu123-322965/001.jpg
致意南极	qupu123	323758	4	改编	致意南极（正谱）__qupu123-323758	/home/caesium-132/jianpu/images-prep/qupu123-crawl/致意南极（正谱）__qupu123-323758/001.jpg
致我的学生	qupu123	309221	1	简谱	致我的学生__qupu123-309221	/home/caesium-132/jianpu/images-prep/qupu123-sweep/致我的学生__qupu123-309221/001.png
致青春	jianpujia	252886	5	改编	致青春_钢琴简谱_王菲__Faye_Wong演唱__jianpujia-252886	/home/caesium-132/jianpu/images-prep/jianpujia-art3395/致青春_钢琴简谱_王菲__Faye_Wong演唱__jianpujia-252886/001.png
致青春吉他谱六线谱	qupu123	77612	4	改编	致青春吉他谱六线谱（王菲）__qupu123-77612	/home/caesium-132/jianpu/images-prep/qupu123-wangfei/致青春吉他谱六线谱（王菲）__qupu123-77612/001.jpg
致青春钢琴	jianpujia	247233	7	改编	致青春钢琴简谱_王菲演唱__jianpujia-247233	/home/caesium-132/jianpu/images-prep/jianpujia-art3395/致青春钢琴简谱_王菲演唱__jianpujia-247233/001.png
舀河浜&nbsp;&nbsp;	jianpucn	475614	11	简谱	舀河浜&nbsp;&nbsp;__jianpucn-475614	/home/caesium-132/jianpu/images-prep/test-jianpucn/舀河浜&nbsp;&nbsp;__jianpucn-475614/001.jpg
舍不得说再见	jianpucn	4278	1	简谱	舍不得说再见__jianpucn-4278	/home/caesium-132/jianpu/images-prep/jianpucn-pop/舍不得说再见__jianpucn-4278/001.jpg
舞伴泪影	jianpucn	178996	1	简谱	舞伴泪影__jianpucn-178996	/home/caesium-132/jianpu/images-prep/jianpucn-denglijun/舞伴泪影__jianpucn-178996/001.jpg
舞动草原	jianpucn	138471	1	简谱	舞动草原__jianpucn-138471	/home/caesium-132/jianpu/images-prep/jianpucn-fenghuangchuanqi/舞动草原__jianpucn-138471/001.jpg
舞台初恋	qupu123	311079	1	简谱	舞台初恋__qupu123-311079	/home/caesium-132/jianpu/images-prep/qupu123-sweep/舞台初恋__qupu123-311079/001.jpg
舞孃-	jianpucn	102474	2	简谱	舞孃-(舞娘)__jianpucn-102474	/home/caesium-132/jianpu/images-prep/jianpucn-caiyilin/舞孃-(舞娘)__jianpucn-102474/001.jpg
船过水无痕	qupu123	370129	3	简谱	船过水无痕__qupu123-370129	/home/caesium-132/jianpu/images-prep/qupu123-crawl/船过水无痕__qupu123-370129/001.jpg
艾莎公主之恋	qupu123	324761	1	简谱	艾莎公主之恋__qupu123-324761	/home/caesium-132/jianpu/images-prep/qupu123-sweep/艾莎公主之恋__qupu123-324761/001.jpg
节拍器	jianpucn	121824	2	简谱	节拍器__jianpucn-121824	/home/caesium-132/jianpu/images-prep/jianpucn-caiyilin/节拍器__jianpucn-121824/001.jpg
芙蓉花	jianpujia	18549	1	简谱	芙蓉花简谱(歌词)_王丽达演唱_王wzh曲谱__jianpujia-18549	/home/caesium-132/jianpu/images-prep/jianpujia-12500/芙蓉花简谱(歌词)_王丽达演唱_王wzh曲谱__jianpujia-18549/001.jpg
芦花	jianpujia	18409	1	简谱	芦花简谱(歌词)_雷佳演唱_王wzh曲谱__jianpujia-18409	/home/caesium-132/jianpu/images-prep/jianpujia-6369/芦花简谱(歌词)_雷佳演唱_王wzh曲谱__jianpujia-18409/001.jpg
芬芳一生尤克里里谱	jianpucn	458858	1	改编	芬芳一生尤克里里谱（ F调附前奏）__jianpucn-458858	/home/caesium-132/jianpu/images-prep/jianpucn-maobuyi/芬芳一生尤克里里谱（ F调附前奏）__jianpucn-458858/001.jpg
芭蕉布	jianpucn	231878	1	简谱	芭蕉布__jianpucn-231878	/home/caesium-132/jianpu/images-prep/jianpucn-liguyi/芭蕉布__jianpucn-231878/001.jpg
花儿与少年	qupu123	370048	2	简谱	花儿与少年（完整版歌词演唱）__qupu123-370048	/home/caesium-132/jianpu/images-prep/qupu123-crawl/花儿与少年（完整版歌词演唱）__qupu123-370048/001.jpg
花儿为什么这样红	jianpujia	15207	5	简谱	花儿为什么这样红简谱__宋祖英___美妙歌声的背后让人唏嘘不已__jianpujia-15207	/home/caesium-132/jianpu/images-prep/jianpujia-6982/花儿为什么这样红简谱__宋祖英___美妙歌声的背后让人唏嘘不已__jianpujia-15207/001.png
花儿朵朵开	qupu123	307339	1	简谱	花儿朵朵开（张海峰词 梁海洋曲）__qupu123-307339	/home/caesium-132/jianpu/images-prep/qupu123-sweep/花儿朵朵开（张海峰词 梁海洋曲）__qupu123-307339/001.png
花又落	qupu123	323140	2	简谱	花又落__qupu123-323140	/home/caesium-132/jianpu/images-prep/qupu123-crawl/花又落__qupu123-323140/001.jpg
花园-弹唱版	jianpucn	102264	2	改编	花园-弹唱版__jianpucn-102264	/home/caesium-132/jianpu/images-prep/jianpucn-pop/花园-弹唱版__jianpucn-102264/001.jpg
花园——PY版	jianpucn	206955	2	简谱	花园——PY版__jianpucn-206955	/home/caesium-132/jianpu/images-prep/jianpucn-pop/花园——PY版__jianpucn-206955/001.jpg
花妖花妖 高清彩谱	jianpucn	473365	3	简谱	花妖花妖 高清彩谱__jianpucn-473365	/home/caesium-132/jianpu/images-prep/jianpucn-daolang/花妖花妖 高清彩谱__jianpucn-473365/001.jpg
花开成海	qupu123	314446	1	简谱	花开成海（阡寒词 顾春雨曲）__qupu123-314446	/home/caesium-132/jianpu/images-prep/qupu123-sweep/花开成海（阡寒词 顾春雨曲）__qupu123-314446/001.png
花开新时代	jianpujia	19977	1	简谱	花开新时代简谱(歌词)_雷佳演唱_momoliu曲谱__jianpujia-19977	/home/caesium-132/jianpu/images-prep/jianpujia-6369/花开新时代简谱(歌词)_雷佳演唱_momoliu曲谱__jianpujia-19977/001.jpg
花开的声音	jianpucn	13	1	简谱	花开的声音__jianpucn-13	/home/caesium-132/jianpu/images-prep/jianpucn-pop/花开的声音__jianpucn-13/001.jpg
花开鸟叫故乡美	qupu123	307972	1	简谱	花开鸟叫故乡美__qupu123-307972	/home/caesium-132/jianpu/images-prep/qupu123-sweep/花开鸟叫故乡美__qupu123-307972/001.jpg
花心 吉他类 流行	jianpucn	91261	1	改编	花心 吉他类 流行__jianpucn-91261	/home/caesium-132/jianpu/images-prep/jianpucn-zhouhuajian/花心 吉他类 流行__jianpucn-91261/001.jpg
花心－－周华健	jianpucn	95789	1	简谱	花心－－周华健__jianpucn-95789	/home/caesium-132/jianpu/images-prep/jianpucn-zhouhuajian/花心－－周华健__jianpucn-95789/001.jpg
花样年华	jianpucn	469236	1	改编	花样年华 （ G调原版编配）__jianpucn-469236	/home/caesium-132/jianpu/images-prep/jianpucn-lironghao/花样年华 （ G调原版编配）__jianpucn-469236/001.jpg
花海	jianpucn	470596	2	改编	花海 （ G调指法编配）__jianpucn-470596	/home/caesium-132/jianpu/images-prep/jianpucn-zhoujielun/花海 （ G调指法编配）__jianpucn-470596/001.jpg
花溅泪	qupu123	315529	1	简谱	花溅泪__qupu123-315529	/home/caesium-132/jianpu/images-prep/qupu123-sweep/花溅泪__qupu123-315529/001.png
花的草原陈川、金凤词陈川曲花的草原陈川、金凤词	jianpujia	410717	1	简谱	花的草原陈川、金凤词陈川曲花的草原陈川、金凤词_陈川曲简谱_央金兰泽演唱_陈川、金凤_陈川词曲__jianpujia-410717	/home/caesium-132/jianpu/images-prep/jianpujia-6223/花的草原陈川、金凤词陈川曲花的草原陈川、金凤词_陈川曲简谱_央金兰泽演唱_陈川、金凤_陈川词曲__jianpujia-410717/001.gif
花篱笆	qupu123	324639	2	简谱	花篱笆__qupu123-324639	/home/caesium-132/jianpu/images-prep/qupu123-crawl/花篱笆__qupu123-324639/001.jpg
花背带	qupu123	321386	3	改编	花背带（黄露瑶词_赵琳曲、五线谱）__qupu123-321386	/home/caesium-132/jianpu/images-prep/qupu123-crawl/花背带（黄露瑶词_赵琳曲、五线谱）__qupu123-321386/001.jpg
花落时相遇	jianpucn	466577	2	改编	花落时相遇 （ C调原版编配）__jianpucn-466577	/home/caesium-132/jianpu/images-prep/jianpucn-huachenyu/花落时相遇 （ C调原版编配）__jianpucn-466577/001.jpg
花蝶姑娘	qupu123	329585	1	简谱	花蝶姑娘__qupu123-329585	/home/caesium-132/jianpu/images-prep/qupu123-sweep/花蝶姑娘__qupu123-329585/001.jpg
花谢花飞花满天	qupu123	323022	1	简谱	花谢花飞花满天（yhmwms词曲）__qupu123-323022	/home/caesium-132/jianpu/images-prep/qupu123-sweep/花谢花飞花满天（yhmwms词曲）__qupu123-323022/001.jpg
花非花	qupu123	327711	3	改编	花非花（正谱、杨鸿年编合唱版）__qupu123-327711	/home/caesium-132/jianpu/images-prep/qupu123-crawl/花非花（正谱、杨鸿年编合唱版）__qupu123-327711/001.jpg
苍白浅影	jianpucn	109465	1	简谱	苍白浅影 （简谱版）__jianpucn-109465	/home/caesium-132/jianpu/images-prep/jianpucn-pop/苍白浅影 （简谱版）__jianpucn-109465/001.jpg
苍穹唤	qupu123	395216	1	简谱	苍穹唤__qupu123-395216	/home/caesium-132/jianpu/images-prep/qupu123-crawl/苍穹唤__qupu123-395216/001.jpg
苍穹唤&nbsp;&nbsp;	jianpucn	475747	6	简谱	苍穹唤&nbsp;&nbsp;__jianpucn-475747	/home/caesium-132/jianpu/images-prep/test-jianpucn/苍穹唤&nbsp;&nbsp;__jianpucn-475747/001.jpg
苏幕遮	qupu123	322551	2	改编	苏幕遮(碧云天)（正谱）__qupu123-322551	/home/caesium-132/jianpu/images-prep/qupu123-crawl/苏幕遮(碧云天)（正谱）__qupu123-322551/001.jpg
苕乡情&nbsp;&nbsp;	jianpucn	475699	11	简谱	苕乡情&nbsp;&nbsp;__jianpucn-475699	/home/caesium-132/jianpu/images-prep/test-jianpucn/苕乡情&nbsp;&nbsp;__jianpucn-475699/001.jpg
若不是因为你	jianpucn	39837	1	简谱	若不是因为你__jianpucn-39837	/home/caesium-132/jianpu/images-prep/jianpucn-zhouhuajian/若不是因为你__jianpucn-39837/001.jpg
若无其事 伴奏	jianpucn	218856	2	改编	若无其事 伴奏__jianpucn-218856	/home/caesium-132/jianpu/images-prep/jianpucn-pop/若无其事 伴奏__jianpucn-218856/001.jpg
苦瓜	jianpucn	469831	2	改编	苦瓜 （ C调指法原版编配）__jianpucn-469831	/home/caesium-132/jianpu/images-prep/jianpucn-pop/苦瓜 （ C调指法原版编配）__jianpucn-469831/001.jpg
苦瓜钢琴	jianpujia	249678	5	改编	苦瓜钢琴简谱_陈奕迅演唱__jianpujia-249678	/home/caesium-132/jianpu/images-prep/jianpujia-art315/苦瓜钢琴简谱_陈奕迅演唱__jianpujia-249678/001.png
苦酒满杯	qupu123	355262	1	简谱	苦酒满杯__qupu123-355262	/home/caesium-132/jianpu/images-prep/qupu123-mp014/苦酒满杯__qupu123-355262/001.jpg
英雄之歌 五线谱—	jianpucn	226403	1	改编	英雄之歌 五线谱— （《天台》电影原声带）__jianpucn-226403	/home/caesium-132/jianpu/images-prep/jianpucn-zhoujielun/英雄之歌 五线谱— （《天台》电影原声带）__jianpucn-226403/001.jpg
苹果香&nbsp;&nbsp;	jianpucn	475453	6	简谱	苹果香&nbsp;&nbsp;__jianpucn-475453	/home/caesium-132/jianpu/images-prep/test-jianpucn/苹果香&nbsp;&nbsp;__jianpucn-475453/001.jpg
茜雲	qupu123	394763	2	简谱	茜雲(五木演唱版）__qupu123-394763	/home/caesium-132/jianpu/images-prep/qupu123-crawl/茜雲(五木演唱版）__qupu123-394763/001.jpg
草原上升起不落的太阳	qupu123	324628	4	改编	草原上升起不落的太阳（男声无伴奏合唱、杜鸣心改编版、五线谱）__qupu123-324628	/home/caesium-132/jianpu/images-prep/qupu123-crawl/草原上升起不落的太阳（男声无伴奏合唱、杜鸣心改编版、五线谱）__qupu123-324628/001.jpg
草原上的牧羊少年	qupu123	320451	3	简谱	草原上的牧羊少年__qupu123-320451	/home/caesium-132/jianpu/images-prep/qupu123-sweep/草原上的牧羊少年__qupu123-320451/001.png
草原之上	qupu123	395222	1	简谱	草原之上__qupu123-395222	/home/caesium-132/jianpu/images-prep/qupu123-crawl/草原之上__qupu123-395222/001.jpg
草原之夜1=bE2	jianpujia	315384	1	简谱	草原之夜1=bE2_4_中速深情地简谱_草原丁喜演唱_草原大哈、黎敦武_草原丁喜、赵向阳词曲__jianpujia-315384	/home/caesium-132/jianpu/images-prep/jianpujia-6223/草原之夜1=bE2_4_中速深情地简谱_草原丁喜演唱_草原大哈、黎敦武_草原丁喜、赵向阳词曲__jianpujia-315384/001.png
草原之夜影片	jianpujia	311136	1	简谱	草原之夜影片_绿色的草原_插曲简谱__jianpujia-311136	/home/caesium-132/jianpu/images-prep/jianpujia-6223/草原之夜影片_绿色的草原_插曲简谱__jianpujia-311136/001.png
草原儿女爱草原	jianpujia	25865	1	简谱	草原儿女爱草原简谱(歌词)_图娅演唱_秋叶起舞记谱上传__jianpujia-25865	/home/caesium-132/jianpu/images-prep/jianpujia-6223/草原儿女爱草原简谱(歌词)_图娅演唱_秋叶起舞记谱上传__jianpujia-25865/001.gif
草原儿女爱草原火华词马凤钰曲草原儿女爱草原火华词	jianpujia	424663	1	简谱	草原儿女爱草原火华词马凤钰曲草原儿女爱草原火华词_马凤钰曲简谱_图娅演唱_火华_马凤钰词曲__jianpujia-424663	/home/caesium-132/jianpu/images-prep/jianpujia-6223/草原儿女爱草原火华词马凤钰曲草原儿女爱草原火华词_马凤钰曲简谱_图娅演唱_火华_马凤钰词曲__jianpujia-424663/001.gif
草原再等你草原丁喜萨斯原创曲	jianpujia	310421	1	简谱	草原再等你草原丁喜萨斯原创曲简谱_马正寿演唱_马正寿_草原丁喜词曲__jianpujia-310421	/home/caesium-132/jianpu/images-prep/jianpujia-6223/草原再等你草原丁喜萨斯原创曲简谱_马正寿演唱_马正寿_草原丁喜词曲__jianpujia-310421/001.png
草原咏雪	jianpujia	429330	1	简谱	草原咏雪简谱_草原百荷演唱_竹烟波月、草原百荷_邰景坤词曲__jianpujia-429330	/home/caesium-132/jianpu/images-prep/jianpujia-6223/草原咏雪简谱_草原百荷演唱_竹烟波月、草原百荷_邰景坤词曲__jianpujia-429330/001.gif
草原啊我的母亲齐·毕力格词侯卫国曲草原啊我的母亲齐·毕力格词	jianpujia	407952	2	简谱	草原啊我的母亲齐·毕力格词侯卫国曲草原啊我的母亲齐·毕力格词_侯卫国曲简谱__jianpujia-407952	/home/caesium-132/jianpu/images-prep/jianpujia-6223/草原啊我的母亲齐·毕力格词侯卫国曲草原啊我的母亲齐·毕力格词_侯卫国曲简谱__jianpujia-407952/001.png
草原夜色美	qupu123	370045	4	简谱	草原夜色美__qupu123-370045	/home/caesium-132/jianpu/images-prep/qupu123-crawl/草原夜色美__qupu123-370045/001.jpg
草原夜色美编号-022	jianpucn	471895	3	简谱	草原夜色美编号-022__jianpucn-471895	/home/caesium-132/jianpu/images-prep/jianpucn-jiangyangzhuoma/草原夜色美编号-022__jianpucn-471895/001.jpg
草原大风车刘志毅词张朱论曲草原大风车刘志毅词	jianpujia	441311	1	简谱	草原大风车刘志毅词张朱论曲草原大风车刘志毅词_张朱论曲简谱__jianpujia-441311	/home/caesium-132/jianpu/images-prep/jianpujia-6223/草原大风车刘志毅词张朱论曲草原大风车刘志毅词_张朱论曲简谱__jianpujia-441311/001.png
草原姑娘萨日娜	jianpujia	160502	1	简谱	草原姑娘萨日娜简谱(歌词)_草原蚂蚁演唱_秋叶起舞记谱__jianpujia-160502	/home/caesium-132/jianpu/images-prep/jianpujia-6223/草原姑娘萨日娜简谱(歌词)_草原蚂蚁演唱_秋叶起舞记谱__jianpujia-160502/001.gif
草原恋韩冷词张立中曲草原恋韩冷词	jianpujia	212282	1	简谱	草原恋韩冷词张立中曲草原恋韩冷词_张立中曲简谱__jianpujia-212282	/home/caesium-132/jianpu/images-prep/jianpujia-6223/草原恋韩冷词张立中曲草原恋韩冷词_张立中曲简谱__jianpujia-212282/001.gif
草原我最美的家乡又名：草原我最美丽的家	jianpujia	419523	1	简谱	草原我最美的家乡又名：草原我最美丽的家简谱__jianpujia-419523	/home/caesium-132/jianpu/images-prep/jianpujia-6223/草原我最美的家乡又名：草原我最美丽的家简谱__jianpujia-419523/001.gif
草原我的最爱	jianpujia	417878	1	简谱	草原我的最爱简谱_穆红梅演唱_谢广娟_草原布日古德词曲__jianpujia-417878	/home/caesium-132/jianpu/images-prep/jianpujia-6223/草原我的最爱简谱_穆红梅演唱_谢广娟_草原布日古德词曲__jianpujia-417878/001.gif
草原我的最爱萨仁花词阿汝汗曲草原我的最爱萨仁花词	jianpujia	410572	1	简谱	草原我的最爱萨仁花词阿汝汗曲草原我的最爱萨仁花词_阿汝汗曲简谱_龙凤之约演唱_萨仁花_阿汝汗词曲__jianpujia-410572	/home/caesium-132/jianpu/images-prep/jianpujia-6223/草原我的最爱萨仁花词阿汝汗曲草原我的最爱萨仁花词_阿汝汗曲简谱_龙凤之约演唱_萨仁花_阿汝汗词曲__jianpujia-410572/001.gif
草原无限美火华姜延辉词姜延辉曲草原无限美火华	jianpujia	263024	1	简谱	草原无限美火华姜延辉词姜延辉曲草原无限美火华_姜延辉词_姜延辉曲简谱__jianpujia-263024	/home/caesium-132/jianpu/images-prep/jianpujia-6223/草原无限美火华姜延辉词姜延辉曲草原无限美火华_姜延辉词_姜延辉曲简谱__jianpujia-263024/001.gif
草原无限美火华词姜延辉曲草原无限美火华词	jianpujia	338140	1	简谱	草原无限美火华词姜延辉曲草原无限美火华词_姜延辉曲简谱__jianpujia-338140	/home/caesium-132/jianpu/images-prep/jianpujia-6223/草原无限美火华词姜延辉曲草原无限美火华词_姜延辉曲简谱__jianpujia-338140/001.gif
草原歌曲100首：望草原崔富词乔建军曲草原歌曲100首：望草原崔富词	jianpujia	349643	1	简谱	草原歌曲100首：望草原崔富词乔建军曲草原歌曲100首：望草原崔富词_乔建军曲简谱__jianpujia-349643	/home/caesium-132/jianpu/images-prep/jianpujia-6223/草原歌曲100首：望草原崔富词乔建军曲草原歌曲100首：望草原崔富词_乔建军曲简谱__jianpujia-349643/001.png
草原歌曲100首：美丽的草原孙书林词石焱曲草原歌曲100首：美丽的草原孙书林词	jianpujia	349645	1	简谱	草原歌曲100首：美丽的草原孙书林词石焱曲草原歌曲100首：美丽的草原孙书林词_石焱曲简谱__jianpujia-349645	/home/caesium-132/jianpu/images-prep/jianpujia-6223/草原歌曲100首：美丽的草原孙书林词石焱曲草原歌曲100首：美丽的草原孙书林词_石焱曲简谱__jianpujia-349645/001.png
草原母亲侯强词侯强曲草原母亲侯强词	jianpujia	240582	1	简谱	草原母亲侯强词侯强曲草原母亲侯强词_侯强曲简谱__jianpujia-240582	/home/caesium-132/jianpu/images-prep/jianpujia-6223/草原母亲侯强词侯强曲草原母亲侯强词_侯强曲简谱__jianpujia-240582/001.gif
草原海陈世慧词张艺军曲草原海陈世慧词	jianpujia	394083	1	简谱	草原海陈世慧词张艺军曲草原海陈世慧词_张艺军曲简谱__jianpujia-394083	/home/caesium-132/jianpu/images-prep/jianpujia-6223/草原海陈世慧词张艺军曲草原海陈世慧词_张艺军曲简谱__jianpujia-394083/001.png
草原海陈盒词蔡小雄曲草原海陈盒词	jianpujia	347747	1	简谱	草原海陈盒词蔡小雄曲草原海陈盒词_蔡小雄曲简谱__jianpujia-347747	/home/caesium-132/jianpu/images-prep/jianpujia-6223/草原海陈盒词蔡小雄曲草原海陈盒词_蔡小雄曲简谱__jianpujia-347747/001.gif
草原的味道孙生和词康悦芳曲草原的味道孙生和词	jianpujia	441315	1	简谱	草原的味道孙生和词康悦芳曲草原的味道孙生和词_康悦芳曲简谱_乌仁珊娜演唱_孙生和_康悦芳词曲__jianpujia-441315	/home/caesium-132/jianpu/images-prep/jianpujia-6223/草原的味道孙生和词康悦芳曲草原的味道孙生和词_康悦芳曲简谱_乌仁珊娜演唱_孙生和_康悦芳词曲__jianpujia-441315/001.gif
草原的味道李秀军词张艺军曲草原的味道李秀军词	jianpujia	211190	1	简谱	草原的味道李秀军词张艺军曲草原的味道李秀军词_张艺军曲简谱__jianpujia-211190	/home/caesium-132/jianpu/images-prep/jianpujia-6223/草原的味道李秀军词张艺军曲草原的味道李秀军词_张艺军曲简谱__jianpujia-211190/001.png
草原的味道潘峰词孟扬曲草原的味道潘峰词	jianpujia	347495	1	简谱	草原的味道潘峰词孟扬曲草原的味道潘峰词_孟扬曲简谱__jianpujia-347495	/home/caesium-132/jianpu/images-prep/jianpujia-6223/草原的味道潘峰词孟扬曲草原的味道潘峰词_孟扬曲简谱__jianpujia-347495/001.png
草原的味道苏日塔拉图词丽鹰曲草原的味道苏日塔拉图词	jianpujia	349431	1	简谱	草原的味道苏日塔拉图词丽鹰曲草原的味道苏日塔拉图词_丽鹰曲简谱__jianpujia-349431	/home/caesium-132/jianpu/images-prep/jianpujia-6223/草原的味道苏日塔拉图词丽鹰曲草原的味道苏日塔拉图词_丽鹰曲简谱__jianpujia-349431/001.gif
草原的天堂余乃立词覃家华曲草原的天堂余乃立词	jianpujia	405651	1	简谱	草原的天堂余乃立词覃家华曲草原的天堂余乃立词_覃家华曲简谱__jianpujia-405651	/home/caesium-132/jianpu/images-prep/jianpujia-6223/草原的天堂余乃立词覃家华曲草原的天堂余乃立词_覃家华曲简谱__jianpujia-405651/001.gif
草原的天空袁龙词袁龙曲草原的天空袁龙词	jianpujia	335176	1	简谱	草原的天空袁龙词袁龙曲草原的天空袁龙词_袁龙曲简谱__jianpujia-335176	/home/caesium-132/jianpu/images-prep/jianpujia-6223/草原的天空袁龙词袁龙曲草原的天空袁龙词_袁龙曲简谱__jianpujia-335176/001.png
草原的情	jianpujia	130364	1	简谱	草原的情_草原的爱简谱_东方北词_东方北曲李璐璐___jianpujia-130364	/home/caesium-132/jianpu/images-prep/jianpujia-6223/草原的情_草原的爱简谱_东方北词_东方北曲李璐璐___jianpujia-130364/001.gif
草原的情草原的爱	jianpujia	427947	1	简谱	草原的情草原的爱简谱_李璐璐演唱__jianpujia-427947	/home/caesium-132/jianpu/images-prep/jianpujia-6223/草原的情草原的爱简谱_李璐璐演唱__jianpujia-427947/001.gif
草原的故事邹强词李基田曲草原的故事邹强词	jianpujia	392510	1	简谱	草原的故事邹强词李基田曲草原的故事邹强词_李基田曲简谱__jianpujia-392510	/home/caesium-132/jianpu/images-prep/jianpujia-6223/草原的故事邹强词李基田曲草原的故事邹强词_李基田曲简谱__jianpujia-392510/001.png
草原的梦想侯卫国词侯卫国曲草原的梦想侯卫国词	jianpujia	408982	2	简谱	草原的梦想侯卫国词侯卫国曲草原的梦想侯卫国词_侯卫国曲简谱__jianpujia-408982	/home/caesium-132/jianpu/images-prep/jianpujia-6223/草原的梦想侯卫国词侯卫国曲草原的梦想侯卫国词_侯卫国曲简谱__jianpujia-408982/001.png
草原的母亲河蔡丽双词林文斌曲草原的母亲河蔡丽双词	jianpujia	212501	1	简谱	草原的母亲河蔡丽双词林文斌曲草原的母亲河蔡丽双词_林文斌曲简谱__jianpujia-212501	/home/caesium-132/jianpu/images-prep/jianpujia-6223/草原的母亲河蔡丽双词林文斌曲草原的母亲河蔡丽双词_林文斌曲简谱__jianpujia-212501/001.png
草原的河	jianpujia	129051	1	简谱	草原的河简谱_赵凌云词_陈效苏曲草原雨荷___jianpujia-129051	/home/caesium-132/jianpu/images-prep/jianpujia-6223/草原的河简谱_赵凌云词_陈效苏曲草原雨荷___jianpujia-129051/001.gif
草原的路绿杨词马力吉昌曲草原的路绿杨词	jianpujia	410752	1	简谱	草原的路绿杨词马力吉昌曲草原的路绿杨词_马力吉昌曲简谱__jianpujia-410752	/home/caesium-132/jianpu/images-prep/jianpujia-6223/草原的路绿杨词马力吉昌曲草原的路绿杨词_马力吉昌曲简谱__jianpujia-410752/001.png
草原的雄鹰草原大哈词草原丁喜曲草原的雄鹰草原大哈词	jianpujia	326615	1	简谱	草原的雄鹰草原大哈词草原丁喜曲草原的雄鹰草原大哈词_草原丁喜曲简谱__jianpujia-326615	/home/caesium-132/jianpu/images-prep/jianpujia-6223/草原的雄鹰草原大哈词草原丁喜曲草原的雄鹰草原大哈词_草原丁喜曲简谱__jianpujia-326615/001.png
草原的风陆华军词谢伟曲草原的风陆华军词	jianpujia	212954	1	简谱	草原的风陆华军词谢伟曲草原的风陆华军词__谢伟曲简谱__jianpujia-212954	/home/caesium-132/jianpu/images-prep/jianpujia-6223/草原的风陆华军词谢伟曲草原的风陆华军词__谢伟曲简谱__jianpujia-212954/001.gif
草原赞歌	jianpujia	8912	1	简谱	草原赞歌简谱(歌词)_“新月”合唱团演唱_电影_草原英雄小姐妹_插曲__jianpujia-8912	/home/caesium-132/jianpu/images-prep/jianpujia-6223/草原赞歌简谱(歌词)_“新月”合唱团演唱_电影_草原英雄小姐妹_插曲__jianpujia-8912/001.gif
草原赞歌电影	jianpujia	350143	1	简谱	草原赞歌电影_草原英雄小姐妹_插曲简谱__jianpujia-350143	/home/caesium-132/jianpu/images-prep/jianpujia-6223/草原赞歌电影_草原英雄小姐妹_插曲简谱__jianpujia-350143/001.gif
草原醉草原歌曲	jianpucn	472488	1	简谱	草原醉草原歌曲__jianpucn-472488	/home/caesium-132/jianpu/images-prep/jianpucn-wulantuya/草原醉草原歌曲__jianpucn-472488/001.jpg
草原青	jianpujia	130947	1	简谱	草原青_草原蓝简谱_李函曦___jianpujia-130947	/home/caesium-132/jianpu/images-prep/jianpujia-6223/草原青_草原蓝简谱_李函曦___jianpujia-130947/001.gif
草原颂刘付明词陈龙曲草原颂刘付明词	jianpujia	422647	1	简谱	草原颂刘付明词陈龙曲草原颂刘付明词_陈龙曲简谱_巴音孟克演唱_刘付明_陈龙词曲__jianpujia-422647	/home/caesium-132/jianpu/images-prep/jianpujia-6223/草原颂刘付明词陈龙曲草原颂刘付明词_陈龙曲简谱_巴音孟克演唱_刘付明_陈龙词曲__jianpujia-422647/001.gif
草原颂包那音太词热瓦迪曲草原颂包那音太词	jianpujia	422609	1	简谱	草原颂包那音太词热瓦迪曲草原颂包那音太词_热瓦迪曲简谱__jianpujia-422609	/home/caesium-132/jianpu/images-prep/jianpujia-6223/草原颂包那音太词热瓦迪曲草原颂包那音太词_热瓦迪曲简谱__jianpujia-422609/001.gif
草原风曲生、张晓君词苏勒亚其其格曲草原风曲生、张晓君词	jianpujia	420317	1	简谱	草原风曲生、张晓君词苏勒亚其其格曲草原风曲生、张晓君词_苏勒亚其其格曲简谱_苏勒亚其其格演唱_曲生、张晓君_苏勒亚其其格__jianpujia-420317	/home/caesium-132/jianpu/images-prep/jianpujia-6223/草原风曲生、张晓君词苏勒亚其其格曲草原风曲生、张晓君词_苏勒亚其其格曲简谱_苏勒亚其其格演唱_曲生、张晓君_苏勒亚其其格__jianpujia-420317/001.gif
草原风郑琳词景治曲草原风郑琳词	jianpujia	400882	1	简谱	草原风郑琳词景治曲草原风郑琳词_景治曲简谱__jianpujia-400882	/home/caesium-132/jianpu/images-prep/jianpujia-6223/草原风郑琳词景治曲草原风郑琳词_景治曲简谱__jianpujia-400882/001.png
草原香赖雄敏词黄舒媞曲草原香赖雄敏词	jianpujia	337459	1	简谱	草原香赖雄敏词黄舒媞曲草原香赖雄敏词_黄舒媞曲简谱__jianpujia-337459	/home/caesium-132/jianpu/images-prep/jianpujia-6223/草原香赖雄敏词黄舒媞曲草原香赖雄敏词_黄舒媞曲简谱__jianpujia-337459/001.png
草原魂杨英杰词李戈曲草原魂杨英杰词	jianpujia	240397	1	简谱	草原魂杨英杰词李戈曲草原魂杨英杰词_李戈曲简谱__jianpujia-240397	/home/caesium-132/jianpu/images-prep/jianpujia-6223/草原魂杨英杰词李戈曲草原魂杨英杰词_李戈曲简谱__jianpujia-240397/001.png
草原，天赐的厚礼	jianpujia	64275	1	简谱	草原，天赐的厚礼简谱_杨月宁词_乌震来曲__jianpujia-64275	/home/caesium-132/jianpu/images-prep/jianpujia-6223/草原，天赐的厚礼简谱_杨月宁词_乌震来曲__jianpujia-64275/001.gif
草原，我心中的歌	jianpujia	226801	1	简谱	草原，我心中的歌简谱_刘涛涛演唱_古弓制作曲谱__jianpujia-226801	/home/caesium-132/jianpu/images-prep/jianpujia-6223/草原，我心中的歌简谱_刘涛涛演唱_古弓制作曲谱__jianpujia-226801/001.gif
草原，我是你的马头琴	jianpujia	77154	1	简谱	草原，我是你的马头琴简谱_张宝星词_李海明曲__jianpujia-77154	/home/caesium-132/jianpu/images-prep/jianpujia-6223/草原，我是你的马头琴简谱_张宝星词_李海明曲__jianpujia-77154/001.gif
草原，我的梦中情人	jianpujia	24746	1	简谱	草原，我的梦中情人简谱(歌词)_冯瑞萍演唱_秋叶起舞记谱上传__jianpujia-24746	/home/caesium-132/jianpu/images-prep/jianpujia-6223/草原，我的梦中情人简谱(歌词)_冯瑞萍演唱_秋叶起舞记谱上传__jianpujia-24746/001.gif
草根之歌	qupu123	370468	3	简谱	草根之歌__qupu123-370468	/home/caesium-132/jianpu/images-prep/qupu123-crawl/草根之歌__qupu123-370468/001.jpg
药神	qupu123	323822	1	简谱	药神__qupu123-323822	/home/caesium-132/jianpu/images-prep/qupu123-sweep/药神__qupu123-323822/001.jpg
荷塘月色 喀什怒放	jianpucn	215389	2	简谱	荷塘月色 喀什怒放__jianpucn-215389	/home/caesium-132/jianpu/images-prep/jianpucn-fenghuangchuanqi/荷塘月色 喀什怒放__jianpucn-215389/001.jpg
荷塘月色 钢伴弹唱	jianpucn	224140	2	改编	荷塘月色 钢伴弹唱__jianpucn-224140	/home/caesium-132/jianpu/images-prep/jianpucn-fenghuangchuanqi/荷塘月色 钢伴弹唱__jianpucn-224140/001.jpg
荷塘月色——弹唱完美版	jianpucn	183062	2	改编	荷塘月色——弹唱完美版__jianpucn-183062	/home/caesium-132/jianpu/images-prep/jianpucn-fenghuangchuanqi/荷塘月色——弹唱完美版__jianpucn-183062/001.jpg
荷塘月色初学好听版-平顶山摇滚基地	jianpucn	208761	1	简谱	荷塘月色初学好听版-平顶山摇滚基地__jianpucn-208761	/home/caesium-132/jianpu/images-prep/jianpucn-fenghuangchuanqi/荷塘月色初学好听版-平顶山摇滚基地__jianpucn-208761/001.jpg
荷塘月色尤克里里谱	jianpucn	458572	1	改编	荷塘月色尤克里里谱（ 简单四 ）__jianpucn-458572	/home/caesium-132/jianpu/images-prep/jianpucn-fenghuangchuanqi/荷塘月色尤克里里谱（ 简单四 ）__jianpucn-458572/001.jpg
荷美覃塘	qupu123	319699	1	简谱	荷美覃塘__qupu123-319699	/home/caesium-132/jianpu/images-prep/qupu123-sweep/荷美覃塘__qupu123-319699/001.jpg
荷花开	qupu123	322982	1	简谱	荷花开（QQ597057753 词曲）__qupu123-322982	/home/caesium-132/jianpu/images-prep/qupu123-sweep/荷花开（QQ597057753 词曲）__qupu123-322982/001.jpg
莫斯科没有眼泪 歌曲类 钢琴伴奏谱	jianpucn	112369	1	改编	莫斯科没有眼泪 歌曲类 钢琴伴奏谱__jianpucn-112369	/home/caesium-132/jianpu/images-prep/jianpucn-twins/莫斯科没有眼泪 歌曲类 钢琴伴奏谱__jianpucn-112369/001.jpg
莫斯科没有眼泪-弹唱 吉他类 流行	jianpucn	113057	2	改编	莫斯科没有眼泪-弹唱 吉他类 流行__jianpucn-113057	/home/caesium-132/jianpu/images-prep/jianpucn-twins/莫斯科没有眼泪-弹唱 吉他类 流行__jianpucn-113057/001.jpg
莫期科没有眼泪	jianpucn	113654	1	改编	莫期科没有眼泪（下一站天后）—简易版 键盘类 钢琴__jianpucn-113654	/home/caesium-132/jianpu/images-prep/jianpucn-twins/莫期科没有眼泪（下一站天后）—简易版 键盘类 钢琴__jianpucn-113654/001.jpg
莫道西风凉	qupu123	335822	2	简谱	莫道西风凉__qupu123-335822	/home/caesium-132/jianpu/images-prep/qupu123-crawl/莫道西风凉__qupu123-335822/001.jpg
莲与荷	qupu123	311528	1	简谱	莲与荷__qupu123-311528	/home/caesium-132/jianpu/images-prep/qupu123-sweep/莲与荷__qupu123-311528/001.jpg
菊花台 陶笛指谱	jianpucn	110754	1	简谱	菊花台 陶笛指谱__jianpucn-110754	/home/caesium-132/jianpu/images-prep/jianpucn-zhoujielun/菊花台 陶笛指谱__jianpucn-110754/001.jpg
菊花台-452861396版	jianpucn	100973	2	简谱	菊花台-452861396版__jianpucn-100973	/home/caesium-132/jianpu/images-prep/jianpucn-zhoujielun/菊花台-452861396版__jianpucn-100973/001.jpg
菊花台-b欣仔b版	jianpucn	100378	2	简谱	菊花台-b欣仔b版__jianpucn-100378	/home/caesium-132/jianpu/images-prep/jianpucn-zhoujielun/菊花台-b欣仔b版__jianpucn-100378/001.jpg
菊花台-windtsao	jianpucn	100810	2	简谱	菊花台-windtsao__jianpucn-100810	/home/caesium-132/jianpu/images-prep/jianpucn-zhoujielun/菊花台-windtsao__jianpucn-100810/001.jpg
菊花台-zhanglei7781编配版	jianpucn	171533	1	改编	菊花台-zhanglei7781编配版__jianpucn-171533	/home/caesium-132/jianpu/images-prep/jianpucn-zhoujielun/菊花台-zhanglei7781编配版__jianpucn-171533/001.jpg
菊花台-《黄金甲》首映弹唱	jianpucn	100539	2	改编	菊花台-《黄金甲》首映弹唱__jianpucn-100539	/home/caesium-132/jianpu/images-prep/jianpucn-zhoujielun/菊花台-《黄金甲》首映弹唱__jianpucn-100539/001.jpg
菊花台-修正版	jianpucn	208568	1	简谱	菊花台-修正版__jianpucn-208568	/home/caesium-132/jianpu/images-prep/jianpucn-zhoujielun/菊花台-修正版__jianpucn-208568/001.jpg
菊花台-李征版	jianpucn	99824	2	简谱	菊花台-李征版__jianpucn-99824	/home/caesium-132/jianpu/images-prep/jianpucn-zhoujielun/菊花台-李征版__jianpucn-99824/001.jpg
菊花台之无聊版	jianpucn	121356	1	简谱	菊花台之无聊版__jianpucn-121356	/home/caesium-132/jianpu/images-prep/jianpucn-zhoujielun/菊花台之无聊版__jianpucn-121356/001.jpg
菊花台尤克里里谱	jianpucn	462084	1	改编	菊花台尤克里里谱（ F调带前奏版）__jianpucn-462084	/home/caesium-132/jianpu/images-prep/jianpucn-zhoujielun/菊花台尤克里里谱（ F调带前奏版）__jianpucn-462084/001.jpg
菜园子&nbsp;&nbsp;	jianpucn	475520	11	简谱	菜园子&nbsp;&nbsp;__jianpucn-475520	/home/caesium-132/jianpu/images-prep/test-jianpucn/菜园子&nbsp;&nbsp;__jianpucn-475520/001.jpg
菩萨歌	qupu123	313388	1	简谱	菩萨歌__qupu123-313388	/home/caesium-132/jianpu/images-prep/qupu123-sweep/菩萨歌__qupu123-313388/001.jpg
菩萨蛮——校园松柏	qupu123	321283	4	改编	菩萨蛮——校园松柏（合唱、正谱）__qupu123-321283	/home/caesium-132/jianpu/images-prep/qupu123-crawl/菩萨蛮——校园松柏（合唱、正谱）__qupu123-321283/001.jpg
萤光虫	qupu123	329255	3	简谱	萤光虫（致逝去的青春）__qupu123-329255	/home/caesium-132/jianpu/images-prep/qupu123-sweep/萤光虫（致逝去的青春）__qupu123-329255/001.jpg
萧亚轩	jianpucn	5209	1	简谱	萧亚轩__jianpucn-5209	/home/caesium-132/jianpu/images-prep/jianpucn-pop/萧亚轩__jianpucn-5209/001.jpg
落秋	qupu123	312488	1	简谱	落秋__qupu123-312488	/home/caesium-132/jianpu/images-prep/qupu123-sweep/落秋__qupu123-312488/001.jpg
葡萄成熟时钢琴	jianpujia	250175	4	改编	葡萄成熟时钢琴简谱_陈奕迅演唱__jianpujia-250175	/home/caesium-132/jianpu/images-prep/jianpujia-art315/葡萄成熟时钢琴简谱_陈奕迅演唱__jianpujia-250175/001.png
葡萄架下	qupu123	327424	1	简谱	葡萄架下__qupu123-327424	/home/caesium-132/jianpu/images-prep/qupu123-sweep/葡萄架下__qupu123-327424/001.png
葡萄藤下	qupu123	377454	4	改编	葡萄藤下（手风琴五线谱）__qupu123-377454	/home/caesium-132/jianpu/images-prep/qupu123-crawl/葡萄藤下（手风琴五线谱）__qupu123-377454/001.jpg
董小姐	qupu123	252042	3	简谱	董小姐__qupu123-252042	/home/caesium-132/jianpu/images-prep/qupu123-kw/董小姐__qupu123-252042/001.jpg
蒙汉青年联合抗战进行曲	qupu123	325712	2	改编	蒙汉青年联合抗战进行曲（五线谱）__qupu123-325712	/home/caesium-132/jianpu/images-prep/qupu123-crawl/蒙汉青年联合抗战进行曲（五线谱）__qupu123-325712/001.jpg
蒲公英的约定	jianpucn	437860	2	改编	蒲公英的约定( 编配 )__jianpucn-437860	/home/caesium-132/jianpu/images-prep/jianpucn-zhoujielun/蒲公英的约定( 编配 )__jianpucn-437860/001.jpg
蒲公英的约定 改进版	jianpucn	218130	2	简谱	蒲公英的约定 改进版__jianpucn-218130	/home/caesium-132/jianpu/images-prep/jianpucn-zhoujielun/蒲公英的约定 改进版__jianpucn-218130/001.jpg
蒲公英的约定-版本二	jianpucn	201397	2	简谱	蒲公英的约定-版本二__jianpucn-201397	/home/caesium-132/jianpu/images-prep/jianpucn-zhoujielun/蒲公英的约定-版本二__jianpucn-201397/001.jpg
蒲公英的约定指弹	jianpucn	457635	2	改编	蒲公英的约定指弹 （ 独奏 ）__jianpucn-457635	/home/caesium-132/jianpu/images-prep/jianpucn-zhoujielun/蒲公英的约定指弹 （ 独奏 ）__jianpucn-457635/001.jpg
蒹葭	jianpujia	16806	2	简谱	蒹葭简谱(歌词)_雷佳演唱_郑工曲谱__jianpujia-16806	/home/caesium-132/jianpu/images-prep/jianpujia-6369/蒹葭简谱(歌词)_雷佳演唱_郑工曲谱__jianpujia-16806/001.png
蓓蕾之歌	qupu123	325154	4	改编	蓓蕾之歌（正谱）__qupu123-325154	/home/caesium-132/jianpu/images-prep/qupu123-crawl/蓓蕾之歌（正谱）__qupu123-325154/001.jpg
蓝	jianpucn	146223	2	改编	蓝（吉他弹唱）__jianpucn-146223	/home/caesium-132/jianpu/images-prep/jianpucn-pop/蓝（吉他弹唱）__jianpucn-146223/001.jpg
蓝天	qupu123	335533	3	简谱	蓝天（刘子昂_词曲）__qupu123-335533	/home/caesium-132/jianpu/images-prep/qupu123-crawl/蓝天（刘子昂_词曲）__qupu123-335533/001.jpg
蓝色降落伞	jianpucn	457911	2	简谱	蓝色降落伞__jianpucn-457911	/home/caesium-132/jianpu/images-prep/jianpucn-zhoushen/蓝色降落伞__jianpucn-457911/001.jpg
蓝莲花 ukulele四	jianpucn	296328	1	简谱	蓝莲花 ukulele四 （ukulele四 ）__jianpucn-296328	/home/caesium-132/jianpu/images-prep/jianpucn-xuwei/蓝莲花 ukulele四 （ukulele四 ）__jianpucn-296328/001.jpg
蓝莲花- 阿涛指弹	jianpucn	171821	1	改编	蓝莲花- 阿涛指弹吉他谱__jianpucn-171821	/home/caesium-132/jianpu/images-prep/jianpucn-xuwei/蓝莲花- 阿涛指弹吉他谱__jianpucn-171821/001.jpg
蓝莲花-独奏	jianpucn	173225	1	改编	蓝莲花-独奏__jianpucn-173225	/home/caesium-132/jianpu/images-prep/jianpucn-xuwei/蓝莲花-独奏__jianpucn-173225/001.jpg
蓝莲花2	jianpucn	213251	1	简谱	蓝莲花2__jianpucn-213251	/home/caesium-132/jianpu/images-prep/jianpucn-xuwei/蓝莲花2__jianpucn-213251/001.jpg
蓝莲花solo	jianpucn	404723	3	简谱	蓝莲花solo__jianpucn-404723	/home/caesium-132/jianpu/images-prep/jianpucn-xuwei/蓝莲花solo__jianpucn-404723/001.jpg
蓝莲花吉他独奏版	jianpucn	132533	1	改编	蓝莲花吉他独奏版__jianpucn-132533	/home/caesium-132/jianpu/images-prep/jianpucn-xuwei/蓝莲花吉他独奏版__jianpucn-132533/001.jpg
蓝莲花钢琴	jianpujia	152894	2	改编	蓝莲花钢琴简谱_数字双手_许巍__jianpujia-152894	/home/caesium-132/jianpu/images-prep/jianpujia-1380/蓝莲花钢琴简谱_数字双手_许巍__jianpujia-152894/001.png
蓝莲花间奏	jianpucn	235363	1	简谱	蓝莲花间奏__jianpucn-235363	/home/caesium-132/jianpu/images-prep/jianpucn-xuwei/蓝莲花间奏__jianpucn-235363/001.jpg
蓝莲花－许巍－ukulele四线谱	qupu123	215813	2	简谱	蓝莲花－许巍－ukulele四线谱（ukulele四线谱）__qupu123-215813	/home/caesium-132/jianpu/images-prep/qupu123-xuwei/蓝莲花－许巍－ukulele四线谱（ukulele四线谱）__qupu123-215813/001.jpg
蓝调版最炫民族风	jianpucn	226888	2	简谱	蓝调版最炫民族风__jianpucn-226888	/home/caesium-132/jianpu/images-prep/jianpucn-fenghuangchuanqi/蓝调版最炫民族风__jianpucn-226888/001.jpg
蔷薇花开	jianpucn	233539	1	简谱	蔷薇花开（バラが咲いた）__jianpucn-233539	/home/caesium-132/jianpu/images-prep/jianpucn-liguyi/蔷薇花开（バラが咲いた）__jianpucn-233539/001.jpg
薄雪花	qupu123	357068	1	简谱	薄雪花（Edelweiss 困难版）__qupu123-357068	/home/caesium-132/jianpu/images-prep/qupu123-west/薄雪花（Edelweiss 困难版）__qupu123-357068/001.jpg
薛之谦 丑八怪	qupu123	342213	4	改编	薛之谦 丑八怪 吉他谱（无限延音编配）__qupu123-342213	/home/caesium-132/jianpu/images-prep/qupu123-xuezhiqian/薛之谦 丑八怪 吉他谱（无限延音编配）__qupu123-342213/001.jpg
薛之谦 天外来物	qupu123	368634	4	改编	薛之谦 天外来物 吉他谱（无限延音编配）__qupu123-368634	/home/caesium-132/jianpu/images-prep/qupu123-xuezhiqian/薛之谦 天外来物 吉他谱（无限延音编配）__qupu123-368634/001.jpg
薛之谦 彩券	qupu123	368633	4	改编	薛之谦 彩券 吉他谱（无限延音编配）__qupu123-368633	/home/caesium-132/jianpu/images-prep/qupu123-xuezhiqian/薛之谦 彩券 吉他谱（无限延音编配）__qupu123-368633/001.jpg
薛之谦 意外	qupu123	369669	2	改编	薛之谦 意外 吉他谱（无限延音编配）__qupu123-369669	/home/caesium-132/jianpu/images-prep/qupu123-xuezhiqian/薛之谦 意外 吉他谱（无限延音编配）__qupu123-369669/001.jpg
薛之谦 慢半拍	qupu123	348857	4	改编	薛之谦 慢半拍 吉他谱（无限延音编配）__qupu123-348857	/home/caesium-132/jianpu/images-prep/qupu123-xuezhiqian/薛之谦 慢半拍 吉他谱（无限延音编配）__qupu123-348857/001.jpg
薛之谦 我好像在哪见过你	qupu123	368549	4	改编	薛之谦 我好像在哪见过你 吉他谱（无限延音编配）__qupu123-368549	/home/caesium-132/jianpu/images-prep/qupu123-xuezhiqian/薛之谦 我好像在哪见过你 吉他谱（无限延音编配）__qupu123-368549/001.jpg
薛之谦 木偶人	qupu123	348524	4	改编	薛之谦 木偶人 吉他谱（无限延音编配）__qupu123-348524	/home/caesium-132/jianpu/images-prep/qupu123-xuezhiqian/薛之谦 木偶人 吉他谱（无限延音编配）__qupu123-348524/001.jpg
薛之谦 演员	qupu123	347808	4	改编	薛之谦 演员 吉他谱（无限延音编配）__qupu123-347808	/home/caesium-132/jianpu/images-prep/qupu123-xuezhiqian/薛之谦 演员 吉他谱（无限延音编配）__qupu123-347808/001.jpg
薛之谦 狐狸	qupu123	368566	4	改编	薛之谦 狐狸 吉他谱（无限延音编配）__qupu123-368566	/home/caesium-132/jianpu/images-prep/qupu123-xuezhiqian/薛之谦 狐狸 吉他谱（无限延音编配）__qupu123-368566/001.jpg
薛之谦 绅士	qupu123	354816	4	改编	薛之谦 绅士 吉他谱（无限延音编配）__qupu123-354816	/home/caesium-132/jianpu/images-prep/qupu123-xuezhiqian/薛之谦 绅士 吉他谱（无限延音编配）__qupu123-354816/001.jpg
薛之谦 违背的青春	qupu123	372049	4	改编	薛之谦 违背的青春 吉他谱（无限延音编配）__qupu123-372049	/home/caesium-132/jianpu/images-prep/qupu123-xuezhiqian/薛之谦 违背的青春 吉他谱（无限延音编配）__qupu123-372049/001.jpg
薛之谦 陪你去流浪	qupu123	353520	4	改编	薛之谦 陪你去流浪 吉他谱（无限延音编配）__qupu123-353520	/home/caesium-132/jianpu/images-prep/qupu123-xuezhiqian/薛之谦 陪你去流浪 吉他谱（无限延音编配）__qupu123-353520/001.jpg
薛之谦《丑八怪》扫弦版超清谱 老歌大叔吉他教室出品	qupu123	342724	3	改编	薛之谦《丑八怪》扫弦版超清谱 老歌大叔吉他教室出品__qupu123-342724	/home/caesium-132/jianpu/images-prep/qupu123-xuezhiqian/薛之谦《丑八怪》扫弦版超清谱 老歌大叔吉他教室出品__qupu123-342724/001.jpg
薛之谦《暧昧》吉他谱C调入门版 高音教编配 猴哥吉他教学	qupu123	350928	1	改编	薛之谦《暧昧》吉他谱C调入门版 高音教编配 猴哥吉他教学__qupu123-350928	/home/caesium-132/jianpu/images-prep/qupu123-hk/薛之谦《暧昧》吉他谱C调入门版 高音教编配 猴哥吉他教学__qupu123-350928/001.jpg
藉口	jianpucn	102157	2	简谱	藉口__jianpucn-102157	/home/caesium-132/jianpu/images-prep/jianpucn-zhoujielun/藉口__jianpucn-102157/001.jpg
虎豹小霸王	qupu123	383041	2	简谱	虎豹小霸王__qupu123-383041	/home/caesium-132/jianpu/images-prep/qupu123-crawl/虎豹小霸王__qupu123-383041/001.jpg
虐心	qupu123	307905	1	简谱	虐心__qupu123-307905	/home/caesium-132/jianpu/images-prep/qupu123-sweep/虐心__qupu123-307905/001.png
虚拟网络真情意	qupu123	40779	1	简谱	虚拟网络真情意__qupu123-40779	/home/caesium-132/jianpu/images-prep/qupu123-mp038/虚拟网络真情意__qupu123-40779/001.jpg
虹的一端	jianpucn	109471	1	简谱	虹的一端（简谱版）__jianpucn-109471	/home/caesium-132/jianpu/images-prep/jianpucn-pop/虹的一端（简谱版）__jianpucn-109471/001.jpg
蛙的鸣唱	qupu123	327245	1	简谱	蛙的鸣唱__qupu123-327245	/home/caesium-132/jianpu/images-prep/qupu123-sweep/蛙的鸣唱__qupu123-327245/001.png
蜉游	jianpucn	300705	1	简谱	蜉游__jianpucn-300705	/home/caesium-132/jianpu/images-prep/jianpucn-huachenyu/蜉游__jianpucn-300705/001.jpg
蜗牛 - cfsym修订版	jianpucn	103192	2	简谱	蜗牛 - cfsym修订版__jianpucn-103192	/home/caesium-132/jianpu/images-prep/jianpucn-zhoujielun/蜗牛 - cfsym修订版__jianpucn-103192/001.jpg
蜗牛 - cfsym修订版 cfsym修订版 -	jianpucn	230141	2	简谱	蜗牛 - cfsym修订版 cfsym修订版 -__jianpucn-230141	/home/caesium-132/jianpu/images-prep/jianpucn-zhoujielun/蜗牛 - cfsym修订版 cfsym修订版 -__jianpucn-230141/001.jpg
蜗牛 -C调	jianpucn	470864	2	简谱	蜗牛 -C调__jianpucn-470864	/home/caesium-132/jianpu/images-prep/jianpucn-zhoujielun/蜗牛 -C调__jianpucn-470864/001.jpg
蜗牛E大调简单版	jianpucn	178116	1	简谱	蜗牛E大调简单版__jianpucn-178116	/home/caesium-132/jianpu/images-prep/jianpucn-zhoujielun/蜗牛E大调简单版__jianpucn-178116/001.jpg
蝴蝶城	qupu123	326566	1	简谱	蝴蝶城（沈波 词曲）__qupu123-326566	/home/caesium-132/jianpu/images-prep/qupu123-sweep/蝴蝶城（沈波 词曲）__qupu123-326566/001.jpg
蝴蝶恋	qupu123	326789	1	简谱	蝴蝶恋__qupu123-326789	/home/caesium-132/jianpu/images-prep/qupu123-sweep/蝴蝶恋__qupu123-326789/001.png
蝴蝶的时间	jianpujia	76230	1	简谱	蝴蝶的时间简谱(歌词)_许嵩演唱_谱友火中莲lily上传__jianpujia-76230	/home/caesium-132/jianpu/images-prep/jianpujia-693/蝴蝶的时间简谱(歌词)_许嵩演唱_谱友火中莲lily上传__jianpujia-76230/001.jpg
蝴蝶结	qupu123	381192	4	简谱	蝴蝶结（冯小小记谱）__qupu123-381192	/home/caesium-132/jianpu/images-prep/qupu123-crawl/蝴蝶结（冯小小记谱）__qupu123-381192/001.jpg
蝴蝶飞	qupu123	315017	1	简谱	蝴蝶飞（白传英词 张长德曲）__qupu123-315017	/home/caesium-132/jianpu/images-prep/qupu123-sweep/蝴蝶飞（白传英词 张长德曲）__qupu123-315017/001.jpg
蝶恋花	jianpucn	284399	1	简谱	蝶恋花_答李淑一（60年代毛主席诗词歌曲）__jianpucn-284399	/home/caesium-132/jianpu/images-prep/jianpucn-pop/蝶恋花_答李淑一（60年代毛主席诗词歌曲）__jianpucn-284399/001.jpg
螃蟹呀螃蟹，一个也跑不脱	qupu123	321998	3	简谱	螃蟹呀螃蟹，一个也跑不脱（表演唱）__qupu123-321998	/home/caesium-132/jianpu/images-prep/qupu123-crawl/螃蟹呀螃蟹，一个也跑不脱（表演唱）__qupu123-321998/001.jpg
融进星海 走向豪迈	qupu123	311062	1	简谱	融进星海 走向豪迈__qupu123-311062	/home/caesium-132/jianpu/images-prep/qupu123-sweep/融进星海 走向豪迈__qupu123-311062/001.jpg
血腥爱情故事	jianpucn	471943	1	改编	血腥爱情故事 （ G调原版编配）__jianpucn-471943	/home/caesium-132/jianpu/images-prep/jianpucn-zhanghuimei/血腥爱情故事 （ G调原版编配）__jianpucn-471943/001.jpg
血色幽兰	qupu123	325741	1	简谱	血色幽兰__qupu123-325741	/home/caesium-132/jianpu/images-prep/qupu123-sweep/血色幽兰__qupu123-325741/001.jpg
裂缝中的阳光	jianpucn	462638	2	简谱	裂缝中的阳光 （ C调原版）__jianpucn-462638	/home/caesium-132/jianpu/images-prep/jianpucn-linjunjie/裂缝中的阳光 （ C调原版）__jianpucn-462638/001.jpg
裂缝中的阳光尤克里里谱	jianpucn	461242	1	改编	裂缝中的阳光尤克里里谱（ C调 ）__jianpucn-461242	/home/caesium-132/jianpu/images-prep/jianpucn-linjunjie/裂缝中的阳光尤克里里谱（ C调 ）__jianpucn-461242/001.jpg
裙下之臣	jianpucn	10224	3	简谱	裙下之臣__jianpucn-10224	/home/caesium-132/jianpu/images-prep/jianpucn-pop/裙下之臣__jianpucn-10224/001.jpg
裙姊钢琴	jianpujia	150115	6	改编	裙姊钢琴简谱_李荣浩演唱__jianpujia-150115	/home/caesium-132/jianpu/images-prep/jianpujia-478/裙姊钢琴简谱_李荣浩演唱__jianpujia-150115/001.png
裹着心的光	jianpucn	457874	2	改编	裹着心的光 （ C调原版编配）__jianpucn-457874	/home/caesium-132/jianpu/images-prep/jianpucn-linjunjie/裹着心的光 （ C调原版编配）__jianpucn-457874/001.jpg
西安，西安	qupu123	299655	4	改编	西安，西安（五线谱）__qupu123-299655	/home/caesium-132/jianpu/images-prep/qupu123-crawl/西安，西安（五线谱）__qupu123-299655/001.jpg
西沙之恋	qupu123	321380	4	改编	西沙之恋（正谱）__qupu123-321380	/home/caesium-132/jianpu/images-prep/qupu123-crawl/西沙之恋（正谱）__qupu123-321380/001.jpg
西湖好	qupu123	321492	4	改编	西湖好（正谱）__qupu123-321492	/home/caesium-132/jianpu/images-prep/qupu123-crawl/西湖好（正谱）__qupu123-321492/001.jpg
西湖春晓	qupu123	324718	3	改编	西湖春晓（童声合唱、正谱）__qupu123-324718	/home/caesium-132/jianpu/images-prep/qupu123-crawl/西湖春晓（童声合唱、正谱）__qupu123-324718/001.jpg
西湖美	jianpucn	128822	1	简谱	西湖美__jianpucn-128822	/home/caesium-132/jianpu/images-prep/jianpucn-liguyi/西湖美__jianpucn-128822/001.jpg
西班牙箱琴	jianpucn	461902	2	改编	西班牙箱琴 （ C调指法编配）__jianpucn-461902	/home/caesium-132/jianpu/images-prep/jianpucn-wangfeng/西班牙箱琴 （ C调指法编配）__jianpucn-461902/001.jpg
西界	jianpucn	10662	3	简谱	西界__jianpucn-10662	/home/caesium-132/jianpu/images-prep/jianpucn-linjunjie/西界__jianpucn-10662/001.jpg
西行寺周杰伦	jianpucn	197971	2	简谱	西行寺周杰伦__jianpucn-197971	/home/caesium-132/jianpu/images-prep/jianpucn-zhoujielun/西行寺周杰伦__jianpucn-197971/001.jpg
西行随想曲	qupu123	396159	3	简谱	西行随想曲__qupu123-396159	/home/caesium-132/jianpu/images-prep/qupu123-crawl/西行随想曲__qupu123-396159/001.jpg
親親	jianpucn	101340	1	简谱	親親__jianpucn-101340	/home/caesium-132/jianpu/images-prep/jianpucn-pop/親親__jianpucn-101340/001.jpg
觉醒	jianpucn	90899	2	改编	觉醒(吉他弹唱谱)__jianpucn-90899	/home/caesium-132/jianpu/images-prep/jianpucn-wangfeng/觉醒(吉他弹唱谱)__jianpucn-90899/001.jpg
触摸心跳	jianpucn	42181	1	简谱	触摸心跳__jianpucn-42181	/home/caesium-132/jianpu/images-prep/jianpucn-pop/触摸心跳__jianpucn-42181/001.jpg
誓言	jianpujia	377952	3	简谱	誓言简谱_王菲演唱_桃李醉春风制作曲谱__jianpujia-377952	/home/caesium-132/jianpu/images-prep/jianpujia-art3395/誓言简谱_王菲演唱_桃李醉春风制作曲谱__jianpujia-377952/001.jpg
认真去打拼	qupu123	370126	3	简谱	认真去打拼__qupu123-370126	/home/caesium-132/jianpu/images-prep/qupu123-crawl/认真去打拼__qupu123-370126/001.jpg
认真的雪	jianpucn	462999	2	改编	认真的雪 （ C调原版编配）__jianpucn-462999	/home/caesium-132/jianpu/images-prep/jianpucn-xuezhiqian/认真的雪 （ C调原版编配）__jianpucn-462999/001.jpg
认真的雪尤克里里谱	jianpucn	458277	1	改编	认真的雪尤克里里谱（ C调 ）__jianpucn-458277	/home/caesium-132/jianpu/images-prep/jianpucn-xuezhiqian/认真的雪尤克里里谱（ C调 ）__jianpucn-458277/001.jpg
认识你真好	qupu123	370107	1	简谱	认识你真好__qupu123-370107	/home/caesium-132/jianpu/images-prep/qupu123-crawl/认识你真好__qupu123-370107/001.jpg
认错	jianpujia	15487	6	简谱	认错简谱_许嵩全是我的错_现在认错有没有用__jianpujia-15487	/home/caesium-132/jianpu/images-prep/jianpujia-693/认错简谱_许嵩全是我的错_现在认错有没有用__jianpujia-15487/001.png
让一切随风&nbsp;&nbsp;	jianpucn	166369	1	简谱	让一切随风&nbsp;&nbsp;__jianpucn-166369	/home/caesium-132/jianpu/images-prep/jianpucn-title/让一切随风&nbsp;&nbsp;__jianpucn-166369/001.jpg
让世界充满爱—含指法	jianpucn	122174	1	简谱	让世界充满爱—含指法__jianpucn-122174	/home/caesium-132/jianpu/images-prep/jianpucn-pop/让世界充满爱—含指法__jianpucn-122174/001.jpg
让我们微笑面对日出	qupu123	305100	1	简谱	让我们微笑面对日出__qupu123-305100	/home/caesium-132/jianpu/images-prep/qupu123-sweep/让我们微笑面对日出__qupu123-305100/001.jpg
让我们看云去合唱谱	qupu123	364291	1	简谱	让我们看云去合唱谱__qupu123-364291	/home/caesium-132/jianpu/images-prep/qupu123-kw/让我们看云去合唱谱__qupu123-364291/001.jpg
让我孤独的时候还能够想	jianpucn	212998	1	简谱	让我孤独的时候还能够想__jianpucn-212998	/home/caesium-132/jianpu/images-prep/jianpucn-qiqin/让我孤独的时候还能够想__jianpucn-212998/001.jpg
让我欢喜让我忧-伴奏	jianpucn	102787	2	改编	让我欢喜让我忧-伴奏__jianpucn-102787	/home/caesium-132/jianpu/images-prep/jianpucn-zhouhuajian/让我欢喜让我忧-伴奏__jianpucn-102787/001.jpg
让我照顾你	jianpucn	2184	3	简谱	让我照顾你__jianpucn-2184	/home/caesium-132/jianpu/images-prep/jianpucn-wuyuetian/让我照顾你__jianpucn-2184/001.jpg
让我照顾你-弹唱 吉他类 流行	jianpucn	113080	2	改编	让我照顾你-弹唱 吉他类 流行__jianpucn-113080	/home/caesium-132/jianpu/images-prep/jianpucn-wuyuetian/让我照顾你-弹唱 吉他类 流行__jianpucn-113080/001.jpg
让我留在你身边钢琴	jianpujia	245644	5	改编	让我留在你身边钢琴简谱_陈奕迅演唱__jianpujia-245644	/home/caesium-132/jianpu/images-prep/jianpujia-art315/让我留在你身边钢琴简谱_陈奕迅演唱__jianpujia-245644/001.png
让爱回来	jianpucn	52498	1	简谱	让爱回来__jianpucn-52498	/home/caesium-132/jianpu/images-prep/jianpucn-qiyu/让爱回来__jianpucn-52498/001.jpg
让爱永久永久	qupu123	335031	4	简谱	让爱永久永久（金少蒙_词曲）__qupu123-335031	/home/caesium-132/jianpu/images-prep/qupu123-crawl/让爱永久永久（金少蒙_词曲）__qupu123-335031/001.jpg
让爱花开	qupu123	305466	1	简谱	让爱花开__qupu123-305466	/home/caesium-132/jianpu/images-prep/qupu123-sweep/让爱花开__qupu123-305466/001.jpg
记不记得我是谁	qupu123	54578	1	简谱	记不记得我是谁__qupu123-54578	/home/caesium-132/jianpu/images-prep/_offtarget/记不记得我是谁__qupu123-54578/001.jpg
记事本	jianpucn	103790	2	简谱	记事本__jianpucn-103790	/home/caesium-132/jianpu/images-prep/jianpucn-zhouchuanxiong/记事本__jianpucn-103790/001.jpg
记得	jianpucn	275278	1	改编	记得（尤克里里弹唱谱）__jianpucn-275278	/home/caesium-132/jianpu/images-prep/jianpucn-linjunjie/记得（尤克里里弹唱谱）__jianpucn-275278/001.jpg
记得那年解放来	qupu123	335888	2	改编	记得那年解放来（五线谱）__qupu123-335888	/home/caesium-132/jianpu/images-prep/qupu123-crawl/记得那年解放来（五线谱）__qupu123-335888/001.jpg
许巍 故乡 吉他谱 G调指法	qupu123	343017	4	改编	许巍 故乡 吉他谱 G调指法（无限延音编配）__qupu123-343017	/home/caesium-132/jianpu/images-prep/qupu123-xuwei/许巍 故乡 吉他谱 G调指法（无限延音编配）__qupu123-343017/001.jpg
许巍 旅行 吉他谱 D调指法	qupu123	345006	4	改编	许巍 旅行 吉他谱 D调指法（无限延音编配）__qupu123-345006	/home/caesium-132/jianpu/images-prep/qupu123-xuwei/许巍 旅行 吉他谱 D调指法（无限延音编配）__qupu123-345006/001.jpg
许巍 时光	qupu123	354632	4	改编	许巍 时光 吉他谱（无限延音编配）__qupu123-354632	/home/caesium-132/jianpu/images-prep/qupu123-xuwei/许巍 时光 吉他谱（无限延音编配）__qupu123-354632/001.jpg
许巍 漫步	qupu123	349052	4	改编	许巍 漫步 吉他谱（无限延音编配）__qupu123-349052	/home/caesium-132/jianpu/images-prep/qupu123-xuwei/许巍 漫步 吉他谱（无限延音编配）__qupu123-349052/001.jpg
许巍-完美生活	jianpucn	95893	1	简谱	许巍-完美生活__jianpucn-95893	/home/caesium-132/jianpu/images-prep/jianpucn-xuwei/许巍-完美生活__jianpucn-95893/001.jpg
许巍-曾经的你	jianpucn	95892	1	简谱	许巍-曾经的你__jianpucn-95892	/home/caesium-132/jianpu/images-prep/jianpucn-xuwei/许巍-曾经的你__jianpucn-95892/001.jpg
许巍-难忘的一天solo-原版谱	jianpucn	137235	1	简谱	许巍-难忘的一天solo-原版谱__jianpucn-137235	/home/caesium-132/jianpu/images-prep/jianpucn-xuwei/许巍-难忘的一天solo-原版谱__jianpucn-137235/001.jpg
许巍《故乡》吉他谱 喀什怒放	jianpucn	149233	1	改编	许巍《故乡》吉他谱 喀什怒放__jianpucn-149233	/home/caesium-132/jianpu/images-prep/jianpucn-xuwei/许巍《故乡》吉他谱 喀什怒放__jianpucn-149233/001.jpg
许巍《星空》高清	qupu123	256737	4	改编	许巍《星空》高清吉他谱（单吉他弹唱完美版）__qupu123-256737	/home/caesium-132/jianpu/images-prep/qupu123-xuwei/许巍《星空》高清吉他谱（单吉他弹唱完美版）__qupu123-256737/001.jpg
许巍《礼物》吉他谱D调精华版 高音教编配 猴哥吉他教学	qupu123	350429	1	改编	许巍《礼物》吉他谱D调精华版 高音教编配 猴哥吉他教学__qupu123-350429	/home/caesium-132/jianpu/images-prep/qupu123-xuwei/许巍《礼物》吉他谱D调精华版 高音教编配 猴哥吉他教学__qupu123-350429/001.jpg
许巍《蓝莲花》吉他谱C调入门版 猴哥吉他教学 高音教编配	qupu123	343203	1	改编	许巍《蓝莲花》吉他谱C调入门版 猴哥吉他教学 高音教编配__qupu123-343203	/home/caesium-132/jianpu/images-prep/qupu123-xuwei/许巍《蓝莲花》吉他谱C调入门版 猴哥吉他教学 高音教编配__qupu123-343203/001.jpg
许巍《蓝莲花》扫弦版超清谱 老歌大叔吉他教室出品	qupu123	342725	3	改编	许巍《蓝莲花》扫弦版超清谱 老歌大叔吉他教室出品__qupu123-342725	/home/caesium-132/jianpu/images-prep/qupu123-xuwei/许巍《蓝莲花》扫弦版超清谱 老歌大叔吉他教室出品__qupu123-342725/001.jpg
许巍《那一年》吉他谱C调精华版 高音教编配 猴哥吉他教学	qupu123	351039	2	改编	许巍《那一年》吉他谱C调精华版 高音教编配 猴哥吉他教学__qupu123-351039	/home/caesium-132/jianpu/images-prep/qupu123-xuwei/许巍《那一年》吉他谱C调精华版 高音教编配 猴哥吉他教学__qupu123-351039/001.jpg
许愿	jianpucn	467042	1	改编	许愿 （ 王大陆 C调原版编配）__jianpucn-467042	/home/caesium-132/jianpu/images-prep/jianpucn-pop/许愿 （ 王大陆 C调原版编配）__jianpucn-467042/001.jpg
诀别诗	jianpucn	95652	1	简谱	诀别诗__jianpucn-95652	/home/caesium-132/jianpu/images-prep/jianpucn-linjunjie/诀别诗__jianpucn-95652/001.jpg
诉衷情	qupu123	336067	2	简谱	诉衷情（陈式词_姚敏曲、线简谱对照版）__qupu123-336067	/home/caesium-132/jianpu/images-prep/qupu123-crawl/诉衷情（陈式词_姚敏曲、线简谱对照版）__qupu123-336067/001.jpg
诗意尤克里里谱	jianpucn	462155	1	改编	诗意尤克里里谱（ 四 诗意尤克里里指弹谱）__jianpucn-462155	/home/caesium-132/jianpu/images-prep/jianpucn-denglijun/诗意尤克里里谱（ 四 诗意尤克里里指弹谱）__jianpucn-462155/001.jpg
诗画中国简谱歌词	jianpujia	405438	1	简谱	诗画中国简谱歌词_许嵩,谭维维演唱__诗画中国_节目主题曲__jianpujia-405438	/home/caesium-132/jianpu/images-prep/jianpujia-693/诗画中国简谱歌词_许嵩,谭维维演唱__诗画中国_节目主题曲__jianpujia-405438/001.png
诗的草原	jianpujia	104118	1	简谱	诗的草原_画的草原简谱_程建林词_崔美子曲__jianpujia-104118	/home/caesium-132/jianpu/images-prep/jianpujia-6223/诗的草原_画的草原简谱_程建林词_崔美子曲__jianpujia-104118/001.jpg
诗的草原，画的草原程建林词崔美子曲、正谱诗的草原，画的草原程建林词	jianpujia	405077	1	改编	诗的草原，画的草原程建林词崔美子曲、正谱诗的草原，画的草原程建林词_崔美子曲、正谱简谱__jianpujia-405077	/home/caesium-132/jianpu/images-prep/jianpujia-6223/诗的草原，画的草原程建林词崔美子曲、正谱诗的草原，画的草原程建林词_崔美子曲、正谱简谱__jianpujia-405077/001.png
诗经.商颂.烈祖	qupu123	304112	1	简谱	诗经.商颂.烈祖__qupu123-304112	/home/caesium-132/jianpu/images-prep/qupu123-sweep/诗经.商颂.烈祖__qupu123-304112/001.png
诗经.商颂.那	qupu123	304111	1	简谱	诗经.商颂.那__qupu123-304111	/home/caesium-132/jianpu/images-prep/qupu123-sweep/诗经.商颂.那__qupu123-304111/001.png
诗经三首：一、关睢	qupu123	322912	3	改编	诗经三首：一、关睢（正谱）__qupu123-322912	/home/caesium-132/jianpu/images-prep/qupu123-crawl/诗经三首：一、关睢（正谱）__qupu123-322912/001.jpg
诗经三首：三、苤莒	qupu123	322914	2	改编	诗经三首：三、苤莒（正谱）__qupu123-322914	/home/caesium-132/jianpu/images-prep/qupu123-crawl/诗经三首：三、苤莒（正谱）__qupu123-322914/001.jpg
诗经三首：二、桃夭	qupu123	322913	2	改编	诗经三首：二、桃夭（正谱）__qupu123-322913	/home/caesium-132/jianpu/images-prep/qupu123-crawl/诗经三首：二、桃夭（正谱）__qupu123-322913/001.jpg
说中国话 过中国节	qupu123	306270	1	简谱	说中国话 过中国节__qupu123-306270	/home/caesium-132/jianpu/images-prep/qupu123-mp046/说中国话 过中国节__qupu123-306270/001.jpg
说了再见	jianpucn	470687	2	改编	说了再见 （ C调指法原版编配）__jianpucn-470687	/home/caesium-132/jianpu/images-prep/jianpucn-zhoujielun/说了再见 （ C调指法原版编配）__jianpucn-470687/001.jpg
说了再见 C调转调	qupu123	372548	1	改编	说了再见 C调转调（半音阶口琴）__qupu123-372548	/home/caesium-132/jianpu/images-prep/qupu123-mp026/说了再见 C调转调（半音阶口琴）__qupu123-372548/001.png
说好不哭	jianpucn	438011	2	改编	说好不哭(吉他弹唱教学G调标准版)__jianpucn-438011	/home/caesium-132/jianpu/images-prep/jianpucn-zhoujielun/说好不哭(吉他弹唱教学G调标准版)__jianpucn-438011/001.jpg
说好的幸福呢 即兴版	jianpucn	262472	2	简谱	说好的幸福呢 即兴版__jianpucn-262472	/home/caesium-132/jianpu/images-prep/jianpucn-zhoujielun/说好的幸福呢 即兴版__jianpucn-262472/001.jpg
说好的幸福呢简单版钢琴	jianpujia	379923	4	改编	说好的幸福呢简单版钢琴简谱_周杰伦演唱__jianpujia-379923	/home/caesium-132/jianpu/images-prep/jianpujia-583/说好的幸福呢简单版钢琴简谱_周杰伦演唱__jianpujia-379923/001.png
说爱你完美版	jianpucn	176254	2	简谱	说爱你完美版__jianpucn-176254	/home/caesium-132/jianpu/images-prep/jianpucn-caiyilin/说爱你完美版__jianpucn-176254/001.jpg
说爱你尤克里里谱	jianpucn	461245	1	改编	说爱你尤克里里谱（ A调 ）__jianpucn-461245	/home/caesium-132/jianpu/images-prep/jianpucn-caiyilin/说爱你尤克里里谱（ A调 ）__jianpucn-461245/001.jpg
请你在我身边坐	qupu123	311040	1	简谱	请你在我身边坐__qupu123-311040	/home/caesium-132/jianpu/images-prep/qupu123-sweep/请你在我身边坐__qupu123-311040/001.png
请听我说	qupu123	296107	4	改编	请听我说（正谱）__qupu123-296107	/home/caesium-132/jianpu/images-prep/qupu123-crawl/请听我说（正谱）__qupu123-296107/001.jpg
请笃信一个梦钢琴	jianpujia	152794	7	改编	请笃信一个梦钢琴简谱_数字双手_周深__jianpujia-152794	/home/caesium-132/jianpu/images-prep/jianpujia-380/请笃信一个梦钢琴简谱_数字双手_周深__jianpujia-152794/001.png
请记住我尤克里里谱	jianpucn	458921	1	改编	请记住我尤克里里谱（ C调 ）__jianpucn-458921	/home/caesium-132/jianpu/images-prep/jianpucn-maobuyi/请记住我尤克里里谱（ C调 ）__jianpucn-458921/001.jpg
请问你爱不爱我姑娘	jianpujia	7318	1	简谱	请问你爱不爱我姑娘简谱(歌词)_雷佳演唱_天恩曲谱__jianpujia-7318	/home/caesium-132/jianpu/images-prep/jianpujia-6369/请问你爱不爱我姑娘简谱(歌词)_雷佳演唱_天恩曲谱__jianpujia-7318/001.jpg
诺亚方舟尤克里里谱	jianpucn	458667	1	改编	诺亚方舟尤克里里谱（ D调 ）__jianpucn-458667	/home/caesium-132/jianpu/images-prep/jianpucn-wuyuetian/诺亚方舟尤克里里谱（ D调 ）__jianpucn-458667/001.jpg
谁丢失了谁	qupu123	326331	1	简谱	谁丢失了谁__qupu123-326331	/home/caesium-132/jianpu/images-prep/qupu123-sweep/谁丢失了谁__qupu123-326331/001.png
谁主沉浮 同名电影插曲	jianpucn	258056	1	简谱	谁主沉浮 同名电影插曲__jianpucn-258056	/home/caesium-132/jianpu/images-prep/jianpucn-hanlei/谁主沉浮 同名电影插曲__jianpucn-258056/001.jpg
谁主沧桑？	qupu123	306498	1	简谱	谁主沧桑？__qupu123-306498	/home/caesium-132/jianpu/images-prep/qupu123-sweep/谁主沧桑？__qupu123-306498/001.jpg
谁会记得我	qupu123	50769	1	简谱	谁会记得我__qupu123-50769	/home/caesium-132/jianpu/images-prep/_offtarget/谁会记得我__qupu123-50769/001.jpg
谁伴我闯荡 beyond	qupu123	69326	5	改编	谁伴我闯荡 beyond（吉他谱）__qupu123-69326	/home/caesium-132/jianpu/images-prep/qupu123-beyond/谁伴我闯荡 beyond（吉他谱）__qupu123-69326/001.jpg
谁可改变	qupu123	305330	1	简谱	谁可改变__qupu123-305330	/home/caesium-132/jianpu/images-prep/qupu123-sweep/谁可改变__qupu123-305330/001.jpg
谁在我梦里种下一颗红豆	qupu123	109013	1	简谱	谁在我梦里种下一颗红豆__qupu123-109013	/home/caesium-132/jianpu/images-prep/_offtarget/谁在我梦里种下一颗红豆__qupu123-109013/001.jpg
谁把春天打翻了	qupu123	333735	2	简谱	谁把春天打翻了__qupu123-333735	/home/caesium-132/jianpu/images-prep/qupu123-crawl/谁把春天打翻了__qupu123-333735/001.jpg
谁是英雄	qupu123	329412	1	简谱	谁是英雄 （故事影片《英雄》主题歌）__qupu123-329412	/home/caesium-132/jianpu/images-prep/qupu123-sweep/谁是英雄 （故事影片《英雄》主题歌）__qupu123-329412/001.jpg
谁来爱我	jianpucn	279550	1	简谱	谁来爱我（国语歌曲）__jianpucn-279550	/home/caesium-132/jianpu/images-prep/jianpucn-denglijun/谁来爱我（国语歌曲）__jianpucn-279550/001.jpg
谁能有我们这样自豪	qupu123	311067	1	简谱	谁能有我们这样自豪__qupu123-311067	/home/caesium-132/jianpu/images-prep/qupu123-sweep/谁能有我们这样自豪__qupu123-311067/001.jpg
谢安琪《喜帖街》高清吉他谱完美版	qupu123	272212	2	改编	谢安琪《喜帖街》高清吉他谱完美版（吉他六线谱）__qupu123-272212	/home/caesium-132/jianpu/images-prep/qupu123-hk/谢安琪《喜帖街》高清吉他谱完美版（吉他六线谱）__qupu123-272212/001.jpg
谢幕钢琴	jianpujia	382758	6	改编	谢幕钢琴简谱_林俊杰演唱__jianpujia-382758	/home/caesium-132/jianpu/images-prep/jianpujia-499/谢幕钢琴简谱_林俊杰演唱__jianpujia-382758/001.png
谢谢	jianpucn	301954	1	改编	谢谢（ 编配版）__jianpucn-301954	/home/caesium-132/jianpu/images-prep/jianpucn-wangfeng/谢谢（ 编配版）__jianpucn-301954/001.jpg
谢谢你	qupu123	68316	1	简谱	谢谢你（李健词曲）__qupu123-68316	/home/caesium-132/jianpu/images-prep/qupu123-lijian/谢谢你（李健词曲）__qupu123-68316/001.jpg
谢谢你常记得我	qupu123	45019	1	简谱	谢谢你常记得我__qupu123-45019	/home/caesium-132/jianpu/images-prep/_offtarget/谢谢你常记得我__qupu123-45019/001.jpg
谢谢侬	jianpucn	49618	1	简谱	谢谢侬__jianpucn-49618	/home/caesium-132/jianpu/images-prep/jianpucn-pop/谢谢侬__jianpucn-49618/001.jpg
谭咏麟《讲不出再见》高清	qupu123	258862	2	改编	谭咏麟《讲不出再见》高清吉他谱（吉他六线谱）__qupu123-258862	/home/caesium-132/jianpu/images-prep/qupu123-hk/谭咏麟《讲不出再见》高清吉他谱（吉他六线谱）__qupu123-258862/001.jpg
豆豆和妞妞	jianpujia	22124	1	简谱	豆豆和妞妞简谱(歌词)_儿歌_谱友好心情999上传__jianpujia-22124	/home/caesium-132/jianpu/images-prep/jianpujia-3462/豆豆和妞妞简谱(歌词)_儿歌_谱友好心情999上传__jianpujia-22124/001.gif
象你	jianpucn	9453	1	简谱	象你__jianpucn-9453	/home/caesium-132/jianpu/images-prep/jianpucn-pop/象你__jianpucn-9453/001.jpg
豪情温州唱起来	qupu123	335676	2	简谱	豪情温州唱起来__qupu123-335676	/home/caesium-132/jianpu/images-prep/qupu123-crawl/豪情温州唱起来__qupu123-335676/001.jpg
豪气冲云天	qupu123	306072	1	简谱	豪气冲云天__qupu123-306072	/home/caesium-132/jianpu/images-prep/qupu123-sweep/豪气冲云天__qupu123-306072/001.jpg
贝加尔湖畔 高清吉他	jianpucn	285547	1	改编	贝加尔湖畔 高清吉他__jianpucn-285547	/home/caesium-132/jianpu/images-prep/jianpucn-lijian/贝加尔湖畔 高清吉他__jianpucn-285547/001.jpg
贝斯谱F	qupu123	396716	7	简谱	贝斯谱F__qupu123-396716	/home/caesium-132/jianpu/images-prep/qupu123-crawl/贝斯谱F__qupu123-396716/001.jpg
贝斯谱P	qupu123	396766	7	简谱	贝斯谱P_Q__qupu123-396766	/home/caesium-132/jianpu/images-prep/qupu123-crawl/贝斯谱P_Q__qupu123-396766/001.jpg
贝瓦儿歌第一套广播体操	jianpujia	43072	1	简谱	贝瓦儿歌第一套广播体操简谱(歌词)_贝瓦儿歌__jianpujia-43072	/home/caesium-132/jianpu/images-prep/jianpujia-3462/贝瓦儿歌第一套广播体操简谱(歌词)_贝瓦儿歌__jianpujia-43072/001.jpg
贵州是我的牵挂	qupu123	370157	3	简谱	贵州是我的牵挂__qupu123-370157	/home/caesium-132/jianpu/images-prep/qupu123-crawl/贵州是我的牵挂__qupu123-370157/001.jpg
赋别曲	jianpucn	213552	1	简谱	赋别曲__jianpucn-213552	/home/caesium-132/jianpu/images-prep/jianpucn-zhouchuanxiong/赋别曲__jianpucn-213552/001.jpg
赠刀郎	qupu123	310073	1	简谱	赠刀郎__qupu123-310073	/home/caesium-132/jianpu/images-prep/qupu123-sweep/赠刀郎__qupu123-310073/001.jpg
走不开的快乐	jianpucn	119405	1	简谱	走不开的快乐__jianpucn-119405	/home/caesium-132/jianpu/images-prep/jianpucn-beyond/走不开的快乐__jianpucn-119405/001.jpg
走向世界	qupu123	335777	3	简谱	走向世界_走向未来__qupu123-335777	/home/caesium-132/jianpu/images-prep/qupu123-crawl/走向世界_走向未来__qupu123-335777/001.jpg
走走大连 感受浪漫	qupu123	327311	1	简谱	走走大连 感受浪漫__qupu123-327311	/home/caesium-132/jianpu/images-prep/qupu123-sweep/走走大连 感受浪漫__qupu123-327311/001.jpg
走过	qupu123	329429	1	简谱	走过（雷喜明词 南风曲）__qupu123-329429	/home/caesium-132/jianpu/images-prep/qupu123-sweep/走过（雷喜明词 南风曲）__qupu123-329429/001.jpg
走过千山万水却走不出你	qupu123	326561	1	简谱	走过千山万水却走不出你__qupu123-326561	/home/caesium-132/jianpu/images-prep/qupu123-sweep/走过千山万水却走不出你__qupu123-326561/001.jpg
走进黑土地	qupu123	313470	3	简谱	走进黑土地_走进北大荒__qupu123-313470	/home/caesium-132/jianpu/images-prep/qupu123-crawl/走进黑土地_走进北大荒__qupu123-313470/001.jpg
赵胤先 《大鱼》	jianpucn	448777	3	简谱	赵胤先 《大鱼》（清新自然 初级 简约版）__jianpucn-448777	/home/caesium-132/jianpu/images-prep/jianpucn-zhoushen/赵胤先 《大鱼》（清新自然 初级 简约版）__jianpucn-448777/001.jpg
赵胤先钢琴曲谱《斯卡布罗集市Scarborough Fair》	qupu123	339477	1	改编	赵胤先钢琴曲谱《斯卡布罗集市Scarborough Fair》（斯卡波罗集市-钢琴启蒙基础版）__qupu123-339477	/home/caesium-132/jianpu/images-prep/qupu123-west/赵胤先钢琴曲谱《斯卡布罗集市Scarborough Fair》（斯卡波罗集市-钢琴启蒙基础版）__qupu123-339477/001.png
起初	jianpucn	51926	3	简谱	起初(滚滚红尘)__jianpucn-51926	/home/caesium-132/jianpu/images-prep/jianpucn-zhouhuajian/起初(滚滚红尘)__jianpucn-51926/001.jpg
起床	jianpucn	2522	3	简谱	起床__jianpucn-2522	/home/caesium-132/jianpu/images-prep/jianpucn-pop/起床__jianpucn-2522/001.jpg
起风了Ｃ调	jianpucn	460593	3	简谱	起风了Ｃ调__jianpucn-460593	/home/caesium-132/jianpu/images-prep/jianpucn-zhoushen/起风了Ｃ调__jianpucn-460593/001.jpg
趁我们年青	qupu123	328842	3	简谱	趁我们年青__qupu123-328842	/home/caesium-132/jianpu/images-prep/qupu123-sweep/趁我们年青__qupu123-328842/001.jpg
超人	jianpucn	2167	3	简谱	超人__jianpucn-2167	/home/caesium-132/jianpu/images-prep/jianpucn-wuyuetian/超人__jianpucn-2167/001.jpg
超人不会飞	jianpucn	133390	1	改编	超人不会飞（钢琴谱）__jianpucn-133390	/home/caesium-132/jianpu/images-prep/jianpucn-zhoujielun/超人不会飞（钢琴谱）__jianpucn-133390/001.jpg
超人主题曲	jianpucn	122363	2	简谱	超人主题曲__jianpucn-122363	/home/caesium-132/jianpu/images-prep/jianpucn-pop/超人主题曲__jianpucn-122363/001.jpg
超人尤克里里谱	jianpucn	458665	1	改编	超人尤克里里谱（ C调带前奏版）__jianpucn-458665	/home/caesium-132/jianpu/images-prep/jianpucn-wuyuetian/超人尤克里里谱（ C调带前奏版）__jianpucn-458665/001.jpg
超越	qupu123	326337	1	简谱	超越（彭海波词 老空弦曲）__qupu123-326337	/home/caesium-132/jianpu/images-prep/qupu123-sweep/超越（彭海波词 老空弦曲）__qupu123-326337/001.jpg
越来越不懂	qupu123	237017	3	改编	越来越不懂（吉他六线谱）__qupu123-237017	/home/caesium-132/jianpu/images-prep/qupu123-search/越来越不懂（吉他六线谱）__qupu123-237017/001.jpg
跌倒	qupu123	321602	1	简谱	跌倒__qupu123-321602	/home/caesium-132/jianpu/images-prep/qupu123-sweep/跌倒__qupu123-321602/001.jpg
跑旱船	jianpucn	41404	1	简谱	跑旱船(陕西民歌)__jianpucn-41404	/home/caesium-132/jianpu/images-prep/jianpucn-yanweiwen/跑旱船(陕西民歌)__jianpucn-41404/001.jpg
距离	jianpucn	103825	2	简谱	距离__jianpucn-103825	/home/caesium-132/jianpu/images-prep/jianpucn-linjunjie/距离__jianpucn-103825/001.jpg
跟你走天涯	qupu123	326531	1	简谱	跟你走天涯（葛·娜仁托雅词 杨亚利曲）__qupu123-326531	/home/caesium-132/jianpu/images-prep/qupu123-sweep/跟你走天涯（葛·娜仁托雅词 杨亚利曲）__qupu123-326531/001.jpg
跟党走	qupu123	320442	2	简谱	跟党走_向前走__qupu123-320442	/home/caesium-132/jianpu/images-prep/qupu123-crawl/跟党走_向前走__qupu123-320442/001.jpg
跟我来燃烧	qupu123	322867	1	简谱	跟我来燃烧__qupu123-322867	/home/caesium-132/jianpu/images-prep/qupu123-sweep/跟我来燃烧__qupu123-322867/001.png
跨世纪的新一代	qupu123	323632	2	改编	跨世纪的新一代（王晓岭词_陈暐曲、正谱）__qupu123-323632	/home/caesium-132/jianpu/images-prep/qupu123-crawl/跨世纪的新一代（王晓岭词_陈暐曲、正谱）__qupu123-323632/001.jpg
路	jianpucn	103264	2	简谱	路__jianpucn-103264	/home/caesium-132/jianpu/images-prep/jianpucn-pop/路__jianpucn-103264/001.jpg
路-简易版 键盘类 钢琴	jianpucn	114498	2	改编	路-简易版 键盘类 钢琴__jianpucn-114498	/home/caesium-132/jianpu/images-prep/jianpucn-pop/路-简易版 键盘类 钢琴__jianpucn-114498/001.jpg
路一直都在	jianpucn	197008	1	简谱	路一直都在__jianpucn-197008	/home/caesium-132/jianpu/images-prep/jianpucn-pop/路一直都在__jianpucn-197008/001.jpg
路的尽头	jianpucn	128724	3	简谱	路的尽头__jianpucn-128724	/home/caesium-132/jianpu/images-prep/jianpucn-xuwei/路的尽头__jianpucn-128724/001.jpg
路边的野花不要采	jianpujia	8979	1	简谱	路边的野花不要采简谱(歌词)_邓丽君演唱_岭南印象曲谱__jianpujia-8979	/home/caesium-132/jianpu/images-prep/jianpujia-1252/路边的野花不要采简谱(歌词)_邓丽君演唱_岭南印象曲谱__jianpujia-8979/001.gif
路过蜻蜓钢琴	jianpujia	149609	5	改编	路过蜻蜓钢琴简谱_张国荣演唱__jianpujia-149609	/home/caesium-132/jianpu/images-prep/jianpujia-art1542/路过蜻蜓钢琴简谱_张国荣演唱__jianpujia-149609/001.png
跳动的火焰	qupu123	324090	1	简谱	跳动的火焰__qupu123-324090	/home/caesium-132/jianpu/images-prep/qupu123-sweep/跳动的火焰__qupu123-324090/001.jpg
跳绳	qupu123	328296	2	简谱	跳绳（罗晓航词曲）__qupu123-328296	/home/caesium-132/jianpu/images-prep/qupu123-crawl/跳绳（罗晓航词曲）__qupu123-328296/001.jpg
踏歌起舞	jianpucn	294327	1	简谱	踏歌起舞__jianpucn-294327	/home/caesium-132/jianpu/images-prep/jianpucn-songzuying/踏歌起舞__jianpucn-294327/001.jpg
车站	jianpucn	466350	2	改编	车站 （ G调指法原版编配）__jianpucn-466350	/home/caesium-132/jianpu/images-prep/jianpucn-lijian/车站 （ G调指法原版编配）__jianpucn-466350/001.jpg
轨迹 弹唱版	jianpucn	103793	2	改编	轨迹 弹唱版__jianpucn-103793	/home/caesium-132/jianpu/images-prep/jianpucn-zhoujielun/轨迹 弹唱版__jianpucn-103793/001.jpg
转机	jianpucn	230	1	简谱	转机__jianpucn-230	/home/caesium-132/jianpu/images-prep/jianpucn-pop/转机__jianpucn-230/001.jpg
轻功	jianpucn	51970	1	简谱	轻功__jianpucn-51970	/home/caesium-132/jianpu/images-prep/jianpucn-wuyuetian/轻功__jianpucn-51970/001.jpg
辣妹子	jianpucn	448976	1	简谱	辣妹子（十大作曲家印青作品选（45））__jianpucn-448976	/home/caesium-132/jianpu/images-prep/jianpucn-songzuying/辣妹子（十大作曲家印青作品选（45））__jianpucn-448976/001.jpg
边关情	jianpucn	44675	1	改编	边关情(五线谱_简谱对照)__jianpucn-44675	/home/caesium-132/jianpu/images-prep/jianpucn-pop/边关情(五线谱_简谱对照)__jianpucn-44675/001.jpg
边境线上我感觉祖国	jianpucn	200578	2	改编	边境线上我感觉祖国（正谱）__jianpucn-200578	/home/caesium-132/jianpu/images-prep/jianpucn-yanweiwen/边境线上我感觉祖国（正谱）__jianpucn-200578/001.jpg
边疆的泉水清又纯	jianpucn	61102	1	简谱	边疆的泉水清又纯__jianpucn-61102	/home/caesium-132/jianpu/images-prep/jianpucn-liguyi/边疆的泉水清又纯__jianpucn-61102/001.jpg
边走边唱	qupu123	316474	1	简谱	边走边唱（张兆仁词 武秀林曲）__qupu123-316474	/home/caesium-132/jianpu/images-prep/qupu123-sweep/边走边唱（张兆仁词 武秀林曲）__qupu123-316474/001.jpg
达拉崩吧	jianpucn	469444	2	改编	达拉崩吧 （ 双笙 C调原版编配）__jianpucn-469444	/home/caesium-132/jianpu/images-prep/jianpucn-zhoushen/达拉崩吧 （ 双笙 C调原版编配）__jianpucn-469444/001.jpg
过云雨-b欣仔b版	jianpucn	101185	2	简谱	过云雨-b欣仔b版__jianpucn-101185	/home/caesium-132/jianpu/images-prep/jianpucn-pop/过云雨-b欣仔b版__jianpucn-101185/001.jpg
过云雨-弹唱版	jianpucn	102625	2	改编	过云雨-弹唱版__jianpucn-102625	/home/caesium-132/jianpu/images-prep/jianpucn-pop/过云雨-弹唱版__jianpucn-102625/001.jpg
过去的事情不再想	jianpucn	39387	1	简谱	过去的事情不再想__jianpucn-39387	/home/caesium-132/jianpu/images-prep/jianpucn-liguyi/过去的事情不再想__jianpucn-39387/001.jpg
过客	jianpucn	2081	1	简谱	过客__jianpucn-2081	/home/caesium-132/jianpu/images-prep/jianpucn-zhangxueyou/过客__jianpucn-2081/001.jpg
过把瘾	jianpucn	10903	1	简谱	过把瘾__jianpucn-10903	/home/caesium-132/jianpu/images-prep/jianpucn-liuhuan/过把瘾__jianpucn-10903/001.jpg
过零丁洋	qupu123	324355	1	简谱	过零丁洋__qupu123-324355	/home/caesium-132/jianpu/images-prep/qupu123-sweep/过零丁洋__qupu123-324355/001.jpg
迎着祖国美好的春天	qupu123	318193	3	改编	迎着祖国美好的春天（轻歌剧《救救她》选曲、正谱）__qupu123-318193	/home/caesium-132/jianpu/images-prep/qupu123-crawl/迎着祖国美好的春天（轻歌剧《救救她》选曲、正谱）__qupu123-318193/001.jpg
还在流浪	jianpucn	458612	1	改编	还在流浪 （ C调中级版弹唱谱）__jianpucn-458612	/home/caesium-132/jianpu/images-prep/jianpucn-zhoujielun/还在流浪 （ C调中级版弹唱谱）__jianpucn-458612/001.jpg
还我神州土	qupu123	311052	1	简谱	还我神州土__qupu123-311052	/home/caesium-132/jianpu/images-prep/qupu123-sweep/还我神州土__qupu123-311052/001.jpg
还是笨小孩 -C调	jianpucn	467365	2	简谱	还是笨小孩 -C调__jianpucn-467365	/home/caesium-132/jianpu/images-prep/jianpucn-liudehua/还是笨小孩 -C调__jianpucn-467365/001.jpg
还是笨小孩钢琴	jianpujia	387664	4	改编	还是笨小孩钢琴简谱_易烊千玺_刘德华演唱__jianpujia-387664	/home/caesium-132/jianpu/images-prep/jianpujia-art855/还是笨小孩钢琴简谱_易烊千玺_刘德华演唱__jianpujia-387664/001.png
还是觉得你最好 吉他类 流行	jianpucn	91259	1	改编	还是觉得你最好 吉他类 流行__jianpucn-91259	/home/caesium-132/jianpu/images-prep/jianpucn-zhangxueyou/还是觉得你最好 吉他类 流行__jianpucn-91259/001.jpg
还是觉得你最好钢琴	jianpujia	250172	4	改编	还是觉得你最好钢琴简谱_张学友演唱__jianpujia-250172	/home/caesium-132/jianpu/images-prep/jianpujia-art414/还是觉得你最好钢琴简谱_张学友演唱__jianpujia-250172/001.png
还有我	jianpucn	64923	1	简谱	还有我__jianpucn-64923	/home/caesium-132/jianpu/images-prep/jianpucn-renxianqi/还有我__jianpucn-64923/001.jpg
还记得吗	qupu123	243734	1	简谱	还记得吗（雪儿词曲）__qupu123-243734	/home/caesium-132/jianpu/images-prep/_offtarget/还记得吗（雪儿词曲）__qupu123-243734/001.jpg
还记得吗？那一天	qupu123	201956	1	简谱	还记得吗？那一天__qupu123-201956	/home/caesium-132/jianpu/images-prep/_offtarget/还记得吗？那一天__qupu123-201956/001.jpg
这一刻	qupu123	312987	1	简谱	这一刻（白鸽词 快乐好歌曲）__qupu123-312987	/home/caesium-132/jianpu/images-prep/qupu123-sweep/这一刻（白鸽词 快乐好歌曲）__qupu123-312987/001.jpg
这一天	qupu123	306015	1	简谱	这一天 （吴文军词 邓幸福曲）__qupu123-306015	/home/caesium-132/jianpu/images-prep/qupu123-sweep/这一天 （吴文军词 邓幸福曲）__qupu123-306015/001.jpg
这一路要坚强	qupu123	320471	1	简谱	这一路要坚强__qupu123-320471	/home/caesium-132/jianpu/images-prep/qupu123-sweep/这一路要坚强__qupu123-320471/001.jpg
这世界那么多人	jianpucn	470338	2	改编	这世界那么多人 （ G调原版编配）__jianpucn-470338	/home/caesium-132/jianpu/images-prep/jianpucn-pop/这世界那么多人 （ G调原版编配）__jianpucn-470338/001.jpg
这世界那么多人指弹	jianpucn	457300	2	改编	这世界那么多人指弹 （ 独奏 ）__jianpucn-457300	/home/caesium-132/jianpu/images-prep/jianpucn-pop/这世界那么多人指弹 （ 独奏 ）__jianpucn-457300/001.jpg
这些年一直在等你	qupu123	308255	1	简谱	这些年一直在等你__qupu123-308255	/home/caesium-132/jianpu/images-prep/qupu123-sweep/这些年一直在等你__qupu123-308255/001.png
这场春雨来得有点晚	qupu123	329697	1	简谱	这场春雨来得有点晚__qupu123-329697	/home/caesium-132/jianpu/images-prep/qupu123-sweep/这场春雨来得有点晚__qupu123-329697/001.jpg
这家党支部真正酷	qupu123	323826	1	简谱	这家党支部真正酷__qupu123-323826	/home/caesium-132/jianpu/images-prep/qupu123-sweep/这家党支部真正酷__qupu123-323826/001.jpg
这所有的一切	jianpucn	245678	2	简谱	这所有的一切__jianpucn-245678	/home/caesium-132/jianpu/images-prep/jianpucn-zhoujielun/这所有的一切__jianpucn-245678/001.jpg
这该死的爱	jianpucn	98367	2	简谱	这该死的爱__jianpucn-98367	/home/caesium-132/jianpu/images-prep/jianpucn-pop/这该死的爱__jianpucn-98367/001.jpg
这该死的爱 插曲	jianpucn	98366	2	简谱	这该死的爱 插曲__jianpucn-98366	/home/caesium-132/jianpu/images-prep/jianpucn-pop/这该死的爱 插曲__jianpucn-98366/001.jpg
这该死的爱—张靓颖	jianpucn	172883	4	简谱	这该死的爱—张靓颖__jianpucn-172883	/home/caesium-132/jianpu/images-prep/jianpucn-pop/这该死的爱—张靓颖__jianpucn-172883/001.jpg
这里是桃花盛开的地方	qupu123	334399	2	简谱	这里是桃花盛开的地方（胡泽民词_王志刚曲）__qupu123-334399	/home/caesium-132/jianpu/images-prep/qupu123-crawl/这里是桃花盛开的地方（胡泽民词_王志刚曲）__qupu123-334399/001.jpg
这里有无数个我	qupu123	314167	1	简谱	这里有无数个我__qupu123-314167	/home/caesium-132/jianpu/images-prep/qupu123-sweep/这里有无数个我__qupu123-314167/001.jpg
远	jianpucn	1228	1	简谱	远__jianpucn-1228	/home/caesium-132/jianpu/images-prep/jianpucn-lijian/远__jianpucn-1228/001.jpg
远山晨钟	qupu123	322469	5	改编	远山晨钟（五线谱）__qupu123-322469	/home/caesium-132/jianpu/images-prep/qupu123-crawl/远山晨钟（五线谱）__qupu123-322469/001.jpg
远山望故乡	qupu123	396385	1	简谱	远山望故乡__qupu123-396385	/home/caesium-132/jianpu/images-prep/qupu123-crawl/远山望故乡__qupu123-396385/001.jpg
远情	jianpujia	8445	1	简谱	远情简谱(歌词)_谭晶演唱_电视剧_乔家大院_主题曲__jianpujia-8445	/home/caesium-132/jianpu/images-prep/jianpujia-7224/远情简谱(歌词)_谭晶演唱_电视剧_乔家大院_主题曲__jianpujia-8445/001.gif
远方	qupu123	322194	1	简谱	远方（银燕词 南风曲）__qupu123-322194	/home/caesium-132/jianpu/images-prep/qupu123-sweep/远方（银燕词 南风曲）__qupu123-322194/001.jpg
远方的她	qupu123	322583	1	简谱	远方的她__qupu123-322583	/home/caesium-132/jianpu/images-prep/qupu123-sweep/远方的她__qupu123-322583/001.jpg
远方的爸妈儿牵挂	qupu123	370516	3	简谱	远方的爸妈儿牵挂__qupu123-370516	/home/caesium-132/jianpu/images-prep/qupu123-crawl/远方的爸妈儿牵挂__qupu123-370516/001.jpg
远走高飞	jianpucn	4283	1	简谱	远走高飞__jianpucn-4283	/home/caesium-132/jianpu/images-prep/jianpucn-pop/远走高飞__jianpucn-4283/001.jpg
远远地看你	qupu123	316459	1	简谱	远远地看你__qupu123-316459	/home/caesium-132/jianpu/images-prep/qupu123-sweep/远远地看你__qupu123-316459/001.jpg
违背的青春尤克里里谱	jianpucn	458660	1	改编	违背的青春尤克里里谱（ D调）__jianpucn-458660	/home/caesium-132/jianpu/images-prep/jianpucn-xuezhiqian/违背的青春尤克里里谱（ D调）__jianpucn-458660/001.jpg
迟来的春天	qupu123	305408	1	简谱	迟来的春天（向雪怀词 因蟠晃曲）__qupu123-305408	/home/caesium-132/jianpu/images-prep/qupu123-sweep/迟来的春天（向雪怀词 因蟠晃曲）__qupu123-305408/001.png
迟来的爱&nbsp;&nbsp;	jianpucn	36647	1	简谱	迟来的爱&nbsp;&nbsp;__jianpucn-36647	/home/caesium-132/jianpu/images-prep/jianpucn-title/迟来的爱&nbsp;&nbsp;__jianpucn-36647/001.jpg
迷人的草原祝国文词邰景坤曲迷人的草原祝国文词	jianpujia	420617	1	简谱	迷人的草原祝国文词邰景坤曲迷人的草原祝国文词_邰景坤曲简谱__jianpujia-420617	/home/caesium-132/jianpu/images-prep/jianpujia-6223/迷人的草原祝国文词邰景坤曲迷人的草原祝国文词_邰景坤曲简谱__jianpujia-420617/001.gif
迷你波尔卡	qupu123	377673	3	简谱	迷你波尔卡__qupu123-377673	/home/caesium-132/jianpu/images-prep/qupu123-crawl/迷你波尔卡__qupu123-377673/001.jpg
迷失的心灵	qupu123	306748	1	简谱	迷失的心灵__qupu123-306748	/home/caesium-132/jianpu/images-prep/qupu123-sweep/迷失的心灵__qupu123-306748/001.png
迷痴的心	qupu123	305328	1	简谱	迷痴的心__qupu123-305328	/home/caesium-132/jianpu/images-prep/qupu123-sweep/迷痴的心__qupu123-305328/001.png
迷茫的人生	qupu123	314381	1	简谱	迷茫的人生__qupu123-314381	/home/caesium-132/jianpu/images-prep/qupu123-sweep/迷茫的人生__qupu123-314381/001.jpg
迷迭香尤克里里谱	jianpucn	462373	1	改编	迷迭香尤克里里谱（ C调尤克里里弹唱谱）__jianpucn-462373	/home/caesium-132/jianpu/images-prep/jianpucn-zhoujielun/迷迭香尤克里里谱（ C调尤克里里弹唱谱）__jianpucn-462373/001.jpg
迷迭香钢琴	jianpujia	380466	4	改编	迷迭香钢琴简谱_周杰伦演唱__jianpujia-380466	/home/caesium-132/jianpu/images-prep/jianpujia-583/迷迭香钢琴简谱_周杰伦演唱__jianpujia-380466/001.png
追	qupu123	312854	1	简谱	追（电视剧《追鱼传奇》主题曲）__qupu123-312854	/home/caesium-132/jianpu/images-prep/qupu123-hk/追（电视剧《追鱼传奇》主题曲）__qupu123-312854/001.jpg
追女仔	jianpucn	103997	2	简谱	追女仔__jianpucn-103997	/home/caesium-132/jianpu/images-prep/jianpucn-twins/追女仔__jianpucn-103997/001.jpg
追月	qupu123	330890	2	简谱	追月（作词：杜劲松_作曲：李戈）__qupu123-330890	/home/caesium-132/jianpu/images-prep/qupu123-crawl/追月（作词：杜劲松_作曲：李戈）__qupu123-330890/001.jpg
追梦人-高清	jianpucn	172015	4	简谱	追梦人-高清__jianpucn-172015	/home/caesium-132/jianpu/images-prep/jianpucn-pop/追梦人-高清__jianpucn-172015/001.jpg
追梦人高清版	jianpucn	213551	1	简谱	追梦人高清版__jianpucn-213551	/home/caesium-132/jianpu/images-prep/jianpucn-pop/追梦人高清版__jianpucn-213551/001.jpg
追钢琴	jianpujia	148873	5	改编	追钢琴简谱_张国荣演唱__jianpujia-148873	/home/caesium-132/jianpu/images-prep/jianpujia-art1542/追钢琴简谱_张国荣演唱__jianpujia-148873/001.png
追随	qupu123	336189	1	简谱	追随（蒋燕_词曲）__qupu123-336189	/home/caesium-132/jianpu/images-prep/qupu123-crawl/追随（蒋燕_词曲）__qupu123-336189/001.gif
退一步海阔天空	qupu123	311069	1	简谱	退一步海阔天空__qupu123-311069	/home/caesium-132/jianpu/images-prep/qupu123-sweep/退一步海阔天空__qupu123-311069/001.jpg
退休儿歌	qupu123	326407	1	简谱	退休儿歌__qupu123-326407	/home/caesium-132/jianpu/images-prep/qupu123-sweep/退休儿歌__qupu123-326407/001.jpg
退休歌	qupu123	326406	1	简谱	退休歌（刘岐山词 刘北休曲）__qupu123-326406	/home/caesium-132/jianpu/images-prep/qupu123-sweep/退休歌（刘岐山词 刘北休曲）__qupu123-326406/001.jpg
退后	jianpucn	470677	2	改编	退后 （ C调指法原版编配）__jianpucn-470677	/home/caesium-132/jianpu/images-prep/jianpucn-zhoujielun/退后 （ C调指法原版编配）__jianpucn-470677/001.jpg
退后 吉他弹唱	jianpucn	223377	1	改编	退后 吉他弹唱__jianpucn-223377	/home/caesium-132/jianpu/images-prep/jianpucn-zhoujielun/退后 吉他弹唱__jianpucn-223377/001.jpg
退后-manle版	jianpucn	101678	2	简谱	退后-manle版__jianpucn-101678	/home/caesium-132/jianpu/images-prep/jianpucn-zhoujielun/退后-manle版__jianpucn-101678/001.jpg
退后-弹唱-05895464版	jianpucn	101789	2	改编	退后-弹唱-05895464版__jianpucn-101789	/home/caesium-132/jianpu/images-prep/jianpucn-zhoujielun/退后-弹唱-05895464版__jianpucn-101789/001.jpg
退后-弹唱-52498190版	jianpucn	101504	2	改编	退后-弹唱-52498190版__jianpucn-101504	/home/caesium-132/jianpu/images-prep/jianpucn-zhoujielun/退后-弹唱-52498190版__jianpucn-101504/001.jpg
退后-弹唱巴特尔版	jianpucn	101342	2	改编	退后-弹唱巴特尔版__jianpucn-101342	/home/caesium-132/jianpu/images-prep/jianpucn-zhoujielun/退后-弹唱巴特尔版__jianpucn-101342/001.jpg
退让	jianpucn	9119	1	简谱	退让__jianpucn-9119	/home/caesium-132/jianpu/images-prep/jianpucn-pop/退让__jianpucn-9119/001.jpg
送别 朴树版本	jianpucn	222849	3	简谱	送别 朴树版本__jianpucn-222849	/home/caesium-132/jianpu/images-prep/jianpucn-pushu/送别 朴树版本__jianpucn-222849/001.jpg
送别 朴树版本 卢家兴编	jianpucn	223530	3	简谱	送别 朴树版本 卢家兴编__jianpucn-223530	/home/caesium-132/jianpu/images-prep/jianpucn-pushu/送别 朴树版本 卢家兴编__jianpucn-223530/001.jpg
送别 痞子厨子戏子 片尾曲	jianpucn	222994	1	简谱	送别 痞子厨子戏子 片尾曲__jianpucn-222994	/home/caesium-132/jianpu/images-prep/jianpucn-pushu/送别 痞子厨子戏子 片尾曲__jianpucn-222994/001.jpg
送别[C调伴奏	jianpucn	453190	1	改编	送别[C调伴奏__jianpucn-453190	/home/caesium-132/jianpu/images-prep/jianpucn-pushu/送别[C调伴奏__jianpucn-453190/001.jpg
送别吉他谱六线谱	qupu123	77839	3	改编	送别吉他谱六线谱（朴树 ）__qupu123-77839	/home/caesium-132/jianpu/images-prep/qupu123-pushu/送别吉他谱六线谱（朴树 ）__qupu123-77839/001.jpg
适合成人初学者的-明月千里寄相思	jianpucn	198747	1	简谱	适合成人初学者的-明月千里寄相思__jianpucn-198747	/home/caesium-132/jianpu/images-prep/jianpucn-denglijun/适合成人初学者的-明月千里寄相思__jianpucn-198747/001.jpg
逃亡	jianpucn	472002	1	改编	逃亡 （ C调指法原版编配）__jianpucn-472002	/home/caesium-132/jianpu/images-prep/jianpucn-pop/逃亡 （ C调指法原版编配）__jianpucn-472002/001.jpg
逃亡2	jianpucn	209714	2	简谱	逃亡2__jianpucn-209714	/home/caesium-132/jianpu/images-prep/jianpucn-pop/逃亡2__jianpucn-209714/001.jpg
逃亡尤克里里谱	jianpucn	462142	1	改编	逃亡尤克里里谱（ D调带前奏版）__jianpucn-462142	/home/caesium-132/jianpu/images-prep/jianpucn-pop/逃亡尤克里里谱（ D调带前奏版）__jianpucn-462142/001.jpg
逆风尤克里里谱	jianpucn	458659	1	改编	逆风尤克里里谱（ C调 ）__jianpucn-458659	/home/caesium-132/jianpu/images-prep/jianpucn-maobuyi/逆风尤克里里谱（ C调 ）__jianpucn-458659/001.jpg
逆鳞狂想曲	jianpucn	122111	2	简谱	逆鳞狂想曲__jianpucn-122111	/home/caesium-132/jianpu/images-prep/jianpucn-zhoujielun/逆鳞狂想曲__jianpucn-122111/001.jpg
逍遥策马	qupu123	320081	1	简谱	逍遥策马__qupu123-320081	/home/caesium-132/jianpu/images-prep/qupu123-sweep/逍遥策马__qupu123-320081/001.jpg
透明	jianpucn	88767	1	简谱	透明__jianpucn-88767	/home/caesium-132/jianpu/images-prep/jianpucn-liuruoying/透明__jianpucn-88767/001.jpg
透明尤克里里谱	jianpucn	458669	1	改编	透明尤克里里谱（ G调带前奏版）__jianpucn-458669	/home/caesium-132/jianpu/images-prep/jianpucn-dengziqi/透明尤克里里谱（ G调带前奏版）__jianpucn-458669/001.jpg
透露	jianpucn	198929	1	简谱	透露__jianpucn-198929	/home/caesium-132/jianpu/images-prep/jianpucn-wuyuetian/透露__jianpucn-198929/001.jpg
通往爱的路途－简易版 键盘类 钢琴	jianpucn	97579	1	改编	通往爱的路途－简易版 键盘类 钢琴__jianpucn-97579	/home/caesium-132/jianpu/images-prep/jianpucn-pop/通往爱的路途－简易版 键盘类 钢琴__jianpucn-97579/001.jpg
逝去的日子 吉他 —	jianpucn	234434	2	改编	逝去的日子 吉他 — （扫描版）__jianpucn-234434	/home/caesium-132/jianpu/images-prep/jianpucn-beyond/逝去的日子 吉他 — （扫描版）__jianpucn-234434/001.jpg
造林小曲	qupu123	318778	2	改编	造林小曲（女声小弹唱）__qupu123-318778	/home/caesium-132/jianpu/images-prep/qupu123-crawl/造林小曲（女声小弹唱）__qupu123-318778/001.jpg
遇见 -弹唱版	jianpucn	99954	2	改编	遇见 -弹唱版__jianpucn-99954	/home/caesium-132/jianpu/images-prep/jianpucn-pop/遇见 -弹唱版__jianpucn-99954/001.jpg
遇见 孙燕姿	qupu123	372253	4	改编	遇见 孙燕姿 吉他谱（无限延音编配）__qupu123-372253	/home/caesium-132/jianpu/images-prep/qupu123-sunyanzi/遇见 孙燕姿 吉他谱（无限延音编配）__qupu123-372253/001.jpg
遇见 歌曲类 钢琴伴奏谱	jianpucn	112803	2	改编	遇见 歌曲类 钢琴伴奏谱__jianpucn-112803	/home/caesium-132/jianpu/images-prep/jianpucn-pop/遇见 歌曲类 钢琴伴奏谱__jianpucn-112803/001.jpg
遇见 简易独奏曲	jianpucn	215161	1	改编	遇见 简易独奏曲__jianpucn-215161	/home/caesium-132/jianpu/images-prep/jianpucn-pop/遇见 简易独奏曲__jianpucn-215161/001.jpg
遇见-原调华丽演奏版bA	jianpucn	226844	2	简谱	遇见-原调华丽演奏版bA__jianpucn-226844	/home/caesium-132/jianpu/images-prep/jianpucn-pop/遇见-原调华丽演奏版bA__jianpucn-226844/001.jpg
遇见-简易版 歌曲类 钢琴伴奏谱	jianpucn	112804	1	改编	遇见-简易版 歌曲类 钢琴伴奏谱__jianpucn-112804	/home/caesium-132/jianpu/images-prep/jianpucn-pop/遇见-简易版 歌曲类 钢琴伴奏谱__jianpucn-112804/001.jpg
遇见-适合男生弹唱版	jianpucn	11013	1	改编	遇见-适合男生弹唱版__jianpucn-11013	/home/caesium-132/jianpu/images-prep/jianpucn-pop/遇见-适合男生弹唱版__jianpucn-11013/001.jpg
遇见指弹	jianpucn	462400	1	改编	遇见指弹 （ 吉他独奏 ）__jianpucn-462400	/home/caesium-132/jianpu/images-prep/jianpucn-pop/遇见指弹 （ 吉他独奏 ）__jianpucn-462400/001.jpg
遇见指弹版 个人制作独家首发绝对超值	jianpucn	213345	1	改编	遇见指弹版 个人制作独家首发绝对超值__jianpucn-213345	/home/caesium-132/jianpu/images-prep/jianpucn-pop/遇见指弹版 个人制作独家首发绝对超值__jianpucn-213345/001.jpg
遇见神	jianpucn	97166	1	简谱	遇见神__jianpucn-97166	/home/caesium-132/jianpu/images-prep/jianpucn-pop/遇见神__jianpucn-97166/001.jpg
遇见高清	jianpucn	213557	1	简谱	遇见高清__jianpucn-213557	/home/caesium-132/jianpu/images-prep/jianpucn-pop/遇见高清__jianpucn-213557/001.jpg
遇见－接近原版	jianpucn	101910	2	简谱	遇见－接近原版__jianpucn-101910	/home/caesium-132/jianpu/images-prep/jianpucn-pop/遇见－接近原版__jianpucn-101910/001.jpg
道道道	jianpujia	387453	3	简谱	道道道简谱_张学友演唱_杏花弦外雨制谱__jianpujia-387453	/home/caesium-132/jianpu/images-prep/jianpujia-art414/道道道简谱_张学友演唱_杏花弦外雨制谱__jianpujia-387453/001.jpg
遗憾	jianpucn	1077	1	简谱	遗憾__jianpucn-1077	/home/caesium-132/jianpu/images-prep/jianpucn-xumeijing/遗憾__jianpucn-1077/001.jpg
遥望 键盘类 钢琴	jianpucn	114659	2	改编	遥望 键盘类 钢琴__jianpucn-114659	/home/caesium-132/jianpu/images-prep/jianpucn-pop/遥望 键盘类 钢琴__jianpucn-114659/001.jpg
遥望着你的方向	qupu123	308207	1	简谱	遥望着你的方向__qupu123-308207	/home/caesium-132/jianpu/images-prep/qupu123-sweep/遥望着你的方向__qupu123-308207/001.png
遥远的paradise	jianpucn	119404	1	简谱	遥远的paradise__jianpucn-119404	/home/caesium-132/jianpu/images-prep/jianpucn-beyond/遥远的paradise__jianpucn-119404/001.jpg
遥远的她尤克里里谱	jianpucn	462145	1	改编	遥远的她尤克里里谱（ G调高清版）__jianpucn-462145	/home/caesium-132/jianpu/images-prep/jianpucn-pop/遥远的她尤克里里谱（ G调高清版）__jianpucn-462145/001.jpg
遥远的她钢琴	jianpujia	246282	6	改编	遥远的她钢琴简谱_张学友演唱__jianpujia-246282	/home/caesium-132/jianpu/images-prep/jianpujia-art414/遥远的她钢琴简谱_张学友演唱__jianpujia-246282/001.png
邓丽君演唱金曲： 一挥衣袖	qupu123	292099	1	简谱	邓丽君演唱金曲： 一挥衣袖__qupu123-292099	/home/caesium-132/jianpu/images-prep/qupu123-denglijun/邓丽君演唱金曲： 一挥衣袖__qupu123-292099/001.png
邓丽君演唱金曲： 情湖	qupu123	292101	1	简谱	邓丽君演唱金曲： 情湖__qupu123-292101	/home/caesium-132/jianpu/images-prep/qupu123-denglijun/邓丽君演唱金曲： 情湖__qupu123-292101/001.png
邓丽君演唱金曲：一封情书	qupu123	291959	1	简谱	邓丽君演唱金曲：一封情书__qupu123-291959	/home/caesium-132/jianpu/images-prep/qupu123-denglijun/邓丽君演唱金曲：一封情书__qupu123-291959/001.png
邓丽君演唱金曲：一片落叶	qupu123	291978	1	简谱	邓丽君演唱金曲：一片落叶__qupu123-291978	/home/caesium-132/jianpu/images-prep/qupu123-denglijun/邓丽君演唱金曲：一片落叶__qupu123-291978/001.png
邓丽君演唱金曲：不着痕迹	qupu123	292372	1	简谱	邓丽君演唱金曲：不着痕迹__qupu123-292372	/home/caesium-132/jianpu/images-prep/qupu123-denglijun/邓丽君演唱金曲：不着痕迹__qupu123-292372/001.png
邓丽君演唱金曲：世界多美丽	qupu123	291853	1	简谱	邓丽君演唱金曲：世界多美丽__qupu123-291853	/home/caesium-132/jianpu/images-prep/qupu123-denglijun/邓丽君演唱金曲：世界多美丽__qupu123-291853/001.png
邓丽君演唱金曲：丝丝小雨	qupu123	291843	1	简谱	邓丽君演唱金曲：丝丝小雨__qupu123-291843	/home/caesium-132/jianpu/images-prep/qupu123-denglijun/邓丽君演唱金曲：丝丝小雨__qupu123-291843/001.jpg
邓丽君演唱金曲：云河	qupu123	291963	1	简谱	邓丽君演唱金曲：云河__qupu123-291963	/home/caesium-132/jianpu/images-prep/qupu123-denglijun/邓丽君演唱金曲：云河__qupu123-291963/001.jpg
邓丽君演唱金曲：云深情也深	qupu123	291849	1	简谱	邓丽君演唱金曲：云深情也深__qupu123-291849	/home/caesium-132/jianpu/images-prep/qupu123-denglijun/邓丽君演唱金曲：云深情也深__qupu123-291849/001.png
邓丽君演唱金曲：交道	qupu123	291838	1	简谱	邓丽君演唱金曲：交道（又名：郊道）__qupu123-291838	/home/caesium-132/jianpu/images-prep/qupu123-denglijun/邓丽君演唱金曲：交道（又名：郊道）__qupu123-291838/001.png
邓丽君演唱金曲：伊人何处	qupu123	292066	1	简谱	邓丽君演唱金曲：伊人何处__qupu123-292066	/home/caesium-132/jianpu/images-prep/qupu123-denglijun/邓丽君演唱金曲：伊人何处__qupu123-292066/001.jpg
邓丽君演唱金曲：你为何不说	qupu123	292102	1	简谱	邓丽君演唱金曲：你为何不说__qupu123-292102	/home/caesium-132/jianpu/images-prep/qupu123-denglijun/邓丽君演唱金曲：你为何不说__qupu123-292102/001.jpg
邓丽君演唱金曲：你在我心中	qupu123	291844	1	简谱	邓丽君演唱金曲：你在我心中__qupu123-291844	/home/caesium-132/jianpu/images-prep/qupu123-denglijun/邓丽君演唱金曲：你在我心中__qupu123-291844/001.jpg
邓丽君演唱金曲：你怎么说	qupu123	292069	1	简谱	邓丽君演唱金曲：你怎么说__qupu123-292069	/home/caesium-132/jianpu/images-prep/qupu123-denglijun/邓丽君演唱金曲：你怎么说__qupu123-292069/001.jpg
邓丽君演唱金曲：侬情万缕	qupu123	291969	1	简谱	邓丽君演唱金曲：侬情万缕__qupu123-291969	/home/caesium-132/jianpu/images-prep/qupu123-denglijun/邓丽君演唱金曲：侬情万缕__qupu123-291969/001.png
邓丽君演唱金曲：偶然的相遇	qupu123	291845	1	简谱	邓丽君演唱金曲：偶然的相遇__qupu123-291845	/home/caesium-132/jianpu/images-prep/qupu123-denglijun/邓丽君演唱金曲：偶然的相遇__qupu123-291845/001.jpg
邓丽君演唱金曲：偿还	qupu123	292365	1	简谱	邓丽君演唱金曲：偿还__qupu123-292365	/home/caesium-132/jianpu/images-prep/qupu123-denglijun/邓丽君演唱金曲：偿还__qupu123-292365/001.png
邓丽君演唱金曲：冬之恋情	qupu123	291727	1	简谱	邓丽君演唱金曲：冬之恋情__qupu123-291727	/home/caesium-132/jianpu/images-prep/qupu123-denglijun/邓丽君演唱金曲：冬之恋情__qupu123-291727/001.png
邓丽君演唱金曲：凝望	qupu123	291841	1	简谱	邓丽君演唱金曲：凝望（赤坂たそがれ）__qupu123-291841	/home/caesium-132/jianpu/images-prep/qupu123-denglijun/邓丽君演唱金曲：凝望（赤坂たそがれ）__qupu123-291841/001.jpg
邓丽君演唱金曲：几时再见	qupu123	292204	1	简谱	邓丽君演唱金曲：几时再见__qupu123-292204	/home/caesium-132/jianpu/images-prep/qupu123-denglijun/邓丽君演唱金曲：几时再见__qupu123-292204/001.jpg
邓丽君演唱金曲：别离	qupu123	292198	1	简谱	邓丽君演唱金曲：别离__qupu123-292198	/home/caesium-132/jianpu/images-prep/qupu123-denglijun/邓丽君演唱金曲：别离__qupu123-292198/001.png
邓丽君演唱金曲：前生有缘	qupu123	292360	1	简谱	邓丽君演唱金曲：前生有缘__qupu123-292360	/home/caesium-132/jianpu/images-prep/qupu123-denglijun/邓丽君演唱金曲：前生有缘__qupu123-292360/001.png
邓丽君演唱金曲：千言万语	qupu123	291852	1	简谱	邓丽君演唱金曲：千言万语__qupu123-291852	/home/caesium-132/jianpu/images-prep/qupu123-denglijun/邓丽君演唱金曲：千言万语__qupu123-291852/001.png
邓丽君演唱金曲：南海姑娘	qupu123	291863	1	简谱	邓丽君演唱金曲：南海姑娘__qupu123-291863	/home/caesium-132/jianpu/images-prep/qupu123-denglijun/邓丽君演唱金曲：南海姑娘__qupu123-291863/001.jpg
邓丽君演唱金曲：原乡人	qupu123	292087	1	简谱	邓丽君演唱金曲：原乡人__qupu123-292087	/home/caesium-132/jianpu/images-prep/qupu123-denglijun/邓丽君演唱金曲：原乡人__qupu123-292087/001.png
邓丽君演唱金曲：原乡情浓	qupu123	292083	1	简谱	邓丽君演唱金曲：原乡情浓__qupu123-292083	/home/caesium-132/jianpu/images-prep/qupu123-denglijun/邓丽君演唱金曲：原乡情浓__qupu123-292083/001.jpg
邓丽君演唱金曲：又见炊烟	qupu123	291871	1	简谱	邓丽君演唱金曲：又见炊烟__qupu123-291871	/home/caesium-132/jianpu/images-prep/qupu123-denglijun/邓丽君演唱金曲：又见炊烟__qupu123-291871/001.png
邓丽君演唱金曲：又见雪花	qupu123	291859	1	简谱	邓丽君演唱金曲：又见雪花__qupu123-291859	/home/caesium-132/jianpu/images-prep/qupu123-denglijun/邓丽君演唱金曲：又见雪花__qupu123-291859/001.png
邓丽君演唱金曲：古树下	qupu123	291996	1	简谱	邓丽君演唱金曲：古树下__qupu123-291996	/home/caesium-132/jianpu/images-prep/qupu123-denglijun/邓丽君演唱金曲：古树下__qupu123-291996/001.png
邓丽君演唱金曲：向日葵	qupu123	291962	1	简谱	邓丽君演唱金曲：向日葵__qupu123-291962	/home/caesium-132/jianpu/images-prep/qupu123-denglijun/邓丽君演唱金曲：向日葵__qupu123-291962/001.jpg
邓丽君演唱金曲：君心我心	qupu123	292093	1	简谱	邓丽君演唱金曲：君心我心__qupu123-292093	/home/caesium-132/jianpu/images-prep/qupu123-denglijun/邓丽君演唱金曲：君心我心__qupu123-292093/001.png
邓丽君演唱金曲：唱歌的人	qupu123	292354	1	简谱	邓丽君演唱金曲：唱歌的人__qupu123-292354	/home/caesium-132/jianpu/images-prep/qupu123-denglijun/邓丽君演唱金曲：唱歌的人__qupu123-292354/001.png
邓丽君演唱金曲：四个愿望	qupu123	291867	1	简谱	邓丽君演唱金曲：四个愿望__qupu123-291867	/home/caesium-132/jianpu/images-prep/qupu123-denglijun/邓丽君演唱金曲：四个愿望__qupu123-291867/001.png
邓丽君演唱金曲：四季歌	qupu123	292349	1	简谱	邓丽君演唱金曲：四季歌__qupu123-292349	/home/caesium-132/jianpu/images-prep/qupu123-denglijun/邓丽君演唱金曲：四季歌__qupu123-292349/001.png
邓丽君演唱金曲：多情的玫瑰	qupu123	291858	1	简谱	邓丽君演唱金曲：多情的玫瑰__qupu123-291858	/home/caesium-132/jianpu/images-prep/qupu123-denglijun/邓丽君演唱金曲：多情的玫瑰__qupu123-291858/001.png
邓丽君演唱金曲：夜的投影	qupu123	291973	1	简谱	邓丽君演唱金曲：夜的投影__qupu123-291973	/home/caesium-132/jianpu/images-prep/qupu123-denglijun/邓丽君演唱金曲：夜的投影__qupu123-291973/001.jpg
邓丽君演唱金曲：夜色	qupu123	291960	1	简谱	邓丽君演唱金曲：夜色__qupu123-291960	/home/caesium-132/jianpu/images-prep/qupu123-denglijun/邓丽君演唱金曲：夜色__qupu123-291960/001.jpg
邓丽君演唱金曲：夜雾	qupu123	291739	1	简谱	邓丽君演唱金曲：夜雾__qupu123-291739	/home/caesium-132/jianpu/images-prep/qupu123-denglijun/邓丽君演唱金曲：夜雾__qupu123-291739/001.png
邓丽君演唱金曲：天涯歌女	qupu123	292370	1	简谱	邓丽君演唱金曲：天涯歌女__qupu123-292370	/home/caesium-132/jianpu/images-prep/qupu123-denglijun/邓丽君演唱金曲：天涯歌女__qupu123-292370/001.png
邓丽君演唱金曲：失去的春天	qupu123	292367	1	简谱	邓丽君演唱金曲：失去的春天__qupu123-292367	/home/caesium-132/jianpu/images-prep/qupu123-denglijun/邓丽君演唱金曲：失去的春天__qupu123-292367/001.png
邓丽君演唱金曲：奈何	qupu123	292065	1	简谱	邓丽君演唱金曲：奈何__qupu123-292065	/home/caesium-132/jianpu/images-prep/qupu123-denglijun/邓丽君演唱金曲：奈何__qupu123-292065/001.png
邓丽君演唱金曲：妈妈的歌	qupu123	292192	1	简谱	邓丽君演唱金曲：妈妈的歌__qupu123-292192	/home/caesium-132/jianpu/images-prep/qupu123-denglijun/邓丽君演唱金曲：妈妈的歌__qupu123-292192/001.png
邓丽君演唱金曲：娘心	qupu123	292373	1	简谱	邓丽君演唱金曲：娘心__qupu123-292373	/home/caesium-132/jianpu/images-prep/qupu123-denglijun/邓丽君演唱金曲：娘心__qupu123-292373/001.jpg
邓丽君演唱金曲：寄语多情人	qupu123	292096	1	简谱	邓丽君演唱金曲：寄语多情人__qupu123-292096	/home/caesium-132/jianpu/images-prep/qupu123-denglijun/邓丽君演唱金曲：寄语多情人__qupu123-292096/001.png
邓丽君演唱金曲：小城故事	qupu123	291981	1	简谱	邓丽君演唱金曲：小城故事__qupu123-291981	/home/caesium-132/jianpu/images-prep/qupu123-denglijun/邓丽君演唱金曲：小城故事__qupu123-291981/001.jpg
邓丽君演唱金曲：小村之恋	qupu123	291862	1	简谱	邓丽君演唱金曲：小村之恋（ふるさとはどこですか）__qupu123-291862	/home/caesium-132/jianpu/images-prep/qupu123-denglijun/邓丽君演唱金曲：小村之恋（ふるさとはどこですか）__qupu123-291862/001.jpg
邓丽君演唱金曲：小路	qupu123	291984	1	简谱	邓丽君演唱金曲：小路__qupu123-291984	/home/caesium-132/jianpu/images-prep/qupu123-denglijun/邓丽君演唱金曲：小路__qupu123-291984/001.png
邓丽君演唱金曲：山茶花	qupu123	292196	1	简谱	邓丽君演唱金曲：山茶花__qupu123-292196	/home/caesium-132/jianpu/images-prep/qupu123-denglijun/邓丽君演唱金曲：山茶花__qupu123-292196/001.jpg
邓丽君演唱金曲：微风细雨	qupu123	292074	1	简谱	邓丽君演唱金曲：微风细雨__qupu123-292074	/home/caesium-132/jianpu/images-prep/qupu123-denglijun/邓丽君演唱金曲：微风细雨__qupu123-292074/001.png
邓丽君演唱金曲：心事	qupu123	291977	1	简谱	邓丽君演唱金曲：心事__qupu123-291977	/home/caesium-132/jianpu/images-prep/qupu123-denglijun/邓丽君演唱金曲：心事__qupu123-291977/001.png
邓丽君演唱金曲：心湖里起涟漪	qupu123	292088	1	简谱	邓丽君演唱金曲：心湖里起涟漪__qupu123-292088	/home/caesium-132/jianpu/images-prep/qupu123-hk/邓丽君演唱金曲：心湖里起涟漪__qupu123-292088/001.jpg
邓丽君演唱金曲：心里梦里	qupu123	291974	1	简谱	邓丽君演唱金曲：心里梦里__qupu123-291974	/home/caesium-132/jianpu/images-prep/qupu123-denglijun/邓丽君演唱金曲：心里梦里__qupu123-291974/001.jpg
邓丽君演唱金曲：忘不了	qupu123	292080	1	简谱	邓丽君演唱金曲：忘不了__qupu123-292080	/home/caesium-132/jianpu/images-prep/qupu123-denglijun/邓丽君演唱金曲：忘不了__qupu123-292080/001.png
邓丽君演唱金曲：忘记他	qupu123	292092	1	简谱	邓丽君演唱金曲：忘记他__qupu123-292092	/home/caesium-132/jianpu/images-prep/qupu123-denglijun/邓丽君演唱金曲：忘记他__qupu123-292092/001.jpg
邓丽君演唱金曲：总有一天	qupu123	291848	1	简谱	邓丽君演唱金曲：总有一天__qupu123-291848	/home/caesium-132/jianpu/images-prep/qupu123-denglijun/邓丽君演唱金曲：总有一天__qupu123-291848/001.png
邓丽君演唱金曲：恩爱夫妻	qupu123	292183	1	简谱	邓丽君演唱金曲：恩爱夫妻__qupu123-292183	/home/caesium-132/jianpu/images-prep/qupu123-denglijun/邓丽君演唱金曲：恩爱夫妻__qupu123-292183/001.jpg
邓丽君演唱金曲：情人一笑	qupu123	292187	1	简谱	邓丽君演唱金曲：情人一笑__qupu123-292187	/home/caesium-132/jianpu/images-prep/qupu123-denglijun/邓丽君演唱金曲：情人一笑__qupu123-292187/001.jpg
邓丽君演唱金曲：情人的关怀	qupu123	292374	1	简谱	邓丽君演唱金曲：情人的关怀__qupu123-292374	/home/caesium-132/jianpu/images-prep/qupu123-denglijun/邓丽君演唱金曲：情人的关怀__qupu123-292374/001.jpg
邓丽君演唱金曲：情话	qupu123	292355	1	简谱	邓丽君演唱金曲：情话__qupu123-292355	/home/caesium-132/jianpu/images-prep/qupu123-denglijun/邓丽君演唱金曲：情话__qupu123-292355/001.png
邓丽君演唱金曲：情谜	qupu123	292079	1	简谱	邓丽君演唱金曲：情谜__qupu123-292079	/home/caesium-132/jianpu/images-prep/qupu123-denglijun/邓丽君演唱金曲：情谜__qupu123-292079/001.png
邓丽君演唱金曲：情飘飘	qupu123	291972	1	简谱	邓丽君演唱金曲：情飘飘__qupu123-291972	/home/caesium-132/jianpu/images-prep/qupu123-denglijun/邓丽君演唱金曲：情飘飘__qupu123-291972/001.png
邓丽君演唱金曲：惜别	qupu123	292077	1	简谱	邓丽君演唱金曲：惜别__qupu123-292077	/home/caesium-132/jianpu/images-prep/qupu123-denglijun/邓丽君演唱金曲：惜别__qupu123-292077/001.png
邓丽君演唱金曲：想你想断肠	qupu123	292358	1	简谱	邓丽君演唱金曲：想你想断肠__qupu123-292358	/home/caesium-132/jianpu/images-prep/qupu123-denglijun/邓丽君演唱金曲：想你想断肠__qupu123-292358/001.jpg
邓丽君演唱金曲：我与秋风	qupu123	292206	1	简谱	邓丽君演唱金曲：我与秋风__qupu123-292206	/home/caesium-132/jianpu/images-prep/qupu123-denglijun/邓丽君演唱金曲：我与秋风__qupu123-292206/001.png
邓丽君演唱金曲：我和你	qupu123	291988	1	简谱	邓丽君演唱金曲：我和你__qupu123-291988	/home/caesium-132/jianpu/images-prep/qupu123-denglijun/邓丽君演唱金曲：我和你__qupu123-291988/001.png
邓丽君演唱金曲：我心深处	qupu123	291872	1	简谱	邓丽君演唱金曲：我心深处__qupu123-291872	/home/caesium-132/jianpu/images-prep/qupu123-denglijun/邓丽君演唱金曲：我心深处__qupu123-291872/001.png
邓丽君演唱金曲：我心里边	qupu123	292097	1	简谱	邓丽君演唱金曲：我心里边__qupu123-292097	/home/caesium-132/jianpu/images-prep/qupu123-denglijun/邓丽君演唱金曲：我心里边__qupu123-292097/001.png
邓丽君演唱金曲：我没有骗你	qupu123	291854	1	简谱	邓丽君演唱金曲：我没有骗你__qupu123-291854	/home/caesium-132/jianpu/images-prep/qupu123-denglijun/邓丽君演唱金曲：我没有骗你__qupu123-291854/001.png
邓丽君演唱金曲：挥别	qupu123	291991	1	简谱	邓丽君演唱金曲：挥别__qupu123-291991	/home/caesium-132/jianpu/images-prep/qupu123-denglijun/邓丽君演唱金曲：挥别__qupu123-291991/001.jpg
邓丽君演唱金曲：旅愁	qupu123	291839	1	简谱	邓丽君演唱金曲：旅愁__qupu123-291839	/home/caesium-132/jianpu/images-prep/qupu123-denglijun/邓丽君演唱金曲：旅愁__qupu123-291839/001.jpg
邓丽君演唱金曲：旧梦何处寻	qupu123	291856	1	简谱	邓丽君演唱金曲：旧梦何处寻__qupu123-291856	/home/caesium-132/jianpu/images-prep/qupu123-denglijun/邓丽君演唱金曲：旧梦何处寻__qupu123-291856/001.png
邓丽君演唱金曲：星	qupu123	292214	1	简谱	邓丽君演唱金曲：星__qupu123-292214	/home/caesium-132/jianpu/images-prep/qupu123-denglijun/邓丽君演唱金曲：星__qupu123-292214/001.png
邓丽君演唱金曲：星月泪痕	qupu123	292078	1	简谱	邓丽君演唱金曲：星月泪痕__qupu123-292078	/home/caesium-132/jianpu/images-prep/qupu123-denglijun/邓丽君演唱金曲：星月泪痕__qupu123-292078/001.jpg
邓丽君演唱金曲：是否	qupu123	291745	1	简谱	邓丽君演唱金曲：是否__qupu123-291745	/home/caesium-132/jianpu/images-prep/qupu123-denglijun/邓丽君演唱金曲：是否__qupu123-291745/001.jpg
邓丽君演唱金曲：晚风花香	qupu123	292086	1	简谱	邓丽君演唱金曲：晚风花香__qupu123-292086	/home/caesium-132/jianpu/images-prep/qupu123-denglijun/邓丽君演唱金曲：晚风花香__qupu123-292086/001.png
邓丽君演唱金曲：月圆花好	qupu123	292221	1	简谱	邓丽君演唱金曲：月圆花好__qupu123-292221	/home/caesium-132/jianpu/images-prep/qupu123-denglijun/邓丽君演唱金曲：月圆花好__qupu123-292221/001.jpg
邓丽君演唱金曲：月夜诉情	qupu123	292376	1	简谱	邓丽君演唱金曲：月夜诉情__qupu123-292376	/home/caesium-132/jianpu/images-prep/qupu123-denglijun/邓丽君演唱金曲：月夜诉情__qupu123-292376/001.png
邓丽君演唱金曲：望一望	qupu123	292085	1	简谱	邓丽君演唱金曲：望一望__qupu123-292085	/home/caesium-132/jianpu/images-prep/qupu123-denglijun/邓丽君演唱金曲：望一望__qupu123-292085/001.jpg
邓丽君演唱金曲：枫叶飘飘	qupu123	292190	1	简谱	邓丽君演唱金曲：枫叶飘飘__qupu123-292190	/home/caesium-132/jianpu/images-prep/qupu123-denglijun/邓丽君演唱金曲：枫叶飘飘__qupu123-292190/001.png
邓丽君演唱金曲：梦	qupu123	292202	1	简谱	邓丽君演唱金曲：梦__qupu123-292202	/home/caesium-132/jianpu/images-prep/qupu123-denglijun/邓丽君演唱金曲：梦__qupu123-292202/001.png
邓丽君演唱金曲：槟城艳	qupu123	292098	1	简谱	邓丽君演唱金曲：槟城艳__qupu123-292098	/home/caesium-132/jianpu/images-prep/qupu123-denglijun/邓丽君演唱金曲：槟城艳__qupu123-292098/001.png
邓丽君演唱金曲：水上人	qupu123	292184	1	简谱	邓丽君演唱金曲：水上人__qupu123-292184	/home/caesium-132/jianpu/images-prep/qupu123-denglijun/邓丽君演唱金曲：水上人__qupu123-292184/001.png
邓丽君演唱金曲：水涟漪	qupu123	291987	1	简谱	邓丽君演唱金曲：水涟漪__qupu123-291987	/home/caesium-132/jianpu/images-prep/qupu123-denglijun/邓丽君演唱金曲：水涟漪__qupu123-291987/001.png
邓丽君演唱金曲：永远爱我	qupu123	291737	1	简谱	邓丽君演唱金曲：永远爱我__qupu123-291737	/home/caesium-132/jianpu/images-prep/qupu123-denglijun/邓丽君演唱金曲：永远爱我__qupu123-291737/001.jpg
邓丽君演唱金曲：泪的小雨	qupu123	291738	1	简谱	邓丽君演唱金曲：泪的小雨__qupu123-291738	/home/caesium-132/jianpu/images-prep/qupu123-denglijun/邓丽君演唱金曲：泪的小雨__qupu123-291738/001.jpg
邓丽君演唱金曲：海韵	qupu123	291846	1	简谱	邓丽君演唱金曲：海韵__qupu123-291846	/home/caesium-132/jianpu/images-prep/qupu123-denglijun/邓丽君演唱金曲：海韵__qupu123-291846/001.jpg
邓丽君演唱金曲：海风	qupu123	292182	1	简谱	邓丽君演唱金曲：海风__qupu123-292182	/home/caesium-132/jianpu/images-prep/qupu123-denglijun/邓丽君演唱金曲：海风__qupu123-292182/001.jpg
邓丽君演唱金曲：漫步人生路	qupu123	292344	1	简谱	邓丽君演唱金曲：漫步人生路__qupu123-292344	/home/caesium-132/jianpu/images-prep/qupu123-title/邓丽君演唱金曲：漫步人生路__qupu123-292344/001.png
邓丽君演唱金曲：爱人	qupu123	292369	2	简谱	邓丽君演唱金曲：爱人__qupu123-292369	/home/caesium-132/jianpu/images-prep/qupu123-denglijun/邓丽君演唱金曲：爱人__qupu123-292369/001.jpg
邓丽君演唱金曲：爱情	qupu123	292209	1	简谱	邓丽君演唱金曲：爱情__qupu123-292209	/home/caesium-132/jianpu/images-prep/qupu123-denglijun/邓丽君演唱金曲：爱情__qupu123-292209/001.jpg
邓丽君演唱金曲：爱慕	qupu123	291850	1	简谱	邓丽君演唱金曲：爱慕__qupu123-291850	/home/caesium-132/jianpu/images-prep/qupu123-denglijun/邓丽君演唱金曲：爱慕__qupu123-291850/001.jpg
邓丽君演唱金曲：爱的理想	qupu123	291735	1	简谱	邓丽君演唱金曲：爱的理想__qupu123-291735	/home/caesium-132/jianpu/images-prep/qupu123-denglijun/邓丽君演唱金曲：爱的理想__qupu123-291735/001.png
邓丽君演唱金曲：爱的箴言	qupu123	292364	1	简谱	邓丽君演唱金曲：爱的箴言__qupu123-292364	/home/caesium-132/jianpu/images-prep/qupu123-denglijun/邓丽君演唱金曲：爱的箴言__qupu123-292364/001.png
邓丽君演唱金曲：爱雨	qupu123	292200	1	简谱	邓丽君演唱金曲：爱雨__qupu123-292200	/home/caesium-132/jianpu/images-prep/qupu123-denglijun/邓丽君演唱金曲：爱雨__qupu123-292200/001.png
邓丽君演唱金曲：甜蜜蜜	qupu123	291986	1	简谱	邓丽君演唱金曲：甜蜜蜜__qupu123-291986	/home/caesium-132/jianpu/images-prep/qupu123-denglijun/邓丽君演唱金曲：甜蜜蜜__qupu123-291986/001.png
邓丽君演唱金曲：白沙滩	qupu123	292084	1	简谱	邓丽君演唱金曲：白沙滩__qupu123-292084	/home/caesium-132/jianpu/images-prep/qupu123-denglijun/邓丽君演唱金曲：白沙滩__qupu123-292084/001.png
邓丽君演唱金曲：相爱如往昔	qupu123	292368	1	简谱	邓丽君演唱金曲：相爱如往昔__qupu123-292368	/home/caesium-132/jianpu/images-prep/qupu123-denglijun/邓丽君演唱金曲：相爱如往昔__qupu123-292368/001.jpg
邓丽君演唱金曲：祈望	qupu123	291741	1	简谱	邓丽君演唱金曲：祈望__qupu123-291741	/home/caesium-132/jianpu/images-prep/qupu123-denglijun/邓丽君演唱金曲：祈望__qupu123-291741/001.png
邓丽君演唱金曲：秋光	qupu123	291851	1	简谱	邓丽君演唱金曲：秋光__qupu123-291851	/home/caesium-132/jianpu/images-prep/qupu123-denglijun/邓丽君演唱金曲：秋光__qupu123-291851/001.png
邓丽君演唱金曲：翠湖寒	qupu123	291731	1	简谱	邓丽君演唱金曲：翠湖寒__qupu123-291731	/home/caesium-132/jianpu/images-prep/qupu123-denglijun/邓丽君演唱金曲：翠湖寒__qupu123-291731/001.png
邓丽君演唱金曲：船歌	qupu123	292212	2	简谱	邓丽君演唱金曲：船歌__qupu123-292212	/home/caesium-132/jianpu/images-prep/qupu123-denglijun/邓丽君演唱金曲：船歌__qupu123-292212/001.png
邓丽君演唱金曲：良夜	qupu123	291842	1	简谱	邓丽君演唱金曲：良夜__qupu123-291842	/home/caesium-132/jianpu/images-prep/qupu123-denglijun/邓丽君演唱金曲：良夜__qupu123-291842/001.png
邓丽君演唱金曲：襟裳岬	qupu123	291742	1	简谱	邓丽君演唱金曲：襟裳岬__qupu123-291742	/home/caesium-132/jianpu/images-prep/qupu123-denglijun/邓丽君演唱金曲：襟裳岬__qupu123-291742/001.png
邓丽君演唱金曲：诗意	qupu123	291983	1	简谱	邓丽君演唱金曲：诗意__qupu123-291983	/home/caesium-132/jianpu/images-prep/qupu123-denglijun/邓丽君演唱金曲：诗意__qupu123-291983/001.jpg
邓丽君演唱金曲：说说笑笑	qupu123	292352	1	简谱	邓丽君演唱金曲：说说笑笑__qupu123-292352	/home/caesium-132/jianpu/images-prep/qupu123-denglijun/邓丽君演唱金曲：说说笑笑__qupu123-292352/001.png
邓丽君演唱金曲：谢谢你常记得我	qupu123	291861	1	简谱	邓丽君演唱金曲：谢谢你常记得我__qupu123-291861	/home/caesium-132/jianpu/images-prep/_offtarget/邓丽君演唱金曲：谢谢你常记得我__qupu123-291861/001.png
邓丽君演唱金曲：轻风	qupu123	292195	1	简谱	邓丽君演唱金曲：轻风__qupu123-292195	/home/caesium-132/jianpu/images-prep/qupu123-denglijun/邓丽君演唱金曲：轻风__qupu123-292195/001.jpg
邓丽君演唱金曲：追梦	qupu123	292353	1	简谱	邓丽君演唱金曲：追梦__qupu123-292353	/home/caesium-132/jianpu/images-prep/qupu123-denglijun/邓丽君演唱金曲：追梦__qupu123-292353/001.png
邓丽君演唱金曲：逃避行	qupu123	291734	1	简谱	邓丽君演唱金曲：逃避行__qupu123-291734	/home/caesium-132/jianpu/images-prep/qupu123-denglijun/邓丽君演唱金曲：逃避行__qupu123-291734/001.png
邓丽君演唱金曲：逍遥自在	qupu123	291989	1	简谱	邓丽君演唱金曲：逍遥自在__qupu123-291989	/home/caesium-132/jianpu/images-prep/qupu123-denglijun/邓丽君演唱金曲：逍遥自在__qupu123-291989/001.png
邓丽君演唱金曲：遗忘	qupu123	291994	1	简谱	邓丽君演唱金曲：遗忘__qupu123-291994	/home/caesium-132/jianpu/images-prep/qupu123-denglijun/邓丽君演唱金曲：遗忘__qupu123-291994/001.jpg
邓丽君演唱金曲：遥远的路	qupu123	292178	1	简谱	邓丽君演唱金曲：遥远的路__qupu123-292178	/home/caesium-132/jianpu/images-prep/qupu123-denglijun/邓丽君演唱金曲：遥远的路__qupu123-292178/001.png
邓丽君演唱金曲：那句诺言	qupu123	291866	1	简谱	邓丽君演唱金曲：那句诺言__qupu123-291866	/home/caesium-132/jianpu/images-prep/qupu123-denglijun/邓丽君演唱金曲：那句诺言__qupu123-291866/001.png
邓丽君演唱金曲：野生花	qupu123	292207	1	简谱	邓丽君演唱金曲：野生花__qupu123-292207	/home/caesium-132/jianpu/images-prep/qupu123-denglijun/邓丽君演唱金曲：野生花__qupu123-292207/001.png
邓丽君演唱金曲：问彩霞	qupu123	292081	1	简谱	邓丽君演唱金曲：问彩霞__qupu123-292081	/home/caesium-132/jianpu/images-prep/qupu123-denglijun/邓丽君演唱金曲：问彩霞__qupu123-292081/001.png
邓丽君演唱金曲：问自己	qupu123	291840	1	简谱	邓丽君演唱金曲：问自己__qupu123-291840	/home/caesium-132/jianpu/images-prep/qupu123-denglijun/邓丽君演唱金曲：问自己__qupu123-291840/001.jpg
邓丽君演唱金曲：雨中追忆	qupu123	292356	1	简谱	邓丽君演唱金曲：雨中追忆__qupu123-292356	/home/caesium-132/jianpu/images-prep/qupu123-denglijun/邓丽君演唱金曲：雨中追忆__qupu123-292356/001.jpg
邓丽君演唱金曲：雪中情	qupu123	292094	1	简谱	邓丽君演唱金曲：雪中情__qupu123-292094	/home/caesium-132/jianpu/images-prep/qupu123-denglijun/邓丽君演唱金曲：雪中情__qupu123-292094/001.jpg
邓丽君演唱金曲：雪中莲	qupu123	291726	1	简谱	邓丽君演唱金曲：雪中莲__qupu123-291726	/home/caesium-132/jianpu/images-prep/qupu123-denglijun/邓丽君演唱金曲：雪中莲__qupu123-291726/001.png
邓丽君演唱金曲：风儿雨儿	qupu123	292205	1	简谱	邓丽君演唱金曲：风儿雨儿__qupu123-292205	/home/caesium-132/jianpu/images-prep/qupu123-denglijun/邓丽君演唱金曲：风儿雨儿__qupu123-292205/001.png
邓丽君演唱金曲：香港之夜	qupu123	291860	1	简谱	邓丽君演唱金曲：香港之夜__qupu123-291860	/home/caesium-132/jianpu/images-prep/qupu123-denglijun/邓丽君演唱金曲：香港之夜__qupu123-291860/001.png
邓丽君演唱金曲：黄昏里	qupu123	291740	1	简谱	邓丽君演唱金曲：黄昏里__qupu123-291740	/home/caesium-132/jianpu/images-prep/qupu123-denglijun/邓丽君演唱金曲：黄昏里__qupu123-291740/001.png
邓丽君组曲 女声三部合唱谱	qupu123	382972	1	简谱	邓丽君组曲 女声三部合唱谱__qupu123-382972	/home/caesium-132/jianpu/images-prep/qupu123-denglijun/邓丽君组曲 女声三部合唱谱__qupu123-382972/001.jpg
邓紫棋 光年之外	qupu123	344260	4	改编	邓紫棋 光年之外 吉他谱（无限延音编配）__qupu123-344260	/home/caesium-132/jianpu/images-prep/qupu123-dengziqi/邓紫棋 光年之外 吉他谱（无限延音编配）__qupu123-344260/001.jpg
邓紫棋 光年之外小提琴谱	qupu123	342615	3	改编	邓紫棋 光年之外小提琴谱（光年之外 小提琴五线谱）__qupu123-342615	/home/caesium-132/jianpu/images-prep/qupu123-dengziqi/邓紫棋 光年之外小提琴谱（光年之外 小提琴五线谱）__qupu123-342615/001.jpg
邓紫棋 句号	qupu123	354634	4	改编	邓紫棋 句号 吉他谱（无限延音编配）__qupu123-354634	/home/caesium-132/jianpu/images-prep/qupu123-dengziqi/邓紫棋 句号 吉他谱（无限延音编配）__qupu123-354634/001.jpg
邓紫棋 后会无期	qupu123	348531	4	改编	邓紫棋 后会无期 吉他谱（无限延音编配）__qupu123-348531	/home/caesium-132/jianpu/images-prep/qupu123-dengziqi/邓紫棋 后会无期 吉他谱（无限延音编配）__qupu123-348531/001.jpg
邓紫棋 喜欢你	qupu123	350379	4	改编	邓紫棋 喜欢你 吉他谱（无限延音编配）__qupu123-350379	/home/caesium-132/jianpu/images-prep/qupu123-dengziqi/邓紫棋 喜欢你 吉他谱（无限延音编配）__qupu123-350379/001.jpg
邓紫棋 多远都要在一起	qupu123	355174	4	改编	邓紫棋 多远都要在一起 吉他谱（无限延音编配）__qupu123-355174	/home/caesium-132/jianpu/images-prep/qupu123-dengziqi/邓紫棋 多远都要在一起 吉他谱（无限延音编配）__qupu123-355174/001.jpg
邓紫棋 来自天堂的魔鬼	qupu123	345332	4	改编	邓紫棋 来自天堂的魔鬼 吉他谱（无限延音编配）__qupu123-345332	/home/caesium-132/jianpu/images-prep/qupu123-dengziqi/邓紫棋 来自天堂的魔鬼 吉他谱（无限延音编配）__qupu123-345332/001.jpg
邓紫棋 泡沫	qupu123	352619	4	改编	邓紫棋 泡沫 吉他谱（无限延音编配）__qupu123-352619	/home/caesium-132/jianpu/images-prep/qupu123-dengziqi/邓紫棋 泡沫 吉他谱（无限延音编配）__qupu123-352619/001.jpg
邓紫棋 画	qupu123	349050	3	改编	邓紫棋 画 吉他谱（无限延音编配）__qupu123-349050	/home/caesium-132/jianpu/images-prep/qupu123-dengziqi/邓紫棋 画 吉他谱（无限延音编配）__qupu123-349050/001.jpg
邓紫棋《画》指弹吉他谱 G调图片六线谱	qupu123	351149	3	改编	邓紫棋《画》指弹吉他谱 G调图片六线谱__qupu123-351149	/home/caesium-132/jianpu/images-prep/qupu123-dengziqi/邓紫棋《画》指弹吉他谱 G调图片六线谱__qupu123-351149/001.jpg
那么爱你为什么	jianpucn	100120	1	简谱	那么爱你为什么__jianpucn-100120	/home/caesium-132/jianpu/images-prep/jianpucn-pop/那么爱你为什么__jianpucn-100120/001.jpg
那些你很冒险的梦 钢琴独奏谱 最终完美版	jianpucn	218487	2	改编	那些你很冒险的梦 钢琴独奏谱 最终完美版__jianpucn-218487	/home/caesium-132/jianpu/images-prep/jianpucn-linjunjie/那些你很冒险的梦 钢琴独奏谱 最终完美版__jianpucn-218487/001.jpg
那些花儿 指弹独奏	jianpucn	215169	1	改编	那些花儿 指弹独奏__jianpucn-215169	/home/caesium-132/jianpu/images-prep/jianpucn-pushu/那些花儿 指弹独奏__jianpucn-215169/001.jpg
那些花儿-弹唱 吉他类 流行	jianpucn	113051	2	改编	那些花儿-弹唱 吉他类 流行__jianpucn-113051	/home/caesium-132/jianpu/images-prep/jianpucn-pushu/那些花儿-弹唱 吉他类 流行__jianpucn-113051/001.jpg
那些花儿-指弹	jianpucn	170895	2	改编	那些花儿-指弹__jianpucn-170895	/home/caesium-132/jianpu/images-prep/jianpucn-pushu/那些花儿-指弹__jianpucn-170895/001.jpg
那些花儿尤克里里谱	jianpucn	462097	1	改编	那些花儿尤克里里谱（ C调带前奏版）__jianpucn-462097	/home/caesium-132/jianpu/images-prep/jianpucn-pushu/那些花儿尤克里里谱（ C调带前奏版）__jianpucn-462097/001.jpg
那些花儿钢琴	jianpujia	113620	5	改编	那些花儿钢琴简谱_数字双手_朴树__jianpujia-113620	/home/caesium-132/jianpu/images-prep/jianpujia-859/那些花儿钢琴简谱_数字双手_朴树__jianpujia-113620/001.png
那些花兒	jianpucn	251908	1	简谱	那些花兒__jianpucn-251908	/home/caesium-132/jianpu/images-prep/jianpucn-pushu/那些花兒__jianpucn-251908/001.jpg
那句话	qupu123	334707	2	简谱	那句话（巴秀拉_词曲）__qupu123-334707	/home/caesium-132/jianpu/images-prep/qupu123-crawl/那句话（巴秀拉_词曲）__qupu123-334707/001.jpg
那地方	qupu123	306417	1	简谱	那地方__qupu123-306417	/home/caesium-132/jianpu/images-prep/qupu123-sweep/那地方__qupu123-306417/001.jpg
那天	qupu123	327104	1	简谱	那天__qupu123-327104	/home/caesium-132/jianpu/images-prep/qupu123-sweep/那天__qupu123-327104/001.jpg
那年那月那个你	qupu123	309642	1	简谱	那年那月那个你__qupu123-309642	/home/caesium-132/jianpu/images-prep/qupu123-sweep/那年那月那个你__qupu123-309642/001.jpg
那片草原又名：那是草原	jianpujia	397576	1	简谱	那片草原又名：那是草原简谱__jianpujia-397576	/home/caesium-132/jianpu/images-prep/jianpujia-6223/那片草原又名：那是草原简谱__jianpujia-397576/001.gif
那花 那河	qupu123	322196	1	简谱	那花 那河__qupu123-322196	/home/caesium-132/jianpu/images-prep/qupu123-sweep/那花 那河__qupu123-322196/001.jpg
都怪我	jianpucn	10816	3	简谱	都怪我__jianpucn-10816	/home/caesium-132/jianpu/images-prep/jianpucn-liudehua/都怪我__jianpucn-10816/001.jpg
都是你 - 弹唱版	jianpucn	103110	2	改编	都是你 - 弹唱版__jianpucn-103110	/home/caesium-132/jianpu/images-prep/jianpucn-pop/都是你 - 弹唱版__jianpucn-103110/001.jpg
都是你 - 弹唱版 弹唱版 -	jianpucn	234895	2	改编	都是你 - 弹唱版 弹唱版 -__jianpucn-234895	/home/caesium-132/jianpu/images-prep/jianpucn-pop/都是你 - 弹唱版 弹唱版 -__jianpucn-234895/001.jpg
都是你 歌曲类 钢琴伴奏谱	jianpucn	112279	1	改编	都是你 歌曲类 钢琴伴奏谱__jianpucn-112279	/home/caesium-132/jianpu/images-prep/jianpucn-pop/都是你 歌曲类 钢琴伴奏谱__jianpucn-112279/001.jpg
都是你-DoReMi	jianpucn	102598	2	简谱	都是你-DoReMi__jianpucn-102598	/home/caesium-132/jianpu/images-prep/jianpucn-pop/都是你-DoReMi__jianpucn-102598/001.jpg
都是你-〔简易版〕	jianpucn	102314	2	简谱	都是你-〔简易版〕__jianpucn-102314	/home/caesium-132/jianpu/images-prep/jianpucn-pop/都是你-〔简易版〕__jianpucn-102314/001.jpg
都是你-昨天版	jianpucn	102832	2	简谱	都是你-昨天版__jianpucn-102832	/home/caesium-132/jianpu/images-prep/jianpucn-pop/都是你-昨天版__jianpucn-102832/001.jpg
都是你-简易版 键盘类 钢琴	jianpucn	114389	1	改编	都是你-简易版 键盘类 钢琴__jianpucn-114389	/home/caesium-132/jianpu/images-prep/jianpucn-pop/都是你-简易版 键盘类 钢琴__jianpucn-114389/001.jpg
都要微笑好吗	jianpucn	244995	2	改编	都要微笑好吗（钢琴独奏）__jianpucn-244995	/home/caesium-132/jianpu/images-prep/jianpucn-zhoujielun/都要微笑好吗（钢琴独奏）__jianpucn-244995/001.jpg
鄂伦春小唱	jianpucn	243454	1	简谱	鄂伦春小唱（钢伴谱）__jianpucn-243454	/home/caesium-132/jianpu/images-prep/jianpucn-jiangdawei/鄂伦春小唱（钢伴谱）__jianpucn-243454/001.jpg
酒梦	qupu123	370101	3	简谱	酒梦__qupu123-370101	/home/caesium-132/jianpu/images-prep/qupu123-crawl/酒梦__qupu123-370101/001.jpg
酷爱	jianpucn	471874	1	改编	酷爱 （ C调指法原版编配）__jianpucn-471874	/home/caesium-132/jianpu/images-prep/jianpucn-pop/酷爱 （ C调指法原版编配）__jianpucn-471874/001.jpg
醉乡愁	qupu123	307787	1	简谱	醉乡愁（汪湖词 李士兴曲）__qupu123-307787	/home/caesium-132/jianpu/images-prep/qupu123-sweep/醉乡愁（汪湖词 李士兴曲）__qupu123-307787/001.jpg
醉卧沙场	qupu123	311095	1	简谱	醉卧沙场__qupu123-311095	/home/caesium-132/jianpu/images-prep/qupu123-sweep/醉卧沙场__qupu123-311095/001.jpg
醉在广场	qupu123	316945	1	简谱	醉在广场__qupu123-316945	/home/caesium-132/jianpu/images-prep/qupu123-sweep/醉在广场__qupu123-316945/001.jpg
醉忆春秋	qupu123	314386	1	简谱	醉忆春秋__qupu123-314386	/home/caesium-132/jianpu/images-prep/qupu123-sweep/醉忆春秋__qupu123-314386/001.png
醉眼夕阳红	qupu123	303756	1	简谱	醉眼夕阳红__qupu123-303756	/home/caesium-132/jianpu/images-prep/qupu123-sweep/醉眼夕阳红__qupu123-303756/001.jpg
醉美天下 — 制谱无错版	jianpucn	233400	1	简谱	醉美天下 — 制谱无错版__jianpucn-233400	/home/caesium-132/jianpu/images-prep/jianpucn-fenghuangchuanqi/醉美天下 — 制谱无错版__jianpucn-233400/001.jpg
醉美广场	qupu123	325804	1	简谱	醉美广场__qupu123-325804	/home/caesium-132/jianpu/images-prep/qupu123-sweep/醉美广场__qupu123-325804/001.jpg
醉草原	qupu123	306756	1	简谱	醉草原（傲雪藏梅词 伊啦啦曲）__qupu123-306756	/home/caesium-132/jianpu/images-prep/qupu123-sweep/醉草原（傲雪藏梅词 伊啦啦曲）__qupu123-306756/001.jpg
醉赤壁尤克里里谱	jianpucn	458424	1	改编	醉赤壁尤克里里谱（ G调 ）__jianpucn-458424	/home/caesium-132/jianpu/images-prep/jianpucn-linjunjie/醉赤壁尤克里里谱（ G调 ）__jianpucn-458424/001.jpg
醒世歌	qupu123	321374	1	简谱	醒世歌（刘岐山词 于珂群曲）__qupu123-321374	/home/caesium-132/jianpu/images-prep/qupu123-sweep/醒世歌（刘岐山词 于珂群曲）__qupu123-321374/001.jpg
采一束山花献给您	qupu123	323038	4	改编	采一束山花献给您（正谱）__qupu123-323038	/home/caesium-132/jianpu/images-prep/qupu123-crawl/采一束山花献给您（正谱）__qupu123-323038/001.jpg
采红菱	jianpujia	74438	1	简谱	采红菱简谱_邓丽君演唱__jianpujia-74438	/home/caesium-132/jianpu/images-prep/jianpujia-1252/采红菱简谱_邓丽君演唱__jianpujia-74438/001.gif
采莲曲	qupu123	322352	4	改编	采莲曲（五线谱）__qupu123-322352	/home/caesium-132/jianpu/images-prep/qupu123-crawl/采莲曲（五线谱）__qupu123-322352/001.jpg
释放自己	jianpucn	2099	1	简谱	释放自己__jianpucn-2099	/home/caesium-132/jianpu/images-prep/jianpucn-zhangxueyou/释放自己__jianpucn-2099/001.jpg
重头再来	jianpucn	213329	2	简谱	重头再来__jianpucn-213329	/home/caesium-132/jianpu/images-prep/jianpucn-liuhuan/重头再来__jianpucn-213329/001.jpg
重返故里	jianpucn	100491	2	简谱	重返故里__jianpucn-100491	/home/caesium-132/jianpu/images-prep/jianpucn-mengtingwei/重返故里__jianpucn-100491/001.jpg
重阳节	qupu123	336061	2	简谱	重阳节（张藜词_钟立民曲、线简谱对照版）__qupu123-336061	/home/caesium-132/jianpu/images-prep/qupu123-crawl/重阳节（张藜词_钟立民曲、线简谱对照版）__qupu123-336061/001.jpg
野百合也有春天-阿桑	jianpucn	103753	2	简谱	野百合也有春天-阿桑__jianpucn-103753	/home/caesium-132/jianpu/images-prep/jianpucn-pop/野百合也有春天-阿桑__jianpucn-103753/001.jpg
野百合也有春天尤克里里谱	jianpucn	458495	1	改编	野百合也有春天尤克里里谱（ C调）__jianpucn-458495	/home/caesium-132/jianpu/images-prep/jianpucn-luodayou/野百合也有春天尤克里里谱（ C调）__jianpucn-458495/001.jpg
野蛮游戏	jianpucn	35690	1	简谱	野蛮游戏__jianpucn-35690	/home/caesium-132/jianpu/images-prep/jianpucn-caiyilin/野蛮游戏__jianpucn-35690/001.jpg
野衣裳	jianpucn	90372	1	简谱	野衣裳__jianpucn-90372	/home/caesium-132/jianpu/images-prep/jianpucn-qiqin/野衣裳__jianpucn-90372/001.jpg
野衣裳01	jianpucn	213261	1	简谱	野衣裳01__jianpucn-213261	/home/caesium-132/jianpu/images-prep/jianpucn-qiqin/野衣裳01__jianpucn-213261/001.jpg
金扁担	jianpujia	22088	1	简谱	金扁担简谱(歌词)_儿歌_谱友好心情999上传__jianpujia-22088	/home/caesium-132/jianpu/images-prep/jianpujia-3462/金扁担简谱(歌词)_儿歌_谱友好心情999上传__jianpujia-22088/001.gif
金曲奖杰伦宇豪双钢琴曲	jianpucn	197860	2	改编	金曲奖杰伦宇豪双钢琴曲（单钢琴谱）__jianpucn-197860	/home/caesium-132/jianpu/images-prep/jianpucn-zhoujielun/金曲奖杰伦宇豪双钢琴曲（单钢琴谱）__jianpucn-197860/001.jpg
金瓶似的小山	jianpujia	18102	1	简谱	金瓶似的小山简谱(歌词)_谭晶演唱_君羊曲谱__jianpujia-18102	/home/caesium-132/jianpu/images-prep/jianpujia-7224/金瓶似的小山简谱(歌词)_谭晶演唱_君羊曲谱__jianpujia-18102/001.jpg
金秋九月	qupu123	335664	2	简谱	金秋九月_彩云之南__qupu123-335664	/home/caesium-132/jianpu/images-prep/qupu123-crawl/金秋九月_彩云之南__qupu123-335664/001.jpg
金色团徽耀菊乡	qupu123	319695	1	简谱	金色团徽耀菊乡__qupu123-319695	/home/caesium-132/jianpu/images-prep/qupu123-sweep/金色团徽耀菊乡__qupu123-319695/001.jpg
金色年华	qupu123	324824	3	改编	金色年华（贾知松词_善国、玉奎曲、正谱）__qupu123-324824	/home/caesium-132/jianpu/images-prep/qupu123-crawl/金色年华（贾知松词_善国、玉奎曲、正谱）__qupu123-324824/001.jpg
金锁锁	qupu123	328397	2	简谱	金锁锁_银锁锁__qupu123-328397	/home/caesium-132/jianpu/images-prep/qupu123-crawl/金锁锁_银锁锁__qupu123-328397/001.jpg
钢琴伴奏版二重唱：你的心牵着我的心	qupu123	327043	5	改编	钢琴伴奏版二重唱：你的心牵着我的心（选自歌剧《草原之歌》）__qupu123-327043	/home/caesium-132/jianpu/images-prep/qupu123-crawl/钢琴伴奏版二重唱：你的心牵着我的心（选自歌剧《草原之歌》）__qupu123-327043/001.jpg
钢琴伴奏版二重唱：依拉拉	qupu123	326919	2	改编	钢琴伴奏版二重唱：依拉拉__qupu123-326919	/home/caesium-132/jianpu/images-prep/qupu123-crawl/钢琴伴奏版二重唱：依拉拉__qupu123-326919/001.jpg
钢琴伴奏版二重唱：紫藤花	qupu123	327044	5	改编	钢琴伴奏版二重唱：紫藤花（选自歌剧《伤逝》主题歌）__qupu123-327044	/home/caesium-132/jianpu/images-prep/qupu123-crawl/钢琴伴奏版二重唱：紫藤花（选自歌剧《伤逝》主题歌）__qupu123-327044/001.jpg
钢琴即兴伴奏：浮夸	qupu123	307452	1	改编	钢琴即兴伴奏：浮夸__qupu123-307452	/home/caesium-132/jianpu/images-prep/qupu123-hk/钢琴即兴伴奏：浮夸__qupu123-307452/001.png
钢琴即兴伴奏：滴答	qupu123	307450	1	改编	钢琴即兴伴奏：滴答__qupu123-307450	/home/caesium-132/jianpu/images-prep/qupu123-sweep/钢琴即兴伴奏：滴答__qupu123-307450/001.png
钢琴即兴伴奏：真实	qupu123	307451	1	改编	钢琴即兴伴奏：真实__qupu123-307451	/home/caesium-132/jianpu/images-prep/qupu123-sweep/钢琴即兴伴奏：真实__qupu123-307451/001.png
钢铁工人的骄傲	qupu123	322244	4	改编	钢铁工人的骄傲（正谱）__qupu123-322244	/home/caesium-132/jianpu/images-prep/qupu123-crawl/钢铁工人的骄傲（正谱）__qupu123-322244/001.jpg
铁 窗-认证谱	jianpucn	203659	2	简谱	铁 窗-认证谱__jianpucn-203659	/home/caesium-132/jianpu/images-prep/jianpucn-xumeijing/铁 窗-认证谱__jianpucn-203659/001.jpg
铁骨铮铮	qupu123	333292	2	简谱	铁骨铮铮_血气方刚__qupu123-333292	/home/caesium-132/jianpu/images-prep/qupu123-crawl/铁骨铮铮_血气方刚__qupu123-333292/001.jpg
铃芽之旅	jianpucn	470463	1	简谱	铃芽之旅 （ F调指法中日双版本）__jianpucn-470463	/home/caesium-132/jianpu/images-prep/jianpucn-zhoushen/铃芽之旅 （ F调指法中日双版本）__jianpucn-470463/001.jpg
银川啊，凤凰	qupu123	313797	1	简谱	银川啊，凤凰__qupu123-313797	/home/caesium-132/jianpu/images-prep/qupu123-sweep/银川啊，凤凰__qupu123-313797/001.jpg
银河少年	jianpucn	467494	1	简谱	银河少年 （ 王啸坤 G调原版）__jianpucn-467494	/home/caesium-132/jianpu/images-prep/jianpucn-xuezhiqian/银河少年 （ 王啸坤 G调原版）__jianpucn-467494/001.jpg
银河少年钢琴	jianpujia	382741	4	改编	银河少年钢琴简谱_王啸坤_薛之谦演唱__jianpujia-382741	/home/caesium-132/jianpu/images-prep/jianpujia-351/银河少年钢琴简谱_王啸坤_薛之谦演唱__jianpujia-382741/001.png
铸炼	qupu123	323638	3	改编	铸炼（正谱）__qupu123-323638	/home/caesium-132/jianpu/images-prep/qupu123-crawl/铸炼（正谱）__qupu123-323638/001.jpg
锁清秋	qupu123	322207	1	简谱	锁清秋__qupu123-322207	/home/caesium-132/jianpu/images-prep/qupu123-sweep/锁清秋__qupu123-322207/001.jpg
错把谎言当成诺言	qupu123	308788	1	简谱	错把谎言当成诺言__qupu123-308788	/home/caesium-132/jianpu/images-prep/qupu123-sweep/错把谎言当成诺言__qupu123-308788/001.png
错过	qupu123	331548	2	简谱	错过（海燕词_李立东曲）__qupu123-331548	/home/caesium-132/jianpu/images-prep/qupu123-crawl/错过（海燕词_李立东曲）__qupu123-331548/001.jpg
错过的烟火	jianpucn	458453	1	改编	错过的烟火 （ G调指法编配）__jianpucn-458453	/home/caesium-132/jianpu/images-prep/jianpucn-zhoujielun/错过的烟火 （ G调指法编配）__jianpucn-458453/001.jpg
错过花开错过我	qupu123	327964	1	简谱	错过花开错过我__qupu123-327964	/home/caesium-132/jianpu/images-prep/qupu123-sweep/错过花开错过我__qupu123-327964/001.jpg
锦瑟混声四部合唱谱	jianpucn	474555	6	简谱	锦瑟混声四部合唱谱__jianpucn-474555	/home/caesium-132/jianpu/images-prep/ready4/锦瑟混声四部合唱谱__jianpucn-474555/001.jpg
锦绣前程	jianpujia	18506	1	简谱	锦绣前程简谱(歌词)_雷佳演唱_王wzh曲谱__jianpujia-18506	/home/caesium-132/jianpu/images-prep/jianpujia-6369/锦绣前程简谱(歌词)_雷佳演唱_王wzh曲谱__jianpujia-18506/001.jpg
锦绣黄河口	qupu123	319698	1	简谱	锦绣黄河口__qupu123-319698	/home/caesium-132/jianpu/images-prep/qupu123-sweep/锦绣黄河口__qupu123-319698/001.jpg
镇魂	qupu123	323360	1	简谱	镇魂__qupu123-323360	/home/caesium-132/jianpu/images-prep/qupu123-sweep/镇魂__qupu123-323360/001.jpg
长亭绪	qupu123	333485	5	改编	长亭绪（花腔女高音+二胡+钢琴伴奏）__qupu123-333485	/home/caesium-132/jianpu/images-prep/qupu123-crawl/长亭绪（花腔女高音+二胡+钢琴伴奏）__qupu123-333485/001.jpg
长刀歌——景颇族民歌主题	qupu123	322237	4	改编	长刀歌——景颇族民歌主题（五线谱）__qupu123-322237	/home/caesium-132/jianpu/images-prep/qupu123-crawl/长刀歌——景颇族民歌主题（五线谱）__qupu123-322237/001.jpg
长发的女郎 弹唱版	jianpucn	213516	2	改编	长发的女郎 弹唱版__jianpucn-213516	/home/caesium-132/jianpu/images-prep/jianpucn-feiyuqing/长发的女郎 弹唱版__jianpucn-213516/001.jpg
长城	jianpucn	63156	1	简谱	长城__jianpucn-63156	/home/caesium-132/jianpu/images-prep/jianpucn-beyond/长城__jianpucn-63156/001.jpg
长城-版本二	jianpucn	175365	1	简谱	长城-版本二__jianpucn-175365	/home/caesium-132/jianpu/images-prep/jianpucn-beyond/长城-版本二__jianpucn-175365/001.jpg
长城—beyond	jianpucn	171873	2	简谱	长城—beyond__jianpucn-171873	/home/caesium-132/jianpu/images-prep/jianpucn-beyond/长城—beyond__jianpucn-171873/001.jpg
长城谣	jianpucn	67726	1	简谱	长城谣__jianpucn-67726	/home/caesium-132/jianpu/images-prep/jianpucn-zhangmingmin/长城谣__jianpucn-67726/001.jpg
长安北京	jianpujia	19976	1	简谱	长安北京简谱(歌词)_雷佳演唱_momoliu曲谱__jianpujia-19976	/home/caesium-132/jianpu/images-prep/jianpujia-6369/长安北京简谱(歌词)_雷佳演唱_momoliu曲谱__jianpujia-19976/001.jpg
长江之歌 F调	jianpucn	258656	2	简谱	长江之歌 F调__jianpucn-258656	/home/caesium-132/jianpu/images-prep/jianpucn-pop/长江之歌 F调__jianpucn-258656/001.jpg
长长的路	qupu123	309886	1	简谱	长长的路__qupu123-309886	/home/caesium-132/jianpu/images-prep/qupu123-sweep/长长的路__qupu123-309886/001.jpg
问	qupu123	311444	1	简谱	问（段扬词 李海明曲）__qupu123-311444	/home/caesium-132/jianpu/images-prep/qupu123-sweep/问（段扬词 李海明曲）__qupu123-311444/001.jpg
问 女声版	jianpucn	214273	3	简谱	问 女声版__jianpucn-214273	/home/caesium-132/jianpu/images-prep/jianpucn-pop/问 女声版__jianpucn-214273/001.jpg
问-大伟吉他教室编配版	jianpucn	190093	1	改编	问-大伟吉他教室编配版__jianpucn-190093	/home/caesium-132/jianpu/images-prep/jianpucn-liangjingru/问-大伟吉他教室编配版__jianpucn-190093/001.jpg
问你何时归	qupu123	308444	1	简谱	问你何时归__qupu123-308444	/home/caesium-132/jianpu/images-prep/qupu123-sweep/问你何时归__qupu123-308444/001.png
问君美丽在何方	qupu123	335446	2	简谱	问君美丽在何方__qupu123-335446	/home/caesium-132/jianpu/images-prep/qupu123-crawl/问君美丽在何方__qupu123-335446/001.jpg
问小路	qupu123	333211	2	简谱	问小路_问晚霞__qupu123-333211	/home/caesium-132/jianpu/images-prep/qupu123-crawl/问小路_问晚霞__qupu123-333211/001.jpg
闯	jianpucn	197603	1	简谱	闯__jianpucn-197603	/home/caesium-132/jianpu/images-prep/jianpucn-wuyuetian/闯__jianpucn-197603/001.jpg
阳光宅男尤克里里谱	jianpucn	462144	1	改编	阳光宅男尤克里里谱（ C调 F调双版本）__jianpucn-462144	/home/caesium-132/jianpu/images-prep/jianpucn-zhoujielun/阳光宅男尤克里里谱（ C调 F调双版本）__jianpucn-462144/001.jpg
阳光宅男钢琴	jianpujia	379944	7	改编	阳光宅男钢琴简谱_周杰伦演唱__jianpujia-379944	/home/caesium-132/jianpu/images-prep/jianpujia-583/阳光宅男钢琴简谱_周杰伦演唱__jianpujia-379944/001.png
阳光总在风雨后-简易版 键盘类 钢琴	jianpucn	114663	1	改编	阳光总在风雨后-简易版 键盘类 钢琴__jianpucn-114663	/home/caesium-132/jianpu/images-prep/jianpucn-xumeijing/阳光总在风雨后-简易版 键盘类 钢琴__jianpucn-114663/001.jpg
阳光校园	jianpucn	475886	8	简谱	阳光校园__jianpucn-475886	/home/caesium-132/jianpu/images-prep/ready2/阳光校园__jianpucn-475886/001.jpg
阳光路上【完美演奏版】	jianpucn	182717	2	简谱	阳光路上【完美演奏版】__jianpucn-182717	/home/caesium-132/jianpu/images-prep/jianpucn-yanweiwen/阳光路上【完美演奏版】__jianpucn-182717/001.jpg
阳光路上伴奏	jianpucn	158082	2	改编	阳光路上伴奏正谱__jianpucn-158082	/home/caesium-132/jianpu/images-prep/jianpucn-yanweiwen/阳光路上伴奏正谱__jianpucn-158082/001.jpg
阳光雨	jianpujia	20142	1	简谱	阳光雨简谱(歌词)_谭晶演唱_momoliu曲谱__jianpujia-20142	/home/caesium-132/jianpu/images-prep/jianpujia-7224/阳光雨简谱(歌词)_谭晶演唱_momoliu曲谱__jianpujia-20142/001.jpg
阳里山的姑娘	jianpucn	205486	1	改编	阳里山的姑娘（线简混排弹唱谱）__jianpucn-205486	/home/caesium-132/jianpu/images-prep/jianpucn-denglijun/阳里山的姑娘（线简混排弹唱谱）__jianpucn-205486/001.jpg
阴天尤克里里谱	jianpucn	461012	1	改编	阴天尤克里里谱（ C调带前奏版）__jianpucn-461012	/home/caesium-132/jianpu/images-prep/jianpucn-pop/阴天尤克里里谱（ C调带前奏版）__jianpucn-461012/001.jpg
阴天快乐	jianpucn	461293	2	改编	阴天快乐 （ G调原版编配）__jianpucn-461293	/home/caesium-132/jianpu/images-prep/jianpucn-pop/阴天快乐 （ G调原版编配）__jianpucn-461293/001.jpg
阴天快乐尤克里里谱	jianpucn	462147	1	改编	阴天快乐尤克里里谱（ F调带前奏）__jianpucn-462147	/home/caesium-132/jianpu/images-prep/jianpucn-pop/阴天快乐尤克里里谱（ F调带前奏）__jianpucn-462147/001.jpg
阴天快乐钢琴	jianpujia	150579	6	改编	阴天快乐钢琴简谱_陈奕迅演唱__jianpujia-150579	/home/caesium-132/jianpu/images-prep/jianpujia-art315/阴天快乐钢琴简谱_陈奕迅演唱__jianpujia-150579/001.png
阿妹在等谁	qupu123	309235	1	简谱	阿妹在等谁 （徐环宙词 周根厚曲）__qupu123-309235	/home/caesium-132/jianpu/images-prep/qupu123-sweep/阿妹在等谁 （徐环宙词 周根厚曲）__qupu123-309235/001.jpg
阿姨来了	qupu123	303473	1	简谱	阿姨来了__qupu123-303473	/home/caesium-132/jianpu/images-prep/qupu123-sweep/阿姨来了__qupu123-303473/001.jpg
阿尔山的姑娘】彩谱】	jianpucn	298447	1	简谱	阿尔山的姑娘】彩谱】__jianpucn-298447	/home/caesium-132/jianpu/images-prep/jianpucn-wulantuya/阿尔山的姑娘】彩谱】__jianpucn-298447/001.jpg
阿斯匹灵	jianpucn	122360	2	简谱	阿斯匹灵__jianpucn-122360	/home/caesium-132/jianpu/images-prep/jianpucn-pop/阿斯匹灵__jianpucn-122360/001.jpg
阿涛指弹吉他独奏真的爱你	jianpucn	171667	2	改编	阿涛指弹吉他独奏真的爱你__jianpucn-171667	/home/caesium-132/jianpu/images-prep/jianpucn-beyond/阿涛指弹吉他独奏真的爱你__jianpucn-171667/001.jpg
阿牛钢琴	jianpujia	252930	6	改编	阿牛钢琴简谱_陈奕迅演唱__jianpujia-252930	/home/caesium-132/jianpu/images-prep/jianpujia-art315/阿牛钢琴简谱_陈奕迅演唱__jianpujia-252930/001.png
阿猫阿狗	jianpucn	463123	3	改编	阿猫阿狗 （ G调指法编配）__jianpucn-463123	/home/caesium-132/jianpu/images-prep/jianpucn-pop/阿猫阿狗 （ G调指法编配）__jianpucn-463123/001.jpg
阿瓦日古丽阿瓦日古丽	jianpucn	133711	1	简谱	阿瓦日古丽阿瓦日古丽__jianpucn-133711	/home/caesium-132/jianpu/images-prep/jianpucn-yanweiwen/阿瓦日古丽阿瓦日古丽__jianpucn-133711/001.jpg
阿细跳月	jianpucn	109466	2	简谱	阿细跳月（简谱版）__jianpucn-109466	/home/caesium-132/jianpu/images-prep/jianpucn-pop/阿细跳月（简谱版）__jianpucn-109466/001.jpg
阿诗玛随想曲	qupu123	325270	6	改编	阿诗玛随想曲（正谱）__qupu123-325270	/home/caesium-132/jianpu/images-prep/qupu123-crawl/阿诗玛随想曲（正谱）__qupu123-325270/001.jpg
阿郎与阿宝	jianpucn	457474	1	简谱	阿郎与阿宝__jianpucn-457474	/home/caesium-132/jianpu/images-prep/jianpucn-zhoujielun/阿郎与阿宝__jianpucn-457474/001.jpg
阿里山的姑娘	jianpujia	9801	1	简谱	阿里山的姑娘简谱(歌词)_邓丽君演唱_岭南印象曲谱__jianpujia-9801	/home/caesium-132/jianpu/images-prep/jianpujia-1252/阿里山的姑娘简谱(歌词)_邓丽君演唱_岭南印象曲谱__jianpujia-9801/001.gif
陀螺尤克里里谱	jianpucn	458420	1	改编	陀螺尤克里里谱（ F调 ）__jianpucn-458420	/home/caesium-132/jianpu/images-prep/jianpucn-lijian/陀螺尤克里里谱（ F调 ）__jianpucn-458420/001.jpg
陀飞轮 陈奕迅	qupu123	371433	4	改编	陀飞轮 陈奕迅（免费吉他谱）__qupu123-371433	/home/caesium-132/jianpu/images-prep/qupu123-chenyixun/陀飞轮 陈奕迅（免费吉他谱）__qupu123-371433/001.png
陀飞轮尤克里里谱	jianpucn	462839	1	改编	陀飞轮尤克里里谱（ C调尤克里里弹唱谱）__jianpucn-462839	/home/caesium-132/jianpu/images-prep/jianpucn-pop/陀飞轮尤克里里谱（ C调尤克里里弹唱谱）__jianpucn-462839/001.jpg
陆北大&nbsp;&nbsp;	jianpucn	475623	11	简谱	陆北大&nbsp;&nbsp;__jianpucn-475623	/home/caesium-132/jianpu/images-prep/test-jianpucn/陆北大&nbsp;&nbsp;__jianpucn-475623/001.jpg
陈奕迅 K歌之王	qupu123	368496	3	改编	陈奕迅 K歌之王 吉他谱（无限延音编配）__qupu123-368496	/home/caesium-132/jianpu/images-prep/qupu123-chenyixun/陈奕迅 K歌之王 吉他谱（无限延音编配）__qupu123-368496/001.jpg
陈奕迅 你的背包	qupu123	368497	3	改编	陈奕迅 你的背包 吉他谱（无限延音编配）__qupu123-368497	/home/caesium-132/jianpu/images-prep/qupu123-chenyixun/陈奕迅 你的背包 吉他谱（无限延音编配）__qupu123-368497/001.jpg
陈奕迅 全世界失眠	qupu123	368500	4	改编	陈奕迅 全世界失眠 吉他谱（无限延音编配）__qupu123-368500	/home/caesium-132/jianpu/images-prep/qupu123-chenyixun/陈奕迅 全世界失眠 吉他谱（无限延音编配）__qupu123-368500/001.jpg
陈奕迅 好久不见	qupu123	346968	3	改编	陈奕迅 好久不见 吉他谱（无限延音编配）__qupu123-346968	/home/caesium-132/jianpu/images-prep/qupu123-chenyixun/陈奕迅 好久不见 吉他谱（无限延音编配）__qupu123-346968/001.jpg
陈奕迅 孤勇者	qupu123	369632	2	改编	陈奕迅 孤勇者 吉他谱（无限延音编配）__qupu123-369632	/home/caesium-132/jianpu/images-prep/qupu123-chenyixun/陈奕迅 孤勇者 吉他谱（无限延音编配）__qupu123-369632/001.jpg
陈奕迅 富士山下	qupu123	371991	4	改编	陈奕迅 富士山下 吉他谱（无限延音编配）__qupu123-371991	/home/caesium-132/jianpu/images-prep/qupu123-chenyixun/陈奕迅 富士山下 吉他谱（无限延音编配）__qupu123-371991/001.jpg
陈奕迅 无条件	qupu123	372236	3	改编	陈奕迅 无条件 吉他谱（无限延音编配）__qupu123-372236	/home/caesium-132/jianpu/images-prep/qupu123-chenyixun/陈奕迅 无条件 吉他谱（无限延音编配）__qupu123-372236/001.jpg
陈奕迅 浮夸	qupu123	368498	4	改编	陈奕迅 浮夸 吉他谱（无限延音编配）__qupu123-368498	/home/caesium-132/jianpu/images-prep/qupu123-chenyixun/陈奕迅 浮夸 吉他谱（无限延音编配）__qupu123-368498/001.jpg
陈奕迅 淘汰 G调指法	qupu123	344444	4	改编	陈奕迅 淘汰 G调指法 吉他谱（无限延音编配）__qupu123-344444	/home/caesium-132/jianpu/images-prep/qupu123-chenyixun/陈奕迅 淘汰 G调指法 吉他谱（无限延音编配）__qupu123-344444/001.jpg
陈奕迅 爱情转移	qupu123	371967	4	改编	陈奕迅 爱情转移 吉他谱（无限延音编配）__qupu123-371967	/home/caesium-132/jianpu/images-prep/qupu123-chenyixun/陈奕迅 爱情转移 吉他谱（无限延音编配）__qupu123-371967/001.jpg
陈奕迅 王菲 因为爱情	qupu123	368499	2	改编	陈奕迅 王菲 因为爱情 吉他谱（无限延音编配）__qupu123-368499	/home/caesium-132/jianpu/images-prep/qupu123-chenyixun/陈奕迅 王菲 因为爱情 吉他谱（无限延音编配）__qupu123-368499/001.jpg
陈奕迅 稳稳的幸福 吉他谱 G调指法	qupu123	347654	3	改编	陈奕迅 稳稳的幸福 吉他谱 G调指法（无限延音编配）__qupu123-347654	/home/caesium-132/jianpu/images-prep/qupu123-chenyixun/陈奕迅 稳稳的幸福 吉他谱 G调指法（无限延音编配）__qupu123-347654/001.jpg
陈奕迅 让我留在你身边	qupu123	352148	4	改编	陈奕迅 让我留在你身边 吉他谱（无限延音编配）__qupu123-352148	/home/caesium-132/jianpu/images-prep/qupu123-chenyixun/陈奕迅 让我留在你身边 吉他谱（无限延音编配）__qupu123-352148/001.jpg
陈奕迅-十年	jianpucn	95881	1	简谱	陈奕迅-十年__jianpucn-95881	/home/caesium-132/jianpu/images-prep/jianpucn-pop/陈奕迅-十年__jianpucn-95881/001.jpg
陈奕迅《十年》考级版 老歌大叔吉他教室出品	qupu123	342655	3	改编	陈奕迅《十年》考级版 老歌大叔吉他教室出品__qupu123-342655	/home/caesium-132/jianpu/images-prep/qupu123-chenyixun/陈奕迅《十年》考级版 老歌大叔吉他教室出品__qupu123-342655/001.jpg
陈奕迅《好久不见》前奏版超清谱 老歌大叔吉他教室出品	qupu123	342899	3	改编	陈奕迅《好久不见》前奏版超清谱 老歌大叔吉他教室出品__qupu123-342899	/home/caesium-132/jianpu/images-prep/qupu123-chenyixun/陈奕迅《好久不见》前奏版超清谱 老歌大叔吉他教室出品__qupu123-342899/001.jpg
陈粒 小半	qupu123	353969	2	改编	陈粒 小半 吉他谱（无限延音编配）__qupu123-353969	/home/caesium-132/jianpu/images-prep/qupu123-kw/陈粒 小半 吉他谱（无限延音编配）__qupu123-353969/001.jpg
陌前尘	qupu123	35365	1	简谱	陌前尘（剑网三游戏电影《前尘饮下》主题曲）__qupu123-35365	/home/caesium-132/jianpu/images-prep/qupu123-mp002/陌前尘（剑网三游戏电影《前尘饮下》主题曲）__qupu123-35365/001.jpg
陪你一辈子	jianpucn	305826	1	简谱	陪你一辈子__jianpucn-305826	/home/caesium-132/jianpu/images-prep/jianpucn-fenghuangchuanqi/陪你一辈子__jianpucn-305826/001.jpg
陪你去流浪尤克里里谱	jianpucn	458275	1	改编	陪你去流浪尤克里里谱（ C调 ）__jianpucn-458275	/home/caesium-132/jianpu/images-prep/jianpucn-xuezhiqian/陪你去流浪尤克里里谱（ C调 ）__jianpucn-458275/001.jpg
陪你度过漫长岁月尤克里里谱	jianpucn	461006	1	改编	陪你度过漫长岁月尤克里里谱（ G调尤克里里弹唱谱）__jianpucn-461006	/home/caesium-132/jianpu/images-prep/jianpucn-pop/陪你度过漫长岁月尤克里里谱（ G调尤克里里弹唱谱）__jianpucn-461006/001.jpg
陪你度过漫长岁月钢琴	jianpujia	250736	2	改编	陪你度过漫长岁月钢琴简谱_陈奕迅演唱__jianpujia-250736	/home/caesium-132/jianpu/images-prep/jianpujia-art315/陪你度过漫长岁月钢琴简谱_陈奕迅演唱__jianpujia-250736/001.png
陪你度过漫长陪你度过漫长岁月	jianpucn	341555	1	简谱	陪你度过漫长陪你度过漫长岁月（电影《陪安东尼度过漫长岁月》主题曲）__jianpucn-341555	/home/caesium-132/jianpu/images-prep/jianpucn-pop/陪你度过漫长陪你度过漫长岁月（电影《陪安东尼度过漫长岁月》主题曲）__jianpucn-341555/001.jpg
陪你看日出	jianpucn	2943	3	简谱	陪你看日出__jianpucn-2943	/home/caesium-132/jianpu/images-prep/jianpucn-caiyilin/陪你看日出__jianpucn-2943/001.jpg
陪你走到底	jianpucn	347545	1	简谱	陪你走到底 （电视剧《我爱男闺蜜》主题曲）__jianpucn-347545	/home/caesium-132/jianpu/images-prep/jianpucn-pop/陪你走到底 （电视剧《我爱男闺蜜》主题曲）__jianpucn-347545/001.jpg
陳奕迅 -	jianpucn	255566	2	简谱	陳奕迅 - _每一個明天__jianpucn-255566	/home/caesium-132/jianpu/images-prep/jianpucn-pop/陳奕迅 - _每一個明天__jianpucn-255566/001.jpg
陳奕迅 - 65279每一個明天 -	jianpucn	255457	2	简谱	陳奕迅 - 65279每一個明天 -__jianpucn-255457	/home/caesium-132/jianpu/images-prep/jianpucn-pop/陳奕迅 - 65279每一個明天 -__jianpucn-255457/001.jpg
陳奕迅 - 單車 -	jianpucn	256011	2	简谱	陳奕迅 - 單車 -__jianpucn-256011	/home/caesium-132/jianpu/images-prep/jianpucn-pop/陳奕迅 - 單車 -__jianpucn-256011/001.jpg
陳奕迅 - 孤獨探戈	jianpucn	234424	2	改编	陳奕迅 - 孤獨探戈 (伴奏) 孤獨探戈 (伴奏) -__jianpucn-234424	/home/caesium-132/jianpu/images-prep/jianpucn-pop/陳奕迅 - 孤獨探戈 (伴奏) 孤獨探戈 (伴奏) -__jianpucn-234424/001.jpg
陳奕迅 孤獨探戈 伴奏	jianpucn	218949	2	改编	陳奕迅 孤獨探戈 伴奏__jianpucn-218949	/home/caesium-132/jianpu/images-prep/jianpucn-pop/陳奕迅 孤獨探戈 伴奏__jianpucn-218949/001.jpg
陶喆 爱很简单	qupu123	371964	4	改编	陶喆 爱很简单 吉他谱（无限延音编配）__qupu123-371964	/home/caesium-132/jianpu/images-prep/qupu123-mp049/陶喆 爱很简单 吉他谱（无限延音编配）__qupu123-371964/001.jpg
随他去	qupu123	356928	3	简谱	随他去（Let It Be 困难版）__qupu123-356928	/home/caesium-132/jianpu/images-prep/qupu123-west/随他去（Let It Be 困难版）__qupu123-356928/001.jpg
随感	qupu123	325224	1	简谱	随感__qupu123-325224	/home/caesium-132/jianpu/images-prep/qupu123-sweep/随感__qupu123-325224/001.jpg
随梦而长	qupu123	334167	2	简谱	随梦而长（刘志毅词_周佳荣曲）__qupu123-334167	/home/caesium-132/jianpu/images-prep/qupu123-crawl/随梦而长（刘志毅词_周佳荣曲）__qupu123-334167/001.jpg
随风	jianpujia	26396	1	简谱	随风简谱(歌词)_周深演唱__古董局中局_影视剧插曲__jianpujia-26396	/home/caesium-132/jianpu/images-prep/jianpujia-380/随风简谱(歌词)_周深演唱__古董局中局_影视剧插曲__jianpujia-26396/001.png
随风而逝	jianpucn	96494	1	简谱	随风而逝(《乱世佳人》主题曲)__jianpucn-96494	/home/caesium-132/jianpu/images-prep/jianpucn-twins/随风而逝(《乱世佳人》主题曲)__jianpucn-96494/001.jpg
隐形人	jianpucn	101865	2	简谱	隐形人__jianpucn-101865	/home/caesium-132/jianpu/images-prep/jianpucn-pop/隐形人__jianpucn-101865/001.jpg
隔空的思念	qupu123	329684	1	简谱	隔空的思念__qupu123-329684	/home/caesium-132/jianpu/images-prep/qupu123-sweep/隔空的思念__qupu123-329684/001.png
难以把你放下草原丁喜萨斯原创曲	jianpujia	238455	1	简谱	难以把你放下草原丁喜萨斯原创曲简谱_草原西子演唱_马正寿、黎敦武_草原丁喜、马正寿词曲__jianpujia-238455	/home/caesium-132/jianpu/images-prep/jianpujia-6223/难以把你放下草原丁喜萨斯原创曲简谱_草原西子演唱_马正寿、黎敦武_草原丁喜、马正寿词曲__jianpujia-238455/001.png
难忘今宵	jianpucn	34827	1	简谱	难忘今宵__jianpucn-34827	/home/caesium-132/jianpu/images-prep/jianpucn-liguyi/难忘今宵__jianpucn-34827/001.jpg
难忘在记忆里	qupu123	326790	1	简谱	难忘在记忆里__qupu123-326790	/home/caesium-132/jianpu/images-prep/qupu123-sweep/难忘在记忆里__qupu123-326790/001.jpg
难忘杭州	qupu123	322686	3	改编	难忘杭州（正谱）__qupu123-322686	/home/caesium-132/jianpu/images-prep/qupu123-crawl/难忘杭州（正谱）__qupu123-322686/001.jpg
难忘桃花江	jianpujia	18375	1	简谱	难忘桃花江简谱(歌词)_雷佳演唱_王wzh曲谱__jianpujia-18375	/home/caesium-132/jianpu/images-prep/jianpujia-6369/难忘桃花江简谱(歌词)_雷佳演唱_王wzh曲谱__jianpujia-18375/001.jpg
难忘的一天——许巍	jianpucn	193466	2	简谱	难忘的一天——许巍__jianpucn-193466	/home/caesium-132/jianpu/images-prep/jianpucn-xuwei/难忘的一天——许巍__jianpucn-193466/001.jpg
难忘的一天尤克里里谱	jianpucn	458274	1	改编	难忘的一天尤克里里谱（ C调 ）__jianpucn-458274	/home/caesium-132/jianpu/images-prep/jianpucn-xuwei/难忘的一天尤克里里谱（ C调 ）__jianpucn-458274/001.jpg
难忘的爱人	jianpucn	174715	1	简谱	难忘的爱人(闽南语)__jianpucn-174715	/home/caesium-132/jianpu/images-prep/jianpucn-denglijun/难忘的爱人(闽南语)__jianpucn-174715/001.jpg
难忘草原绽继业词刘布扬曲难忘草原	jianpujia	404043	1	简谱	难忘草原绽继业词刘布扬曲难忘草原_绽继业词_刘布扬曲简谱__jianpujia-404043	/home/caesium-132/jianpu/images-prep/jianpujia-6223/难忘草原绽继业词刘布扬曲难忘草原_绽继业词_刘布扬曲简谱__jianpujia-404043/001.png
难舍的情结	qupu123	310071	1	简谱	难舍的情结__qupu123-310071	/home/caesium-132/jianpu/images-prep/qupu123-sweep/难舍的情结__qupu123-310071/001.jpg
雁	qupu123	318230	2	改编	雁（蒙古民歌）（无伴奏合唱、五线谱）__qupu123-318230	/home/caesium-132/jianpu/images-prep/qupu123-crawl/雁（蒙古民歌）（无伴奏合唱、五线谱）__qupu123-318230/001.jpg
雌雄同体	jianpucn	131086	2	简谱	雌雄同体__jianpucn-131086	/home/caesium-132/jianpu/images-prep/jianpucn-wuyuetian/雌雄同体__jianpucn-131086/001.jpg
雨一直下	qupu123	378854	1	简谱	雨一直下__qupu123-378854	/home/caesium-132/jianpu/images-prep/qupu123-mp072/雨一直下__qupu123-378854/001.png
雨下一整晚尤克里里谱	jianpucn	462609	1	改编	雨下一整晚尤克里里谱（ G调尤克里里弹唱谱）__jianpucn-462609	/home/caesium-132/jianpu/images-prep/jianpucn-zhoujielun/雨下一整晚尤克里里谱（ G调尤克里里弹唱谱）__jianpucn-462609/001.jpg
雨不停心不定	jianpujia	18681	1	简谱	雨不停心不定简谱(歌词)_邓丽君演唱_王wzh曲谱__jianpujia-18681	/home/caesium-132/jianpu/images-prep/jianpujia-1252/雨不停心不定简谱(歌词)_邓丽君演唱_王wzh曲谱__jianpujia-18681/001.gif
雨丝情愁	qupu123	305329	1	简谱	雨丝情愁__qupu123-305329	/home/caesium-132/jianpu/images-prep/qupu123-sweep/雨丝情愁__qupu123-305329/001.png
雨后初晴	jianpucn	462166	1	改编	雨后初晴 （ C调原版编配）__jianpucn-462166	/home/caesium-132/jianpu/images-prep/jianpucn-lijian/雨后初晴 （ C调原版编配）__jianpucn-462166/001.jpg
雨天尤克里里谱	jianpucn	458264	1	改编	雨天尤克里里谱（ C调高清 ）__jianpucn-458264	/home/caesium-132/jianpu/images-prep/jianpucn-pop/雨天尤克里里谱（ C调高清 ）__jianpucn-458264/001.jpg
雨歇微凉	qupu123	329852	1	简谱	雨歇微凉__qupu123-329852	/home/caesium-132/jianpu/images-prep/qupu123-sweep/雨歇微凉__qupu123-329852/001.jpg
雨江南	qupu123	323879	3	改编	雨江南（五线谱）__qupu123-323879	/home/caesium-132/jianpu/images-prep/qupu123-crawl/雨江南（五线谱）__qupu123-323879/001.jpg
雨爱	qupu123	251181	3	简谱	雨爱__qupu123-251181	/home/caesium-132/jianpu/images-prep/qupu123-search/雨爱__qupu123-251181/001.jpg
雨爱&nbsp;&nbsp;	jianpucn	131064	1	简谱	雨爱&nbsp;&nbsp;__jianpucn-131064	/home/caesium-132/jianpu/images-prep/jianpucn-title/雨爱&nbsp;&nbsp;__jianpucn-131064/001.jpg
雨花石	qupu123	323754	2	改编	雨花石（肖仁、徐家察词_龚耀年曲、正谱）__qupu123-323754	/home/caesium-132/jianpu/images-prep/qupu123-crawl/雨花石（肖仁、徐家察词_龚耀年曲、正谱）__qupu123-323754/001.jpg
雨衣	jianpucn	6910	1	简谱	雨衣__jianpucn-6910	/home/caesium-132/jianpu/images-prep/jianpucn-pop/雨衣__jianpucn-6910/001.jpg
雪中的传奇	qupu123	322210	1	简谱	雪中的传奇__qupu123-322210	/home/caesium-132/jianpu/images-prep/qupu123-sweep/雪中的传奇__qupu123-322210/001.jpg
雪地上的回忆	jianpucn	433078	1	改编	雪地上的回忆（台湾伴奏版）__jianpucn-433078	/home/caesium-132/jianpu/images-prep/jianpucn-denglijun/雪地上的回忆（台湾伴奏版）__jianpucn-433078/001.jpg
雪娃娃	qupu123	328400	2	简谱	雪娃娃（罗晓航词曲）__qupu123-328400	/home/caesium-132/jianpu/images-prep/qupu123-crawl/雪娃娃（罗晓航词曲）__qupu123-328400/001.jpg
雪花落下钢琴	jianpujia	155041	6	改编	雪花落下钢琴简谱_数字双手_周深__jianpujia-155041	/home/caesium-132/jianpu/images-prep/jianpujia-380/雪花落下钢琴简谱_数字双手_周深__jianpujia-155041/001.png
雪花，发给我一串微信	qupu123	315710	1	简谱	雪花，发给我一串微信__qupu123-315710	/home/caesium-132/jianpu/images-prep/qupu123-sweep/雪花，发给我一串微信__qupu123-315710/001.jpg
雪落下的声音钢琴	jianpujia	152774	2	改编	雪落下的声音钢琴简谱_数字双手_陆虎_周深__jianpujia-152774	/home/caesium-132/jianpu/images-prep/jianpujia-380/雪落下的声音钢琴简谱_数字双手_陆虎_周深__jianpujia-152774/001.png
雪钟花	jianpucn	41201	1	简谱	雪钟花__jianpucn-41201	/home/caesium-132/jianpu/images-prep/jianpucn-wangfeng/雪钟花__jianpucn-41201/001.jpg
零缺点��	jianpucn	213286	2	简谱	零缺点��__jianpucn-213286	/home/caesium-132/jianpu/images-prep/jianpucn-pop/零缺点��__jianpucn-213286/001.jpg
雷锋精神代代传	qupu123	335451	1	简谱	雷锋精神代代传__qupu123-335451	/home/caesium-132/jianpu/images-prep/qupu123-crawl/雷锋精神代代传__qupu123-335451/001.jpg
需要人陪	jianpujia	14681	8	简谱	需要人陪简谱_王力宏_这无声的夜，现在的我，需要人陪__jianpujia-14681	/home/caesium-132/jianpu/images-prep/jianpujia-art600/需要人陪简谱_王力宏_这无声的夜，现在的我，需要人陪__jianpujia-14681/001.jpg
需要人陪钢琴	jianpujia	246365	4	改编	需要人陪钢琴简谱_王力宏演唱__jianpujia-246365	/home/caesium-132/jianpu/images-prep/jianpujia-art600/需要人陪钢琴简谱_王力宏演唱__jianpujia-246365/001.png
霍元甲	qupu123	307438	1	简谱	霍元甲__qupu123-307438	/home/caesium-132/jianpu/images-prep/qupu123-sweep/霍元甲__qupu123-307438/001.png
青冢草青青	qupu123	334173	1	简谱	青冢草青青（蒋燕_词曲）__qupu123-334173	/home/caesium-132/jianpu/images-prep/qupu123-crawl/青冢草青青（蒋燕_词曲）__qupu123-334173/001.gif
青原赋 &nbsp;&nbsp;	jianpucn	475606	6	简谱	青原赋 &nbsp;&nbsp;__jianpucn-475606	/home/caesium-132/jianpu/images-prep/test-jianpucn/青原赋 &nbsp;&nbsp;__jianpucn-475606/001.jpg
青山留给后来人	jianpucn	283388	1	简谱	青山留给后来人（电影《林海情》插曲）__jianpucn-283388	/home/caesium-132/jianpu/images-prep/jianpucn-jiangdawei/青山留给后来人（电影《林海情》插曲）__jianpucn-283388/001.jpg
青春北京	qupu123	328208	1	简谱	青春北京__qupu123-328208	/home/caesium-132/jianpu/images-prep/qupu123-sweep/青春北京__qupu123-328208/001.jpg
青春呼唤雨	qupu123	332995	2	简谱	青春呼唤雨_青春呼唤风__qupu123-332995	/home/caesium-132/jianpu/images-prep/qupu123-crawl/青春呼唤雨_青春呼唤风__qupu123-332995/001.jpg
青春大爱	qupu123	315877	2	改编	青春大爱（姚建熊词_邵丹_王连才曲、正谱）__qupu123-315877	/home/caesium-132/jianpu/images-prep/qupu123-crawl/青春大爱（姚建熊词_邵丹_王连才曲、正谱）__qupu123-315877/001.jpg
青春是首歌	qupu123	323237	1	简谱	青春是首歌__qupu123-323237	/home/caesium-132/jianpu/images-prep/qupu123-sweep/青春是首歌__qupu123-323237/001.png
青春的味道	qupu123	311031	1	简谱	青春的味道__qupu123-311031	/home/caesium-132/jianpu/images-prep/qupu123-sweep/青春的味道__qupu123-311031/001.png
青春的韵动	qupu123	325834	1	简谱	青春的韵动__qupu123-325834	/home/caesium-132/jianpu/images-prep/qupu123-sweep/青春的韵动__qupu123-325834/001.jpg
青春的风景	qupu123	328840	1	简谱	青春的风景__qupu123-328840	/home/caesium-132/jianpu/images-prep/qupu123-sweep/青春的风景__qupu123-328840/001.jpg
青春闪亮	qupu123	333881	2	简谱	青春闪亮（赖明友_词曲）__qupu123-333881	/home/caesium-132/jianpu/images-prep/qupu123-crawl/青春闪亮（赖明友_词曲）__qupu123-333881/001.jpg
青涩少年	qupu123	306530	1	简谱	青涩少年__qupu123-306530	/home/caesium-132/jianpu/images-prep/qupu123-sweep/青涩少年__qupu123-306530/001.jpg
青白江	qupu123	335428	2	改编	青白江（五线谱）__qupu123-335428	/home/caesium-132/jianpu/images-prep/qupu123-crawl/青白江（五线谱）__qupu123-335428/001.jpg
青花瓷 完美05895464	jianpucn	218216	2	简谱	青花瓷 完美05895464__jianpucn-218216	/home/caesium-132/jianpu/images-prep/jianpucn-zhoujielun/青花瓷 完美05895464__jianpucn-218216/001.jpg
青花瓷-zhanglei7781编配版	jianpucn	201522	2	改编	青花瓷-zhanglei7781编配版__jianpucn-201522	/home/caesium-132/jianpu/images-prep/jianpucn-zhoujielun/青花瓷-zhanglei7781编配版__jianpucn-201522/001.jpg
青花瓷即兴	jianpucn	177920	2	简谱	青花瓷即兴__jianpucn-177920	/home/caesium-132/jianpu/images-prep/jianpucn-zhoujielun/青花瓷即兴__jianpucn-177920/001.jpg
青花瓷完善弹唱版	jianpucn	192697	2	改编	青花瓷完善弹唱版__jianpucn-192697	/home/caesium-132/jianpu/images-prep/jianpucn-zhoujielun/青花瓷完善弹唱版__jianpucn-192697/001.jpg
青花瓷带和弦、五线谱	jianpujia	405035	2	改编	青花瓷带和弦、五线谱简谱_周杰伦演唱_方文山_周杰伦词曲__jianpujia-405035	/home/caesium-132/jianpu/images-prep/jianpujia-583/青花瓷带和弦、五线谱简谱_周杰伦演唱_方文山_周杰伦词曲__jianpujia-405035/001.png
青藏高原 —	jianpucn	229416	1	简谱	青藏高原 — （电视剧《天路》主题歌）__jianpucn-229416	/home/caesium-132/jianpu/images-prep/jianpucn-hanhong/青藏高原 — （电视剧《天路》主题歌）__jianpucn-229416/001.jpg
青青世界2	jianpucn	196452	1	简谱	青青世界2__jianpucn-196452	/home/caesium-132/jianpu/images-prep/jianpucn-naying/青青世界2__jianpucn-196452/001.jpg
青鸟	jianpucn	1783	1	简谱	青鸟__jianpucn-1783	/home/caesium-132/jianpu/images-prep/jianpucn-xuwei/青鸟__jianpucn-1783/001.jpg
青鸟II	jianpucn	145776	3	改编	青鸟II（高清吉他六线谱）__jianpucn-145776	/home/caesium-132/jianpu/images-prep/jianpucn-xuwei/青鸟II（高清吉他六线谱）__jianpucn-145776/001.jpg
面对男生的房间	jianpucn	178027	2	简谱	面对男生的房间__jianpucn-178027	/home/caesium-132/jianpu/images-prep/jianpucn-pop/面对男生的房间__jianpucn-178027/001.jpg
面朝大海	qupu123	381438	4	简谱	面朝大海_春暖花开__qupu123-381438	/home/caesium-132/jianpu/images-prep/qupu123-crawl/面朝大海_春暖花开__qupu123-381438/001.jpg
面朝大海 春暖花开	qupu123	222957	1	简谱	面朝大海 春暖花开__qupu123-222957	/home/caesium-132/jianpu/images-prep/_offtarget/面朝大海 春暖花开__qupu123-222957/001.jpg
面朝大海，春暧花开	qupu123	74983	1	简谱	面朝大海，春暧花开__qupu123-74983	/home/caesium-132/jianpu/images-prep/_offtarget/面朝大海，春暧花开__qupu123-74983/001.jpg
韩红-家乡	jianpucn	95877	1	简谱	韩红-家乡__jianpucn-95877	/home/caesium-132/jianpu/images-prep/jianpucn-hanhong/韩红-家乡__jianpucn-95877/001.jpg
项羽虞姬尤克里里谱	jianpucn	461011	1	改编	项羽虞姬尤克里里谱（ G调 ）__jianpucn-461011	/home/caesium-132/jianpu/images-prep/jianpucn-maobuyi/项羽虞姬尤克里里谱（ G调 ）__jianpucn-461011/001.jpg
顺境逆境一笑而过	qupu123	383021	3	简谱	顺境逆境一笑而过__qupu123-383021	/home/caesium-132/jianpu/images-prep/qupu123-mp034/顺境逆境一笑而过__qupu123-383021/001.jpg
颂祖国	qupu123	328318	5	改编	颂祖国（新疆维吾尔族民歌）（五线谱）__qupu123-328318	/home/caesium-132/jianpu/images-prep/qupu123-crawl/颂祖国（新疆维吾尔族民歌）（五线谱）__qupu123-328318/001.jpg
预感	jianpucn	39933	3	简谱	预感__jianpucn-39933	/home/caesium-132/jianpu/images-prep/jianpucn-pop/预感__jianpucn-39933/001.jpg
领悟	qupu123	261725	3	简谱	领悟（李宗盛词曲）__qupu123-261725	/home/caesium-132/jianpu/images-prep/qupu123-bench/领悟（李宗盛词曲）__qupu123-261725/001.png
领航灯	qupu123	305182	1	简谱	领航灯__qupu123-305182	/home/caesium-132/jianpu/images-prep/qupu123-sweep/领航灯__qupu123-305182/001.png
额吉淖尔	jianpucn	448020	1	简谱	额吉淖尔__jianpucn-448020	/home/caesium-132/jianpu/images-prep/jianpucn-wulantuya/额吉淖尔__jianpucn-448020/001.jpg
额吉的羊羔	jianpujia	228154	1	改编	额吉的羊羔(草原丁喜萨克斯原创曲)简谱_草原静静演唱_马正寿曲谱__jianpujia-228154	/home/caesium-132/jianpu/images-prep/jianpujia-6223/额吉的羊羔(草原丁喜萨克斯原创曲)简谱_草原静静演唱_马正寿曲谱__jianpujia-228154/001.png
颠倒歌高清彩谱	jianpucn	473380	3	简谱	颠倒歌高清彩谱__jianpucn-473380	/home/caesium-132/jianpu/images-prep/jianpucn-daolang/颠倒歌高清彩谱__jianpucn-473380/001.jpg
风·雨	qupu123	322243	3	改编	风·雨（正谱）__qupu123-322243	/home/caesium-132/jianpu/images-prep/qupu123-crawl/风·雨（正谱）__qupu123-322243/001.jpg
风中有朵雨做的云-龙斯明	jianpucn	101839	2	简谱	风中有朵雨做的云-龙斯明__jianpucn-101839	/home/caesium-132/jianpu/images-prep/jianpucn-pop/风中有朵雨做的云-龙斯明__jianpucn-101839/001.jpg
风中有朵雨做的云演奏版	jianpucn	228522	2	简谱	风中有朵雨做的云演奏版__jianpucn-228522	/home/caesium-132/jianpu/images-prep/jianpucn-pop/风中有朵雨做的云演奏版__jianpucn-228522/001.jpg
风中的思绪	qupu123	313304	1	简谱	风中的思绪__qupu123-313304	/home/caesium-132/jianpu/images-prep/qupu123-sweep/风中的思绪__qupu123-313304/001.jpg
风云决	jianpucn	90572	2	简谱	风云决__jianpucn-90572	/home/caesium-132/jianpu/images-prep/jianpucn-renxianqi/风云决__jianpucn-90572/001.jpg
风华版 白桦林	jianpucn	215412	1	简谱	风华版 白桦林__jianpucn-215412	/home/caesium-132/jianpu/images-prep/jianpucn-pushu/风华版 白桦林__jianpucn-215412/001.jpg
风华版 笨小孩	jianpucn	215411	1	简谱	风华版 笨小孩__jianpucn-215411	/home/caesium-132/jianpu/images-prep/jianpucn-liudehua/风华版 笨小孩__jianpucn-215411/001.jpg
风吹麦浪尤克里里谱	jianpucn	462743	1	改编	风吹麦浪尤克里里谱（ C调女声版）__jianpucn-462743	/home/caesium-132/jianpu/images-prep/jianpucn-lijian/风吹麦浪尤克里里谱（ C调女声版）__jianpucn-462743/001.jpg
风吹黄昏	jianpucn	306101	1	简谱	风吹黄昏__jianpucn-306101	/home/caesium-132/jianpu/images-prep/jianpucn-lijian/风吹黄昏__jianpucn-306101/001.jpg
风带不走忧伤	qupu123	318024	1	简谱	风带不走忧伤__qupu123-318024	/home/caesium-132/jianpu/images-prep/qupu123-sweep/风带不走忧伤__qupu123-318024/001.png
风歌	qupu123	321605	1	简谱	风歌（土家野夫词 林夕子曲）__qupu123-321605	/home/caesium-132/jianpu/images-prep/qupu123-sweep/风歌（土家野夫词 林夕子曲）__qupu123-321605/001.jpg
风笑痴	jianpucn	201460	1	简谱	风笑痴__jianpucn-201460	/home/caesium-132/jianpu/images-prep/jianpucn-zhouhuajian/风笑痴__jianpucn-201460/001.jpg
风笑痴 吉他类 流行	jianpucn	91266	1	改编	风笑痴 吉他类 流行__jianpucn-91266	/home/caesium-132/jianpu/images-prep/jianpucn-zhouhuajian/风笑痴 吉他类 流行__jianpucn-91266/001.jpg
风筝与风 键盘类 钢琴	jianpucn	114378	2	改编	风筝与风 键盘类 钢琴__jianpucn-114378	/home/caesium-132/jianpu/images-prep/jianpucn-twins/风筝与风 键盘类 钢琴__jianpucn-114378/001.jpg
风筝完美	jianpucn	216704	2	改编	风筝完美弹唱谱__jianpucn-216704	/home/caesium-132/jianpu/images-prep/jianpucn-wangfeng/风筝完美弹唱谱__jianpucn-216704/001.jpg
风继续吹	jianpujia	74782	2	简谱	风继续吹简谱_张国荣演唱_珠落玉盘上传__jianpujia-74782	/home/caesium-132/jianpu/images-prep/jianpujia-art1542/风继续吹简谱_张国荣演唱_珠落玉盘上传__jianpujia-74782/001.jpg
风继续吹钢琴	jianpujia	150235	5	改编	风继续吹钢琴简谱_张国荣演唱__jianpujia-150235	/home/caesium-132/jianpu/images-prep/jianpujia-art1542/风继续吹钢琴简谱_张国荣演唱__jianpujia-150235/001.png
风行	jianpucn	213580	3	简谱	风行__jianpucn-213580	/home/caesium-132/jianpu/images-prep/jianpucn-xuwei/风行__jianpucn-213580/001.jpg
风过草原杨晓华词陈咏秋曲风过草原杨晓华词	jianpujia	344512	1	简谱	风过草原杨晓华词陈咏秋曲风过草原杨晓华词_陈咏秋曲简谱__jianpujia-344512	/home/caesium-132/jianpu/images-prep/jianpujia-6223/风过草原杨晓华词陈咏秋曲风过草原杨晓华词_陈咏秋曲简谱__jianpujia-344512/001.png
风铃	qupu123	321440	1	简谱	风铃（纪铭战词 南风曲）__qupu123-321440	/home/caesium-132/jianpu/images-prep/qupu123-sweep/风铃（纪铭战词 南风曲）__qupu123-321440/001.jpg
风铃叮叮当钢琴	jianpujia	148525	4	改编	风铃叮叮当钢琴简谱_儿歌演唱__jianpujia-148525	/home/caesium-132/jianpu/images-prep/jianpujia-3462/风铃叮叮当钢琴简谱_儿歌演唱__jianpujia-148525/001.png
风雨人生慢慢领悟	qupu123	392093	1	简谱	风雨人生慢慢领悟__qupu123-392093	/home/caesium-132/jianpu/images-prep/qupu123-mp9051/风雨人生慢慢领悟__qupu123-392093/001.jpg
风雨同路	jianpucn	90113	1	简谱	风雨同路__jianpucn-90113	/home/caesium-132/jianpu/images-prep/jianpucn-pop/风雨同路__jianpucn-90113/001.jpg
风雨同路 吉他弹唱	jianpucn	223089	1	改编	风雨同路 吉他弹唱__jianpucn-223089	/home/caesium-132/jianpu/images-prep/jianpucn-pop/风雨同路 吉他弹唱__jianpucn-223089/001.jpg
风雨彩虹 铿锵玫瑰	jianpucn	90328	1	简谱	风雨彩虹 铿锵玫瑰__jianpucn-90328	/home/caesium-132/jianpu/images-prep/jianpucn-tianzhen/风雨彩虹 铿锵玫瑰__jianpucn-90328/001.jpg
风雨无阻－－周华健	jianpucn	84686	1	简谱	风雨无阻－－周华健__jianpucn-84686	/home/caesium-132/jianpu/images-prep/jianpucn-zhouhuajian/风雨无阻－－周华健__jianpucn-84686/001.jpg
风雪中的彩蝶	qupu123	317687	1	简谱	风雪中的彩蝶__qupu123-317687	/home/caesium-132/jianpu/images-prep/qupu123-sweep/风雪中的彩蝶__qupu123-317687/001.jpg
飘向北方	jianpucn	457347	2	简谱	飘向北方__jianpucn-457347	/home/caesium-132/jianpu/images-prep/jianpucn-dengziqi/飘向北方__jianpucn-457347/001.jpg
飘移世界	jianpucn	132273	2	简谱	飘移世界__jianpucn-132273	/home/caesium-132/jianpu/images-prep/jianpucn-zhoujielun/飘移世界__jianpucn-132273/001.jpg
飘雪&nbsp;&nbsp;	jianpucn	257852	1	简谱	飘雪&nbsp;&nbsp;__jianpucn-257852	/home/caesium-132/jianpu/images-prep/jianpucn-title/飘雪&nbsp;&nbsp;__jianpucn-257852/001.jpg
飘零燕	jianpucn	340491	1	简谱	飘零燕__jianpucn-340491	/home/caesium-132/jianpu/images-prep/jianpucn-twins/飘零燕__jianpucn-340491/001.jpg
飘零燕尤克里里谱	jianpucn	462553	1	改编	飘零燕尤克里里谱（ C调男生版）__jianpucn-462553	/home/caesium-132/jianpu/images-prep/jianpucn-twins/飘零燕尤克里里谱（ C调男生版）__jianpucn-462553/001.jpg
飞云之下	jianpucn	469233	1	改编	飞云之下 （韩红 G调原版编配）__jianpucn-469233	/home/caesium-132/jianpu/images-prep/jianpucn-linjunjie/飞云之下 （韩红 G调原版编配）__jianpucn-469233/001.jpg
飞云之下尤克里里谱	jianpucn	462462	1	改编	飞云之下尤克里里谱（ G调尤克里里弹唱谱）__jianpucn-462462	/home/caesium-132/jianpu/images-prep/jianpucn-hanhong/飞云之下尤克里里谱（ G调尤克里里弹唱谱）__jianpucn-462462/001.jpg
飞天利箭	jianpujia	12652	1	简谱	飞天利箭简谱(歌词)_谭晶演唱_桃李醉春风记谱__jianpujia-12652	/home/caesium-132/jianpu/images-prep/jianpujia-7224/飞天利箭简谱(歌词)_谭晶演唱_桃李醉春风记谱__jianpujia-12652/001.gif
飞得更高尤克里里谱	jianpucn	460997	1	改编	飞得更高尤克里里谱（ G调 ）__jianpucn-460997	/home/caesium-132/jianpu/images-prep/jianpucn-wangfeng/飞得更高尤克里里谱（ G调 ）__jianpucn-460997/001.jpg
飞灰	qupu123	322581	1	简谱	飞灰__qupu123-322581	/home/caesium-132/jianpu/images-prep/qupu123-sweep/飞灰__qupu123-322581/001.jpg
飞的更高	jianpucn	91164	1	简谱	飞的更高__jianpucn-91164	/home/caesium-132/jianpu/images-prep/jianpucn-wangfeng/飞的更高__jianpucn-91164/001.jpg
飞的更高-弹唱 吉他类 流行	jianpucn	112929	2	改编	飞的更高-弹唱 吉他类 流行__jianpucn-112929	/home/caesium-132/jianpu/images-prep/jianpucn-wangfeng/飞的更高-弹唱 吉他类 流行__jianpucn-112929/001.jpg
飞蛾	jianpujia	10617	1	简谱	飞蛾简谱(歌词)_许嵩演唱_桃李醉春风记谱__jianpujia-10617	/home/caesium-132/jianpu/images-prep/jianpujia-693/飞蛾简谱(歌词)_许嵩演唱_桃李醉春风记谱__jianpujia-10617/001.jpg
飞行中的思念	jianpucn	89961	1	简谱	飞行中的思念__jianpucn-89961	/home/caesium-132/jianpu/images-prep/jianpucn-liuruoying/飞行中的思念__jianpucn-89961/001.jpg
飞行模式	jianpucn	466661	2	改编	飞行模式 （ C调原版编配）__jianpucn-466661	/home/caesium-132/jianpu/images-prep/jianpucn-huachenyu/飞行模式 （ C调原版编配）__jianpucn-466661/001.jpg
飞驰于你	jianpujia	21761	1	简谱	飞驰于你简谱(歌词)_许嵩演唱_谱友门酱胡安上传__jianpujia-21761	/home/caesium-132/jianpu/images-prep/jianpujia-693/飞驰于你简谱(歌词)_许嵩演唱_谱友门酱胡安上传__jianpujia-21761/001.png
饮歌	jianpucn	103832	2	简谱	饮歌__jianpucn-103832	/home/caesium-132/jianpu/images-prep/jianpucn-twins/饮歌__jianpucn-103832/001.jpg
饮歌 - �]�攕hy�y 上传版 �]�攕hy�y 上传版 -	jianpucn	235531	2	简谱	饮歌 - �]�攕hy�y 上传版 �]�攕hy�y 上传版 -__jianpucn-235531	/home/caesium-132/jianpu/images-prep/jianpucn-twins/饮歌 - �]�攕hy�y 上传版 �]�攕hy�y 上传版 -__jianpucn-235531/001.jpg
饮歌 - �]�攕hy�y﹏.上传版	jianpucn	103188	2	简谱	饮歌 - �]�攕hy�y﹏.上传版__jianpucn-103188	/home/caesium-132/jianpu/images-prep/jianpucn-twins/饮歌 - �]�攕hy�y﹏.上传版__jianpucn-103188/001.jpg
饮歌-kohaku	jianpucn	100134	2	简谱	饮歌-kohaku__jianpucn-100134	/home/caesium-132/jianpu/images-prep/jianpucn-twins/饮歌-kohaku__jianpucn-100134/001.jpg
饮酒	qupu123	324351	1	简谱	饮酒（五）__qupu123-324351	/home/caesium-132/jianpu/images-prep/qupu123-sweep/饮酒（五）__qupu123-324351/001.jpg
饮酒歌	qupu123	377942	5	简谱	饮酒歌（选自歌剧《茶花女》）__qupu123-377942	/home/caesium-132/jianpu/images-prep/qupu123-crawl/饮酒歌（选自歌剧《茶花女》）__qupu123-377942/001.jpg
饿狼传说 -C调	jianpucn	463651	2	简谱	饿狼传说 -C调__jianpucn-463651	/home/caesium-132/jianpu/images-prep/jianpucn-zhangxueyou/饿狼传说 -C调__jianpucn-463651/001.jpg
饿狼传说尤克里里谱	jianpucn	462461	1	改编	饿狼传说尤克里里谱（ C调尤克里里弹唱谱）__jianpucn-462461	/home/caesium-132/jianpu/images-prep/jianpucn-zhangxueyou/饿狼传说尤克里里谱（ C调尤克里里弹唱谱）__jianpucn-462461/001.jpg
饿狼传说钢琴	jianpujia	149539	4	改编	饿狼传说钢琴简谱_张学友演唱__jianpujia-149539	/home/caesium-132/jianpu/images-prep/jianpujia-414/饿狼传说钢琴简谱_张学友演唱__jianpujia-149539/001.png
香呀热罗草原丁喜萨克斯曲	jianpujia	233730	3	改编	香呀热罗草原丁喜萨克斯曲简谱_草原丁喜演唱_马正寿__谱：草原丁喜词曲__jianpujia-233730	/home/caesium-132/jianpu/images-prep/jianpujia-6223/香呀热罗草原丁喜萨克斯曲简谱_草原丁喜演唱_马正寿__谱：草原丁喜词曲__jianpujia-233730/001.jpg
马兰谣	jianpujia	7504	4	简谱	马兰谣简谱_儿歌_李思琳让你回到天真无邪的童年中__jianpujia-7504	/home/caesium-132/jianpu/images-prep/jianpujia-3462/马兰谣简谱_儿歌_李思琳让你回到天真无邪的童年中__jianpujia-7504/001.png
驴友歌	qupu123	306655	1	简谱	驴友歌__qupu123-306655	/home/caesium-132/jianpu/images-prep/qupu123-sweep/驴友歌__qupu123-306655/001.png
骆驼	qupu123	335918	1	简谱	骆驼（蒋帅词_贺文广曲）__qupu123-335918	/home/caesium-132/jianpu/images-prep/qupu123-crawl/骆驼（蒋帅词_贺文广曲）__qupu123-335918/001.jpg
骆驼尤克里里谱	jianpucn	462678	1	改编	骆驼尤克里里谱（ G调简单版）__jianpucn-462678	/home/caesium-132/jianpu/images-prep/jianpucn-xuezhiqian/骆驼尤克里里谱（ G调简单版）__jianpucn-462678/001.jpg
骏马奔驰	qupu123	325246	6	改编	骏马奔驰（陆樯填词_骆季超曲、正谱）__qupu123-325246	/home/caesium-132/jianpu/images-prep/qupu123-crawl/骏马奔驰（陆樯填词_骆季超曲、正谱）__qupu123-325246/001.jpg
骏马颂	qupu123	322687	3	改编	骏马颂（正谱）__qupu123-322687	/home/caesium-132/jianpu/images-prep/qupu123-crawl/骏马颂（正谱）__qupu123-322687/001.jpg
骑士精神	jianpucn	58813	1	简谱	骑士精神__jianpucn-58813	/home/caesium-132/jianpu/images-prep/jianpucn-caiyilin/骑士精神__jianpucn-58813/001.jpg
高唱一曲荣耻歌	qupu123	325243	4	改编	高唱一曲荣耻歌（正谱）__qupu123-325243	/home/caesium-132/jianpu/images-prep/qupu123-crawl/高唱一曲荣耻歌（正谱）__qupu123-325243/001.jpg
高尚钢琴	jianpujia	149384	7	改编	高尚钢琴简谱_薛之谦演唱__jianpujia-149384	/home/caesium-132/jianpu/images-prep/jianpujia-351/高尚钢琴简谱_薛之谦演唱__jianpujia-149384/001.png
高山青	jianpucn	55031	1	简谱	高山青(台湾民歌)__jianpucn-55031	/home/caesium-132/jianpu/images-prep/jianpucn-pop/高山青(台湾民歌)__jianpucn-55031/001.jpg
高手	qupu123	307454	1	简谱	高手__qupu123-307454	/home/caesium-132/jianpu/images-prep/qupu123-sweep/高手__qupu123-307454/001.png
魅力中国城	qupu123	307362	1	简谱	魅力中国城（中央电视台《魅力中国城》主题曲）__qupu123-307362	/home/caesium-132/jianpu/images-prep/qupu123-sweep/魅力中国城（中央电视台《魅力中国城》主题曲）__qupu123-307362/001.png
魅力长安	qupu123	307762	1	简谱	魅力长安__qupu123-307762	/home/caesium-132/jianpu/images-prep/qupu123-sweep/魅力长安__qupu123-307762/001.jpg
魅力鹿西岛	qupu123	328182	2	简谱	魅力鹿西岛__qupu123-328182	/home/caesium-132/jianpu/images-prep/qupu123-crawl/魅力鹿西岛__qupu123-328182/001.jpg
魔咒	qupu123	324763	1	简谱	魔咒__qupu123-324763	/home/caesium-132/jianpu/images-prep/qupu123-sweep/魔咒__qupu123-324763/001.jpg
魔术先生 钢琴	jianpucn	218154	2	改编	魔术先生 钢琴弹唱谱__jianpucn-218154	/home/caesium-132/jianpu/images-prep/jianpucn-zhoujielun/魔术先生 钢琴弹唱谱__jianpucn-218154/001.jpg
魔杰座 说好的幸福呢 伴奏谱	jianpucn	218388	2	改编	魔杰座 说好的幸福呢 伴奏谱__jianpucn-218388	/home/caesium-132/jianpu/images-prep/jianpucn-zhoujielun/魔杰座 说好的幸福呢 伴奏谱__jianpucn-218388/001.jpg
魔杰座```说好的幸福呢 完整版 绫枫	jianpucn	218436	2	简谱	魔杰座```说好的幸福呢 完整版 绫枫__jianpucn-218436	/home/caesium-132/jianpu/images-prep/jianpucn-zhoujielun/魔杰座```说好的幸福呢 完整版 绫枫__jianpucn-218436/001.jpg
鲁冰花简谱儿歌	jianpujia	15690	8	简谱	鲁冰花简谱儿歌_歌颂母爱的经典__jianpujia-15690	/home/caesium-132/jianpu/images-prep/jianpujia-3462/鲁冰花简谱儿歌_歌颂母爱的经典__jianpujia-15690/001.jpg
鸟翅	jianpucn	39388	1	简谱	鸟翅__jianpucn-39388	/home/caesium-132/jianpu/images-prep/jianpucn-liguyi/鸟翅__jianpucn-39388/001.jpg
鸽子花城	qupu123	308011	1	简谱	鸽子花城（侠名词 周永财曲）__qupu123-308011	/home/caesium-132/jianpu/images-prep/qupu123-sweep/鸽子花城（侠名词 周永财曲）__qupu123-308011/001.jpg
麒麟传奇	qupu123	333298	1	简谱	麒麟传奇__qupu123-333298	/home/caesium-132/jianpu/images-prep/qupu123-crawl/麒麟传奇__qupu123-333298/001.gif
麻雀	jianpucn	457427	2	改编	麻雀 （ C调原版编配）__jianpucn-457427	/home/caesium-132/jianpu/images-prep/jianpucn-lironghao/麻雀 （ C调原版编配）__jianpucn-457427/001.jpg
麻雀尤克里里谱	jianpucn	462365	1	改编	麻雀尤克里里谱（ 麻雀F调尤克里里弹唱谱）__jianpucn-462365	/home/caesium-132/jianpu/images-prep/jianpucn-lironghao/麻雀尤克里里谱（ 麻雀F调尤克里里弹唱谱）__jianpucn-462365/001.jpg
黄昏的声音	qupu123	305419	1	简谱	黄昏的声音__qupu123-305419	/home/caesium-132/jianpu/images-prep/qupu123-sweep/黄昏的声音__qupu123-305419/001.png
黄河上太阳在升腾——祖国晨曲	qupu123	323878	4	改编	黄河上太阳在升腾——祖国晨曲（正谱）__qupu123-323878	/home/caesium-132/jianpu/images-prep/qupu123-crawl/黄河上太阳在升腾——祖国晨曲（正谱）__qupu123-323878/001.jpg
黄河口之恋	qupu123	333130	2	简谱	黄河口之恋（李红林_词曲）__qupu123-333130	/home/caesium-132/jianpu/images-prep/qupu123-crawl/黄河口之恋（李红林_词曲）__qupu123-333130/001.jpg
黄河夜月	qupu123	322802	5	改编	黄河夜月（正谱）__qupu123-322802	/home/caesium-132/jianpu/images-prep/qupu123-crawl/黄河夜月（正谱）__qupu123-322802/001.jpg
黄河母亲地久天长	qupu123	305338	1	简谱	黄河母亲地久天长__qupu123-305338	/home/caesium-132/jianpu/images-prep/qupu123-sweep/黄河母亲地久天长__qupu123-305338/001.jpg
黄河颂 钢伴谱	jianpucn	223001	2	简谱	黄河颂 钢伴谱__jianpucn-223001	/home/caesium-132/jianpu/images-prep/jianpucn-pop/黄河颂 钢伴谱__jianpucn-223001/001.jpg
黄浦江边的路上	qupu123	321775	1	简谱	黄浦江边的路上__qupu123-321775	/home/caesium-132/jianpu/images-prep/qupu123-sweep/黄浦江边的路上__qupu123-321775/001.jpg
黄玫瑰	jianpucn	472153	1	改编	黄玫瑰 （ G调指法原版编配）__jianpucn-472153	/home/caesium-132/jianpu/images-prep/jianpucn-daolang/黄玫瑰 （ G调指法原版编配）__jianpucn-472153/001.jpg
黄鹤楼	jianpujia	8958	1	简谱	黄鹤楼简谱(歌词)_谭晶演唱_岭南印象曲谱__jianpujia-8958	/home/caesium-132/jianpu/images-prep/jianpujia-7224/黄鹤楼简谱(歌词)_谭晶演唱_岭南印象曲谱__jianpujia-8958/001.png
黎明草原	jianpujia	433127	1	简谱	黎明草原简谱_草原雨荷演唱__jianpujia-433127	/home/caesium-132/jianpu/images-prep/jianpujia-6223/黎明草原简谱_草原雨荷演唱__jianpujia-433127/001.gif
黑夜不再来	jianpucn	122198	2	简谱	黑夜不再来__jianpucn-122198	/home/caesium-132/jianpu/images-prep/jianpucn-pop/黑夜不再来__jianpucn-122198/001.jpg
黑夜的献诗	qupu123	322425	1	简谱	黑夜的献诗__qupu123-322425	/home/caesium-132/jianpu/images-prep/qupu123-sweep/黑夜的献诗__qupu123-322425/001.jpg
黑夜问白天	jianpucn	458394	2	改编	黑夜问白天 （ C调原版编配）__jianpucn-458394	/home/caesium-132/jianpu/images-prep/jianpucn-linjunjie/黑夜问白天 （ C调原版编配）__jianpucn-458394/001.jpg
黑暗中漫舞	jianpucn	467882	4	改编	黑暗中漫舞 （ G调指法编配）__jianpucn-467882	/home/caesium-132/jianpu/images-prep/jianpucn-pop/黑暗中漫舞 （ G调指法编配）__jianpucn-467882/001.jpg
黑暗骑士	jianpucn	457346	2	简谱	黑暗骑士__jianpucn-457346	/home/caesium-132/jianpu/images-prep/jianpucn-linjunjie/黑暗骑士__jianpucn-457346/001.jpg
黑月光钢琴	jianpujia	383552	8	改编	黑月光钢琴简谱_张碧晨_毛不易演唱__jianpujia-383552	/home/caesium-132/jianpu/images-prep/jianpujia-362/黑月光钢琴简谱_张碧晨_毛不易演唱__jianpujia-383552/001.png
黑白世界	qupu123	328538	1	简谱	黑白世界__qupu123-328538	/home/caesium-132/jianpu/images-prep/qupu123-sweep/黑白世界__qupu123-328538/001.jpg
黑白画映	jianpucn	419920	2	改编	黑白画映(《吻别 歌曲改编的钢琴曲》)__jianpucn-419920	/home/caesium-132/jianpu/images-prep/jianpucn-zhangxueyou/黑白画映(《吻别 歌曲改编的钢琴曲》)__jianpucn-419920/001.jpg
黑白画映-弹唱 吉他类 流行	jianpucn	112923	2	改编	黑白画映-弹唱 吉他类 流行__jianpucn-112923	/home/caesium-132/jianpu/images-prep/jianpucn-zhangxueyou/黑白画映-弹唱 吉他类 流行__jianpucn-112923/001.jpg
黑白讲尤克里里谱	jianpucn	462683	1	改编	黑白讲尤克里里谱（ 黑白讲G调尤克里里弹唱谱）__jianpucn-462683	/home/caesium-132/jianpu/images-prep/jianpucn-wuyuetian/黑白讲尤克里里谱（ 黑白讲G调尤克里里弹唱谱）__jianpucn-462683/001.jpg
黑眼睛红豆	qupu123	43125	1	简谱	黑眼睛红豆__qupu123-43125	/home/caesium-132/jianpu/images-prep/_offtarget/黑眼睛红豆__qupu123-43125/001.jpg
黑眼睛金波词杨春华曲、儿歌黑眼睛金波词	jianpujia	397525	1	简谱	黑眼睛金波词杨春华曲、儿歌黑眼睛金波词_杨春华曲、儿歌简谱__jianpujia-397525	/home/caesium-132/jianpu/images-prep/jianpujia-cat3462/黑眼睛金波词杨春华曲、儿歌黑眼睛金波词_杨春华曲、儿歌简谱__jianpujia-397525/001.png
黑色幽默 歌曲类 钢琴伴奏谱	jianpucn	112327	2	改编	黑色幽默 歌曲类 钢琴伴奏谱__jianpucn-112327	/home/caesium-132/jianpu/images-prep/jianpucn-zhoujielun/黑色幽默 歌曲类 钢琴伴奏谱__jianpucn-112327/001.jpg
黑色幽默-	jianpucn	230283	2	改编	黑色幽默- （C调弹唱版）__jianpucn-230283	/home/caesium-132/jianpu/images-prep/jianpucn-zhoujielun/黑色幽默- （C调弹唱版）__jianpucn-230283/001.jpg
黑色幽默尤克里里谱	jianpucn	462096	1	改编	黑色幽默尤克里里谱（ C调四 ）__jianpucn-462096	/home/caesium-132/jianpu/images-prep/jianpucn-zhoujielun/黑色幽默尤克里里谱（ C调四 ）__jianpucn-462096/001.jpg
黑色快车	qupu123	305407	1	简谱	黑色快车__qupu123-305407	/home/caesium-132/jianpu/images-prep/qupu123-sweep/黑色快车__qupu123-305407/001.jpg
黑色柳丁&nbsp;&nbsp;	jianpucn	36173	1	简谱	黑色柳丁&nbsp;&nbsp;__jianpucn-36173	/home/caesium-132/jianpu/images-prep/jianpucn-title/黑色柳丁&nbsp;&nbsp;__jianpucn-36173/001.jpg
黑色毛衣	jianpucn	103440	2	简谱	黑色毛衣__jianpucn-103440	/home/caesium-132/jianpu/images-prep/jianpucn-zhoujielun/黑色毛衣__jianpucn-103440/001.jpg
黑色毛衣 -05895464版	jianpucn	103158	2	简谱	黑色毛衣 -05895464版__jianpucn-103158	/home/caesium-132/jianpu/images-prep/jianpucn-zhoujielun/黑色毛衣 -05895464版__jianpucn-103158/001.jpg
黑色毛衣尤克里里谱	jianpucn	460948	1	改编	黑色毛衣尤克里里谱（ C调 ）__jianpucn-460948	/home/caesium-132/jianpu/images-prep/jianpucn-zhoujielun/黑色毛衣尤克里里谱（ C调 ）__jianpucn-460948/001.jpg
黑蝙蝠中队尤克里里谱	jianpucn	462684	1	改编	黑蝙蝠中队尤克里里谱（ G调尤克里里弹唱谱）__jianpucn-462684	/home/caesium-132/jianpu/images-prep/jianpucn-liudehua/黑蝙蝠中队尤克里里谱（ G调尤克里里弹唱谱）__jianpucn-462684/001.jpg
黑雾	qupu123	298710	3	改编	黑雾（降E调正谱）__qupu123-298710	/home/caesium-132/jianpu/images-prep/qupu123-crawl/黑雾（降E调正谱）__qupu123-298710/001.jpg
默读伤悲尤克里里谱	jianpucn	462787	1	改编	默读伤悲尤克里里谱（ C调尤克里里弹唱谱）__jianpucn-462787	/home/caesium-132/jianpu/images-prep/jianpucn-pop/默读伤悲尤克里里谱（ C调尤克里里弹唱谱）__jianpucn-462787/001.jpg
默默牵念万缕缘愁	qupu123	327122	1	简谱	默默牵念万缕缘愁__qupu123-327122	/home/caesium-132/jianpu/images-prep/qupu123-sweep/默默牵念万缕缘愁__qupu123-327122/001.jpg
鼓浪屿	qupu123	304782	1	简谱	鼓浪屿（西安词 李娜曲）__qupu123-304782	/home/caesium-132/jianpu/images-prep/qupu123-sweep/鼓浪屿（西安词 李娜曲）__qupu123-304782/001.png
齐豫-九月的高跟鞋	jianpucn	95911	1	简谱	齐豫-九月的高跟鞋__jianpucn-95911	/home/caesium-132/jianpu/images-prep/jianpucn-qiyu/齐豫-九月的高跟鞋__jianpucn-95911/001.jpg
龙之歌	qupu123	330969	2	简谱	龙之歌（作词：杜劲松_作曲：李怀东）__qupu123-330969	/home/caesium-132/jianpu/images-prep/qupu123-crawl/龙之歌（作词：杜劲松_作曲：李怀东）__qupu123-330969/001.jpg
龙华的桃花	qupu123	336065	2	改编	龙华的桃花（五线谱）__qupu123-336065	/home/caesium-132/jianpu/images-prep/qupu123-crawl/龙华的桃花（五线谱）__qupu123-336065/001.jpg
龙卷风 单旋律 歌词	jianpucn	215233	1	简谱	龙卷风 单旋律 歌词__jianpucn-215233	/home/caesium-132/jianpu/images-prep/jianpucn-zhoujielun/龙卷风 单旋律 歌词__jianpucn-215233/001.jpg
龙卷风-铜罗烧版	jianpucn	101174	2	简谱	龙卷风-铜罗烧版__jianpucn-101174	/home/caesium-132/jianpu/images-prep/jianpucn-zhoujielun/龙卷风-铜罗烧版__jianpucn-101174/001.jpg
龙卷风钢琴	jianpujia	385301	5	改编	龙卷风钢琴简谱_周杰伦演唱__jianpujia-385301	/home/caesium-132/jianpu/images-prep/jianpujia-583/龙卷风钢琴简谱_周杰伦演唱__jianpujia-385301/001.png
龙拳	jianpucn	69416	1	简谱	龙拳__jianpucn-69416	/home/caesium-132/jianpu/images-prep/jianpucn-zhoujielun/龙拳__jianpucn-69416/001.jpg
龙的传人皆好汉	qupu123	318749	1	简谱	龙的传人皆好汉__qupu123-318749	/home/caesium-132/jianpu/images-prep/qupu123-sweep/龙的传人皆好汉__qupu123-318749/001.jpg
龙行天下	qupu123	330951	2	简谱	龙行天下（作词：杜劲松_作曲：李怀东）__qupu123-330951	/home/caesium-132/jianpu/images-prep/qupu123-crawl/龙行天下（作词：杜劲松_作曲：李怀东）__qupu123-330951/001.jpg
