source	site	判定	http	备注	最终地址	原URL	页面标题	语料曲名
jianpucn-150657	jianpucn	ok(曲名命中)	200		http://www.jianpu.cn/pu/15/150657.htm	http://www.jianpu.cn/pu/15/150657.htm	101 歌谱简谱网	101
jianpucn-448053	jianpucn	ok(曲名命中)	200		http://www.jianpu.cn/pu/44/448053.htm	http://www.jianpu.cn/pu/44/448053.htm	17（网剧《极限17》） 毛不易 歌谱简谱网	17
jianpujia-315435	jianpujia	ok(曲名命中)	200		https://www.jianpujia.com/jianpu/315435.html	https://www.jianpujia.com/jianpu/315435.html	牧羊姑娘1=F4/4_深情悠扬地简谱_草原丁喜演唱_草原大哈/草原丁喜词曲-免费下载-简谱之家	牧羊姑娘
qupu123-300587	qupu123	ok(曲名命中)	200		https://www.qupu123.com/jipu/p300587.html	https://www.qupu123.com/jipu/p300587.html	2002年的第一场雪 _房祖仁个人制谱园地_中国曲谱网	2002年的第一场雪
qupu123-257121	qupu123	ok(曲名命中)	200		https://www.qupu123.com/tongsu/bazi/p257121.html	https://www.qupu123.com/tongsu/bazi/p257121.html	2022不见不散 _通俗曲谱_中国曲谱网	2022不见不散
jianpucn-234085	jianpucn	ok(曲名命中)	200		http://www.jianpu.cn/pu/23/234085.htm	http://www.jianpu.cn/pu/23/234085.htm	Amani — （扫描版） 歌谱简谱网	Amani
qupu123-394947	qupu123	ok(曲名命中)	200		https://www.qupu123.com/tongsu/jiuziyishang/p394947.html	https://www.qupu123.com/tongsu/jiuziyishang/p394947.html	2026年欢乐笑开颜 _天恩原创曲谱专栏_中国曲谱网	2026年欢乐笑开颜
qupu123-313063	qupu123	ok(曲名命中)	200		https://www.qupu123.com/meisheng/liuzi/p313063.html	https://www.qupu123.com/meisheng/liuzi/p313063.html	26 铺开一片蔚蓝（双谱） _美声曲谱_中国曲谱网	26_铺开一片蔚蓝
jianpucn-64785	jianpucn	ok(曲名命中)	200		http://www.jianpu.cn/pu/64/64785.htm	http://www.jianpu.cn/pu/64/64785.htm	ANDY 歌曲类 简谱 歌谱简谱网	ANDY 歌曲类
jianpucn-61257	jianpucn	ok(曲名命中)	200		http://www.jianpu.cn/pu/61/61257.htm	http://www.jianpu.cn/pu/61/61257.htm	ASK 歌谱简谱网	ASK
qupu123-359349	qupu123	ok(曲名命中)	200		https://www.qupu123.com/jipu/p359349.html	https://www.qupu123.com/jipu/p359349.html	49-03-Overjoyed -C- 固定调 （SMOOTH JAZZ - The Best of Harmonica）_望一望个人制谱园地_中国曲谱网	49-03-Overjoyed -C- 固定调
jianpucn-234441	jianpucn	ok(曲名命中)	200		http://www.jianpu.cn/pu/23/234441.htm	http://www.jianpu.cn/pu/23/234441.htm	A I N Y（爱你） 邓紫棋 歌谱简谱网	A I N Y
qupu123-360948	qupu123	ok(曲名命中)	200		https://www.qupu123.com/jipu/p360948.html	https://www.qupu123.com/jipu/p360948.html	49-07-Yesterday -F- 首调简谱 （SMOOTH JAZZ - The Best of Harmonica）_望一望个人制谱园地_中国曲谱网	49-07-Yesterday -F- 首调
jianpucn-50291	jianpucn	ok(曲名命中)	200		http://www.jianpu.cn/pu/50/50291.htm	http://www.jianpu.cn/pu/50/50291.htm	A Mour 歌谱简谱网	A Mour
qupu123-360774	qupu123	ok(曲名命中)	200		https://www.qupu123.com/jipu/p360774.html	https://www.qupu123.com/jipu/p360774.html	49-39-Hey Jude -F- 首调简谱 （SMOOTH JAZZ - The Best of Harmonica）_望一望个人制谱园地_中国曲谱网	49-39-Hey Jude -F- 首调
qupu123-353273	qupu123	ok(曲名命中)	200		https://www.qupu123.com/jipu/p353273.html	https://www.qupu123.com/jipu/p353273.html	Amazing grace （奇异恩典）_心动吉他个人制谱园地_中国曲谱网	Amazing grace
jianpucn-266349	jianpucn	ok(曲名命中)	200		http://www.jianpu.cn/pu/26/266349.htm	http://www.jianpu.cn/pu/26/266349.htm	Always Online 林俊杰 歌谱简谱网	Always Online
jianpucn-263414	jianpucn	ok(曲名命中)	200		http://www.jianpu.cn/pu/26/263414.htm	http://www.jianpu.cn/pu/26/263414.htm	Amammani BEYOND 歌谱简谱网	Amammani
jianpucn-60926	jianpucn	ok(曲名命中)	200		http://www.jianpu.cn/pu/60/60926.htm	http://www.jianpu.cn/pu/60/60926.htm	Angel 歌谱简谱网	Angel
qupu123-378214	qupu123	ok(曲名命中)	200		https://www.qupu123.com/waiguo/jiuziyishang/p378214.html	https://www.qupu123.com/waiguo/jiuziyishang/p378214.html	Because of You _外国曲谱_中国曲谱网	Because_of_You
jianpucn-167946	jianpucn	ok(曲名命中)	200		http://www.jianpu.cn/pu/16/167946.htm	http://www.jianpu.cn/pu/16/167946.htm	BEYOND-我是愤怒 歌谱简谱网	BEYOND-我是愤怒
jianpujia-149796	jianpujia	ok(曲名命中)	200		https://www.jianpujia.com/jianpu/149796.html	https://www.jianpujia.com/jianpu/149796.html	Beyond_My_Beloved_Horizon钢琴简谱_Hans_Zimmer&amp;Klaus_Badelt演唱-免费下载-简谱之家	Beyond_My_Beloved_Horizon钢琴
jianpucn-64782	jianpucn	ok(曲名命中)	200		http://www.jianpu.cn/pu/64/64782.htm	http://www.jianpu.cn/pu/64/64782.htm	Better man 歌曲类 简谱 歌谱简谱网	Better man 歌曲类
jianpucn-64783	jianpucn	ok(曲名命中)	200		http://www.jianpu.cn/pu/64/64783.htm	http://www.jianpu.cn/pu/64/64783.htm	Beautiful 歌曲类 简谱 歌谱简谱网	Beautiful 歌曲类
jianpucn-109480	jianpucn	ok(曲名命中)	200		http://www.jianpu.cn/pu/10/109480.htm	http://www.jianpu.cn/pu/10/109480.htm	Black欧谱斯 歌谱简谱网	Black欧谱斯
jianpujia-150279	jianpujia	ok(曲名命中)	200		https://www.jianpujia.com/jianpu/150279.html	https://www.jianpujia.com/jianpu/150279.html	Beyond_Rangoon_Waters_of_Irrawaddy钢琴简谱_马克西姆演唱-免费下载-简谱之家	Beyond_Rangoon_Waters_of_Irrawaddy钢琴
jianpucn-64781	jianpucn	ok(曲名命中)	200		http://www.jianpu.cn/pu/64/64781.htm	http://www.jianpu.cn/pu/64/64781.htm	COLORFUL DAYS 歌曲类 简谱 歌谱简谱网	COLORFUL DAYS 歌曲类
jianpucn-256294	jianpucn	ok(曲名命中)	200		http://www.jianpu.cn/pu/25/256294.htm	http://www.jianpu.cn/pu/25/256294.htm	DFP(再来一次) 周杰伦 歌谱简谱网	DFP
qupu123-375493	qupu123	ok(曲名命中)	200		https://www.qupu123.com/waiguo/waiwen/p375493.html	https://www.qupu123.com/waiguo/waiwen/p375493.html	Blue Berry Hill 鸟饭树山 （蓝莓山）_外国曲谱_中国曲谱网	Blue_Berry_Hill_鸟饭树山
jianpujia-152297	jianpujia	ok(曲名命中)	200		https://www.jianpujia.com/jianpu/152297.html	https://www.jianpujia.com/jianpu/152297.html	Beyond_The_Sky钢琴简谱_未知演唱-免费下载-简谱之家	Beyond_The_Sky钢琴
jianpujia-377790	jianpujia	ok(曲名命中)	200		https://www.jianpujia.com/jianpu/377790.html	https://www.jianpujia.com/jianpu/377790.html	Falling_in_Love简谱_许嵩演唱_桃李醉春风制作曲谱-免费下载-简谱之家	Falling_in_Love
jianpucn-60736	jianpucn	ok(曲名命中)	200		http://www.jianpu.cn/pu/60/60736.htm	http://www.jianpu.cn/pu/60/60736.htm	Flying To The Moon（英文儿童歌） 歌谱简谱网	Flying To The Moon
qupu123-313276	qupu123	ok(曲名命中)	200		https://www.qupu123.com/waiguo/waiwen/p313276.html	https://www.qupu123.com/waiguo/waiwen/p313276.html	Careless Whisper 无心耳语 _外国曲谱_中国曲谱网	Careless Whisper 无心耳语
jianpucn-64780	jianpucn	ok(曲名命中)	200		http://www.jianpu.cn/pu/64/64780.htm	http://www.jianpu.cn/pu/64/64780.htm	Funny Face 歌曲类 简谱 歌谱简谱网	Funny Face 歌曲类
qupu123-346079	qupu123	ok(曲名命中)	200		https://www.qupu123.com/jipu/p346079.html	https://www.qupu123.com/jipu/p346079.html	Dream of Genius Anoia （天才白痴梦）_望一望个人制谱园地_中国曲谱网	Dream of Genius Anoia
jianpucn-88257	jianpucn	ok(曲名命中)	200		http://www.jianpu.cn/pu/88/88257.htm	http://www.jianpu.cn/pu/88/88257.htm	Happy Birthday 完美版 歌谱简谱网	Happy Birthday 完美版
qupu123-340045	qupu123	ok(曲名命中)	200		https://www.qupu123.com/puyou/shangchuan/p340045.html	https://www.qupu123.com/puyou/shangchuan/p340045.html	El Condor Pasa （排箫）_望一望个人制谱园地_中国曲谱网	El Condor Pasa
jianpucn-61281	jianpucn	ok(曲名命中)	200		http://www.jianpu.cn/pu/61/61281.htm	http://www.jianpu.cn/pu/61/61281.htm	Here We are 歌谱简谱网	Here We are
qupu123-47996	qupu123	ok(曲名命中)	200		https://www.qupu123.com/jipu/p47996.html	https://www.qupu123.com/jipu/p47996.html	God is a girl简谱（上帝是个女孩）_桃李醉春风个人制谱园地_中国曲谱网	God is a girl
jianpucn-60439	jianpucn	ok(曲名命中)	200		http://www.jianpu.cn/pu/60/60439.htm	http://www.jianpu.cn/pu/60/60439.htm	Hey!Lover 歌谱简谱网	Hey!Lover
qupu123-118571	qupu123	ok(曲名命中)	200		https://www.qupu123.com/tongsu/jiuziyishang/p118571.html	https://www.qupu123.com/tongsu/jiuziyishang/p118571.html	Happy Birthday _通俗曲谱_中国曲谱网	Happy Birthday
jianpucn-58775	jianpucn	ok(曲名命中)	200		http://www.jianpu.cn/pu/58/58775.htm	http://www.jianpu.cn/pu/58/58775.htm	Hey Hah 歌谱简谱网	Hey Hah
qupu123-318427	qupu123	ok(曲名命中)	200		https://www.qupu123.com/jipu/p318427.html	https://www.qupu123.com/jipu/p318427.html	Danny Boy （小野丽莎演唱版）_洞箫横吹个人制谱园地_中国曲谱网	Danny Boy
jianpucn-437686	jianpucn	ok(曲名命中)	200		http://www.jianpu.cn/pu/43/437686.htm	http://www.jianpu.cn/pu/43/437686.htm	Honey Honey( 简和谱 ) 孙燕姿 歌谱简谱网	Honey Honey
qupu123-305790	qupu123	ok(曲名命中)	200		https://www.qupu123.com/tongsu/jiuziyishang/p305790.html	https://www.qupu123.com/tongsu/jiuziyishang/p305790.html	Happy Birthday，Love For You _通俗曲谱_中国曲谱网	Happy Birthday，Love For You
jianpujia-15444	jianpujia	ok(曲名命中)	200		https://www.jianpujia.com/jianpu/15444.html	https://www.jianpujia.com/jianpu/15444.html	I_will_carry_you钢琴谱当王者荣耀遇到五月天骨灰级玩家在哪里-免费下载-简谱之家	I_will_carry_you钢琴谱当王者荣耀遇到五月天骨灰级玩家在哪里
qupu123-221674	qupu123	ok(曲名命中)	200		https://www.qupu123.com/waiguo/waiwen/p221674.html	https://www.qupu123.com/waiguo/waiwen/p221674.html	Hello （你好）_外国曲谱_中国曲谱网	Hello
jianpucn-296056	jianpucn	ok(曲名命中)	200		http://www.jianpu.cn/pu/29/296056.htm	http://www.jianpu.cn/pu/29/296056.htm	I Pary For You 林俊杰 歌谱简谱网	I Pary For You
jianpucn-64751	jianpucn	ok(曲名命中)	200		http://www.jianpu.cn/pu/64/64751.htm	http://www.jianpu.cn/pu/64/64751.htm	I will be fine 歌曲类 简谱 歌谱简谱网	I will be fine 歌曲类
qupu123-69503	qupu123	ok(曲名命中)	200		https://www.qupu123.com/tongsu/jiuziyishang/p69503.html	https://www.qupu123.com/tongsu/jiuziyishang/p69503.html	Hello Angel简谱_通俗曲谱_中国曲谱网	Hello Angel
jianpujia-394069	jianpujia	ok(曲名命中)	200		https://www.jianpujia.com/jianpu/394069.html	https://www.jianpujia.com/jianpu/394069.html	I’MH_A_P_P_Y我快乐儿歌I’M_H_A_P_P_Y我快乐儿歌简谱-免费下载-简谱之家	I’MH_A_P_P_Y我快乐儿歌
jianpucn-64749	jianpucn	ok(曲名命中)	200		http://www.jianpu.cn/pu/64/64749.htm	http://www.jianpu.cn/pu/64/64749.htm	LEAVE 歌曲类 简谱 歌谱简谱网	LEAVE 歌曲类
jianpujia-152040	jianpujia	ok(曲名命中)	200		https://www.jianpujia.com/jianpu/152040.html	https://www.jianpujia.com/jianpu/152040.html	Its_Happening钢琴简谱_World_Beyond演唱-免费下载-简谱之家	Its_Happening钢琴
qupu123-290681	qupu123	ok(曲名命中)	200		https://www.qupu123.com/waiguo/waiwen/p290681.html	https://www.qupu123.com/waiguo/waiwen/p290681.html	Hey Jude _外国曲谱_中国曲谱网	Hey Jude
jianpujia-14936	jianpujia	ok(曲名命中)	200		https://www.jianpujia.com/jianpu/14936.html	https://www.jianpujia.com/jianpu/14936.html	k歌之王简谱__陈奕迅__这样一个灵魂深处的K歌之王-免费下载-简谱之家	k歌之王
jianpucn-1369	jianpucn	ok(曲名命中)	200		http://www.jianpu.cn/pu/13/1369.htm	http://www.jianpu.cn/pu/13/1369.htm	Love Love Love 歌谱简谱网	Love Love Love
qupu123-364022	qupu123	ok(曲名命中)	200		https://www.qupu123.com/jipu/p364022.html	https://www.qupu123.com/jipu/p364022.html	Hey Jude -Ab- 首调简谱 （半音阶口琴）_望一望个人制谱园地_中国曲谱网	Hey Jude -Ab- 首调
jianpucn-61289	jianpucn	ok(曲名命中)	200		http://www.jianpu.cn/pu/61/61289.htm	http://www.jianpu.cn/pu/61/61289.htm	Make a Wish 歌谱简谱网	Make a Wish
qupu123-290682	qupu123	ok(曲名命中)	200		https://www.qupu123.com/waiguo/waiwen/p290682.html	https://www.qupu123.com/waiguo/waiwen/p290682.html	I will Always Love you _外国曲谱_中国曲谱网	I will Always Love you
jianpucn-33976	jianpucn	ok(曲名命中)	200		http://www.jianpu.cn/pu/33/33976.htm	http://www.jianpu.cn/pu/33/33976.htm	NOWBOY 歌谱简谱网	NOWBOY
qupu123-313258	qupu123	ok(曲名命中)	200		https://www.qupu123.com/waiguo/sanzi/p313258.html	https://www.qupu123.com/waiguo/sanzi/p313258.html	Lemon Tree 柠檬树 （中外文对照）_外国曲谱_中国曲谱网	Lemon Tree 柠檬树
qupu123-221722	qupu123	ok(曲名命中)	200		https://www.qupu123.com/waiguo/waiwen/p221722.html	https://www.qupu123.com/waiguo/waiwen/p221722.html	Lemon Tree （柠檬树）_外国曲谱_中国曲谱网	Lemon Tree
jianpucn-64736	jianpucn	ok(曲名命中)	200		http://www.jianpu.cn/pu/64/64736.htm	http://www.jianpu.cn/pu/64/64736.htm	NO MORE 歌曲类 简谱 歌谱简谱网	NO MORE
jianpucn-56012	jianpucn	ok(曲名命中)	200		http://www.jianpu.cn/pu/56/56012.htm	http://www.jianpu.cn/pu/56/56012.htm	New Boy 歌谱简谱网	New Boy
qupu123-378232	qupu123	ok(曲名命中)	200		https://www.qupu123.com/waiguo/jiuziyishang/p378232.html	https://www.qupu123.com/waiguo/jiuziyishang/p378232.html	Letting Go _外国曲谱_中国曲谱网	Letting Go
qupu123-322905	qupu123	ok(曲名命中)	200		https://www.qupu123.com/hechang/jiuziyishang/p322905.html	https://www.qupu123.com/hechang/jiuziyishang/p322905.html	MV 藏在浓雾里的朴家人 _合唱曲谱_中国曲谱网	MV_藏在浓雾里的朴家人
jianpucn-64739	jianpucn	ok(曲名命中)	200		http://www.jianpu.cn/pu/64/64739.htm	http://www.jianpu.cn/pu/64/64739.htm	New Boys 歌曲类 简谱 歌谱简谱网	New Boys 歌曲类
jianpujia-152051	jianpujia	ok(曲名命中)	200		https://www.jianpujia.com/jianpu/152051.html	https://www.jianpujia.com/jianpu/152051.html	One_Final_Chance钢琴简谱_World_Beyond演唱-免费下载-简谱之家	One_Final_Chance钢琴
jianpucn-51487	jianpucn	ok(曲名命中)	200		http://www.jianpu.cn/pu/51/51487.htm	http://www.jianpu.cn/pu/51/51487.htm	Ooh La La(粤语) 歌谱简谱网	Ooh La La
qupu123-290946	qupu123	ok(曲名命中)	200		https://www.qupu123.com/waiguo/waiwen/p290946.html	https://www.qupu123.com/waiguo/waiwen/p290946.html	Memory _外国曲谱_中国曲谱网	Memory
jianpucn-61235	jianpucn	ok(曲名命中)	200		http://www.jianpu.cn/pu/61/61235.htm	http://www.jianpu.cn/pu/61/61235.htm	Piano 歌谱简谱网	Piano
qupu123-270467	qupu123	ok(曲名命中)	200		https://www.qupu123.com/waiguo/waiwen/p270467.html	https://www.qupu123.com/waiguo/waiwen/p270467.html	Moon River （月亮河）_外国曲谱_中国曲谱网	Moon River
jianpucn-58767	jianpucn	ok(曲名命中)	200		http://www.jianpu.cn/pu/58/58767.htm	http://www.jianpu.cn/pu/58/58767.htm	Show Up 歌谱简谱网	Show Up
qupu123-270323	qupu123	ok(曲名命中)	200		https://www.qupu123.com/waiguo/waiwen/p270323.html	https://www.qupu123.com/waiguo/waiwen/p270323.html	My Heart Will Go On （我心依旧）_外国曲谱_中国曲谱网	My Heart Will Go On
jianpucn-83450	jianpucn	ok(曲名命中)	200		http://www.jianpu.cn/pu/83/83450.htm	http://www.jianpu.cn/pu/83/83450.htm	Sometimes love just aint enough 歌谱简谱网	Sometimes love just aint enough
qupu123-313250	qupu123	ok(曲名命中)	200		https://www.qupu123.com/waiguo/waiwen/p313250.html	https://www.qupu123.com/waiguo/waiwen/p313250.html	My Way 我的路 _外国曲谱_中国曲谱网	My Way 我的路
jianpucn-61271	jianpucn	ok(曲名命中)	200		http://www.jianpu.cn/pu/61/61271.htm	http://www.jianpu.cn/pu/61/61271.htm	Sophia 歌谱简谱网	Sophia
qupu123-285586	qupu123	ok(曲名命中)	200		https://www.qupu123.com/hechang/jiuziyishang/p285586.html	https://www.qupu123.com/hechang/jiuziyishang/p285586.html	OVER THE RAINBOW （飞越彩虹）_合唱曲谱_中国曲谱网	OVER THE RAINBOW
jianpucn-34741	jianpucn	ok(曲名命中)	200		http://www.jianpu.cn/pu/34/34741.htm	http://www.jianpu.cn/pu/34/34741.htm	Stefanie 歌谱简谱网	Stefanie
qupu123-313271	qupu123	ok(曲名命中)	200		https://www.qupu123.com/waiguo/waiwen/p313271.html	https://www.qupu123.com/waiguo/waiwen/p313271.html	Over the Rainbow 飞越彩虹 _外国曲谱_中国曲谱网	Over the Rainbow 飞越彩虹
jianpucn-59329	jianpucn	ok(曲名命中)	200		http://www.jianpu.cn/pu/59/59329.htm	http://www.jianpu.cn/pu/59/59329.htm	Super Star 歌谱简谱网	Super Star
qupu123-313482	qupu123	ok(曲名命中)	200		https://www.qupu123.com/waiguo/waiwen/p313482.html	https://www.qupu123.com/waiguo/waiwen/p313482.html	Right Here Waiting 此情可待 _外国曲谱_中国曲谱网	Right Here Waiting 此情可待
jianpucn-64727	jianpucn	ok(曲名命中)	200		http://www.jianpu.cn/pu/64/64727.htm	http://www.jianpu.cn/pu/64/64727.htm	THE MOMENT 歌曲类 简谱 歌谱简谱网	THE MOMENT 歌曲类
qupu123-366037	qupu123	ok(曲名命中)	200		https://www.qupu123.com/jipu/p366037.html	https://www.qupu123.com/jipu/p366037.html	Scarborough Fair（斯卡布罗集市） （古筝谱）_许仙大官人个人制谱园地_中国曲谱网	Scarborough Fair
jianpucn-61239	jianpucn	ok(曲名命中)	200		http://www.jianpu.cn/pu/61/61239.htm	http://www.jianpu.cn/pu/61/61239.htm	This is 歌谱简谱网	This is
qupu123-263954	qupu123	ok(曲名命中)	200		https://www.qupu123.com/jipu/p263954.html	https://www.qupu123.com/jipu/p263954.html	Shall We Talk _桃李醉春风个人制谱园地_中国曲谱网	Shall We Talk
jianpucn-60491	jianpucn	ok(曲名命中)	200		http://www.jianpu.cn/pu/60/60491.htm	http://www.jianpu.cn/pu/60/60491.htm	Wake UP 歌谱简谱网	Wake UP
qupu123-20173	qupu123	ok(曲名命中)	200		https://www.qupu123.com/waiguo/waiwen/p20173.html	https://www.qupu123.com/waiguo/waiwen/p20173.html	Take Me To Your heart简谱_外国曲谱_中国曲谱网	Take Me To Your heart
qupu123-222582	qupu123	ok(曲名命中)	200		https://www.qupu123.com/waiguo/waiwen/p222582.html	https://www.qupu123.com/waiguo/waiwen/p222582.html	Tears in Heaven （天堂泪）_外国曲谱_中国曲谱网	Tears in Heaven
jianpucn-63216	jianpucn	ok(曲名命中)	200		http://www.jianpu.cn/pu/63/63216.htm	http://www.jianpu.cn/pu/63/63216.htm	We will get there 歌谱简谱网	We will get there
jianpucn-432527	jianpucn	ok(曲名命中)	200		http://www.jianpu.cn/pu/43/432527.htm	http://www.jianpu.cn/pu/43/432527.htm	lily 李健 歌谱简谱网	lily
qupu123-370066	qupu123	ok(曲名命中)	200		https://www.qupu123.com/waiguo/jiuziyishang/p370066.html	https://www.qupu123.com/waiguo/jiuziyishang/p370066.html	The Fate of Stars 星之命途合唱谱 （女声三部）_球球584411678个人制谱园地_中国曲谱网	The_Fate_of_Stars_星之命途合唱谱
jianpucn-75136	jianpucn	ok(曲名命中)	200		http://www.jianpu.cn/pu/75/75136.htm	http://www.jianpu.cn/pu/75/75136.htm	love 歌谱简谱网	love
qupu123-384518	qupu123	ok(曲名命中)	200		https://www.qupu123.com/puyou/shangchuan/p384518.html	https://www.qupu123.com/puyou/shangchuan/p384518.html	Take Me To Your Heart （吻别（英文版））_谱友园地_中国曲谱网	Take Me To Your Heart（吻别）
jianpucn-176316	jianpucn	ok(曲名命中)	200		http://www.jianpu.cn/pu/17/176316.htm	http://www.jianpu.cn/pu/17/176316.htm	★不在犹豫★ 歌谱简谱网	★不在犹豫★
qupu123-270469	qupu123	ok(曲名命中)	200		https://www.qupu123.com/waiguo/waiwen/p270469.html	https://www.qupu123.com/waiguo/waiwen/p270469.html	Top Of The World （世界之巅）_外国曲谱_中国曲谱网	Top Of The World
jianpucn-37433	jianpucn	ok(曲名命中)	200		http://www.jianpu.cn/pu/37/37433.htm	http://www.jianpu.cn/pu/37/37433.htm	《NeW BOY》 歌谱简谱网	《NeW BOY》
qupu123-270324	qupu123	ok(曲名命中)	200		https://www.qupu123.com/waiguo/waiwen/p270324.html	https://www.qupu123.com/waiguo/waiwen/p270324.html	Unchained Melody （爱的旋律）_外国曲谱_中国曲谱网	Unchained Melody
qupu123-364037	qupu123	ok(曲名命中)	200		https://www.qupu123.com/jipu/p364037.html	https://www.qupu123.com/jipu/p364037.html	Yesterday -Ab- 首调简谱 （半音阶口琴）_望一望个人制谱园地_中国曲谱网	Yesterday -Ab- 首调
jianpucn-308876	jianpucn	ok(曲名命中)	200		http://www.jianpu.cn/pu/30/308876.htm	http://www.jianpu.cn/pu/30/308876.htm	《 郴 州 行 》 （张 也演唱） 张也 歌谱简谱网	《 郴 州 行 》
jianpucn-41194	jianpucn	ok(曲名命中)	200		http://www.jianpu.cn/pu/41/41194.htm	http://www.jianpu.cn/pu/41/41194.htm	《偿还》 歌谱简谱网	《偿还》
qupu123-313766	qupu123	ok(曲名命中)	200		https://www.qupu123.com/waiguo/sizi/p313766.html	https://www.qupu123.com/waiguo/sizi/p313766.html	Yesterday Once More 昨天再来 （中外文对照）_外国曲谱_中国曲谱网	Yesterday Once More 昨天再来
jianpucn-51406	jianpucn	ok(曲名命中)	200		http://www.jianpu.cn/pu/51/51406.htm	http://www.jianpu.cn/pu/51/51406.htm	《兰花与蝴蝶》 歌谱简谱网	《兰花与蝴蝶》
qupu123-360185	qupu123	ok(曲名命中)	200		https://www.qupu123.com/puyou/shangchuan/p360185.html	https://www.qupu123.com/puyou/shangchuan/p360185.html	The Sound of Silence （简谱及英文歌词音标对照）_谱友园地_中国曲谱网	The Sound of Silence
qupu123-381188	qupu123	ok(曲名命中)	200		https://www.qupu123.com/waiguo/jiuziyishang/p381188.html	https://www.qupu123.com/waiguo/jiuziyishang/p381188.html	dance monkey （跳舞的猴子）_外国曲谱_中国曲谱网	dance monkey （跳舞的猴子）
jianpucn-39090	jianpucn	ok(曲名命中)	200		http://www.jianpu.cn/pu/39/39090.htm	http://www.jianpu.cn/pu/39/39090.htm	《凯旋》 歌谱简谱网	《凯旋》
jianpucn-51492	jianpucn	ok(曲名命中)	200		http://www.jianpu.cn/pu/51/51492.htm	http://www.jianpu.cn/pu/51/51492.htm	《南湖望月》 歌谱简谱网	《南湖望月》
qupu123-395644	qupu123	ok(曲名命中)	200		https://www.qupu123.com/puyou/shangchuan/p395644.html	https://www.qupu123.com/puyou/shangchuan/p395644.html	《国网好男儿》 _苗瑞原创曲谱专栏_中国曲谱网	《国网好男儿》
jianpucn-41159	jianpucn	ok(曲名命中)	200		http://www.jianpu.cn/pu/41/41159.htm	http://www.jianpu.cn/pu/41/41159.htm	《合家欢》 歌谱简谱网	《合家欢》
qupu123-328192	qupu123	ok(曲名命中)	200		https://www.qupu123.com/shaoer/sanzi/p328192.html	https://www.qupu123.com/shaoer/sanzi/p328192.html	《小公民大心声》组歌：友善谣 _少儿曲谱_中国曲谱网	《小公民大心声》组歌：友善谣
jianpucn-149513	jianpucn	ok(曲名命中)	200		http://www.jianpu.cn/pu/14/149513.htm	http://www.jianpu.cn/pu/14/149513.htm	《喝烧酒，吼秦腔》 歌谱简谱网	《喝烧酒，吼秦腔》
qupu123-328189	qupu123	ok(曲名命中)	200		https://www.qupu123.com/shaoer/sanzi/p328189.html	https://www.qupu123.com/shaoer/sanzi/p328189.html	《小公民大心声》组歌：爱国谣 _少儿曲谱_中国曲谱网	《小公民大心声》组歌：爱国谣
jianpucn-51490	jianpucn	ok(曲名命中)	200		http://www.jianpu.cn/pu/51/51490.htm	http://www.jianpu.cn/pu/51/51490.htm	《小晚哥》 歌谱简谱网	《小晚哥》
qupu123-328191	qupu123	ok(曲名命中)	200		https://www.qupu123.com/shaoer/sanzi/p328191.html	https://www.qupu123.com/shaoer/sanzi/p328191.html	《小公民大心声》组歌：敬业谣 _少儿曲谱_中国曲谱网	《小公民大心声》组歌：敬业谣
jianpucn-37052	jianpucn	ok(原记录标题命中)	200		http://www.jianpu.cn/pu/37/37052.htm	http://www.jianpu.cn/pu/37/37052.htm	《归》 歌谱简谱网	《归》
qupu123-328190	qupu123	ok(曲名命中)	200		https://www.qupu123.com/shaoer/sanzi/p328190.html	https://www.qupu123.com/shaoer/sanzi/p328190.html	《小公民大心声》组歌：诚信谣 _少儿曲谱_中国曲谱网	《小公民大心声》组歌：诚信谣
jianpucn-49747	jianpucn	ok(曲名命中)	200		http://www.jianpu.cn/pu/49/49747.htm	http://www.jianpu.cn/pu/49/49747.htm	《心连心》 歌谱简谱网	《心连心》
qupu123-377699	qupu123	ok(曲名命中)	200		https://www.qupu123.com/waiguo/qizi/p377699.html	https://www.qupu123.com/waiguo/qizi/p377699.html	《抱きしめて》 （《一盘没有下完的棋》片尾曲）_外国曲谱_中国曲谱网	《抱きしめて》
jianpucn-130113	jianpucn	ok(曲名命中)	200		http://www.jianpu.cn/pu/13/130113.htm	http://www.jianpu.cn/pu/13/130113.htm	《想你,零点零一分》 歌谱简谱网	《想你,零点零一分》
jianpucn-41339	jianpucn	ok(曲名命中)	200		http://www.jianpu.cn/pu/41/41339.htm	http://www.jianpu.cn/pu/41/41339.htm	《我在你左右》 歌谱简谱网	《我在你左右》
jianpucn-41004	jianpucn	ok(曲名命中)	200		http://www.jianpu.cn/pu/41/41004.htm	http://www.jianpu.cn/pu/41/41004.htm	《我有个好家庭》 歌谱简谱网	《我有个好家庭》
jianpucn-51494	jianpucn	ok(曲名命中)	200		http://www.jianpu.cn/pu/51/51494.htm	http://www.jianpu.cn/pu/51/51494.htm	《拷红》 歌谱简谱网	《拷红》
jianpucn-41340	jianpucn	ok(曲名命中)	200		http://www.jianpu.cn/pu/41/41340.htm	http://www.jianpu.cn/pu/41/41340.htm	《杏花溪之恋》 歌谱简谱网	《杏花溪之恋》
jianpucn-149495	jianpucn	ok(曲名命中)	200		http://www.jianpu.cn/pu/14/149495.htm	http://www.jianpu.cn/pu/14/149495.htm	《江南雨》 歌谱简谱网	《江南雨》
jianpucn-51493	jianpucn	ok(曲名命中)	200		http://www.jianpu.cn/pu/51/51493.htm	http://www.jianpu.cn/pu/51/51493.htm	《沙湖情歌》 歌谱简谱网	《沙湖情歌》
jianpucn-343400	jianpucn	ok(曲名命中)	200		http://www.jianpu.cn/pu/34/343400.htm	http://www.jianpu.cn/pu/34/343400.htm	《爱我中华》合唱 混声合唱 宋祖英 歌谱简谱网	《爱我中华》合唱 混声合唱
jianpucn-149489	jianpucn	ok(曲名命中)	200		http://www.jianpu.cn/pu/14/149489.htm	http://www.jianpu.cn/pu/14/149489.htm	《牵手》----为新婚夫妻而作 歌谱简谱网	《牵手》----为新婚夫妻而作
jianpucn-149531	jianpucn	ok(曲名命中)	200		http://www.jianpu.cn/pu/14/149531.htm	http://www.jianpu.cn/pu/14/149531.htm	《牵手》——为新婚夫妻而作 歌谱简谱网	《牵手》——为新婚夫妻而作
jianpucn-149488	jianpucn	ok(曲名命中)	200		http://www.jianpu.cn/pu/14/149488.htm	http://www.jianpu.cn/pu/14/149488.htm	《知道》 歌谱简谱网	《知道》
jianpujia-338491	jianpujia	ok(曲名命中)	200		https://www.jianpujia.com/jianpu/338491.html	https://www.jianpujia.com/jianpu/338491.html	【日】Lemon电视剧_非自然死亡_主题曲/ドラマ「アンナチュラル」主題歌【日】Lemon电视剧_非自然死亡_主题曲_/_ドラマ「アンナチュラル」主題歌简谱_米津玄师演唱_米津玄师/米津玄师词曲-免费	【日】Lemon电视剧_非自然死亡_主题曲_ドラマ「アンナチュラ
jianpucn-179377	jianpucn	ok(曲名命中)	200		http://www.jianpu.cn/pu/17/179377.htm	http://www.jianpu.cn/pu/17/179377.htm	《祖国为你唱支歌》 歌谱简谱网	《祖国为你唱支歌》
jianpucn-149492	jianpucn	ok(曲名命中)	200		http://www.jianpu.cn/pu/14/149492.htm	http://www.jianpu.cn/pu/14/149492.htm	《茉莉花开的地方》 歌谱简谱网	《茉莉花开的地方》
jianpucn-41337	jianpucn	ok(曲名命中)	200		http://www.jianpu.cn/pu/41/41337.htm	http://www.jianpu.cn/pu/41/41337.htm	《莫言醉》 歌谱简谱网	《莫言醉》
jianpucn-137765	jianpucn	ok(曲名命中)	200		http://www.jianpu.cn/pu/13/137765.htm	http://www.jianpu.cn/pu/13/137765.htm	《说中国》 歌谱简谱网	《说中国》
jianpucn-284451	jianpucn	ok(曲名命中)	200		http://www.jianpu.cn/pu/28/284451.htm	http://www.jianpu.cn/pu/28/284451.htm	《蝶恋花 答李淑一》（60年代毛主席诗词歌曲） 殷秀梅 歌谱简谱网	《蝶恋花 答李淑一》
jianpucn-149490	jianpucn	ok(曲名命中)	200		http://www.jianpu.cn/pu/14/149490.htm	http://www.jianpu.cn/pu/14/149490.htm	《镜月凝思》 歌谱简谱网	《镜月凝思》
qupu123-319362	qupu123	ok(曲名命中)	200		https://www.qupu123.com/jipu/p319362.html	https://www.qupu123.com/jipu/p319362.html	【日】乾杯 （《跟往事干杯》原曲）_九日旭个人制谱园地_中国曲谱网	【日】乾杯
qupu123-313035	qupu123	ok(曲名命中)	200		https://www.qupu123.com/jipu/p313035.html	https://www.qupu123.com/jipu/p313035.html	【日】喝采 _九日旭个人制谱园地_中国曲谱网	【日】喝采
jianpucn-133511	jianpucn	ok(曲名命中)	200		http://www.jianpu.cn/pu/13/133511.htm	http://www.jianpu.cn/pu/13/133511.htm	一丝不挂 歌谱简谱网	一丝不挂
qupu123-322672	qupu123	ok(曲名命中)	200		https://www.qupu123.com/jipu/p322672.html	https://www.qupu123.com/jipu/p322672.html	【日】夕焼けの歌 （夕阳之歌）_九日旭个人制谱园地_中国曲谱网	【日】夕焼けの歌
jianpujia-18361	jianpujia	ok(曲名命中)	200		https://www.jianpujia.com/jianpu/18361.html	https://www.jianpujia.com/jianpu/18361.html	一个小心愿简谱(歌词)_邓丽君演唱_王wzh曲谱-免费下载-简谱之家	一个小心愿
jianpucn-34266	jianpucn	ok(曲名命中)	200		http://www.jianpu.cn/pu/34/34266.htm	http://www.jianpu.cn/pu/34/34266.htm	一个士兵的梦想 歌谱简谱网	一个士兵的梦想
jianpucn-38545	jianpucn	ok(曲名命中)	200		http://www.jianpu.cn/pu/38/38545.htm	http://www.jianpu.cn/pu/38/38545.htm	一个爱上浪漫的人 歌谱简谱网	一个爱上浪漫的人
qupu123-380947	qupu123	ok(曲名命中)	200		https://www.qupu123.com/tongsu/wuzi/p380947.html	https://www.qupu123.com/tongsu/wuzi/p380947.html	一万次悲伤 _通俗曲谱_中国曲谱网	一万次悲伤
jianpucn-432660	jianpucn	ok(曲名命中)	200		http://www.jianpu.cn/pu/43/432660.htm	http://www.jianpu.cn/pu/43/432660.htm	一个都不能少(河南电视台 脱贫大决战 主题歌) 阎维文 歌谱简谱网	一个都不能少
qupu123-323610	qupu123	ok(曲名命中)	200		https://www.qupu123.com/jipu/p323610.html	https://www.qupu123.com/jipu/p323610.html	【日】真夏の果実 （盛夏的果实（《每天爱你多一些》原曲））_九日旭个人制谱园地_中国曲谱网	【日】真夏の果実（盛夏的果实）
jianpucn-36944	jianpucn	ok(曲名命中)	200		http://www.jianpu.cn/pu/36/36944.htm	http://www.jianpu.cn/pu/36/36944.htm	一二三四歌 歌谱简谱网	一二三四歌
jianpujia-73991	jianpujia	ok(曲名命中)	200		https://www.jianpujia.com/jianpu/73991.html	https://www.jianpujia.com/jianpu/73991.html	一冷一热简谱(歌词)_戚薇演唱_谱友季司亦上传-免费下载-简谱之家	一冷一热
qupu123-334380	qupu123	ok(曲名命中)	200		https://www.qupu123.com/tongsu/sizi/p334380.html	https://www.qupu123.com/tongsu/sizi/p334380.html	一个人走 （赵正云词 刘北休曲）_通俗曲谱_中国曲谱网	一个人走
jianpucn-114895	jianpucn	ok(曲名命中)	200		http://www.jianpu.cn/pu/11/114895.htm	http://www.jianpu.cn/pu/11/114895.htm	一剪梅 歌曲类 简谱 歌谱简谱网	一剪梅 歌曲类
jianpujia-26436	jianpujia	ok(曲名命中)	200		https://www.jianpujia.com/jianpu/26436.html	https://www.jianpujia.com/jianpu/26436.html	一分钱简谱(歌词)_儿歌_陈洲宏记谱-免费下载-简谱之家	一分钱
jianpucn-51489	jianpucn	ok(曲名命中)	200		http://www.jianpu.cn/pu/51/51489.htm	http://www.jianpu.cn/pu/51/51489.htm	《阿青哥哥的小白船》 歌谱简谱网	《阿青哥哥的小白船》
jianpucn-473070	jianpucn	ok(曲名命中)	200		http://www.jianpu.cn/pu/47/473070.htm	http://www.jianpu.cn/pu/47/473070.htm	一剪梅怀旧经典 费玉清 歌谱简谱网	一剪梅怀旧经典
qupu123-334501	qupu123	ok(曲名命中)	200		https://www.qupu123.com/minge/jiuziyishang/p334501.html	https://www.qupu123.com/minge/jiuziyishang/p334501.html	一个是中国，一个是老百姓 _民歌曲谱_中国曲谱网	一个是中国，一个是老百姓
jianpucn-86378	jianpucn	ok(曲名命中)	200		http://www.jianpu.cn/pu/86/86378.htm	http://www.jianpu.cn/pu/86/86378.htm	一个人 歌谱简谱网	一个人
jianpucn-155693	jianpucn	ok(曲名命中)	200		http://www.jianpu.cn/pu/15/155693.htm	http://www.jianpu.cn/pu/15/155693.htm	《陪你到天涯海角》 歌谱简谱网	《陪你到天涯海角》
qupu123-336114	qupu123	ok(曲名命中)	200		https://www.qupu123.com/minge/qizi/p336114.html	https://www.qupu123.com/minge/qizi/p336114.html	一个八哥一个头 _民歌曲谱_中国曲谱网	一个八哥一个头
jianpucn-115140	jianpucn	ok(曲名命中)	200		http://www.jianpu.cn/pu/11/115140.htm	http://www.jianpu.cn/pu/11/115140.htm	一千年以后 歌曲类 简谱 歌谱简谱网	一千年以后 歌曲类
jianpucn-447896	jianpucn	ok(曲名命中)	200		http://www.jianpu.cn/pu/44/447896.htm	http://www.jianpu.cn/pu/44/447896.htm	一千年后记得我 林俊杰 歌谱简谱网	一千年后记得我
qupu123-335450	qupu123	ok(曲名命中)	200		https://www.qupu123.com/tongsu/qizi/p335450.html	https://www.qupu123.com/tongsu/qizi/p335450.html	一个美丽的地方 （蔡君安词 翁守贤曲）_通俗曲谱_中国曲谱网	一个美丽的地方
jianpujia-150281	jianpujia	ok(曲名命中)	200		https://www.jianpujia.com/jianpu/150281.html	https://www.jianpujia.com/jianpu/150281.html	一半钢琴简谱_薛之谦演唱-免费下载-简谱之家	一半
jianpucn-278123	jianpucn	ok(曲名命中)	200		http://www.jianpu.cn/pu/27/278123.htm	http://www.jianpu.cn/pu/27/278123.htm	一声叹息 蔡幸娟 歌谱简谱网	一声叹息
qupu123-355001	qupu123	ok(曲名命中)	200		https://www.qupu123.com/jipu/p355001.html	https://www.qupu123.com/jipu/p355001.html	一切刚刚好 （李健 词曲）_韵文音乐个人制谱园地_中国曲谱网	一切刚刚好
jianpujia-234413	jianpujia	ok(曲名命中)	200		https://www.jianpujia.com/jianpu/234413.html	https://www.jianpujia.com/jianpu/234413.html	一只小花狗钢琴简谱_儿歌演唱-免费下载-简谱之家	一只小花狗
qupu123-1091	qupu123	ok(曲名命中)	200		https://www.qupu123.com/tongsu/bazi/p1091.html	https://www.qupu123.com/tongsu/bazi/p1091.html	一千个伤心的理由简谱_通俗曲谱_中国曲谱网	一千个伤心的理由
jianpucn-132816	jianpucn	ok(曲名命中)	200		http://www.jianpu.cn/pu/13/132816.htm	http://www.jianpu.cn/pu/13/132816.htm	一个人港剧《洗冤录》主题曲 歌谱简谱网	一个人港剧《洗冤录》主题曲
qupu123-328417	qupu123	ok(曲名命中)	200		https://www.qupu123.com/shaoer/wuzi/p328417.html	https://www.qupu123.com/shaoer/wuzi/p328417.html	一双小红鞋 _少儿曲谱_中国曲谱网	一双小红鞋
jianpucn-70302	jianpucn	ok(曲名命中)	200		http://www.jianpu.cn/pu/70/70302.htm	http://www.jianpu.cn/pu/70/70302.htm	一天 歌谱简谱网	一天
qupu123-296300	qupu123	ok(曲名命中)	200		https://www.qupu123.com/tongsu/qizi/p296300.html	https://www.qupu123.com/tongsu/qizi/p296300.html	一场游戏一场梦 （编配乐谱）_通俗曲谱_中国曲谱网	一场游戏一场梦
jianpujia-12662	jianpujia	ok(曲名命中)	200		https://www.jianpujia.com/jianpu/12662.html	https://www.jianpujia.com/jianpu/12662.html	一字诗简谱(歌词)_银河少年艺术团演唱_桃李醉春风记谱-免费下载-简谱之家	一字诗
jianpucn-83381	jianpucn	ok(曲名命中)	200		http://www.jianpu.cn/pu/83/83381.htm	http://www.jianpu.cn/pu/83/83381.htm	一天到晚游泳的鱼 歌谱简谱网	一天到晚游泳的鱼
qupu123-335183	qupu123	ok(曲名命中)	200		https://www.qupu123.com/tongsu/qizi/p335183.html	https://www.qupu123.com/tongsu/qizi/p335183.html	一壶美酒醉千古 _通俗曲谱_中国曲谱网	一壶美酒醉千古
jianpucn-333386	jianpucn	ok(曲名命中)	200		http://www.jianpu.cn/pu/33/333386.htm	http://www.jianpu.cn/pu/33/333386.htm	一带一路歌（《2016年文学艺术迎春晚会》选曲） 殷秀梅 歌谱简谱网	一带一路歌
qupu123-71276	qupu123	ok(曲名命中)	200		https://www.qupu123.com/tongsu/wuzi/p71276.html	https://www.qupu123.com/tongsu/wuzi/p71276.html	一天天想你 （电视剧《难舍真情》片尾主题歌）_通俗曲谱_中国曲谱网	一天天想你
jianpucn-59645	jianpucn	ok(曲名命中)	200		http://www.jianpu.cn/pu/59/59645.htm	http://www.jianpu.cn/pu/59/59645.htm	一年又一年 歌谱简谱网	一年又一年
qupu123-333929	qupu123	ok(曲名命中)	200		https://www.qupu123.com/tongsu/sizi/p333929.html	https://www.qupu123.com/tongsu/sizi/p333929.html	一帘幽梦 （陈秀萍词 村禹曲）_通俗曲谱_中国曲谱网	一帘幽梦
qupu123-335370	qupu123	ok(曲名命中)	200		https://www.qupu123.com/minge/qizi/p335370.html	https://www.qupu123.com/minge/qizi/p335370.html	一带一路领航程 _民歌曲谱_中国曲谱网	一带一路领航程
jianpucn-475807	jianpucn	ok(曲名命中)	200		http://www.jianpu.cn/pu/47/475807.htm	http://www.jianpu.cn/pu/47/475807.htm	一念暖阳 刘琼、通城罗杰 歌谱简谱网	一念暖阳
qupu123-371313	qupu123	ok(曲名命中)	200		https://www.qupu123.com/meisheng/qizi/p371313.html	https://www.qupu123.com/meisheng/qizi/p371313.html	一带一路过我家 _小花儿357原创曲谱专栏_中国曲谱网	一带一路过我家
qupu123-334457	qupu123	ok(曲名命中)	200		https://www.qupu123.com/tongsu/sizi/p334457.html	https://www.qupu123.com/tongsu/sizi/p334457.html	一年一年 _通俗曲谱_中国曲谱网	一年一年
qupu123-380892	qupu123	ok(曲名命中)	200		https://www.qupu123.com/tongsu/jiuziyishang/p380892.html	https://www.qupu123.com/tongsu/jiuziyishang/p380892.html	一开始说陪你到老的人现在他还在吗 _通俗曲谱_中国曲谱网	一开始说陪你到老的人现在他还在吗
jianpucn-149386	jianpucn	ok(曲名命中)	200		http://www.jianpu.cn/pu/14/149386.htm	http://www.jianpu.cn/pu/14/149386.htm	一曲情未了 歌谱简谱网	一曲情未了
jianpujia-383572	jianpujia	ok(曲名命中)	200		https://www.jianpujia.com/jianpu/383572.html	https://www.jianpujia.com/jianpu/383572.html	一时的选择钢琴简谱_林俊杰演唱-免费下载-简谱之家	一时的选择
jianpucn-117687	jianpucn	ok(曲名命中)	200		http://www.jianpu.cn/pu/11/117687.htm	http://www.jianpu.cn/pu/11/117687.htm	一壶乡愁 吉他类 流行 歌谱简谱网	一壶乡愁 吉他类 流行
qupu123-382748	qupu123	ok(曲名命中)	200		https://www.qupu123.com/tongsu/sizi/p382748.html	https://www.qupu123.com/tongsu/sizi/p382748.html	一念之间 _通俗曲谱_中国曲谱网	一念之间
jianpucn-312594	jianpucn	ok(曲名命中)	200		http://www.jianpu.cn/pu/31/312594.htm	http://www.jianpu.cn/pu/31/312594.htm	一夜长大 梁静茹 歌谱简谱网	一夜长大
qupu123-381733	qupu123	ok(曲名命中)	200		https://www.qupu123.com/tongsu/sizi/p381733.html	https://www.qupu123.com/tongsu/sizi/p381733.html	一念拂晓 _通俗曲谱_中国曲谱网	一念拂晓
qupu123-370983	qupu123	打不开:URLError	0		https://www.qupu123.com/shaoer/jiuziyishang/p370983.html	https://www.qupu123.com/shaoer/jiuziyishang/p370983.html		【儿歌】春天的小小使者
jianpucn-159055	jianpucn	ok(曲名命中)	200		http://www.jianpu.cn/pu/15/159055.htm	http://www.jianpu.cn/pu/15/159055.htm	一棵树下 歌谱简谱网	一棵树下
qupu123-396529	qupu123	ok(曲名命中)	200		https://www.qupu123.com/puyou/shangchuan/p396529.html	https://www.qupu123.com/puyou/shangchuan/p396529.html	一曲相思两情牵 _谱天下个人制谱园地_中国曲谱网	一曲相思两情牵
qupu123-332349	qupu123	ok(曲名命中)	200		https://www.qupu123.com/tongsu/wuzi/p332349.html	https://www.qupu123.com/tongsu/wuzi/p332349.html	一朵喇叭花 _通俗曲谱_中国曲谱网	一朵喇叭花
jianpucn-440941	jianpucn	ok(曲名命中)	200		http://www.jianpu.cn/pu/44/440941.htm	http://www.jianpu.cn/pu/44/440941.htm	一念一生(完整版 《庆余年》片头曲) 李健 歌谱简谱网	一念一生
qupu123-324580	qupu123	ok(曲名命中)	200		https://www.qupu123.com/hechang/qizi/p324580.html	https://www.qupu123.com/hechang/qizi/p324580.html	一树金桂万朵花 _合唱曲谱_中国曲谱网	一树金桂万朵花
jianpujia-18374	jianpujia	ok(曲名命中)	200		https://www.jianpujia.com/jianpu/18374.html	https://www.jianpujia.com/jianpu/18374.html	一水隔天涯简谱(歌词)_邓丽君演唱_王wzh曲谱-免费下载-简谱之家	一水隔天涯
jianpucn-156886	jianpucn	ok(曲名命中)	200		http://www.jianpu.cn/pu/15/156886.htm	http://www.jianpu.cn/pu/15/156886.htm	一河冰川水 歌谱简谱网	一河冰川水
qupu123-214709	qupu123	ok(曲名命中)	200		https://www.qupu123.com/minge/jiuziyishang/p214709.html	https://www.qupu123.com/minge/jiuziyishang/p214709.html	一样的月光一样的爱 _民歌曲谱_中国曲谱网	一样的月光一样的爱
jianpucn-31376	jianpucn	ok(曲名命中)	200		http://www.jianpu.cn/pu/31/31376.htm	http://www.jianpu.cn/pu/31/31376.htm	一湖太平水 歌谱简谱网	一湖太平水
qupu123-336101	qupu123	ok(曲名命中)	200		https://www.qupu123.com/minge/qizi/p336101.html	https://www.qupu123.com/minge/qizi/p336101.html	一根竹子一道节 _民歌曲谱_中国曲谱网	一根竹子一道节
jianpucn-89344	jianpucn	ok(曲名命中)	200		http://www.jianpu.cn/pu/89/89344.htm	http://www.jianpu.cn/pu/89/89344.htm	一点光一点亮 歌谱简谱网	一点光一点亮
jianpujia-380059	jianpujia	ok(曲名命中)	200		https://www.jianpujia.com/jianpu/380059.html	https://www.jianpujia.com/jianpu/380059.html	一点点钢琴简谱_周杰伦演唱-免费下载-简谱之家	一点点
jianpucn-37300	jianpucn	ok(曲名命中)	200		http://www.jianpu.cn/pu/37/37300.htm	http://www.jianpu.cn/pu/37/37300.htm	一片红红的潇湘土 歌谱简谱网	一片红红的潇湘土
qupu123-336031	qupu123	ok(曲名命中)	200		https://www.qupu123.com/minge/sizi/p336031.html	https://www.qupu123.com/minge/sizi/p336031.html	一根竹竿 _民歌曲谱_中国曲谱网	一根竹竿
qupu123-325630	qupu123	ok(曲名命中)	200		https://www.qupu123.com/hechang/qizi/p325630.html	https://www.qupu123.com/hechang/qizi/p325630.html	一江春潮情似海 _合唱曲谱_中国曲谱网	一江春潮情似海
jianpucn-89418	jianpucn	ok(曲名命中)	200		http://www.jianpu.cn/pu/89/89418.htm	http://www.jianpu.cn/pu/89/89418.htm	一次幸福的机会 歌谱简谱网	一次幸福的机会
qupu123-250657	qupu123	ok(曲名命中)	200		https://www.qupu123.com/jipu/p250657.html	https://www.qupu123.com/jipu/p250657.html	一点点 （方文山词 周杰伦曲）_桃李醉春风个人制谱园地_中国曲谱网	一点点
qupu123-326279	qupu123	ok(曲名命中)	200		https://www.qupu123.com/jipu/p326279.html	https://www.qupu123.com/jipu/p326279.html	一点秋心淡墨痕 （秋心词 歌乐美曲）_君羊个人制谱园地_中国曲谱网	一点秋心淡墨痕
qupu123-226921	qupu123	ok(曲名命中)	200		https://www.qupu123.com/tongsu/sizi/p226921.html	https://www.qupu123.com/tongsu/sizi/p226921.html	一生不变 _通俗曲谱_中国曲谱网	一生不变
qupu123-378917	qupu123	ok(曲名命中)	200		https://www.qupu123.com/puyou/shangchuan/p378917.html	https://www.qupu123.com/puyou/shangchuan/p378917.html	一生中最爱 _谱友园地_中国曲谱网	一生中最爱
qupu123-293390	qupu123	ok(曲名命中)	200		https://www.qupu123.com/tongsu/sizi/p293390.html	https://www.qupu123.com/tongsu/sizi/p293390.html	一生何求 （带和弦）_通俗曲谱_中国曲谱网	一生何求
jianpucn-53304	jianpucn	ok(曲名命中)	200		http://www.jianpu.cn/pu/53/53304.htm	http://www.jianpu.cn/pu/53/53304.htm	一生的朋友 歌谱简谱网	一生的朋友
qupu123-311629	qupu123	ok(曲名命中)	200		https://www.qupu123.com/puyou/jipu/p311629.html	https://www.qupu123.com/puyou/jipu/p311629.html	一生所爱 _谱友园地_中国曲谱网	一生所爱
jianpucn-208496	jianpucn	ok(曲名命中)	200		http://www.jianpu.cn/pu/20/208496.htm	http://www.jianpu.cn/pu/20/208496.htm	一百年 歌谱简谱网	一百年
qupu123-326627	qupu123	打不开:URLError	0		https://www.qupu123.com/hechang/qizi/p326627.html	https://www.qupu123.com/hechang/qizi/p326627.html		一支秧歌一趟秧
qupu123-336109	qupu123	打不开:URLError	0		https://www.qupu123.com/minge/qizi/p336109.html	https://www.qupu123.com/minge/qizi/p336109.html		一文铜钱滚过街
jianpucn-276279	jianpucn	ok(曲名命中)	200		http://www.jianpu.cn/pu/27/276279.htm	http://www.jianpu.cn/pu/27/276279.htm	一盏心灯 杨洪基 歌谱简谱网	一盏心灯
qupu123-296282	qupu123	打不开:URLError	0		https://www.qupu123.com/tongsu/sizi/p296282.html	https://www.qupu123.com/tongsu/sizi/p296282.html		一无所有
qupu123-270079	qupu123	ok(曲名命中)	200		https://www.qupu123.com/jipu/p270079.html	https://www.qupu123.com/jipu/p270079.html	一生有你 （水木年华）__中国曲谱网	一生有你
qupu123-335041	qupu123	ok(曲名命中)	200		https://www.qupu123.com/minge/qizi/p335041.html	https://www.qupu123.com/minge/qizi/p335041.html	一生浩气追梦圆 _民歌曲谱_中国曲谱网	一生浩气追梦圆
qupu123-285274	qupu123	打不开:URLError	0		https://www.qupu123.com/jipu/p285274.html	https://www.qupu123.com/jipu/p285274.html		一样的月光
qupu123-381626	qupu123	ok(曲名命中)	200		https://www.qupu123.com/waiguo/liuzi/p381626.html	https://www.qupu123.com/waiguo/liuzi/p381626.html	一百万个可能 （A Million Possibilities）_外国曲谱_中国曲谱网	一百万个可能
jianpujia-13860	jianpujia	ok(曲名命中)	200		https://www.jianpujia.com/jianpu/13860.html	https://www.jianpujia.com/jianpu/13860.html	一程山盟一程海誓简谱(歌词)_陈瑞王不火演唱_桃李醉春风记谱-免费下载-简谱之家	一程山盟一程海誓
jianpujia-150629	jianpujia	ok(曲名命中)	200		https://www.jianpujia.com/jianpu/150629.html	https://www.jianpujia.com/jianpu/150629.html	一程山路钢琴简谱_毛不易演唱-免费下载-简谱之家	一程山路
qupu123-364546	qupu123	ok(曲名命中)	200		https://www.qupu123.com/jipu/p364546.html	https://www.qupu123.com/jipu/p364546.html	一直到黎明 （毛不易词 陆虎曲）_momoliu个人制谱园地_中国曲谱网	一直到黎明
jianpujia-387315	jianpujia	ok(曲名命中)	200		https://www.jianpujia.com/jianpu/387315.html	https://www.jianpujia.com/jianpu/387315.html	一荤一素简谱_毛不易演唱_桃李醉春风制谱-免费下载-简谱之家	一荤一素
jianpucn-474416	jianpucn	ok(曲名命中)	200		http://www.jianpu.cn/pu/47/474416.htm	http://www.jianpu.cn/pu/47/474416.htm	一荤一素二声部合唱谱 歌谱简谱网	一荤一素二声部合唱谱
jianpujia-14335	jianpujia	ok(曲名命中)	200		https://www.jianpujia.com/jianpu/14335.html	https://www.jianpujia.com/jianpu/14335.html	一纸情书简谱(歌词)_毛不易岳云鹏演唱_桃李醉春风记谱-免费下载-简谱之家	一纸情书
jianpucn-472450	jianpucn	ok(曲名命中)	200		http://www.jianpu.cn/pu/47/472450.htm	http://www.jianpu.cn/pu/47/472450.htm	一荤一素有声动态谱 毛不易 歌谱简谱网	一荤一素有声动态谱
qupu123-396350	qupu123	ok(原记录标题命中)	200		https://www.qupu123.com/puyou/shangchuan/p396350.html	https://www.qupu123.com/puyou/shangchuan/p396350.html	一程山水一场旧梦 _谱天下个人制谱园地_中国曲谱网	
jianpucn-261990	jianpucn	ok(曲名命中)	200		http://www.jianpu.cn/pu/26/261990.htm	http://www.jianpu.cn/pu/26/261990.htm	一起为祖国 阎维文 歌谱简谱网	一起为祖国
qupu123-207843	qupu123	ok(曲名命中)	200		https://www.qupu123.com/jipu/p207843.html	https://www.qupu123.com/jipu/p207843.html	一笑而过解千愁 （刘兰芳词 一只舟曲）_君羊个人制谱园地_中国曲谱网	一笑而过解千愁
jianpucn-114894	jianpucn	ok(曲名命中)	200		http://www.jianpu.cn/pu/11/114894.htm	http://www.jianpu.cn/pu/11/114894.htm	一起吃苦的幸福 歌曲类 简谱 歌谱简谱网	一起吃苦的幸福 歌曲类
qupu123-332217	qupu123	ok(曲名命中)	200		https://www.qupu123.com/tongsu/qizi/p332217.html	https://www.qupu123.com/tongsu/qizi/p332217.html	一粒叫青春的沙 _通俗曲谱_中国曲谱网	一粒叫青春的沙
jianpucn-462404	jianpucn	ok(曲名命中)	200		http://www.jianpu.cn/pu/46/462404.htm	http://www.jianpu.cn/pu/46/462404.htm	一起摇摆 （ G调指法原版编配） 汪峰 歌谱简谱网	一起摇摆
jianpucn-158664	jianpucn	ok(曲名命中)	200		http://www.jianpu.cn/pu/15/158664.htm	http://www.jianpu.cn/pu/15/158664.htm	一起看月亮 歌谱简谱网	一起看月亮
qupu123-331334	qupu123	ok(曲名命中)	200		https://www.qupu123.com/shaoer/wuzi/p331334.html	https://www.qupu123.com/shaoer/wuzi/p331334.html	一群小蜜蜂 _少儿曲谱_中国曲谱网	一群小蜜蜂
qupu123-2708	qupu123	打不开:URLError	0		https://www.qupu123.com/jipu/p2708.html	https://www.qupu123.com/jipu/p2708.html		一生中最爱的人
qupu123-351637	qupu123	ok(曲名命中)	200		https://www.qupu123.com/jipu/p351637.html	https://www.qupu123.com/jipu/p351637.html	一荤一素 _曲水悠悠个人制谱园地_中国曲谱网	一荤一素
jianpucn-49064	jianpucn	ok(曲名命中)	200		http://www.jianpu.cn/pu/49/49064.htm	http://www.jianpu.cn/pu/49/49064.htm	一路春风向太阳 曹县县歌 歌谱简谱网	一路春风向太阳 曹县县歌
qupu123-369982	qupu123	ok(曲名命中)	200		https://www.qupu123.com/tongsu/sizi/p369982.html	https://www.qupu123.com/tongsu/sizi/p369982.html	一起走过 _袁龙（1）原创曲谱专栏_中国曲谱网	一起走过
jianpucn-27476	jianpucn	ok(曲名命中)	200		http://www.jianpu.cn/pu/27/27476.htm	http://www.jianpu.cn/pu/27/27476.htm	一路相伴 歌谱简谱网	一路相伴
qupu123-364116	qupu123	ok(曲名命中)	200		https://www.qupu123.com/jipu/p364116.html	https://www.qupu123.com/jipu/p364116.html	一起走过的日子 （刘德华现场版）_江枫粤乐个人制谱园地_中国曲谱网	一起走过的日子
jianpucn-156626	jianpucn	ok(曲名命中)	200		http://www.jianpu.cn/pu/15/156626.htm	http://www.jianpu.cn/pu/15/156626.htm	一路芬芳 歌谱简谱网	一路芬芳
qupu123-332226	qupu123	打不开:URLError	0		https://www.qupu123.com/tongsu/sizi/p332226.html	https://www.qupu123.com/tongsu/sizi/p332226.html		一生无悔
jianpucn-60559	jianpucn	ok(曲名命中)	200		http://www.jianpu.cn/pu/60/60559.htm	http://www.jianpu.cn/pu/60/60559.htm	一生一次 歌谱简谱网	一生一次
qupu123-361869	qupu123	ok(曲名命中)	200		https://www.qupu123.com/yuanchuang/p361869.html	https://www.qupu123.com/yuanchuang/p361869.html	一路上有你 （乐队总谱）_琴音无邪原创曲谱专栏_中国曲谱网	一路上有你
jianpucn-312028	jianpucn	ok(曲名命中)	200		http://www.jianpu.cn/pu/31/312028.htm	http://www.jianpu.cn/pu/31/312028.htm	一路逆风 邓紫棋 歌谱简谱网	一路逆风
qupu123-385863	qupu123	ok(原记录标题命中)	200		https://www.qupu123.com/jipu/p385863.html	https://www.qupu123.com/jipu/p385863.html	一路生花 _落红个人制谱园地_中国曲谱网	
jianpucn-51596	jianpucn	ok(曲名命中)	200		http://www.jianpu.cn/pu/51/51596.htm	http://www.jianpu.cn/pu/51/51596.htm	一辈子的错 歌谱简谱网	一辈子的错
jianpujia-15829	jianpujia	ok(曲名命中)	200		https://www.jianpujia.com/jianpu/15829.html	https://www.jianpujia.com/jianpu/15829.html	一闪一闪亮晶晶简谱_一闪一闪亮晶晶，满天都是小星星-免费下载-简谱之家	一闪一闪亮晶晶
qupu123-397307	qupu123	ok(曲名命中)	200		https://www.qupu123.com/puyou/shangchuan/p397307.html	https://www.qupu123.com/puyou/shangchuan/p397307.html	一路生花 _谱友园地_中国曲谱网	一路生花
jianpucn-204225	jianpucn	ok(曲名命中)	200		http://www.jianpu.cn/pu/20/204225.htm	http://www.jianpu.cn/pu/20/204225.htm	一道去踏春 歌谱简谱网	一道去踏春
qupu123-396591	qupu123	ok(曲名命中)	200		https://www.qupu123.com/yuanchuang/p396591.html	https://www.qupu123.com/yuanchuang/p396591.html	一路生花 （二部合唱谱）_音乐人杨学超原创曲谱专栏_中国曲谱网	一路生花
jianpucn-159269	jianpucn	ok(曲名命中)	200		http://www.jianpu.cn/pu/15/159269.htm	http://www.jianpu.cn/pu/15/159269.htm	一颗不变心 歌谱简谱网	一颗不变心
qupu123-316434	qupu123	ok(曲名命中)	200		https://www.qupu123.com/meisheng/sizi/p316434.html	https://www.qupu123.com/meisheng/sizi/p316434.html	​13一路芬芳（双谱） _美声曲谱_中国曲谱网	一路芬芳
jianpucn-89326	jianpucn	ok(曲名命中)	200		http://www.jianpu.cn/pu/89/89326.htm	http://www.jianpu.cn/pu/89/89326.htm	一首情歌 歌谱简谱网	一首情歌
jianpujia-74199	jianpujia	ok(曲名命中)	200		https://www.jianpujia.com/jianpu/74199.html	https://www.jianpujia.com/jianpu/74199.html	七号公园简谱__许嵩演唱-免费下载-简谱之家	七号公园
qupu123-331584	qupu123	ok(曲名命中)	200		https://www.qupu123.com/hechang/liuzi/p331584.html	https://www.qupu123.com/hechang/liuzi/p331584.html	一颗开花的树 （汪国真词 苍海平曲、正谱）_合唱曲谱_中国曲谱网	一颗开花的树
jianpucn-135762	jianpucn	ok(曲名命中)	200		http://www.jianpu.cn/pu/13/135762.htm	http://www.jianpu.cn/pu/13/135762.htm	七彩阳光 歌谱简谱网	七彩阳光
qupu123-325226	qupu123	ok(曲名命中)	200		https://www.qupu123.com/meisheng/qizi/p325226.html	https://www.qupu123.com/meisheng/qizi/p325226.html	丁小琴编-21金风吹来的时候（正谱） _美声曲谱_中国曲谱网	丁小琴编-21金风吹来的时候
jianpucn-341642	jianpucn	ok(曲名命中)	200		http://www.jianpu.cn/pu/34/341642.htm	http://www.jianpu.cn/pu/34/341642.htm	七星之爱 阎维文 歌谱简谱网	七星之爱
jianpujia-141087	jianpujia	ok(曲名命中)	200		https://www.jianpujia.com/jianpu/141087.html	https://www.jianpujia.com/jianpu/141087.html	七月的草原简谱_草原浪人词曲、摇滚版-免费下载-简谱之家	七月的草原
jianpucn-280112	jianpucn	ok(曲名命中)	200		http://www.jianpu.cn/pu/28/280112.htm	http://www.jianpu.cn/pu/28/280112.htm	一路惊喜 凤凰传奇 歌谱简谱网	一路惊喜
jianpujia-12686	jianpujia	ok(曲名命中)	200		https://www.jianpujia.com/jianpu/12686.html	https://www.jianpujia.com/jianpu/12686.html	七步诗简谱(歌词)_小海龟演唱组演唱_桃李醉春风记谱-免费下载-简谱之家	七步诗
qupu123-324957	qupu123	ok(曲名命中)	200		https://www.qupu123.com/meisheng/sanzi/p324957.html	https://www.qupu123.com/meisheng/sanzi/p324957.html	丁小琴编-6梅娘曲（正谱） _美声曲谱_中国曲谱网	丁小琴编-6梅娘曲
jianpucn-461181	jianpucn	ok(曲名命中)	200		http://www.jianpu.cn/pu/46/461181.htm	http://www.jianpu.cn/pu/46/461181.htm	七月第一天 张也 歌谱简谱网	七月第一天
jianpujia-7494	jianpujia	ok(曲名命中)	200		https://www.jianpujia.com/jianpu/7494.html	https://www.jianpujia.com/jianpu/7494.html	七色光之歌简谱_儿歌_七色光之歌，给我们带来七彩的梦-免费下载-简谱之家	七色光之歌
jianpucn-35637	jianpucn	ok(曲名命中)	200		http://www.jianpu.cn/pu/35/35637.htm	http://www.jianpu.cn/pu/35/35637.htm	七里香 歌谱简谱网	七里香
jianpucn-449129	jianpucn	ok(曲名命中)	200		http://www.jianpu.cn/pu/44/449129.htm	http://www.jianpu.cn/pu/44/449129.htm	万事如意（1995年央视春晚） 张也 歌谱简谱网	万事如意
jianpujia-19970	jianpujia	ok(曲名命中)	200		https://www.jianpujia.com/jianpu/19970.html	https://www.jianpujia.com/jianpu/19970.html	万家灯火简谱(歌词)_邓丽君演唱_momoliu曲谱-免费下载-简谱之家	万家灯火
jianpucn-472238	jianpucn	ok(曲名命中)	200		http://www.jianpu.cn/pu/47/472238.htm	http://www.jianpu.cn/pu/47/472238.htm	万事如意央视春晚歌曲 张也 歌谱简谱网	万事如意央视春晚歌曲
jianpucn-291720	jianpucn	ok(曲名命中)	200		http://www.jianpu.cn/pu/29/291720.htm	http://www.jianpu.cn/pu/29/291720.htm	万众仰望一帅星（电视文献纪录片《聂荣臻元帅》主题歌） 杨洪基 歌谱简谱网	万众仰望一帅星
qupu123-331676	qupu123	ok(曲名命中)	200		https://www.qupu123.com/shaoer/wuzi/p331676.html	https://www.qupu123.com/shaoer/wuzi/p331676.html	七色的花环 _少儿曲谱_中国曲谱网	七色的花环
jianpucn-245489	jianpucn	ok(曲名命中)	200		http://www.jianpu.cn/pu/24/245489.htm	http://www.jianpu.cn/pu/24/245489.htm	万叶千声-玉楼春 — 邓丽君 歌谱简谱网	万叶千声-玉楼春
qupu123-369991	qupu123	打不开:URLError	0		https://www.qupu123.com/meisheng/bazi/p369991.html	https://www.qupu123.com/meisheng/bazi/p369991.html		一生有多少个明天
jianpucn-452206	jianpucn	ok(曲名命中)	200		http://www.jianpu.cn/pu/45/452206.htm	http://www.jianpu.cn/pu/45/452206.htm	万里挑一（电视剧《关于唐医生的一切》主题曲） 周深 歌谱简谱网	万里挑一
jianpujia-12678	jianpujia	ok(曲名命中)	200		https://www.jianpujia.com/jianpu/12678.html	https://www.jianpujia.com/jianpu/12678.html	三字经简谱(歌词)_金帆合唱团演唱_桃李醉春风记谱-免费下载-简谱之家	三字经
qupu123-395808	qupu123	ok(曲名命中)	200		https://www.qupu123.com/puyou/shangchuan/p395808.html	https://www.qupu123.com/puyou/shangchuan/p395808.html	万岁毛主席+映山红 （改编歌曲）_幸福人生wsx个人制谱园地_中国曲谱网	万岁毛主席+映山红
jianpucn-46264	jianpucn	ok(曲名命中)	200		http://www.jianpu.cn/pu/46/46264.htm	http://www.jianpu.cn/pu/46/46264.htm	三十三个月亮 歌谱简谱网	三十三个月亮
jianpujia-7147	jianpujia	ok(曲名命中)	200		https://www.jianpujia.com/jianpu/7147.html	https://www.jianpujia.com/jianpu/7147.html	三字经简谱_儿歌_三字经宜勉励-免费下载-简谱之家	三字经
qupu123-341812	qupu123	ok(曲名命中)	200		https://www.qupu123.com/jipu/p341812.html	https://www.qupu123.com/jipu/p341812.html	万水千山总是情 （老人适用）_还不错个人制谱园地_中国曲谱网	万水千山总是情
jianpucn-160899	jianpucn	ok(曲名命中)	200		http://www.jianpu.cn/pu/16/160899.htm	http://www.jianpu.cn/pu/16/160899.htm	三天两夜 歌谱简谱网	三天两夜
qupu123-329315	qupu123	ok(曲名命中)	200		https://www.qupu123.com/hechang/sizi/p329315.html	https://www.qupu123.com/hechang/sizi/p329315.html	万物更新 （故事影片《新闺怨》主题歌）_合唱曲谱_中国曲谱网	万物更新
jianpucn-119560	jianpucn	ok(曲名命中)	200		http://www.jianpu.cn/pu/11/119560.htm	http://www.jianpu.cn/pu/11/119560.htm	三寸日光 歌谱简谱网	三寸日光
qupu123-336145	qupu123	ok(曲名命中)	200		https://www.qupu123.com/yuanchuang/p336145.html	https://www.qupu123.com/yuanchuang/p336145.html	丁香花 （袁浩 词曲）_袁浩201666原创曲谱专栏_中国曲谱网	丁香花
jianpucn-439351	jianpucn	ok(曲名命中)	200		http://www.jianpu.cn/pu/43/439351.htm	http://www.jianpu.cn/pu/43/439351.htm	三峡人家 蒋大为 歌谱简谱网	三峡人家
qupu123-381826	qupu123	ok(曲名命中)	200		https://www.qupu123.com/tongsu/sanzi/p381826.html	https://www.qupu123.com/tongsu/sanzi/p381826.html	三国恋 _通俗曲谱_中国曲谱网	三国恋
jianpucn-223876	jianpucn	ok(曲名命中)	200		http://www.jianpu.cn/pu/22/223876.htm	http://www.jianpu.cn/pu/22/223876.htm	三峡情 系列101 歌谱简谱网	三峡情 系列101
qupu123-331411	qupu123	ok(曲名命中)	200		https://www.qupu123.com/hechang/qizi/p331411.html	https://www.qupu123.com/hechang/qizi/p331411.html	三峡·我思念你 _合唱曲谱_中国曲谱网	三峡·我思念你
jianpucn-294766	jianpucn	ok(曲名命中)	200		http://www.jianpu.cn/pu/29/294766.htm	http://www.jianpu.cn/pu/29/294766.htm	三峡船夫曲 阎维文 歌谱简谱网	三峡船夫曲
qupu123-331422	qupu123	ok(曲名命中)	200		https://www.qupu123.com/hechang/wuzi/p331422.html	https://www.qupu123.com/hechang/wuzi/p331422.html	三峡土家妹 _合唱曲谱_中国曲谱网	三峡土家妹
jianpucn-128551	jianpucn	ok(曲名命中)	200		http://www.jianpu.cn/pu/12/128551.htm	http://www.jianpu.cn/pu/12/128551.htm	三月桃花红 歌谱简谱网	三月桃花红
qupu123-331419	qupu123	ok(曲名命中)	200		https://www.qupu123.com/hechang/sizi/p331419.html	https://www.qupu123.com/hechang/sizi/p331419.html	三峡故事 _合唱曲谱_中国曲谱网	三峡故事
jianpucn-191107	jianpucn	ok(曲名命中)	200		http://www.jianpu.cn/pu/19/191107.htm	http://www.jianpu.cn/pu/19/191107.htm	三秦放歌 歌谱简谱网	三秦放歌
jianpucn-203319	jianpucn	ok(曲名命中)	200		http://www.jianpu.cn/pu/20/203319.htm	http://www.jianpu.cn/pu/20/203319.htm	上一道坡下一道梁 歌谱简谱网	上一道坡下一道梁
jianpucn-150302	jianpucn	ok(曲名命中)	200		http://www.jianpu.cn/pu/15/150302.htm	http://www.jianpu.cn/pu/15/150302.htm	上传《问楼兰》（修正版） 歌谱简谱网	上传《问楼兰》
qupu123-332994	qupu123	ok(曲名命中)	200		https://www.qupu123.com/minge/liuzi/p332994.html	https://www.qupu123.com/minge/liuzi/p332994.html	三峡的水 _民歌曲谱_中国曲谱网	三峡的水
jianpucn-223890	jianpucn	ok(曲名命中)	200		http://www.jianpu.cn/pu/22/223890.htm	http://www.jianpu.cn/pu/22/223890.htm	上昆崙 歌谱简谱网	上昆崙
qupu123-320424	qupu123	ok(曲名命中)	200		https://www.qupu123.com/hechang/jiuziyishang/p320424.html	https://www.qupu123.com/hechang/jiuziyishang/p320424.html	三湖稻海——声乐套曲《乐涌蒸水》之二 _合唱曲谱_中国曲谱网	三湖稻海——声乐套曲《乐涌蒸水》之二
jianpucn-261176	jianpucn	ok(曲名命中)	200		http://www.jianpu.cn/pu/26/261176.htm	http://www.jianpu.cn/pu/26/261176.htm	上林 十分红 杨洪基 歌谱简谱网	上林 十分红
qupu123-381981	qupu123	ok(曲名命中)	200		https://www.qupu123.com/tongsu/sizi/p381981.html	https://www.qupu123.com/tongsu/sizi/p381981.html	三生三世 _通俗曲谱_中国曲谱网	三生三世
jianpucn-261082	jianpucn	ok(曲名命中)	200		http://www.jianpu.cn/pu/26/261082.htm	http://www.jianpu.cn/pu/26/261082.htm	上林春色十分红 杨洪基 歌谱简谱网	上林春色十分红
qupu123-335852	qupu123	ok(曲名命中)	200		https://www.qupu123.com/minge/bazi/p335852.html	https://www.qupu123.com/minge/bazi/p335852.html	三百里锦江一壶酒 _民歌曲谱_中国曲谱网	三百里锦江一壶酒
jianpucn-475629	jianpucn	ok(曲名命中)	200		http://www.jianpu.cn/pu/47/475629.htm	http://www.jianpu.cn/pu/47/475629.htm	上海人 朱国鑫词曲 歌谱简谱网	上海人
qupu123-334210	qupu123	ok(曲名命中)	200		https://www.qupu123.com/minge/liuzi/p334210.html	https://www.qupu123.com/minge/liuzi/p334210.html	三门峡的幸福 _民歌曲谱_中国曲谱网	三门峡的幸福
jianpucn-299496	jianpucn	ok(曲名命中)	200		http://www.jianpu.cn/pu/29/299496.htm	http://www.jianpu.cn/pu/29/299496.htm	上花轿 邓丽君 歌谱简谱网	上花轿
qupu123-335670	qupu123	ok(曲名命中)	200		https://www.qupu123.com/minge/jiuziyishang/p335670.html	https://www.qupu123.com/minge/jiuziyishang/p335670.html	三门峡，我向往的地方 _民歌曲谱_中国曲谱网	三门峡，我向往的地方
qupu123-332856	qupu123	ok(曲名命中)	200		https://www.qupu123.com/tongsu/bazi/p332856.html	https://www.qupu123.com/tongsu/bazi/p332856.html	上下五千年看今朝 _通俗曲谱_中国曲谱网	上下五千年看今朝
jianpucn-114967	jianpucn	ok(曲名命中)	200		http://www.jianpu.cn/pu/11/114967.htm	http://www.jianpu.cn/pu/11/114967.htm	下一站天后 歌曲类 简谱 歌谱简谱网	下一站天后 歌曲类
jianpucn-129968	jianpucn	ok(曲名命中)	200		http://www.jianpu.cn/pu/12/129968.htm	http://www.jianpu.cn/pu/12/129968.htm	下次不敢 歌谱简谱网	下次不敢
qupu123-354511	qupu123	ok(曲名命中)	200		https://www.qupu123.com/jipu/p354511.html	https://www.qupu123.com/jipu/p354511.html	上学歌 _mwt6461个人制谱园地_中国曲谱网	上学歌
qupu123-374539	qupu123	ok(曲名命中)	200		https://www.qupu123.com/puyou/shangchuan/p374539.html	https://www.qupu123.com/puyou/shangchuan/p374539.html	上海滩 _谱友园地_中国曲谱网	上海滩
jianpujia-149011	jianpujia	ok(曲名命中)	200		https://www.jianpujia.com/jianpu/149011.html	https://www.jianpujia.com/jianpu/149011.html	下雨了钢琴简谱_薛之谦演唱-免费下载-简谱之家	下雨了
jianpucn-113971	jianpucn	ok(曲名命中)	200		http://www.jianpu.cn/pu/11/113971.htm	http://www.jianpu.cn/pu/11/113971.htm	下雨的时候会想你 歌曲类 简谱 歌谱简谱网	下雨的时候会想你 歌曲类
jianpucn-89385	jianpucn	ok(曲名命中)	200		http://www.jianpu.cn/pu/89/89385.htm	http://www.jianpu.cn/pu/89/89385.htm	下雪 歌谱简谱网	下雪
qupu123-325172	qupu123	打不开:URLError	0		https://www.qupu123.com/meisheng/sanzi/p325172.html	https://www.qupu123.com/meisheng/sanzi/p325172.html		丁小琴编-16花非花
qupu123-324958	qupu123	打不开:URLError	0		https://www.qupu123.com/meisheng/liuzi/p324958.html	https://www.qupu123.com/meisheng/liuzi/p324958.html		丁小琴编-7啊，中国的土地
jianpucn-120942	jianpucn	ok(曲名命中)	200		http://www.jianpu.cn/pu/12/120942.htm	http://www.jianpu.cn/pu/12/120942.htm	下雪边界 歌谱简谱网	下雪边界
jianpucn-451219	jianpucn	ok(曲名命中)	200		http://www.jianpu.cn/pu/45/451219.htm	http://www.jianpu.cn/pu/45/451219.htm	下马拜草原 腾格尔 歌谱简谱网	下马拜草原
jianpucn-286798	jianpucn	ok(曲名命中)	200		http://www.jianpu.cn/pu/28/286798.htm	http://www.jianpu.cn/pu/28/286798.htm	不不不 （粤语歌曲） 林忆莲 歌谱简谱网	不不不
qupu123-382792	qupu123	ok(曲名命中)	200		https://www.qupu123.com/tongsu/jiuziyishang/p382792.html	https://www.qupu123.com/tongsu/jiuziyishang/p382792.html	下辈子不一定还能遇见你 _通俗曲谱_中国曲谱网	下辈子不一定还能遇见你
jianpucn-409237	jianpucn	ok(曲名命中)	200		http://www.jianpu.cn/pu/40/409237.htm	http://www.jianpu.cn/pu/40/409237.htm	不为谁而作的歌 林俊杰 歌谱简谱网	不为谁而作的歌
jianpucn-446516	jianpucn	ok(曲名命中)	200		http://www.jianpu.cn/pu/44/446516.htm	http://www.jianpu.cn/pu/44/446516.htm	不再流浪（电影《罗小黑战记》治愈推广曲） 周深 歌谱简谱网	不再流浪
jianpucn-278888	jianpucn	ok(曲名命中)	200		http://www.jianpu.cn/pu/27/278888.htm	http://www.jianpu.cn/pu/27/278888.htm	不再犹豫（双吉它） Beyond 歌谱简谱网	不再犹豫
jianpucn-272404	jianpucn	ok(曲名命中)	200		http://www.jianpu.cn/pu/27/272404.htm	http://www.jianpu.cn/pu/27/272404.htm	不到天荒情不老 蔡幸娟 歌谱简谱网	不到天荒情不老
jianpucn-234084	jianpucn	ok(曲名命中)	200		http://www.jianpu.cn/pu/23/234084.htm	http://www.jianpu.cn/pu/23/234084.htm	不可一世 吉他 — （扫描版） 歌谱简谱网	不可一世
jianpucn-64593	jianpucn	ok(曲名命中)	200		http://www.jianpu.cn/pu/64/64593.htm	http://www.jianpu.cn/pu/64/64593.htm	不同 歌曲类 简谱 歌谱简谱网	不同 歌曲类
qupu123-331009	qupu123	ok(曲名命中)	200		https://www.qupu123.com/tongsu/bazi/p331009.html	https://www.qupu123.com/tongsu/bazi/p331009.html	不在你身边的日子 （杜劲松词 李怀东曲）_通俗曲谱_中国曲谱网	不在你身边的日子
jianpucn-70711	jianpucn	ok(曲名命中)	200		http://www.jianpu.cn/pu/70/70711.htm	http://www.jianpu.cn/pu/70/70711.htm	不后悔 歌谱简谱网	不后悔
jianpucn-432656	jianpucn	ok(曲名命中)	200		http://www.jianpu.cn/pu/43/432656.htm	http://www.jianpu.cn/pu/43/432656.htm	不如归去（台湾电视剧《庭院深深》插曲） 蔡幸娟 歌谱简谱网	不如归去
qupu123-382272	qupu123	ok(曲名命中)	200		https://www.qupu123.com/tongsu/wuzi/p382272.html	https://www.qupu123.com/tongsu/wuzi/p382272.html	不如见一面 _swzhao原创曲谱专栏_中国曲谱网	不如见一面
jianpucn-63136	jianpucn	ok(曲名命中)	200		http://www.jianpu.cn/pu/63/63136.htm	http://www.jianpu.cn/pu/63/63136.htm	不如这样 歌谱简谱网	不如这样
jianpucn-51000	jianpucn	ok(曲名命中)	200		http://www.jianpu.cn/pu/51/51000.htm	http://www.jianpu.cn/pu/51/51000.htm	不如重新开始 歌谱简谱网	不如重新开始
jianpucn-414186	jianpucn	ok(曲名命中)	200		http://www.jianpu.cn/pu/41/414186.htm	http://www.jianpu.cn/pu/41/414186.htm	不将就（尤克里里指弹谱） 李荣浩 歌谱简谱网	不将就
jianpucn-134087	jianpucn	ok(曲名命中)	200		http://www.jianpu.cn/pu/13/134087.htm	http://www.jianpu.cn/pu/13/134087.htm	不应该 歌谱简谱网	不应该
qupu123-332993	qupu123	打不开:URLError	0		https://www.qupu123.com/minge/sanzi/p332993.html	https://www.qupu123.com/minge/sanzi/p332993.html		三峡谣
jianpucn-34193	jianpucn	ok(曲名命中)	200		http://www.jianpu.cn/pu/34/34193.htm	http://www.jianpu.cn/pu/34/34193.htm	不必在乎我是谁1 歌谱简谱网	不必在乎我是谁1
qupu123-335375	qupu123	ok(曲名命中)	200		https://www.qupu123.com/minge/qizi/p335375.html	https://www.qupu123.com/minge/qizi/p335375.html	不忘初心为百姓 _民歌曲谱_中国曲谱网	不忘初心为百姓
qupu123-335910	qupu123	打不开:URLError	0		https://www.qupu123.com/minge/wuzi/p335910.html	https://www.qupu123.com/minge/wuzi/p335910.html		三月杏花开
jianpucn-64600	jianpucn	ok(曲名命中)	200		http://www.jianpu.cn/pu/64/64600.htm	http://www.jianpu.cn/pu/64/64600.htm	不必在乎我是谁 歌曲类 简谱 歌谱简谱网	不必在乎我是谁 歌曲类
jianpucn-120887	jianpucn	ok(曲名命中)	200		http://www.jianpu.cn/pu/12/120887.htm	http://www.jianpu.cn/pu/12/120887.htm	不忘延安（电视剧《保卫延安》片尾曲） 歌谱简谱网	不忘延安
jianpujia-377896	jianpujia	ok(曲名命中)	200		https://www.jianpujia.com/jianpu/377896.html	https://www.jianpujia.com/jianpu/377896.html	不懂钢琴简谱_林俊杰演唱-免费下载-简谱之家	不懂
qupu123-35065	qupu123	ok(曲名命中)	200		https://www.qupu123.com/tongsu/sizi/p35065.html	https://www.qupu123.com/tongsu/sizi/p35065.html	不想长大六线吉他谱（编配乐谱）_通俗曲谱_中国曲谱网	不想长大
jianpucn-313427	jianpucn	ok(曲名命中)	200		http://www.jianpu.cn/pu/31/313427.htm	http://www.jianpu.cn/pu/31/313427.htm	不想睡 梁静茹 歌谱简谱网	不想睡
jianpujia-377981	jianpujia	ok(曲名命中)	200		https://www.jianpujia.com/jianpu/377981.html	https://www.jianpujia.com/jianpu/377981.html	不潮不用花钱钢琴简谱_林俊杰演唱-免费下载-简谱之家	不潮不用花钱
jianpucn-58038	jianpucn	ok(曲名命中)	200		http://www.jianpu.cn/pu/58/58038.htm	http://www.jianpu.cn/pu/58/58038.htm	不愿一个人 歌谱简谱网	不愿一个人
jianpucn-9283	jianpucn	ok(曲名命中)	200		http://www.jianpu.cn/pu/92/9283.htm	http://www.jianpu.cn/pu/92/9283.htm	不懂爱的人 歌谱简谱网	不懂爱的人
jianpujia-74025	jianpujia	ok(曲名命中)	200		https://www.jianpujia.com/jianpu/74025.html	https://www.jianpujia.com/jianpu/74025.html	不管今宵或明天简谱(歌词)_邓丽君演唱_谱友玩音乐的辉哥上传-免费下载-简谱之家	不管今宵或明天
jianpucn-463570	jianpucn	ok(曲名命中)	200		http://www.jianpu.cn/pu/46/463570.htm	http://www.jianpu.cn/pu/46/463570.htm	不染电视剧《香蜜沉沉烬如霜》主题曲 毛不易 歌谱简谱网	不染电视剧《香蜜沉沉烬如霜》主题曲
qupu123-333768	qupu123	打不开:URLError	0		https://www.qupu123.com/shaoer/erziyixia/p333768.html	https://www.qupu123.com/shaoer/erziyixia/p333768.html		上学
jianpucn-402899	jianpucn	ok(曲名命中)	200		http://www.jianpu.cn/pu/40/402899.htm	http://www.jianpu.cn/pu/40/402899.htm	不消失的回忆 孟庭苇 歌谱简谱网	不消失的回忆
qupu123-382376	qupu123	ok(曲名命中)	200		https://www.qupu123.com/tongsu/liuzi/p382376.html	https://www.qupu123.com/tongsu/liuzi/p382376.html	不是我不小心 _通俗曲谱_中国曲谱网	不是我不小心
jianpucn-118658	jianpucn	ok(曲名命中)	200		http://www.jianpu.cn/pu/11/118658.htm	http://www.jianpu.cn/pu/11/118658.htm	不然你要我怎么样 歌谱简谱网	不然你要我怎么样
qupu123-329320	qupu123	ok(曲名命中)	200		https://www.qupu123.com/hechang/qizi/p329320.html	https://www.qupu123.com/hechang/qizi/p329320.html	不渡黄河誓不休 （故事影片《宋景诗》插曲、孙瑜词 贺绿汀曲）_合唱曲谱_中国曲谱网	不渡黄河誓不休
jianpujia-18382	jianpujia	ok(曲名命中)	200		https://www.jianpujia.com/jianpu/18382.html	https://www.jianpujia.com/jianpu/18382.html	不管你是谁简谱(歌词)_邓丽君演唱_王wzh曲谱-免费下载-简谱之家	不管你是谁
jianpucn-64597	jianpucn	ok(曲名命中)	200		http://www.jianpu.cn/pu/64/64597.htm	http://www.jianpu.cn/pu/64/64597.htm	不管有多苦 歌曲类 简谱 歌谱简谱网	不管有多苦
qupu123-385166	qupu123	打不开:URLError	0		https://www.qupu123.com/jipu/p385166.html	https://www.qupu123.com/jipu/p385166.html		下一个天亮
jianpucn-459826	jianpucn	ok(曲名命中)	200		http://www.jianpu.cn/pu/45/459826.htm	http://www.jianpu.cn/pu/45/459826.htm	不老的爸爸 邓丽君 歌谱简谱网	不老的爸爸
qupu123-334682	qupu123	ok(曲名命中)	200		https://www.qupu123.com/tongsu/qizi/p334682.html	https://www.qupu123.com/tongsu/qizi/p334682.html	不知爱你该不该 _通俗曲谱_中国曲谱网	不知爱你该不该
jianpucn-159211	jianpucn	ok(曲名命中)	200		http://www.jianpu.cn/pu/15/159211.htm	http://www.jianpu.cn/pu/15/159211.htm	不能不爱你 歌谱简谱网	不能不爱你
qupu123-334683	qupu123	ok(曲名命中)	200		https://www.qupu123.com/tongsu/wuzi/p334683.html	https://www.qupu123.com/tongsu/wuzi/p334683.html	不老的情怀 （闫世卿词 李成郁曲）_通俗曲谱_中国曲谱网	不老的情怀
jianpucn-34188	jianpucn	ok(曲名命中)	200		http://www.jianpu.cn/pu/34/34188.htm	http://www.jianpu.cn/pu/34/34188.htm	不能和你一起 歌谱简谱网	不能和你一起
jianpujia-380458	jianpujia	ok(曲名命中)	200		https://www.jianpujia.com/jianpu/380458.html	https://www.jianpujia.com/jianpu/380458.html	不能说的秘密片尾曲钢琴简谱_周杰伦演唱-免费下载-简谱之家	不能说的秘密片尾曲
jianpucn-89300	jianpucn	ok(曲名命中)	200		http://www.jianpu.cn/pu/89/89300.htm	http://www.jianpu.cn/pu/89/89300.htm	不想 歌谱简谱网	不想
jianpucn-34189	jianpucn	ok(曲名命中)	200		http://www.jianpu.cn/pu/34/34189.htm	http://www.jianpu.cn/pu/34/34189.htm	不能和你一起2 歌谱简谱网	不能和你一起2
qupu123-34754	qupu123	打不开:URLError	0		https://www.qupu123.com/tongsu/wuzi/p34754.html	https://www.qupu123.com/tongsu/wuzi/p34754.html		下一个天亮
qupu123-334689	qupu123	ok(曲名命中)	200		https://www.qupu123.com/tongsu/wuzi/p334689.html	https://www.qupu123.com/tongsu/wuzi/p334689.html	不能不想你 （宫月英词 刘汉生曲）_通俗曲谱_中国曲谱网	不能不想你
jianpucn-64595	jianpucn	ok(曲名命中)	200		http://www.jianpu.cn/pu/64/64595.htm	http://www.jianpu.cn/pu/64/64595.htm	不能和你在一起 歌曲类 简谱 歌谱简谱网	不能和你在一起 歌曲类
qupu123-330616	qupu123	ok(曲名命中)	200		https://www.qupu123.com/tongsu/wuzi/p330616.html	https://www.qupu123.com/tongsu/wuzi/p330616.html	不能没有你 （刘德斌词 李汉华曲）_通俗曲谱_中国曲谱网	不能没有你
jianpucn-49009	jianpucn	ok(曲名命中)	200		http://www.jianpu.cn/pu/49/49009.htm	http://www.jianpu.cn/pu/49/49009.htm	不能说的秘密 歌谱简谱网	不能说的秘密
qupu123-315383	qupu123	ok(曲名命中)	200		https://www.qupu123.com/jipu/p315383.html	https://www.qupu123.com/jipu/p315383.html	不装饰你的梦 _岭南印象个人制谱园地_中国曲谱网	不装饰你的梦
jianpucn-466685	jianpucn	ok(曲名命中)	200		http://www.jianpu.cn/pu/46/466685.htm	http://www.jianpu.cn/pu/46/466685.htm	不能这样活-辘轳 女人和井片尾曲 刘欢 歌谱简谱网	不能这样活-辘轳 女人和井片尾曲
qupu123-370589	qupu123	ok(曲名命中)	200		https://www.qupu123.com/tongsu/jiuziyishang/p370589.html	https://www.qupu123.com/tongsu/jiuziyishang/p370589.html	不要什么事都往心里搁 _通俗曲谱_中国曲谱网	不要什么事都往心里搁
jianpucn-89817	jianpucn	ok(曲名命中)	200		http://www.jianpu.cn/pu/89/89817.htm	http://www.jianpu.cn/pu/89/89817.htm	不能这样活 歌谱简谱网	不能这样活
jianpucn-51573	jianpucn	ok(曲名命中)	200		http://www.jianpu.cn/pu/51/51573.htm	http://www.jianpu.cn/pu/51/51573.htm	不舍不弃 歌谱简谱网	不舍不弃
qupu123-370595	qupu123	ok(曲名命中)	200		https://www.qupu123.com/meisheng/qizi/p370595.html	https://www.qupu123.com/meisheng/qizi/p370595.html	不要忘了你是谁 _美声曲谱_中国曲谱网	不要忘了你是谁
jianpucn-130297	jianpucn	ok(曲名命中)	200		http://www.jianpu.cn/pu/13/130297.htm	http://www.jianpu.cn/pu/13/130297.htm	不要忘记我 歌谱简谱网	不要忘记我
jianpucn-239037	jianpucn	ok(原记录标题命中)	200		http://www.jianpu.cn/pu/23/239037.htm	http://www.jianpu.cn/pu/23/239037.htm	不要说 不能说的感觉 张信哲 歌谱简谱网	不要说 不能说的感覺
jianpujia-405175	jianpujia	ok(曲名命中)	200		https://www.jianpujia.com/jianpu/405175.html	https://www.jianpujia.com/jianpu/405175.html	不该简谱_周杰伦演唱_方文山/周杰伦词曲-免费下载-简谱之家	不该
jianpucn-132190	jianpucn	ok(曲名命中)	200		http://www.jianpu.cn/pu/13/132190.htm	http://www.jianpu.cn/pu/13/132190.htm	不要说话 歌谱简谱网	不要说话
jianpucn-36076	jianpucn	ok(曲名命中)	200		http://www.jianpu.cn/pu/36/36076.htm	http://www.jianpu.cn/pu/36/36076.htm	不要问为什么(《京都纪事》插曲) 歌谱简谱网	不要问为什么
qupu123-328069	qupu123	ok(曲名命中)	200		https://www.qupu123.com/shaoer/wuzi/p328069.html	https://www.qupu123.com/shaoer/wuzi/p328069.html	不规则的美 _少儿曲谱_中国曲谱网	不规则的美
qupu123-305332	qupu123	ok(曲名命中)	200		https://www.qupu123.com/tongsu/sizi/p305332.html	https://www.qupu123.com/tongsu/sizi/p305332.html	不见不散 （吴铭词曲）_通俗曲谱_中国曲谱网	不见不散
jianpujia-380028	jianpujia	ok(曲名命中)	200		https://www.jianpujia.com/jianpu/380028.html	https://www.jianpujia.com/jianpu/380028.html	不该钢琴简谱_周杰伦演唱-免费下载-简谱之家	不该
jianpujia-149014	jianpujia	ok(曲名命中)	200		https://www.jianpujia.com/jianpu/149014.html	https://www.jianpujia.com/jianpu/149014.html	不说钢琴简谱_李荣浩演唱-免费下载-简谱之家	不说
jianpucn-114643	jianpucn	ok(曲名命中)	200		http://www.jianpu.cn/pu/11/114643.htm	http://www.jianpu.cn/pu/11/114643.htm	不要骗我 歌曲类 简谱 歌谱简谱网	不要骗我
qupu123-394583	qupu123	ok(曲名命中)	200		https://www.qupu123.com/tongsu/wuzi/p394583.html	https://www.qupu123.com/tongsu/wuzi/p394583.html	不让你孤独 _天恩原创曲谱专栏_中国曲谱网	不让你孤独
jianpucn-251973	jianpucn	ok(曲名命中)	200		http://www.jianpu.cn/pu/25/251973.htm	http://www.jianpu.cn/pu/25/251973.htm	不让你看到我的泪 孟庭苇 歌谱简谱网	不让你看到我的泪
jianpucn-258314	jianpucn	ok(曲名命中)	200		http://www.jianpu.cn/pu/25/258314.htm	http://www.jianpu.cn/pu/25/258314.htm	不许他回家 费玉清 歌谱简谱网	不许他回家
qupu123-334647	qupu123	ok(曲名命中)	200		https://www.qupu123.com/tongsu/sizi/p334647.html	https://www.qupu123.com/tongsu/sizi/p334647.html	不诉离殇 _贺文广原创曲谱专栏_中国曲谱网	不诉离殇
jianpucn-157590	jianpucn	ok(曲名命中)	200		http://www.jianpu.cn/pu/15/157590.htm	http://www.jianpu.cn/pu/15/157590.htm	不需要爱情 歌谱简谱网	不需要爱情
jianpujia-22364	jianpujia	ok(曲名命中)	200		https://www.jianpujia.com/jianpu/22364.html	https://www.jianpujia.com/jianpu/22364.html	丑八怪简谱_薛之谦演唱_孙世彦制谱-免费下载-简谱之家	丑八怪
jianpucn-118680	jianpucn	ok(曲名命中)	200		http://www.jianpu.cn/pu/11/118680.htm	http://www.jianpu.cn/pu/11/118680.htm	与世界联网 歌谱简谱网	与世界联网
jianpujia-149454	jianpujia	ok(曲名命中)	200		https://www.jianpujia.com/jianpu/149454.html	https://www.jianpujia.com/jianpu/149454.html	丑八怪钢琴简谱_薛之谦演唱-免费下载-简谱之家	丑八怪
jianpucn-48916	jianpucn	ok(曲名命中)	200		http://www.jianpu.cn/pu/48/48916.htm	http://www.jianpu.cn/pu/48/48916.htm	与你同在 歌谱简谱网	与你同在
jianpujia-148573	jianpujia	ok(曲名命中)	200		https://www.jianpujia.com/jianpu/148573.html	https://www.jianpujia.com/jianpu/148573.html	丑小鸭钢琴简谱_儿歌演唱-免费下载-简谱之家	丑小鸭
jianpucn-411643	jianpucn	ok(曲名命中)	200		http://www.jianpu.cn/pu/41/411643.htm	http://www.jianpu.cn/pu/41/411643.htm	丑八怪（简和谱） 薛之谦 歌谱简谱网	丑八怪
qupu123-334705	qupu123	ok(曲名命中)	200		https://www.qupu123.com/minge/sizi/p334705.html	https://www.qupu123.com/minge/sizi/p334705.html	不负重托 _民歌曲谱_中国曲谱网	不负重托
jianpujia-26539	jianpujia	ok(曲名命中)	200		https://www.jianpujia.com/jianpu/26539.html	https://www.jianpujia.com/jianpu/26539.html	世上只有妈妈好简谱(歌词)_儿歌_陈洲宏记谱-免费下载-简谱之家	世上只有妈妈好
jianpucn-61502	jianpucn	ok(曲名命中)	200		http://www.jianpu.cn/pu/61/61502.htm	http://www.jianpu.cn/pu/61/61502.htm	专一只因为你 歌谱简谱网	专一只因为你
qupu123-395839	qupu123	ok(曲名命中)	200		https://www.qupu123.com/puyou/shangchuan/p395839.html	https://www.qupu123.com/puyou/shangchuan/p395839.html	不跪的花 _............个人制谱园地_中国曲谱网	不跪的花
jianpucn-64126	jianpucn	ok(曲名命中)	200		http://www.jianpu.cn/pu/64/64126.htm	http://www.jianpu.cn/pu/64/64126.htm	且听风吟 歌曲类 简谱 歌谱简谱网	且听风吟 歌曲类
jianpujia-15837	jianpujia	ok(曲名命中)	200		https://www.jianpujia.com/jianpu/15837.html	https://www.jianpujia.com/jianpu/15837.html	世上只有妈妈好简谱_儿歌_献给所有母亲-免费下载-简谱之家	世上只有妈妈好
jianpucn-300629	jianpucn	ok(曲名命中)	200		http://www.jianpu.cn/pu/30/300629.htm	http://www.jianpu.cn/pu/30/300629.htm	世界不会小（又名 开阔的心）（带和弦） 童安格 歌谱简谱网	世界不会小
jianpucn-207774	jianpucn	ok(曲名命中)	200		http://www.jianpu.cn/pu/20/207774.htm	http://www.jianpu.cn/pu/20/207774.htm	世界之城 歌谱简谱网	世界之城
qupu123-394890	qupu123	ok(曲名命中)	200		https://www.qupu123.com/jipu/p394890.html	https://www.qupu123.com/jipu/p394890.html	与你走过的老路 （(合唱版））_天恩原创曲谱专栏_中国曲谱网	与你走过的老路（）
jianpucn-109441	jianpucn	ok(曲名命中)	200		http://www.jianpu.cn/pu/10/109441.htm	http://www.jianpu.cn/pu/10/109441.htm	世界之巅 （简谱版） 歌谱简谱网	世界之巅
jianpucn-73761	jianpucn	ok(曲名命中)	200		http://www.jianpu.cn/pu/73/73761.htm	http://www.jianpu.cn/pu/73/73761.htm	世界很大我很小 歌谱简谱网	世界很大我很小
qupu123-108123	qupu123	ok(曲名命中)	200		https://www.qupu123.com/shaoer/bazi/p108123.html	https://www.qupu123.com/shaoer/bazi/p108123.html	世界上最好的爸爸 _甄勇刚原创曲谱专栏_中国曲谱网	世界上最好的爸爸
jianpucn-109442	jianpucn	ok(曲名命中)	200		http://www.jianpu.cn/pu/10/109442.htm	http://www.jianpu.cn/pu/10/109442.htm	世界末日（简谱版） 歌谱简谱网	世界末日
jianpucn-213352	jianpucn	ok(原记录标题命中)	200		http://www.jianpu.cn/pu/21/213352.htm	http://www.jianpu.cn/pu/21/213352.htm	与我常在 歌谱简谱网	与我常在 chord and solo
jianpucn-38482	jianpucn	ok(曲名命中)	200		http://www.jianpu.cn/pu/38/38482.htm	http://www.jianpu.cn/pu/38/38482.htm	世纪的交响 歌谱简谱网	世纪的交响
jianpujia-74853	jianpujia	ok(曲名命中)	200		https://www.jianpujia.com/jianpu/74853.html	https://www.jianpujia.com/jianpu/74853.html	东北民谣简谱(歌词)_毛不易演唱_谱友曲水悠悠上传-免费下载-简谱之家	东北民谣
jianpucn-163603	jianpucn	ok(曲名命中)	200		http://www.jianpu.cn/pu/16/163603.htm	http://www.jianpu.cn/pu/16/163603.htm	东北秧歌：单掏花 歌谱简谱网	东北秧歌：单掏花
jianpujia-155419	jianpujia	ok(曲名命中)	200		https://www.jianpujia.com/jianpu/155419.html	https://www.jianpujia.com/jianpu/155419.html	东北民谣简谱_毛不易歌曲_孙世彦曲谱-免费下载-简谱之家	东北民谣
jianpucn-163604	jianpucn	ok(曲名命中)	200		http://www.jianpu.cn/pu/16/163604.htm	http://www.jianpu.cn/pu/16/163604.htm	东北秧歌：春秀 歌谱简谱网	东北秧歌：春秀
jianpucn-163605	jianpucn	ok(曲名命中)	200		http://www.jianpu.cn/pu/16/163605.htm	http://www.jianpu.cn/pu/16/163605.htm	东北秧歌：秧歌会 歌谱简谱网	东北秧歌：秧歌会
qupu123-373395	qupu123	ok(曲名命中)	200		https://www.qupu123.com/hechang/jiuziyishang/p373395.html	https://www.qupu123.com/hechang/jiuziyishang/p373395.html	世纪中国梦（合唱简谱） _合唱曲谱_中国曲谱网	世纪中国梦
qupu123-221724	qupu123	ok(曲名命中)	200		https://www.qupu123.com/jipu/p221724.html	https://www.qupu123.com/jipu/p221724.html	​世间始终你好 （香港电视剧《射雕英雄传》主题曲）_蔡少亮个人制谱园地_中国曲谱网	世间始终你好
jianpucn-163609	jianpucn	ok(曲名命中)	200		http://www.jianpu.cn/pu/16/163609.htm	http://www.jianpu.cn/pu/16/163609.htm	东北秧歌：稳相 歌谱简谱网	东北秧歌：稳相
jianpucn-163606	jianpucn	ok(曲名命中)	200		http://www.jianpu.cn/pu/16/163606.htm	http://www.jianpu.cn/pu/16/163606.htm	东北秧歌：跳吧 歌谱简谱网	东北秧歌：跳吧
qupu123-285065	qupu123	ok(曲名命中)	200		https://www.qupu123.com/jipu/p285065.html	https://www.qupu123.com/jipu/p285065.html	世间始终你好 （电视剧《射雕英雄传之华山论剑》主题曲）_玄黄易命个人制谱园地_中国曲谱网	世间始终你好
jianpucn-163610	jianpucn	ok(曲名命中)	200		http://www.jianpu.cn/pu/16/163610.htm	http://www.jianpu.cn/pu/16/163610.htm	东北秧歌：送粮车队 歌谱简谱网	东北秧歌：送粮车队
qupu123-333593	qupu123	ok(曲名命中)	200		https://www.qupu123.com/minge/bazi/p333593.html	https://www.qupu123.com/minge/bazi/p333593.html	东乡族尕妹的心好 _民歌曲谱_中国曲谱网	东乡族尕妹的心好
jianpucn-163608	jianpucn	ok(曲名命中)	200		http://www.jianpu.cn/pu/16/163608.htm	http://www.jianpu.cn/pu/16/163608.htm	东北秧歌：闹秧歌 歌谱简谱网	东北秧歌：闹秧歌
jianpucn-150834	jianpucn	ok(曲名命中)	200		http://www.jianpu.cn/pu/15/150834.htm	http://www.jianpu.cn/pu/15/150834.htm	东山飘雨西山情 歌谱简谱网	东山飘雨西山情
qupu123-333666	qupu123	ok(曲名命中)	200		https://www.qupu123.com/minge/sanzi/p333666.html	https://www.qupu123.com/minge/sanzi/p333666.html	东山美 _民歌曲谱_中国曲谱网	东山美
jianpucn-120408	jianpucn	ok(曲名命中)	200		http://www.jianpu.cn/pu/12/120408.htm	http://www.jianpu.cn/pu/12/120408.htm	东方之港（洋口谣） 歌谱简谱网	东方之港
jianpucn-36517	jianpucn	ok(曲名命中)	200		http://www.jianpu.cn/pu/36/36517.htm	http://www.jianpu.cn/pu/36/36517.htm	东方之珠 歌谱简谱网	东方之珠
qupu123-334219	qupu123	ok(曲名命中)	200		https://www.qupu123.com/minge/wuzi/p334219.html	https://www.qupu123.com/minge/wuzi/p334219.html	东平湖新歌 _民歌曲谱_中国曲谱网	东平湖新歌
qupu123-334209	qupu123	ok(曲名命中)	200		https://www.qupu123.com/minge/wuzi/p334209.html	https://www.qupu123.com/minge/wuzi/p334209.html	东方大家园 _民歌曲谱_中国曲谱网	东方大家园
jianpucn-115332	jianpucn	ok(曲名命中)	200		http://www.jianpu.cn/pu/11/115332.htm	http://www.jianpu.cn/pu/11/115332.htm	东方半点心 歌曲类 简谱 歌谱简谱网	东方半点心 歌曲类
jianpucn-45923	jianpucn	ok(曲名命中)	200		http://www.jianpu.cn/pu/45/45923.htm	http://www.jianpu.cn/pu/45/45923.htm	东方女孩 歌谱简谱网	东方女孩
jianpucn-42986	jianpucn	ok(曲名命中)	200		http://www.jianpu.cn/pu/42/42986.htm	http://www.jianpu.cn/pu/42/42986.htm	东方姑娘 歌谱简谱网	东方姑娘
jianpucn-129220	jianpucn	ok(曲名命中)	200		http://www.jianpu.cn/pu/12/129220.htm	http://www.jianpu.cn/pu/12/129220.htm	东方歌谣 歌谱简谱网	东方歌谣
jianpucn-120403	jianpucn	ok(曲名命中)	200		http://www.jianpu.cn/pu/12/120403.htm	http://www.jianpu.cn/pu/12/120403.htm	东方醒狮 歌谱简谱网	东方醒狮
jianpucn-33626	jianpucn	ok(曲名命中)	200		http://www.jianpu.cn/pu/33/33626.htm	http://www.jianpu.cn/pu/33/33626.htm	东方风采 歌谱简谱网	东方风采
jianpucn-343186	jianpucn	ok(曲名命中)	200		http://www.jianpu.cn/pu/34/343186.htm	http://www.jianpu.cn/pu/34/343186.htm	东江之歌 （作词 于 沙 作曲 邹启炎） 宋祖英 歌谱简谱网	东江之歌
qupu123-371205	qupu123	打不开:URLError	0		https://www.qupu123.com/tongsu/sizi/p371205.html	https://www.qupu123.com/tongsu/sizi/p371205.html		不该用情
jianpucn-130529	jianpucn	ok(曲名命中)	200		http://www.jianpu.cn/pu/13/130529.htm	http://www.jianpu.cn/pu/13/130529.htm	东窗月西窗月 歌谱简谱网	东窗月西窗月
jianpucn-118699	jianpucn	ok(曲名命中)	200		http://www.jianpu.cn/pu/11/118699.htm	http://www.jianpu.cn/pu/11/118699.htm	东营，美丽的家乡 歌谱简谱网	东营，美丽的家乡
jianpucn-34340	jianpucn	ok(曲名命中)	200		http://www.jianpu.cn/pu/34/34340.htm	http://www.jianpu.cn/pu/34/34340.htm	东西南北兵 歌谱简谱网	东西南北兵
qupu123-394809	qupu123	打不开:URLError	0		https://www.qupu123.com/tongsu/qizi/p394809.html	https://www.qupu123.com/tongsu/qizi/p394809.html		不负苍天不负民
jianpucn-120292	jianpucn	ok(曲名命中)	200		http://www.jianpu.cn/pu/12/120292.htm	http://www.jianpu.cn/pu/12/120292.htm	东辰之歌 歌谱简谱网	东辰之歌
jianpucn-114859	jianpucn	ok(曲名命中)	200		http://www.jianpu.cn/pu/11/114859.htm	http://www.jianpu.cn/pu/11/114859.htm	东风破 歌曲类 简谱 歌谱简谱网	东风破 歌曲类
jianpucn-156066	jianpucn	ok(曲名命中)	200		http://www.jianpu.cn/pu/15/156066.htm	http://www.jianpu.cn/pu/15/156066.htm	丝绸之路飞彩虹（蒋大为独唱系列84） 歌谱简谱网	丝绸之路飞彩虹
qupu123-335526	qupu123	ok(曲名命中)	200		https://www.qupu123.com/hechang/wuzi/p335526.html	https://www.qupu123.com/hechang/wuzi/p335526.html	丝竹园之歌 _合唱曲谱_中国曲谱网	丝竹园之歌
jianpucn-115070	jianpucn	ok(曲名命中)	200		http://www.jianpu.cn/pu/11/115070.htm	http://www.jianpu.cn/pu/11/115070.htm	丝路 歌曲类 简谱 歌谱简谱网	丝路 歌曲类
jianpucn-265868	jianpucn	ok(曲名命中)	200		http://www.jianpu.cn/pu/26/265868.htm	http://www.jianpu.cn/pu/26/265868.htm	丝路风情 张也 歌谱简谱网	丝路风情
jianpujia-15847	jianpujia	ok(曲名命中)	200		https://www.jianpujia.com/jianpu/15847.html	https://www.jianpujia.com/jianpu/15847.html	两只老虎简谱_儿歌_惊呆了两只老虎背后竟然有这样的故事-免费下载-简谱之家	两只老虎
qupu123-316033	qupu123	ok(曲名命中)	200		https://www.qupu123.com/meisheng/sizi/p316033.html	https://www.qupu123.com/meisheng/sizi/p316033.html	​50丝绸之路（双谱） _美声曲谱_中国曲谱网	丝绸之路
jianpucn-36605	jianpucn	ok(曲名命中)	200		http://www.jianpu.cn/pu/36/36605.htm	http://www.jianpu.cn/pu/36/36605.htm	两个人的幸运 歌谱简谱网	两个人的幸运
jianpucn-251958	jianpucn	ok(曲名命中)	200		http://www.jianpu.cn/pu/25/251958.htm	http://www.jianpu.cn/pu/25/251958.htm	两小无猜 孟庭苇 歌谱简谱网	两小无猜
jianpujia-26503	jianpujia	ok(曲名命中)	200		https://www.jianpujia.com/jianpu/26503.html	https://www.jianpujia.com/jianpu/26503.html	两只老虎简谱(歌词)_儿歌_陈洲宏记谱-免费下载-简谱之家	两只老虎
qupu123-333434	qupu123	ok(曲名命中)	200		https://www.qupu123.com/minge/sizi/p333434.html	https://www.qupu123.com/minge/sizi/p333434.html	丝绸之路 （陈帆词 张朱论曲）_民歌曲谱_中国曲谱网	丝绸之路
qupu123-333379	qupu123	打不开:URLError	0		https://www.qupu123.com/tongsu/qizi/p333379.html	https://www.qupu123.com/tongsu/qizi/p333379.html		世界就在你面前
jianpujia-234428	jianpujia	ok(曲名命中)	200		https://www.jianpujia.com/jianpu/234428.html	https://www.jianpujia.com/jianpu/234428.html	两只老虎钢琴简谱_儿歌演唱-免费下载-简谱之家	两只老虎
jianpucn-57967	jianpucn	ok(曲名命中)	200		http://www.jianpu.cn/pu/57/57967.htm	http://www.jianpu.cn/pu/57/57967.htm	两种 歌谱简谱网	两种
jianpucn-85703	jianpucn	ok(曲名命中)	200		http://www.jianpu.cn/pu/85/85703.htm	http://www.jianpu.cn/pu/85/85703.htm	个人秘密 歌谱简谱网	个人秘密
qupu123-389019	qupu123	打不开:URLError	0		https://www.qupu123.com/puyou/shangchuan/p389019.html	https://www.qupu123.com/puyou/shangchuan/p389019.html		世界赠与我的
qupu123-341851	qupu123	ok(曲名命中)	200		https://www.qupu123.com/jipu/p341851.html	https://www.qupu123.com/jipu/p341851.html	丢手绢 （老人适用）_还不错个人制谱园地_中国曲谱网	丢手绢
jianpucn-73783	jianpucn	ok(曲名命中)	200		http://www.jianpu.cn/pu/73/73783.htm	http://www.jianpu.cn/pu/73/73783.htm	丫头 歌谱简谱网	丫头
jianpujia-26442	jianpujia	ok(曲名命中)	200		https://www.jianpujia.com/jianpu/26442.html	https://www.jianpujia.com/jianpu/26442.html	中国少年先锋队队歌简谱(歌词)_儿歌_陈洲宏_记谱-免费下载-简谱之家	中国少年先锋队队歌
qupu123-328462	qupu123	ok(曲名命中)	200		https://www.qupu123.com/shaoer/wuzi/p328462.html	https://www.qupu123.com/shaoer/wuzi/p328462.html	两个好朋友 （赵玉武词 李成都曲）_少儿曲谱_中国曲谱网	两个好朋友
jianpucn-475805	jianpucn	ok(曲名命中)	200		http://www.jianpu.cn/pu/47/475805.htm	http://www.jianpu.cn/pu/47/475805.htm	中华你我他 杨会林 歌谱简谱网	中华你我他
qupu123-338446	qupu123	ok(曲名命中)	200		https://www.qupu123.com/puyou/shangchuan/p338446.html	https://www.qupu123.com/puyou/shangchuan/p338446.html	两只蝴蝶 _谱友园地_中国曲谱网	两只蝴蝶
jianpucn-322001	jianpucn	ok(曲名命中)	200		http://www.jianpu.cn/pu/32/322001.htm	http://www.jianpu.cn/pu/32/322001.htm	中华儿女（央视大型专题片《民族的吼声》主题歌） 阎维文 歌谱简谱网	中华儿女
jianpucn-314506	jianpucn	ok(曲名命中)	200		http://www.jianpu.cn/pu/31/314506.htm	http://www.jianpu.cn/pu/31/314506.htm	中华合家欢 阎维文 歌谱简谱网	中华合家欢
qupu123-335635	qupu123	ok(曲名命中)	200		https://www.qupu123.com/minge/wuzi/p335635.html	https://www.qupu123.com/minge/wuzi/p335635.html	中华好儿郎 （赵良田词 刘莎曲）_民歌曲谱_中国曲谱网	中华好儿郎
jianpucn-121415	jianpucn	ok(曲名命中)	200		http://www.jianpu.cn/pu/12/121415.htm	http://www.jianpu.cn/pu/12/121415.htm	中华山歌 歌谱简谱网	中华山歌
qupu123-334377	qupu123	ok(曲名命中)	200		https://www.qupu123.com/minge/qizi/p334377.html	https://www.qupu123.com/minge/qizi/p334377.html	中华得道，新时代 _民歌曲谱_中国曲谱网	中华得道，新时代
jianpucn-33215	jianpucn	ok(曲名命中)	200		http://www.jianpu.cn/pu/33/33215.htm	http://www.jianpu.cn/pu/33/33215.htm	中华有我四季春 歌谱简谱网	中华有我四季春
jianpucn-248338	jianpucn	ok(曲名命中)	200		http://www.jianpu.cn/pu/24/248338.htm	http://www.jianpu.cn/pu/24/248338.htm	中华民族（翟凤岗词 臧云飞 王锐曲） 杨洪基 歌谱简谱网	中华民族
jianpucn-129185	jianpucn	ok(曲名命中)	200		http://www.jianpu.cn/pu/12/129185.htm	http://www.jianpu.cn/pu/12/129185.htm	中华这么美 歌谱简谱网	中华这么美
jianpucn-159744	jianpucn	ok(曲名命中)	200		http://www.jianpu.cn/pu/15/159744.htm	http://www.jianpu.cn/pu/15/159744.htm	中原担当 歌谱简谱网	中原担当
qupu123-373398	qupu123	ok(曲名命中)	200		https://www.qupu123.com/minge/sizi/p373398.html	https://www.qupu123.com/minge/sizi/p373398.html	中国信心 _民歌曲谱_中国曲谱网	中国信心
jianpucn-135303	jianpucn	ok(曲名命中)	200		http://www.jianpu.cn/pu/13/135303.htm	http://www.jianpu.cn/pu/13/135303.htm	中原的后代铁打的汉 歌谱简谱网	中原的后代铁打的汉
jianpucn-151881	jianpucn	ok(曲名命中)	200		http://www.jianpu.cn/pu/15/151881.htm	http://www.jianpu.cn/pu/15/151881.htm	中国万岁 歌谱简谱网	中国万岁
qupu123-335609	qupu123	ok(曲名命中)	200		https://www.qupu123.com/hechang/wuzi/p335609.html	https://www.qupu123.com/hechang/wuzi/p335609.html	中国八点钟 _合唱曲谱_中国曲谱网	中国八点钟
jianpucn-448140	jianpucn	ok(曲名命中)	200		http://www.jianpu.cn/pu/44/448140.htm	http://www.jianpu.cn/pu/44/448140.htm	中国不可阻挡 王宏伟 歌谱简谱网	中国不可阻挡
qupu123-261382	qupu123	ok(曲名命中)	200		https://www.qupu123.com/jipu/p261382.html	https://www.qupu123.com/jipu/p261382.html	中国人 （李安修词 陈耀川曲）_岭南印象个人制谱园地_中国曲谱网	中国人
jianpucn-89408	jianpucn	ok(曲名命中)	200		http://www.jianpu.cn/pu/89/89408.htm	http://www.jianpu.cn/pu/89/89408.htm	中国兵 歌谱简谱网	中国兵
qupu123-333280	qupu123	ok(曲名命中)	200		https://www.qupu123.com/minge/sizi/p333280.html	https://www.qupu123.com/minge/sizi/p333280.html	中国军人 （云剑词 张新用曲）_民歌曲谱_中国曲谱网	中国军人
jianpucn-158788	jianpucn	ok(曲名命中)	200		http://www.jianpu.cn/pu/15/158788.htm	http://www.jianpu.cn/pu/15/158788.htm	中国味道 歌谱简谱网	中国味道
qupu123-336026	qupu123	打不开:URLError	0		https://www.qupu123.com/minge/sanzi/p336026.html	https://www.qupu123.com/minge/sanzi/p336026.html		东峡令
jianpucn-134836	jianpucn	ok(曲名命中)	200		http://www.jianpu.cn/pu/13/134836.htm	http://www.jianpu.cn/pu/13/134836.htm	中国在收获 歌谱简谱网	中国在收获
qupu123-334877	qupu123	ok(曲名命中)	200		https://www.qupu123.com/minge/sizi/p334877.html	https://www.qupu123.com/minge/sizi/p334877.html	中国农民 （牟耀武词 陈铁生曲）_民歌曲谱_中国曲谱网	中国农民
qupu123-333858	qupu123	ok(曲名命中)	200		https://www.qupu123.com/minge/sizi/p333858.html	https://www.qupu123.com/minge/sizi/p333858.html	中国出彩 （李晓军词 陈密娜曲）_民歌曲谱_中国曲谱网	中国出彩
jianpucn-437292	jianpucn	ok(曲名命中)	200		http://www.jianpu.cn/pu/43/437292.htm	http://www.jianpu.cn/pu/43/437292.htm	中国大舞台（70周年国庆专辑） 殷秀梅 歌谱简谱网	中国大舞台
qupu123-333383	qupu123	ok(曲名命中)	200		https://www.qupu123.com/minge/sizi/p333383.html	https://www.qupu123.com/minge/sizi/p333383.html	中国力量 （白传英词 刘汉生曲）_民歌曲谱_中国曲谱网	中国力量
jianpucn-121018	jianpucn	ok(曲名命中)	200		http://www.jianpu.cn/pu/12/121018.htm	http://www.jianpu.cn/pu/12/121018.htm	中国大舞合 歌谱简谱网	中国大舞合
jianpucn-40277	jianpucn	ok(曲名命中)	200		http://www.jianpu.cn/pu/40/40277.htm	http://www.jianpu.cn/pu/40/40277.htm	中国好运 歌谱简谱网	中国好运
qupu123-328363	qupu123	ok(曲名命中)	200		https://www.qupu123.com/meisheng/bazi/p328363.html	https://www.qupu123.com/meisheng/bazi/p328363.html	中国在十月里歌唱 _美声曲谱_中国曲谱网	中国在十月里歌唱
qupu123-341268	qupu123	打不开:URLError	0		https://www.qupu123.com/jipu/p341268.html	https://www.qupu123.com/jipu/p341268.html		东方红
jianpucn-436738	jianpucn	ok(曲名命中)	200		http://www.jianpu.cn/pu/43/436738.htm	http://www.jianpu.cn/pu/43/436738.htm	中国应急救援之歌 王宏伟 歌谱简谱网	中国应急救援之歌
qupu123-333890	qupu123	ok(曲名命中)	200		https://www.qupu123.com/minge/sizi/p333890.html	https://www.qupu123.com/minge/sizi/p333890.html	中国士兵 （王文福词 张新用曲）_民歌曲谱_中国曲谱网	中国士兵
jianpucn-236257	jianpucn	ok(曲名命中)	200		http://www.jianpu.cn/pu/23/236257.htm	http://www.jianpu.cn/pu/23/236257.htm	中国开起了顺风 张也 歌谱简谱网	中国开起了顺风
qupu123-319901	qupu123	ok(曲名命中)	200		https://www.qupu123.com/shaoer/qizi/p319901.html	https://www.qupu123.com/shaoer/qizi/p319901.html	中国妹妹爱书法 _少儿曲谱_中国曲谱网	中国妹妹爱书法
jianpucn-437729	jianpucn	ok(曲名命中)	200		http://www.jianpu.cn/pu/43/437729.htm	http://www.jianpu.cn/pu/43/437729.htm	中国忘不了你 王宏伟 歌谱简谱网	中国忘不了你
qupu123-332991	qupu123	ok(曲名命中)	200		https://www.qupu123.com/shaoer/sanzi/p332991.html	https://www.qupu123.com/shaoer/sanzi/p332991.html	中国娃 （李艳华词 陈元绍曲）_少儿曲谱_中国曲谱网	中国娃
jianpucn-125400	jianpucn	ok(曲名命中)	200		http://www.jianpu.cn/pu/12/125400.htm	http://www.jianpu.cn/pu/12/125400.htm	中国我爱你 歌谱简谱网	中国我爱你
qupu123-333203	qupu123	打不开:URLError	0		https://www.qupu123.com/minge/wuzi/p333203.html	https://www.qupu123.com/minge/wuzi/p333203.html		东风告诉你
qupu123-328290	qupu123	ok(曲名命中)	200		https://www.qupu123.com/shaoer/jiuziyishang/p328290.html	https://www.qupu123.com/shaoer/jiuziyishang/p328290.html	中国少年儿童队队歌 _少儿曲谱_中国曲谱网	中国少年儿童队队歌
jianpucn-127938	jianpucn	ok(曲名命中)	200		http://www.jianpu.cn/pu/12/127938.htm	http://www.jianpu.cn/pu/12/127938.htm	中国无穷 歌谱简谱网	中国无穷
qupu123-320485	qupu123	ok(曲名命中)	200		https://www.qupu123.com/hechang/qizi/p320485.html	https://www.qupu123.com/hechang/qizi/p320485.html	中国放飞的希望 _合唱曲谱_中国曲谱网	中国放飞的希望
jianpucn-151099	jianpucn	ok(曲名命中)	200		http://www.jianpu.cn/pu/15/151099.htm	http://www.jianpu.cn/pu/15/151099.htm	中国是我们每一个 歌谱简谱网	中国是我们每一个
qupu123-370105	qupu123	ok(曲名命中)	200		https://www.qupu123.com/hechang/wuzi/p370105.html	https://www.qupu123.com/hechang/wuzi/p370105.html	中国新时代 （合唱）_交流原创曲谱专栏_中国曲谱网	中国新时代
jianpucn-287473	jianpucn	ok(曲名命中)	200		http://www.jianpu.cn/pu/28/287473.htm	http://www.jianpu.cn/pu/28/287473.htm	中国梦 少年强 蒋大为 歌谱简谱网	中国梦 少年强
jianpucn-284720	jianpucn	ok(曲名命中)	200		http://www.jianpu.cn/pu/28/284720.htm	http://www.jianpu.cn/pu/28/284720.htm	中国梦 引领未来 阎维文 歌谱简谱网	中国梦 引领未来
qupu123-370206	qupu123	ok(曲名命中)	200		https://www.qupu123.com/hechang/wuzi/p370206.html	https://www.qupu123.com/hechang/wuzi/p370206.html	中国朝前走 （合唱）_交流原创曲谱专栏_中国曲谱网	中国朝前走
jianpucn-166971	jianpucn	ok(曲名命中)	200		http://www.jianpu.cn/pu/16/166971.htm	http://www.jianpu.cn/pu/16/166971.htm	中国梦想 歌谱简谱网	中国梦想
jianpucn-415713	jianpucn	ok(曲名命中)	200		http://www.jianpu.cn/pu/41/415713.htm	http://www.jianpu.cn/pu/41/415713.htm	中国的希望合唱谱 张也 歌谱简谱网	中国的希望合唱谱
jianpucn-89407	jianpucn	ok(曲名命中)	200		http://www.jianpu.cn/pu/89/89407.htm	http://www.jianpu.cn/pu/89/89407.htm	中国的年 歌谱简谱网	中国的年
jianpucn-33546	jianpucn	ok(曲名命中)	200		http://www.jianpu.cn/pu/33/33546.htm	http://www.jianpu.cn/pu/33/33546.htm	中国的春天 歌谱简谱网	中国的春天
jianpucn-210709	jianpucn	ok(曲名命中)	200		http://www.jianpu.cn/pu/21/210709.htm	http://www.jianpu.cn/pu/21/210709.htm	中国盛典 歌谱简谱网	中国盛典
jianpucn-407800	jianpucn	ok(曲名命中)	200		http://www.jianpu.cn/pu/40/407800.htm	http://www.jianpu.cn/pu/40/407800.htm	中国禧福祥 王宏伟 歌谱简谱网	中国禧福祥
qupu123-317914	qupu123	ok(曲名命中)	200		https://www.qupu123.com/hechang/jiuziyishang/p317914.html	https://www.qupu123.com/hechang/jiuziyishang/p317914.html	中国永远收获着希望 _合唱曲谱_中国曲谱网	中国永远收获着希望
jianpucn-34537	jianpucn	ok(曲名命中)	200		http://www.jianpu.cn/pu/34/34537.htm	http://www.jianpu.cn/pu/34/34537.htm	中国结 歌谱简谱网	中国结
jianpucn-39157	jianpucn	ok(曲名命中)	200		http://www.jianpu.cn/pu/39/39157.htm	http://www.jianpu.cn/pu/39/39157.htm	中国警察 歌谱简谱网	中国警察
qupu123-313837	qupu123	ok(曲名命中)	200		https://www.qupu123.com/meisheng/wuzi/p313837.html	https://www.qupu123.com/meisheng/wuzi/p313837.html	​3中国的笑容（双谱） _美声曲谱_中国曲谱网	中国的笑容
jianpucn-149051	jianpucn	ok(曲名命中)	200		http://www.jianpu.cn/pu/14/149051.htm	http://www.jianpu.cn/pu/14/149051.htm	中国速度 歌谱简谱网	中国速度
jianpucn-55845	jianpucn	ok(曲名命中)	200		http://www.jianpu.cn/pu/55/55845.htm	http://www.jianpu.cn/pu/55/55845.htm	中国鼓 歌谱简谱网	中国鼓
jianpucn-475610	jianpucn	ok(曲名命中)	200		http://www.jianpu.cn/pu/47/475610.htm	http://www.jianpu.cn/pu/47/475610.htm	中秋情 邹希梅 歌谱简谱网	中秋情
qupu123-335034	qupu123	ok(曲名命中)	200		https://www.qupu123.com/minge/qizi/p335034.html	https://www.qupu123.com/minge/qizi/p335034.html	中国竹乡安吉美 _民歌曲谱_中国曲谱网	中国竹乡安吉美
jianpucn-475381	jianpucn	ok(曲名命中)	200		http://www.jianpu.cn/pu/47/475381.htm	http://www.jianpu.cn/pu/47/475381.htm	丰收中国年（混声合唱） 朱 海 词 子 山 曲 弦声编配 歌谱简谱网	丰收中国年
qupu123-331109	qupu123	ok(曲名命中)	200		https://www.qupu123.com/tongsu/sanzi/p331109.html	https://www.qupu123.com/tongsu/sanzi/p331109.html	中国通 _通俗曲谱_中国曲谱网	中国通
jianpucn-35420	jianpucn	ok(曲名命中)	200		http://www.jianpu.cn/pu/35/35420.htm	http://www.jianpu.cn/pu/35/35420.htm	丰碑 歌谱简谱网	丰碑
qupu123-333433	qupu123	ok(曲名命中)	200		https://www.qupu123.com/minge/sizi/p333433.html	https://www.qupu123.com/minge/sizi/p333433.html	中国高度 _民歌曲谱_中国曲谱网	中国高度
jianpucn-206318	jianpucn	ok(曲名命中)	200		http://www.jianpu.cn/pu/20/206318.htm	http://www.jianpu.cn/pu/20/206318.htm	丹凤朝阳 歌谱简谱网	丹凤朝阳
qupu123-312486	qupu123	ok(曲名命中)	200		https://www.qupu123.com/tongsu/liuzi/p312486.html	https://www.qupu123.com/tongsu/liuzi/p312486.html	中国龙中国风 （李昌明词 王立东曲）_通俗曲谱_中国曲谱网	中国龙中国风
jianpucn-451816	jianpucn	ok(曲名命中)	200		http://www.jianpu.cn/pu/45/451816.htm	http://www.jianpu.cn/pu/45/451816.htm	为了家园 阎维文 歌谱简谱网	为了家园
jianpujia-149662	jianpujia	ok(曲名命中)	200		https://www.jianpujia.com/jianpu/149662.html	https://www.jianpujia.com/jianpu/149662.html	为了遇见你钢琴简谱_薛之谦演唱-免费下载-简谱之家	为了遇见你
jianpucn-188726	jianpucn	ok(曲名命中)	200		http://www.jianpu.cn/pu/18/188726.htm	http://www.jianpu.cn/pu/18/188726.htm	为了家园更美好 歌谱简谱网	为了家园更美好
qupu123-335010	qupu123	ok(曲名命中)	200		https://www.qupu123.com/minge/sizi/p335010.html	https://www.qupu123.com/minge/sizi/p335010.html	中国，中国 （石作良词 武俊毅曲）_民歌曲谱_中国曲谱网	中国，中国
jianpucn-440864	jianpucn	ok(曲名命中)	200		http://www.jianpu.cn/pu/44/440864.htm	http://www.jianpu.cn/pu/44/440864.htm	为了这个家 蒋大为 歌谱简谱网	为了这个家
qupu123-336024	qupu123	ok(曲名命中)	200		https://www.qupu123.com/minge/sanzi/p336024.html	https://www.qupu123.com/minge/sanzi/p336024.html	丰收谣 （江苏江都民歌）_民歌曲谱_中国曲谱网	丰收谣
jianpucn-47883	jianpucn	ok(曲名命中)	200		http://www.jianpu.cn/pu/47/47883.htm	http://www.jianpu.cn/pu/47/47883.htm	为什么我的真换来我的疼 歌谱简谱网	为什么我的真换来我的疼
jianpucn-130761	jianpucn	ok(曲名命中)	200		http://www.jianpu.cn/pu/13/130761.htm	http://www.jianpu.cn/pu/13/130761.htm	为什么我露出幸福的笑容 歌谱简谱网	为什么我露出幸福的笑容
jianpucn-133848	jianpucn	ok(曲名命中)	200		http://www.jianpu.cn/pu/13/133848.htm	http://www.jianpu.cn/pu/13/133848.htm	为你而来 歌谱简谱网	为你而来
jianpucn-158088	jianpucn	ok(曲名命中)	200		http://www.jianpu.cn/pu/15/158088.htm	http://www.jianpu.cn/pu/15/158088.htm	为你而歌-阎维文 歌谱简谱网	为你而歌-阎维文
qupu123-335673	qupu123	ok(曲名命中)	200		https://www.qupu123.com/minge/liuzi/p335673.html	https://www.qupu123.com/minge/liuzi/p335673.html	为了碧水蓝天 _民歌曲谱_中国曲谱网	为了碧水蓝天
jianpucn-134769	jianpucn	ok(曲名命中)	200		http://www.jianpu.cn/pu/13/134769.htm	http://www.jianpu.cn/pu/13/134769.htm	为共和国尽忠，为老百姓尽孝 歌谱简谱网	为共和国尽忠，为老百姓尽孝
qupu123-325012	qupu123	ok(曲名命中)	200		https://www.qupu123.com/tongsu/wuzi/p325012.html	https://www.qupu123.com/tongsu/wuzi/p325012.html	为人民服务 （赵明仁词 向琛子曲）_通俗曲谱_中国曲谱网	为人民服务
jianpucn-33509	jianpucn	ok(曲名命中)	200		http://www.jianpu.cn/pu/33/33509.htm	http://www.jianpu.cn/pu/33/33509.htm	为共和国默默行军 歌谱简谱网	为共和国默默行军
qupu123-292951	qupu123	ok(曲名命中)	200		https://www.qupu123.com/jipu/p292951.html	https://www.qupu123.com/jipu/p292951.html	​为你我受冷风吹 _皓月禅心个人制谱园地_中国曲谱网	为你我受冷风吹
jianpucn-434383	jianpucn	ok(曲名命中)	200		http://www.jianpu.cn/pu/43/434383.htm	http://www.jianpu.cn/pu/43/434383.htm	为农民唱首歌 阎维文 歌谱简谱网	为农民唱首歌
qupu123-370216	qupu123	ok(曲名命中)	200		https://www.qupu123.com/tongsu/sizi/p370216.html	https://www.qupu123.com/tongsu/sizi/p370216.html	为你歌唱 _落红个人制谱园地_中国曲谱网	为你歌唱
jianpucn-434382	jianpucn	ok(曲名命中)	200		http://www.jianpu.cn/pu/43/434382.htm	http://www.jianpu.cn/pu/43/434382.htm	为农民喝彩 阎维文 歌谱简谱网	为农民喝彩
jianpucn-137190	jianpucn	ok(曲名命中)	200		http://www.jianpu.cn/pu/13/137190.htm	http://www.jianpu.cn/pu/13/137190.htm	为君愁 歌谱简谱网	为君愁
qupu123-334158	qupu123	ok(曲名命中)	200		https://www.qupu123.com/hechang/wuzi/p334158.html	https://www.qupu123.com/hechang/wuzi/p334158.html	为平安守夜 _合唱曲谱_中国曲谱网	为平安守夜
jianpucn-85491	jianpucn	ok(曲名命中)	200		http://www.jianpu.cn/pu/85/85491.htm	http://www.jianpu.cn/pu/85/85491.htm	为我好 歌谱简谱网	为我好
jianpucn-131776	jianpucn	ok(曲名命中)	200		http://www.jianpu.cn/pu/13/131776.htm	http://www.jianpu.cn/pu/13/131776.htm	为新春，我们干一杯（蒋大为独唱系列8） 歌谱简谱网	为新春，我们干一杯
qupu123-330887	qupu123	ok(曲名命中)	200		https://www.qupu123.com/tongsu/sizi/p330887.html	https://www.qupu123.com/tongsu/sizi/p330887.html	为爱不朽 _季司亦个人制谱园地_中国曲谱网	为爱不朽
jianpucn-315386	jianpucn	ok(曲名命中)	200		http://www.jianpu.cn/pu/31/315386.htm	http://www.jianpu.cn/pu/31/315386.htm	为梦起航 蒋大为 歌谱简谱网	为梦起航
qupu123-335586	qupu123	打不开:URLError	0		https://www.qupu123.com/minge/qizi/p335586.html	https://www.qupu123.com/minge/qizi/p335586.html		中国是我的老家
qupu123-242616	qupu123	ok(曲名命中)	200		https://www.qupu123.com/jipu/p242616.html	https://www.qupu123.com/jipu/p242616.html	为爱痴狂 （简谱）_乐记简谱个人制谱园地_中国曲谱网	为爱痴狂
jianpucn-114048	jianpucn	ok(曲名命中)	200		http://www.jianpu.cn/pu/11/114048.htm	http://www.jianpu.cn/pu/11/114048.htm	为爱瘦一次 歌曲类 简谱 歌谱简谱网	为爱瘦一次 歌曲类
jianpucn-54128	jianpucn	ok(曲名命中)	200		http://www.jianpu.cn/pu/54/54128.htm	http://www.jianpu.cn/pu/54/54128.htm	为爱而生 歌谱简谱网	为爱而生
jianpujia-400490	jianpujia	ok(原记录标题命中)	200		https://www.jianpujia.com/jianpu/400490.html	https://www.jianpujia.com/jianpu/400490.html	美丽的草原童童词张文曲美丽的草原童童词_张文曲简谱-免费下载-简谱之家	丽
jianpucn-443693	jianpucn	ok(曲名命中)	200		http://www.jianpu.cn/pu/44/443693.htm	http://www.jianpu.cn/pu/44/443693.htm	为爱飞翔(男女声二重唱) 齐秦 歌谱简谱网	为爱飞翔
qupu123-394915	qupu123	打不开:URLError	0		https://www.qupu123.com/tongsu/sanzi/p394915.html	https://www.qupu123.com/tongsu/sanzi/p394915.html		中国梦
jianpujia-313802	jianpujia	ok(曲名命中)	200		https://www.jianpujia.com/jianpu/313802.html	https://www.jianpujia.com/jianpu/313802.html	美丽的草原简谱_刘习军演唱_刘习军、草原大哈/草原丁喜、草原大哈词曲-免费下载-简谱之家	美丽的草原
jianpucn-53572	jianpucn	ok(曲名命中)	200		http://www.jianpu.cn/pu/53/53572.htm	http://www.jianpu.cn/pu/53/53572.htm	为祖国守岁 歌谱简谱网	为祖国守岁
qupu123-333849	qupu123	ok(曲名命中)	200		https://www.qupu123.com/minge/liuzi/p333849.html	https://www.qupu123.com/minge/liuzi/p333849.html	为祖国去远航 （陈道斌词 赵鹏豪曲）_民歌曲谱_中国曲谱网	为祖国去远航
jianpucn-179072	jianpucn	ok(曲名命中)	200		http://www.jianpu.cn/pu/17/179072.htm	http://www.jianpu.cn/pu/17/179072.htm	为祖国祝寿 歌谱简谱网	为祖国祝寿
jianpujia-214254	jianpujia	ok(曲名命中)	200		https://www.jianpujia.com/jianpu/214254.html	https://www.jianpujia.com/jianpu/214254.html	美丽的草原谢淑清词雷晓峰曲美丽的草原谢淑清词_雷晓峰曲简谱-免费下载-简谱之家	美丽的草原谢淑清词雷晓峰曲
qupu123-241568	qupu123	ok(曲名命中)	200		https://www.qupu123.com/tongsu/qizi/p241568.html	https://www.qupu123.com/tongsu/qizi/p241568.html	为自己大声喝采 _通俗曲谱_中国曲谱网	为自己大声喝采
jianpucn-127061	jianpucn	ok(曲名命中)	200		http://www.jianpu.cn/pu/12/127061.htm	http://www.jianpu.cn/pu/12/127061.htm	丽江美 歌谱简谱网	丽江美
jianpucn-294594	jianpucn	ok(曲名命中)	200		http://www.jianpu.cn/pu/29/294594.htm	http://www.jianpu.cn/pu/29/294594.htm	为家乡做点事 阎维文 歌谱简谱网	为家乡做点事
jianpujia-387326	jianpujia	ok(曲名命中)	200		https://www.jianpujia.com/jianpu/387326.html	https://www.jianpujia.com/jianpu/387326.html	乌梅子酱简谱_李荣浩演唱_杏花弦外雨制谱-免费下载-简谱之家	乌梅子酱
jianpucn-243155	jianpucn	ok(曲名命中)	200		http://www.jianpu.cn/pu/24/243155.htm	http://www.jianpu.cn/pu/24/243155.htm	举杯吧朋友 阎维文 歌谱简谱网	举杯吧朋友
qupu123-335293	qupu123	ok(曲名命中)	200		https://www.qupu123.com/minge/jiuziyishang/p335293.html	https://www.qupu123.com/minge/jiuziyishang/p335293.html	为航天插上创新的翅膀 _民歌曲谱_中国曲谱网	为航天插上创新的翅膀
qupu123-308121	qupu123	ok(曲名命中)	200		https://www.qupu123.com/meisheng/sizi/p308121.html	https://www.qupu123.com/meisheng/sizi/p308121.html	举杯朋友 _美声曲谱_中国曲谱网	举杯朋友
jianpucn-127939	jianpucn	ok(曲名命中)	200		http://www.jianpu.cn/pu/12/127939.htm	http://www.jianpu.cn/pu/12/127939.htm	举杯吧朋友2 歌谱简谱网	举杯吧朋友2
jianpujia-387917	jianpujia	ok(曲名命中)	200		https://www.jianpujia.com/jianpu/387917.html	https://www.jianpujia.com/jianpu/387917.html	乌梅子酱钢琴简谱_李荣浩演唱-免费下载-简谱之家	乌梅子酱
qupu123-335132	qupu123	ok(曲名命中)	200		https://www.qupu123.com/minge/wuzi/p335132.html	https://www.qupu123.com/minge/wuzi/p335132.html	久别的草原 （白传英词 老空弦曲）_民歌曲谱_中国曲谱网	久别的草原
jianpucn-470830	jianpucn	ok(曲名命中)	200		http://www.jianpu.cn/pu/47/470830.htm	http://www.jianpu.cn/pu/47/470830.htm	乌兰巴托之夜 动态谱 降央卓玛 歌谱简谱网	乌兰巴托之夜 动态谱
qupu123-821	qupu123	ok(曲名命中)	200		https://www.qupu123.com/minge/liuzi/p821.html	https://www.qupu123.com/minge/liuzi/p821.html	义勇军进行曲简谱（国歌）_民歌曲谱_中国曲谱网	义勇军进行曲
jianpucn-251974	jianpucn	ok(曲名命中)	200		http://www.jianpu.cn/pu/25/251974.htm	http://www.jianpu.cn/pu/25/251974.htm	乘风乘月乘忧去 孟庭苇 歌谱简谱网	乘风乘月乘忧去
jianpujia-17963	jianpujia	ok(曲名命中)	200		https://www.jianpujia.com/jianpu/17963.html	https://www.jianpujia.com/jianpu/17963.html	九儿简谱(歌词)_胡莎莎演唱_君羊曲谱-免费下载-简谱之家	九儿
qupu123-331862	qupu123	ok(曲名命中)	200		https://www.qupu123.com/shaoer/qizi/p331862.html	https://www.qupu123.com/shaoer/qizi/p331862.html	乌兰牧骑进校园 _少儿曲谱_中国曲谱网	乌兰牧骑进校园
jianpucn-158957	jianpucn	ok(曲名命中)	200		http://www.jianpu.cn/pu/15/158957.htm	http://www.jianpu.cn/pu/15/158957.htm	九三，我的家乡 歌谱简谱网	九三，我的家乡
qupu123-334221	qupu123	ok(曲名命中)	200		https://www.qupu123.com/tongsu/sanzi/p334221.html	https://www.qupu123.com/tongsu/sanzi/p334221.html	乐不够 _通俗曲谱_中国曲谱网	乐不够
jianpucn-152127	jianpucn	ok(曲名命中)	200		http://www.jianpu.cn/pu/15/152127.htm	http://www.jianpu.cn/pu/15/152127.htm	九个郎（邓丽君） 歌谱简谱网	九个郎
jianpucn-68362	jianpucn	ok(曲名命中)	200		http://www.jianpu.cn/pu/68/68362.htm	http://www.jianpu.cn/pu/68/68362.htm	九九艳阳天 歌谱简谱网	九九艳阳天
jianpucn-470711	jianpucn	ok(曲名命中)	200		http://www.jianpu.cn/pu/47/470711.htm	http://www.jianpu.cn/pu/47/470711.htm	九儿编号-009、 韩红 歌谱简谱网	九儿编号-009、
qupu123-382703	qupu123	ok(曲名命中)	200		https://www.qupu123.com/tongsu/bazi/p382703.html	https://www.qupu123.com/tongsu/bazi/p382703.html	九十九种回忆的痛 _通俗曲谱_中国曲谱网	九十九种回忆的痛
jianpucn-167107	jianpucn	ok(曲名命中)	200		http://www.jianpu.cn/pu/16/167107.htm	http://www.jianpu.cn/pu/16/167107.htm	九嶷恋歌 歌谱简谱网	九嶷恋歌
jianpucn-64288	jianpucn	ok(曲名命中)	200		http://www.jianpu.cn/pu/64/64288.htm	http://www.jianpu.cn/pu/64/64288.htm	九月 歌曲类 简谱 歌谱简谱网	九月 歌曲类
jianpucn-156735	jianpucn	ok(曲名命中)	200		http://www.jianpu.cn/pu/15/156735.htm	http://www.jianpu.cn/pu/15/156735.htm	九月里秋风过胶东（蒋大为独唱系列90） 歌谱简谱网	九月里秋风过胶东
qupu123-382332	qupu123	ok(曲名命中)	200		https://www.qupu123.com/tongsu/bazi/p382332.html	https://www.qupu123.com/tongsu/bazi/p382332.html	九百九十九朵玫瑰 _通俗曲谱_中国曲谱网	九百九十九朵玫瑰
jianpucn-33679	jianpucn	ok(曲名命中)	200		http://www.jianpu.cn/pu/33/33679.htm	http://www.jianpu.cn/pu/33/33679.htm	乡下亲戚 歌谱简谱网	乡下亲戚
qupu123-335612	qupu123	ok(曲名命中)	200		https://www.qupu123.com/tongsu/jiuziyishang/p335612.html	https://www.qupu123.com/tongsu/jiuziyishang/p335612.html	也许是我伤透了你的心 _通俗曲谱_中国曲谱网	也许是我伤透了你的心
jianpucn-46114	jianpucn	ok(曲名命中)	200		http://www.jianpu.cn/pu/46/46114.htm	http://www.jianpu.cn/pu/46/46114.htm	乡下老妈（阎维文） 歌谱简谱网	乡下老妈
qupu123-334455	qupu123	ok(曲名命中)	200		https://www.qupu123.com/minge/sizi/p334455.html	https://www.qupu123.com/minge/sizi/p334455.html	乡下人家 _民歌曲谱_中国曲谱网	乡下人家
jianpucn-306106	jianpucn	ok(曲名命中)	200		http://www.jianpu.cn/pu/30/306106.htm	http://www.jianpu.cn/pu/30/306106.htm	乡姿 蔡幸娟 歌谱简谱网	乡姿
jianpujia-19488	jianpujia	ok(曲名命中)	200		https://www.jianpujia.com/jianpu/19488.html	https://www.jianpujia.com/jianpu/19488.html	乡间小路简谱_蔡琴_晚霞照亮了我们回家时的路-免费下载-简谱之家	乡间小路
jianpujia-9858	jianpujia	ok(曲名命中)	200		https://www.jianpujia.com/jianpu/9858.html	https://www.jianpujia.com/jianpu/9858.html	乡间的小路简谱(歌词)_卓依婷演唱_岭南印象曲谱-免费下载-简谱之家	乡间的小路
jianpucn-32744	jianpucn	ok(曲名命中)	200		http://www.jianpu.cn/pu/32/32744.htm	http://www.jianpu.cn/pu/32/32744.htm	乡情 歌谱简谱网	乡情
qupu123-324588	qupu123	ok(曲名命中)	200		https://www.qupu123.com/hechang/wuzi/p324588.html	https://www.qupu123.com/hechang/wuzi/p324588.html	乡村吉他声 _合唱曲谱_中国曲谱网	乡村吉他声
jianpucn-6128	jianpucn	ok(曲名命中)	200		http://www.jianpu.cn/pu/61/6128.htm	http://www.jianpu.cn/pu/61/6128.htm	乡愁四韵 歌谱简谱网	乡愁四韵
jianpucn-89270	jianpucn	ok(曲名命中)	200		http://www.jianpu.cn/pu/89/89270.htm	http://www.jianpu.cn/pu/89/89270.htm	乱世佳人 歌谱简谱网	乱世佳人
qupu123-332920	qupu123	ok(曲名命中)	200		https://www.qupu123.com/minge/sizi/p332920.html	https://www.qupu123.com/minge/sizi/p332920.html	乡村振兴 _民歌曲谱_中国曲谱网	乡村振兴
jianpucn-451774	jianpucn	ok(曲名命中)	200		http://www.jianpu.cn/pu/45/451774.htm	http://www.jianpu.cn/pu/45/451774.htm	乳山 你最亲你最好 宋祖英 歌谱简谱网	乳山 你最亲你最好
jianpucn-60480	jianpucn	ok(曲名命中)	200		http://www.jianpu.cn/pu/60/60480.htm	http://www.jianpu.cn/pu/60/60480.htm	二分之一的幸福 歌谱简谱网	二分之一的幸福
qupu123-333727	qupu123	ok(曲名命中)	200		https://www.qupu123.com/minge/sizi/p333727.html	https://www.qupu123.com/minge/sizi/p333727.html	乡间听雨 _民歌曲谱_中国曲谱网	乡间听雨
qupu123-396511	qupu123	ok(曲名命中)	200		https://www.qupu123.com/puyou/shangchuan/p396511.html	https://www.qupu123.com/puyou/shangchuan/p396511.html	书恋 _崀Lang颂Song原创曲谱专栏_中国曲谱网	书恋
jianpucn-280601	jianpucn	ok(曲名命中)	200		http://www.jianpu.cn/pu/28/280601.htm	http://www.jianpu.cn/pu/28/280601.htm	二分明月 费玉清 歌谱简谱网	二分明月
qupu123-328373	qupu123	ok(曲名命中)	200		https://www.qupu123.com/shaoer/wuzi/p328373.html	https://www.qupu123.com/shaoer/wuzi/p328373.html	书香传万家 （合唱）_少儿曲谱_中国曲谱网	书香传万家
jianpujia-314236	jianpujia	ok(曲名命中)	200		https://www.jianpujia.com/jianpu/314236.html	https://www.jianpujia.com/jianpu/314236.html	二月里来_陕西民歌经典民歌100首简谱-免费下载-简谱之家	二月里来_陕西民歌经典民歌100首
jianpucn-56883	jianpucn	ok(曲名命中)	200		http://www.jianpu.cn/pu/56/56883.htm	http://www.jianpu.cn/pu/56/56883.htm	云南美 歌谱简谱网	云南美
qupu123-394715	qupu123	ok(曲名命中)	200		https://www.qupu123.com/tongsu/sizi/p394715.html	https://www.qupu123.com/tongsu/sizi/p394715.html	乱世巨星 _天恩原创曲谱专栏_中国曲谱网	乱世巨星
jianpujia-150712	jianpujia	ok(曲名命中)	200		https://www.jianpujia.com/jianpu/150712.html	https://www.jianpujia.com/jianpu/150712.html	二零三钢琴简谱_毛不易演唱-免费下载-简谱之家	二零三
jianpucn-475816	jianpucn	ok(曲名命中)	200		http://www.jianpu.cn/pu/47/475816.htm	http://www.jianpu.cn/pu/47/475816.htm	云台蝴蝶 歌谱简谱网	云台蝴蝶
jianpucn-149807	jianpucn	ok(曲名命中)	200		http://www.jianpu.cn/pu/14/149807.htm	http://www.jianpu.cn/pu/14/149807.htm	云海里面走小船（董文华独唱系列37） 歌谱简谱网	云海里面走小船
jianpujia-261684	jianpujia	ok(曲名命中)	200		https://www.jianpujia.com/jianpu/261684.html	https://www.jianpujia.com/jianpu/261684.html	云朵上的草原简谱_草原姜婷演唱_草原姜婷曲谱-免费下载-简谱之家	云朵上的草原
qupu123-395122	qupu123	ok(曲名命中)	200		https://www.qupu123.com/puyou/shangchuan/p395122.html	https://www.qupu123.com/puyou/shangchuan/p395122.html	二胡的故事 _明建音乐原创曲谱专栏_中国曲谱网	二胡的故事
jianpujia-18934	jianpujia	ok(曲名命中)	200		https://www.jianpujia.com/jianpu/18934.html	https://www.jianpujia.com/jianpu/18934.html	云河简谱(歌词)_邓丽君演唱_王wzh曲谱-免费下载-简谱之家	云河
jianpucn-86576	jianpucn	ok(曲名命中)	200		http://www.jianpu.cn/pu/86/86576.htm	http://www.jianpu.cn/pu/86/86576.htm	五十六个民族五十六朵花 歌谱简谱网	五十六个民族五十六朵花
jianpujia-239248	jianpujia	ok(曲名命中)	200		https://www.jianpujia.com/jianpu/239248.html	https://www.jianpujia.com/jianpu/239248.html	云朵上的草原草原丁喜萨斯原创曲简谱_草原大哈演唱_草原大哈、逍遥/草原丁喜词曲-免费下载-简谱之家	云朵上的草原草原丁喜萨斯
jianpucn-121450	jianpucn	ok(曲名命中)	200		http://www.jianpu.cn/pu/12/121450.htm	http://www.jianpu.cn/pu/12/121450.htm	五十六个民族同唱一支歌 歌谱简谱网	五十六个民族同唱一支歌
jianpucn-263041	jianpucn	ok(曲名命中)	200		http://www.jianpu.cn/pu/26/263041.htm	http://www.jianpu.cn/pu/26/263041.htm	五和中国 阎维文 歌谱简谱网	五和中国
jianpucn-118923	jianpucn	ok(曲名命中)	200		http://www.jianpu.cn/pu/11/118923.htm	http://www.jianpu.cn/pu/11/118923.htm	五彩岭南 歌谱简谱网	五彩岭南
qupu123-326127	qupu123	ok(曲名命中)	200		https://www.qupu123.com/hechang/jiuziyishang/p326127.html	https://www.qupu123.com/hechang/jiuziyishang/p326127.html	五十六个民族共圆中国梦 _合唱曲谱_中国曲谱网	五十六个民族共圆中国梦
qupu123-380883	qupu123	ok(曲名命中)	200		https://www.qupu123.com/tongsu/wuzi/p380883.html	https://www.qupu123.com/tongsu/wuzi/p380883.html	五十年以后 _通俗曲谱_中国曲谱网	五十年以后
qupu123-328403	qupu123	ok(曲名命中)	200		https://www.qupu123.com/shaoer/sanzi/p328403.html	https://www.qupu123.com/shaoer/sanzi/p328403.html	五指歌 _少儿曲谱_中国曲谱网	五指歌
qupu123-334533	qupu123	ok(曲名命中)	200		https://www.qupu123.com/shaoer/qizi/p334533.html	https://www.qupu123.com/shaoer/qizi/p334533.html	五星红旗升起来 _少儿曲谱_中国曲谱网	五星红旗升起来
qupu123-317051	qupu123	打不开:URLError	0		https://www.qupu123.com/meisheng/jiuziyishang/p317051.html	https://www.qupu123.com/meisheng/jiuziyishang/p317051.html		九泉下望你母子得安宁
qupu123-334286	qupu123	打不开:URLError	0		https://www.qupu123.com/minge/erziyixia/p334286.html	https://www.qupu123.com/minge/erziyixia/p334286.html		乡思
qupu123-380282	qupu123	打不开:URLError	0		https://www.qupu123.com/puyou/shangchuan/p380282.html	https://www.qupu123.com/puyou/shangchuan/p380282.html		乡恋
jianpucn-31781	jianpucn	ok(曲名命中)	200		http://www.jianpu.cn/pu/31/31781.htm	http://www.jianpu.cn/pu/31/31781.htm	五百年窑火 歌谱简谱网	五百年窑火
jianpucn-80903	jianpucn	ok(曲名命中)	200		http://www.jianpu.cn/pu/80/80903.htm	http://www.jianpu.cn/pu/80/80903.htm	五月槐花香 歌谱简谱网	五月槐花香
jianpucn-85738	jianpucn	ok(曲名命中)	200		http://www.jianpu.cn/pu/85/85738.htm	http://www.jianpu.cn/pu/85/85738.htm	五月天-知足 歌谱简谱网	五月天-知足
jianpucn-135717	jianpucn	ok(曲名命中)	200		http://www.jianpu.cn/pu/13/135717.htm	http://www.jianpu.cn/pu/13/135717.htm	五月天 倔强 歌谱简谱网	五月天 倔强
jianpucn-44201	jianpucn	ok(曲名命中)	200		http://www.jianpu.cn/pu/44/44201.htm	http://www.jianpu.cn/pu/44/44201.htm	五福临门 歌谱简谱网	五福临门
jianpucn-157023	jianpucn	ok(曲名命中)	200		http://www.jianpu.cn/pu/15/157023.htm	http://www.jianpu.cn/pu/15/157023.htm	井冈情（蒋大为独唱系列93） 歌谱简谱网	井冈情
qupu123-382333	qupu123	打不开:URLError	0		https://www.qupu123.com/tongsu/qizi/p382333.html	https://www.qupu123.com/tongsu/qizi/p382333.html		二十岁的某一天
qupu123-333276	qupu123	打不开:URLError	0		https://www.qupu123.com/hechang/sizi/p333276.html	https://www.qupu123.com/hechang/sizi/p333276.html		二泉映月
jianpucn-120924	jianpucn	ok(曲名命中)	200		http://www.jianpu.cn/pu/12/120924.htm	http://www.jianpu.cn/pu/12/120924.htm	亚细亚的孤儿 歌谱简谱网	亚细亚的孤儿
qupu123-34746	qupu123	ok(曲名命中)	200		https://www.qupu123.com/tongsu/sanzi/p34746.html	https://www.qupu123.com/tongsu/sanzi/p34746.html	五月天六线吉他谱（编配乐谱）_通俗曲谱_中国曲谱网	五月天
jianpucn-41357	jianpucn	ok(曲名命中)	200		http://www.jianpu.cn/pu/41/41357.htm	http://www.jianpu.cn/pu/41/41357.htm	交城山 歌谱简谱网	交城山
jianpucn-147692	jianpucn	ok(曲名命中)	200		http://www.jianpu.cn/pu/14/147692.htm	http://www.jianpu.cn/pu/14/147692.htm	交警之歌（蒋大为独唱系列60） 歌谱简谱网	交警之歌
jianpujia-338808	jianpujia	ok(曲名命中)	200		https://www.jianpujia.com/jianpu/338808.html	https://www.jianpujia.com/jianpu/338808.html	母亲草原刘志毅词夏宝森曲母亲草原刘志毅词_夏宝森曲简谱-免费下载-简谱之家	母亲草原刘志毅词夏宝森曲
qupu123-382724	qupu123	ok(曲名命中)	200		https://www.qupu123.com/tongsu/wuzi/p382724.html	https://www.qupu123.com/tongsu/wuzi/p382724.html	五百年回眸 _通俗曲谱_中国曲谱网	五百年回眸
jianpucn-472723	jianpucn	ok(曲名命中)	200		http://www.jianpu.cn/pu/47/472723.htm	http://www.jianpu.cn/pu/47/472723.htm	亭亭 孟庭苇 歌谱简谱网	亭亭
qupu123-335617	qupu123	ok(曲名命中)	200		https://www.qupu123.com/shaoer/sizi/p335617.html	https://www.qupu123.com/shaoer/sizi/p335617.html	享受阳光 _少儿曲谱_中国曲谱网	享受阳光
jianpujia-358388	jianpujia	ok(曲名命中)	200		https://www.jianpujia.com/jianpu/358388.html	https://www.jianpujia.com/jianpu/358388.html	母亲草原刘志毅词张瑞孔徐书民曲母亲草原刘志毅词_张瑞孔_徐书民曲简谱-免费下载-简谱之家	母亲草原刘志毅词张瑞孔徐书民曲
jianpucn-54881	jianpucn	ok(曲名命中)	200		http://www.jianpu.cn/pu/54/54881.htm	http://www.jianpu.cn/pu/54/54881.htm	亲亲 歌谱简谱网	亲亲
jianpucn-58556	jianpucn	ok(曲名命中)	200		http://www.jianpu.cn/pu/58/58556.htm	http://www.jianpu.cn/pu/58/58556.htm	亲亲我的宝贝 歌谱简谱网	亲亲我的宝贝
qupu123-237872	qupu123	ok(曲名命中)	200		https://www.qupu123.com/tongsu/sizi/p237872.html	https://www.qupu123.com/tongsu/sizi/p237872.html	京华春梦 （香港电视连续剧《京华春梦》主题歌）_通俗曲谱_中国曲谱网	京华春梦
jianpucn-177388	jianpucn	ok(曲名命中)	200		http://www.jianpu.cn/pu/17/177388.htm	http://www.jianpu.cn/pu/17/177388.htm	亲亲的大别山 歌谱简谱网	亲亲的大别山
jianpucn-64105	jianpucn	ok(曲名命中)	200		http://www.jianpu.cn/pu/64/64105.htm	http://www.jianpu.cn/pu/64/64105.htm	亲亲的宝贝 歌曲类 简谱 歌谱简谱网	亲亲的宝贝 歌曲类
qupu123-370522	qupu123	ok(曲名命中)	200		https://www.qupu123.com/tongsu/jiuziyishang/p370522.html	https://www.qupu123.com/tongsu/jiuziyishang/p370522.html	京歌《我爱你中国） （徐贝涵、丁晓君两版本）_通俗曲谱_中国曲谱网	京歌《我爱你中国）
jianpucn-267537	jianpucn	ok(曲名命中)	200		http://www.jianpu.cn/pu/26/267537.htm	http://www.jianpu.cn/pu/26/267537.htm	亲亲祖国（） 阎维文 歌谱简谱网	亲亲祖国
jianpucn-475922	jianpucn	ok(曲名命中)	200		http://www.jianpu.cn/pu/47/475922.htm	http://www.jianpu.cn/pu/47/475922.htm	亲人子弟兵 乌延永安 歌谱简谱网	亲人子弟兵
qupu123-335633	qupu123	ok(曲名命中)	200		https://www.qupu123.com/shaoer/sanzi/p335633.html	https://www.qupu123.com/shaoer/sanzi/p335633.html	亲亲我 （李严词 周耀武曲）_少儿曲谱_中国曲谱网	亲亲我
jianpucn-296939	jianpucn	ok(曲名命中)	200		http://www.jianpu.cn/pu/29/296939.htm	http://www.jianpu.cn/pu/29/296939.htm	亲情（又名 乡情难忘） 李谷一 歌谱简谱网	亲情
qupu123-331675	qupu123	ok(曲名命中)	200		https://www.qupu123.com/shaoer/sizi/p331675.html	https://www.qupu123.com/shaoer/sizi/p331675.html	亲亲拉萨 _少儿曲谱_中国曲谱网	亲亲拉萨
qupu123-394673	qupu123	ok(曲名命中)	200		https://www.qupu123.com/puyou/shangchuan/p394673.html	https://www.qupu123.com/puyou/shangchuan/p394673.html	亲亲的土地 _陈岁寒三友原创曲谱专栏_中国曲谱网	亲亲的土地
qupu123-267511	qupu123	ok(曲名命中)	200		https://www.qupu123.com/shaoer/bazi/p267511.html	https://www.qupu123.com/shaoer/bazi/p267511.html	亲亲祖国美美的家 （丁恩昌词 楼勤曲）_少儿曲谱_中国曲谱网	亲亲祖国美美的家
qupu123-334526	qupu123	ok(曲名命中)	200		https://www.qupu123.com/shaoer/sizi/p334526.html	https://www.qupu123.com/shaoer/sizi/p334526.html	亲亲西藏 （徐环宙词 高福友曲）_少儿曲谱_中国曲谱网	亲亲西藏
qupu123-370248	qupu123	ok(曲名命中)	200		https://www.qupu123.com/minge/sizi/p370248.html	https://www.qupu123.com/minge/sizi/p370248.html	亲吻祖国 _民歌曲谱_中国曲谱网	亲吻祖国
qupu123-380223	qupu123	ok(曲名命中)	200		https://www.qupu123.com/puyou/shangchuan/p380223.html	https://www.qupu123.com/puyou/shangchuan/p380223.html	亲密爱人 _谱友园地_中国曲谱网	亲密爱人
jianpucn-194563	jianpucn	ok(曲名命中)	200		http://www.jianpu.cn/pu/19/194563.htm	http://www.jianpu.cn/pu/19/194563.htm	亲爱的妈妈-刘德华 歌谱简谱网	亲爱的妈妈-刘德华
qupu123-362755	qupu123	ok(曲名命中)	200		https://www.qupu123.com/yuanchuang/p362755.html	https://www.qupu123.com/yuanchuang/p362755.html	亲情无价 _赵汉吉原创曲谱专栏_中国曲谱网	亲情无价
jianpucn-34901	jianpucn	ok(曲名命中)	200		http://www.jianpu.cn/pu/34/34901.htm	http://www.jianpu.cn/pu/34/34901.htm	亲爱的妈妈 歌谱简谱网	亲爱的妈妈
qupu123-345126	qupu123	ok(曲名命中)	200		https://www.qupu123.com/jipu/p345126.html	https://www.qupu123.com/jipu/p345126.html	亲爱的人Danny Boy合唱简谱 （混声三部）__中国曲谱网	亲爱的人Danny Boy合唱
qupu123-336117	qupu123	打不开:URLError	0		https://www.qupu123.com/minge/sizi/p336117.html	https://www.qupu123.com/minge/sizi/p336117.html		五更鸡子
jianpucn-124714	jianpucn	ok(曲名命中)	200		http://www.jianpu.cn/pu/12/124714.htm	http://www.jianpu.cn/pu/12/124714.htm	亲爱的我要去飞行 歌谱简谱网	亲爱的我要去飞行
jianpucn-438010	jianpucn	ok(曲名命中)	200		http://www.jianpu.cn/pu/43/438010.htm	http://www.jianpu.cn/pu/43/438010.htm	亲爱的旅人啊( 高清单页 双页版 千与千寻中文填词版 ) 周深 歌谱简谱网	亲爱的旅人啊
qupu123-395089	qupu123	ok(曲名命中)	200		https://www.qupu123.com/puyou/shangchuan/p395089.html	https://www.qupu123.com/puyou/shangchuan/p395089.html	亲爱的你啊 _谱友园地_中国曲谱网	亲爱的你啊
jianpucn-85057	jianpucn	ok(曲名命中)	200		http://www.jianpu.cn/pu/85/85057.htm	http://www.jianpu.cn/pu/85/85057.htm	亲爱的爸爸妈妈 歌谱简谱网	亲爱的爸爸妈妈
qupu123-5189	qupu123	ok(曲名命中)	200		https://www.qupu123.com/jipu/p5189.html	https://www.qupu123.com/jipu/p5189.html	亲爱的你还爱我吗简谱_桃李醉春风个人制谱园地_中国曲谱网	亲爱的你还爱我吗
jianpucn-221687	jianpucn	ok(曲名命中)	200		http://www.jianpu.cn/pu/22/221687.htm	http://www.jianpu.cn/pu/22/221687.htm	人儿不能留 歌谱简谱网	人儿不能留
qupu123-333194	qupu123	ok(曲名命中)	200		https://www.qupu123.com/minge/wuzi/p333194.html	https://www.qupu123.com/minge/wuzi/p333194.html	亲爱的祖国 （云剑词 魏民曲）_民歌曲谱_中国曲谱网	亲爱的祖国
jianpucn-119923	jianpucn	ok(曲名命中)	200		http://www.jianpu.cn/pu/11/119923.htm	http://www.jianpu.cn/pu/11/119923.htm	人心无穷大(电视剧《笑傲江湖》插曲) 歌谱简谱网	人心无穷大
qupu123-330848	qupu123	ok(曲名命中)	200		https://www.qupu123.com/shaoer/qizi/p330848.html	https://www.qupu123.com/shaoer/qizi/p330848.html	人人叫我唐老鸭 （电影《米老鼠和唐老鸭》插曲）_少儿曲谱_中国曲谱网	人人叫我唐老鸭
jianpucn-135145	jianpucn	ok(曲名命中)	200		http://www.jianpu.cn/pu/13/135145.htm	http://www.jianpu.cn/pu/13/135145.htm	人比人 歌谱简谱网	人比人
qupu123-393617	qupu123	ok(曲名命中)	200		https://www.qupu123.com/yuanchuang/p393617.html	https://www.qupu123.com/yuanchuang/p393617.html	亲爱的你啊 （三声部合唱简谱）_小花儿357原创曲谱专栏_中国曲谱网	亲爱的你啊
jianpucn-267336	jianpucn	ok(曲名命中)	200		http://www.jianpu.cn/pu/26/267336.htm	http://www.jianpu.cn/pu/26/267336.htm	人民在我心中 阎维文 歌谱简谱网	人民在我心中
qupu123-391781	qupu123	ok(曲名命中)	200		https://www.qupu123.com/yuanchuang/p391781.html	https://www.qupu123.com/yuanchuang/p391781.html	亲爱的你啊 （二声部合唱简谱）_小花儿357原创曲谱专栏_中国曲谱网	亲爱的你啊
qupu123-335099	qupu123	打不开:URLError	0		https://www.qupu123.com/tongsu/qizi/p335099.html	https://www.qupu123.com/tongsu/qizi/p335099.html		五星闪烁兵哥哥
jianpucn-453560	jianpucn	ok(曲名命中)	200		http://www.jianpu.cn/pu/45/453560.htm	http://www.jianpu.cn/pu/45/453560.htm	人民的选择（亦弛记谱） 阎维文 歌谱简谱网	人民的选择
jianpucn-132887	jianpucn	ok(曲名命中)	200		http://www.jianpu.cn/pu/13/132887.htm	http://www.jianpu.cn/pu/13/132887.htm	人生不是一杯酒（蒋大为独唱系列22） 歌谱简谱网	人生不是一杯酒
qupu123-317907	qupu123	ok(曲名命中)	200		https://www.qupu123.com/hechang/qizi/p317907.html	https://www.qupu123.com/hechang/qizi/p317907.html	人民军队忠于党 （冯晓阳编合唱版）_合唱曲谱_中国曲谱网	人民军队忠于党
qupu123-333959	qupu123	ok(曲名命中)	200		https://www.qupu123.com/minge/wuzi/p333959.html	https://www.qupu123.com/minge/wuzi/p333959.html	人民子弟兵 （晨光词 苑飞雪曲）_民歌曲谱_中国曲谱网	人民子弟兵
qupu123-333447	qupu123	打不开:URLError	0		https://www.qupu123.com/minge/qizi/p333447.html	https://www.qupu123.com/minge/qizi/p333447.html		五月_故乡的麦浪
qupu123-335581	qupu123	ok(曲名命中)	200		https://www.qupu123.com/minge/wuzi/p335581.html	https://www.qupu123.com/minge/wuzi/p335581.html	人民的刑警 _民歌曲谱_中国曲谱网	人民的刑警
qupu123-335385	qupu123	打不开:URLError	0		https://www.qupu123.com/shaoer/sanzi/p335385.html	https://www.qupu123.com/shaoer/sanzi/p335385.html		二重唱
jianpucn-475811	jianpucn	ok(曲名命中)	200		http://www.jianpu.cn/pu/47/475811.htm	http://www.jianpu.cn/pu/47/475811.htm	人生咏叹调 蒋立德 歌谱简谱网	人生咏叹调
jianpucn-60189	jianpucn	ok(原记录标题命中)	200		http://www.jianpu.cn/pu/60/60189.htm	http://www.jianpu.cn/pu/60/60189.htm	人生无悔 电视连续剧(风雨丽人)片尾主题歌 歌谱简谱网	人生无悔 电视连续剧片尾主题歌
jianpucn-125902	jianpucn	ok(曲名命中)	200		http://www.jianpu.cn/pu/12/125902.htm	http://www.jianpu.cn/pu/12/125902.htm	人生是太阳 歌谱简谱网	人生是太阳
qupu123-365070	qupu123	ok(曲名命中)	200		https://www.qupu123.com/jipu/p365070.html	https://www.qupu123.com/jipu/p365070.html	人生何处不相逢 _江枫粤乐个人制谱园地_中国曲谱网	人生何处不相逢
qupu123-332855	qupu123	ok(曲名命中)	200		https://www.qupu123.com/tongsu/erziyixia/p332855.html	https://www.qupu123.com/tongsu/erziyixia/p332855.html	人生 （纪朝风词 郑连叶曲）_通俗曲谱_中国曲谱网	人生
qupu123-382725	qupu123	ok(曲名命中)	200		https://www.qupu123.com/tongsu/sizi/p382725.html	https://www.qupu123.com/tongsu/sizi/p382725.html	人生何苦 _通俗曲谱_中国曲谱网	人生何苦
qupu123-333668	qupu123	打不开:URLError	0		https://www.qupu123.com/minge/wuzi/p333668.html	https://www.qupu123.com/minge/wuzi/p333668.html		京杭大运河
jianpucn-40542	jianpucn	ok(曲名命中)	200		http://www.jianpu.cn/pu/40/40542.htm	http://www.jianpu.cn/pu/40/40542.htm	人生第一次 歌谱简谱网	人生第一次
qupu123-335470	qupu123	ok(曲名命中)	200		https://www.qupu123.com/tongsu/qizi/p335470.html	https://www.qupu123.com/tongsu/qizi/p335470.html	人生就是一首歌 （林红词 曹钢龙曲）_通俗曲谱_中国曲谱网	人生就是一首歌
jianpucn-130434	jianpucn	ok(曲名命中)	200		http://www.jianpu.cn/pu/13/130434.htm	http://www.jianpu.cn/pu/13/130434.htm	人见人爱 歌谱简谱网	人见人爱
jianpucn-41577	jianpucn	ok(曲名命中)	200		http://www.jianpu.cn/pu/41/41577.htm	http://www.jianpu.cn/pu/41/41577.htm	人说山西好风光(《我们村里的年轻人》插曲) 歌谱简谱网	人说山西好风光
jianpucn-232641	jianpucn	ok(曲名命中)	200		http://www.jianpu.cn/pu/23/232641.htm	http://www.jianpu.cn/pu/23/232641.htm	人走天边心在家（电影《亡命鸳鸯》主题歌） 歌谱简谱网	人走天边心在家
qupu123-335373	qupu123	ok(曲名命中)	200		https://www.qupu123.com/tongsu/qizi/p335373.html	https://www.qupu123.com/tongsu/qizi/p335373.html	人生有情如小花 _通俗曲谱_中国曲谱网	人生有情如小花
jianpucn-158965	jianpucn	ok(曲名命中)	200		http://www.jianpu.cn/pu/15/158965.htm	http://www.jianpu.cn/pu/15/158965.htm	人醉张家界 歌谱简谱网	人醉张家界
jianpucn-475894	jianpucn	ok(曲名命中)	200		http://www.jianpu.cn/pu/47/475894.htm	http://www.jianpu.cn/pu/47/475894.htm	人间共鸣 李健 歌谱简谱网	人间共鸣
qupu123-332394	qupu123	ok(曲名命中)	200		https://www.qupu123.com/tongsu/qizi/p332394.html	https://www.qupu123.com/tongsu/qizi/p332394.html	人生有爱有方向 _通俗曲谱_中国曲谱网	人生有爱有方向
jianpucn-136307	jianpucn	ok(曲名命中)	200		http://www.jianpu.cn/pu/13/136307.htm	http://www.jianpu.cn/pu/13/136307.htm	人间情爱 歌谱简谱网	人间情爱
qupu123-335264	qupu123	ok(曲名命中)	200		https://www.qupu123.com/minge/jiuziyishang/p335264.html	https://www.qupu123.com/minge/jiuziyishang/p335264.html	人生的歌应该怎么唱 _民歌曲谱_中国曲谱网	人生的歌应该怎么唱
jianpucn-473476	jianpucn	ok(曲名命中)	200		http://www.jianpu.cn/pu/47/473476.htm	http://www.jianpu.cn/pu/47/473476.htm	人间星河（通俗歌曲） 周深 歌谱简谱网	人间星河
qupu123-320725	qupu123	ok(曲名命中)	200		https://www.qupu123.com/hechang/jiuziyishang/p320725.html	https://www.qupu123.com/hechang/jiuziyishang/p320725.html	人类命运共同体之歌 _合唱曲谱_中国曲谱网	人类命运共同体之歌
jianpucn-451602	jianpucn	ok(曲名命中)	200		http://www.jianpu.cn/pu/45/451602.htm	http://www.jianpu.cn/pu/45/451602.htm	人间第一情(大字单页) 阎维文 歌谱简谱网	人间第一情
jianpucn-128754	jianpucn	ok(曲名命中)	200		http://www.jianpu.cn/pu/12/128754.htm	http://www.jianpu.cn/pu/12/128754.htm	人间道 歌谱简谱网	人间道
jianpucn-229742	jianpucn	ok(曲名命中)	200		http://www.jianpu.cn/pu/22/229742.htm	http://www.jianpu.cn/pu/22/229742.htm	人间第一情 钢琴 — 歌谱简谱网	人间第一情 钢琴
qupu123-394853	qupu123	ok(曲名命中)	200		https://www.qupu123.com/tongsu/qizi/p394853.html	https://www.qupu123.com/tongsu/qizi/p394853.html	人间大义孝为先 _天恩原创曲谱专栏_中国曲谱网	人间大义孝为先
jianpucn-109475	jianpucn	ok(曲名命中)	200		http://www.jianpu.cn/pu/10/109475.htm	http://www.jianpu.cn/pu/10/109475.htm	人鬼情未了 歌谱简谱网	人鬼情未了
qupu123-382916	qupu123	ok(曲名命中)	200		https://www.qupu123.com/tongsu/sizi/p382916.html	https://www.qupu123.com/tongsu/sizi/p382916.html	人间烟火 _通俗曲谱_中国曲谱网	人间烟火
jianpucn-341294	jianpucn	ok(曲名命中)	200		http://www.jianpu.cn/pu/34/341294.htm	http://www.jianpu.cn/pu/34/341294.htm	今夜想起你（林煌坤词 猪俁公章曲） 邓丽君 歌谱简谱网	今夜想起你
qupu123-396190	qupu123	ok(曲名命中)	200		https://www.qupu123.com/puyou/shangchuan/p396190.html	https://www.qupu123.com/puyou/shangchuan/p396190.html	什么雪能和你白头 _............个人制谱园地_中国曲谱网	什么雪能和你白头
jianpucn-138383	jianpucn	ok(曲名命中)	200		http://www.jianpu.cn/pu/13/138383.htm	http://www.jianpu.cn/pu/13/138383.htm	今夜搁再想你 闽南语 歌谱简谱网	今夜搁再想你 闽南语
jianpucn-130380	jianpucn	ok(曲名命中)	200		http://www.jianpu.cn/pu/13/130380.htm	http://www.jianpu.cn/pu/13/130380.htm	今夜无酒也醉 歌谱简谱网	今夜无酒也醉
qupu123-296256	qupu123	ok(曲名命中)	200		https://www.qupu123.com/tongsu/erziyixia/p296256.html	https://www.qupu123.com/tongsu/erziyixia/p296256.html	人间 （林夕词 中岛美雪曲、编配乐谱）_通俗曲谱_中国曲谱网	人间
jianpucn-157509	jianpucn	ok(曲名命中)	200		http://www.jianpu.cn/pu/15/157509.htm	http://www.jianpu.cn/pu/15/157509.htm	今夜梦还暖 歌谱简谱网	今夜梦还暖
jianpujia-244832	jianpujia	ok(曲名命中)	200		https://www.jianpujia.com/jianpu/244832.html	https://www.jianpujia.com/jianpu/244832.html	今夜的月亮很草原知音草原恋曲系列之三简谱-免费下载-简谱之家	今夜的月亮很草原知音草原恋曲系列之三
qupu123-334697	qupu123	ok(曲名命中)	200		https://www.qupu123.com/minge/sizi/p334697.html	https://www.qupu123.com/minge/sizi/p334697.html	今又重阳 （石卓秋词 刘汉生曲）_民歌曲谱_中国曲谱网	今又重阳
jianpucn-34574	jianpucn	ok(曲名命中)	200		http://www.jianpu.cn/pu/34/34574.htm	http://www.jianpu.cn/pu/34/34574.htm	今天 歌谱简谱网	今天
qupu123-351987	qupu123	ok(曲名命中)	200		https://www.qupu123.com/yuanchuang/p351987.html	https://www.qupu123.com/yuanchuang/p351987.html	今夜你会不会来 （乐队总谱）_琴音无邪原创曲谱专栏_中国曲谱网	今夜你会不会来
jianpucn-156727	jianpucn	ok(曲名命中)	200		http://www.jianpu.cn/pu/15/156727.htm	http://www.jianpu.cn/pu/15/156727.htm	今天的我-童安格 歌谱简谱网	今天的我
qupu123-382089	qupu123	打不开:URLError	0		https://www.qupu123.com/tongsu/erziyixia/p382089.html	https://www.qupu123.com/tongsu/erziyixia/p382089.html		人是
qupu123-394820	qupu123	ok(曲名命中)	200		https://www.qupu123.com/tongsu/qizi/p394820.html	https://www.qupu123.com/tongsu/qizi/p394820.html	今夜我一个人醉 _天恩原创曲谱专栏_中国曲谱网	今夜我一个人醉
jianpucn-475818	jianpucn	ok(曲名命中)	200		http://www.jianpu.cn/pu/47/475818.htm	http://www.jianpu.cn/pu/47/475818.htm	今天真好 罗娇 歌谱简谱网	今天真好
jianpujia-76272	jianpujia	ok(曲名命中)	200		https://www.jianpujia.com/jianpu/76272.html	https://www.jianpujia.com/jianpu/76272.html	今年勇简谱(歌词)_许嵩演唱_火中莲记谱-免费下载-简谱之家	今年勇
qupu123-335560	qupu123	打不开:URLError	0		https://www.qupu123.com/minge/wuzi/p335560.html	https://www.qupu123.com/minge/wuzi/p335560.html		人民勤务员
jianpucn-243340	jianpucn	ok(曲名命中)	200		http://www.jianpu.cn/pu/24/243340.htm	http://www.jianpu.cn/pu/24/243340.htm	今日中国充满希望（十八集大型专题纪录片《今日中国》主题歌） 宋祖英 歌谱简谱网	今日中国充满希望
qupu123-381203	qupu123	ok(曲名命中)	200		https://www.qupu123.com/tongsu/jiuziyishang/p381203.html	https://www.qupu123.com/tongsu/jiuziyishang/p381203.html	今天是你的生日中国 _通俗曲谱_中国曲谱网	今天是你的生日中国
jianpucn-152907	jianpucn	ok(曲名命中)	200		http://www.jianpu.cn/pu/15/152907.htm	http://www.jianpu.cn/pu/15/152907.htm	今日农家 歌谱简谱网	今日农家
qupu123-335320	qupu123	ok(曲名命中)	200		https://www.qupu123.com/minge/qizi/p335320.html	https://www.qupu123.com/minge/qizi/p335320.html	今天，你如此精彩 _民歌曲谱_中国曲谱网	今天，你如此精彩
jianpucn-121569	jianpucn	ok(曲名命中)	200		http://www.jianpu.cn/pu/12/121569.htm	http://www.jianpu.cn/pu/12/121569.htm	今日的中国人 歌谱简谱网	今日的中国人
qupu123-316430	qupu123	ok(曲名命中)	200		https://www.qupu123.com/meisheng/liuzi/p316430.html	https://www.qupu123.com/meisheng/liuzi/p316430.html	​11今宵如此美丽（双谱） _美声曲谱_中国曲谱网	今宵如此美丽
qupu123-370089	qupu123	打不开:URLError	0		https://www.qupu123.com/hechang/wuzi/p370089.html	https://www.qupu123.com/hechang/wuzi/p370089.html		人民是江山
jianpucn-48051	jianpucn	ok(曲名命中)	200		http://www.jianpu.cn/pu/48/48051.htm	http://www.jianpu.cn/pu/48/48051.htm	今日苗山歌最多 歌谱简谱网	今日苗山歌最多
qupu123-318071	qupu123	ok(曲名命中)	200		https://www.qupu123.com/hechang/qizi/p318071.html	https://www.qupu123.com/hechang/qizi/p318071.html	今日得酬英雄志 （歌剧《贺龙之死》选曲）_合唱曲谱_中国曲谱网	今日得酬英雄志
jianpucn-287929	jianpucn	ok(曲名命中)	200		http://www.jianpu.cn/pu/28/287929.htm	http://www.jianpu.cn/pu/28/287929.htm	今晚要尽情 张学友 歌谱简谱网	今晚要尽情
qupu123-237318	qupu123	打不开:URLError	0		https://www.qupu123.com/tongsu/wuzi/p237318.html	https://www.qupu123.com/tongsu/wuzi/p237318.html		人生与命运
qupu123-296553	qupu123	ok(曲名命中)	200		https://www.qupu123.com/meisheng/sizi/p296553.html	https://www.qupu123.com/meisheng/sizi/p296553.html	今日有约 _美声曲谱_中国曲谱网	今日有约
jianpucn-152300	jianpucn	ok(曲名命中)	200		http://www.jianpu.cn/pu/15/152300.htm	http://www.jianpu.cn/pu/15/152300.htm	今晚要的爱 歌谱简谱网	今晚要的爱
qupu123-334972	qupu123	打不开:URLError	0		https://www.qupu123.com/tongsu/wuzi/p334972.html	https://www.qupu123.com/tongsu/wuzi/p334972.html		人生二十年
jianpucn-475846	jianpucn	ok(曲名命中)	200		http://www.jianpu.cn/pu/47/475846.htm	http://www.jianpu.cn/pu/47/475846.htm	今生不再 黎明 歌谱简谱网	今生不再
qupu123-369952	qupu123	ok(曲名命中)	200		https://www.qupu123.com/meisheng/bazi/p369952.html	https://www.qupu123.com/meisheng/bazi/p369952.html	从小小我就爱上你 _美声曲谱_中国曲谱网	从小小我就爱上你
jianpucn-132473	jianpucn	ok(曲名命中)	200		http://www.jianpu.cn/pu/13/132473.htm	http://www.jianpu.cn/pu/13/132473.htm	今生今世遥不可及 歌谱简谱网	今生今世遥不可及
jianpucn-283549	jianpucn	ok(曲名命中)	200		http://www.jianpu.cn/pu/28/283549.htm	http://www.jianpu.cn/pu/28/283549.htm	从前慢（2015年央视春晚歌曲） 刘欢 歌谱简谱网	从前慢
qupu123-199784	qupu123	ok(曲名命中)	200		https://www.qupu123.com/jipu/p199784.html	https://www.qupu123.com/jipu/p199784.html	今生难得有情人 （郭峰词曲）_君羊个人制谱园地_中国曲谱网	今生难得有情人
jianpucn-61011	jianpucn	ok(曲名命中)	200		http://www.jianpu.cn/pu/61/61011.htm	http://www.jianpu.cn/pu/61/61011.htm	从头再来 歌谱简谱网	从头再来
qupu123-395359	qupu123	ok(曲名命中)	200		https://www.qupu123.com/puyou/shangchuan/p395359.html	https://www.qupu123.com/puyou/shangchuan/p395359.html	从小爱说文明语 _张荣辉作曲原创曲谱专栏_中国曲谱网	从小爱说文明语
jianpucn-188178	jianpucn	ok(曲名命中)	200		http://www.jianpu.cn/pu/18/188178.htm	http://www.jianpu.cn/pu/18/188178.htm	从头开始 歌谱简谱网	从头开始
jianpucn-109482	jianpucn	ok(曲名命中)	200		http://www.jianpu.cn/pu/10/109482.htm	http://www.jianpu.cn/pu/10/109482.htm	从开始到现在－冬日恋歌（高音萨克斯） 歌谱简谱网	从开始到现在－冬日恋歌
jianpucn-143473	jianpucn	ok(曲名命中)	200		http://www.jianpu.cn/pu/14/143473.htm	http://www.jianpu.cn/pu/14/143473.htm	从来没有想过这样道别离 歌谱简谱网	从来没有想过这样道别离
jianpucn-120518	jianpucn	ok(曲名命中)	200		http://www.jianpu.cn/pu/12/120518.htm	http://www.jianpu.cn/pu/12/120518.htm	从现在开始思念你 歌谱简谱网	从现在开始思念你
qupu123-396386	qupu123	ok(曲名命中)	200		https://www.qupu123.com/puyou/shangchuan/p396386.html	https://www.qupu123.com/puyou/shangchuan/p396386.html	他乡月不及故乡灯 _谱天下个人制谱园地_中国曲谱网	他乡月不及故乡灯
jianpucn-172133	jianpucn	ok(曲名命中)	200		http://www.jianpu.cn/pu/17/172133.htm	http://www.jianpu.cn/pu/17/172133.htm	他一定很爱你-扫描谱 歌谱简谱网	他一定很爱你-扫描谱
qupu123-327594	qupu123	ok(曲名命中)	200		https://www.qupu123.com/shaoer/qizi/p327594.html	https://www.qupu123.com/shaoer/qizi/p327594.html	他俩脸蛋羞红啦 _少儿曲谱_中国曲谱网	他俩脸蛋羞红啦
jianpucn-90255	jianpucn	ok(曲名命中)	200		http://www.jianpu.cn/pu/90/90255.htm	http://www.jianpu.cn/pu/90/90255.htm	他一定很爱你 歌谱简谱网	他一定很爱你
jianpucn-114119	jianpucn	ok(曲名命中)	200		http://www.jianpu.cn/pu/11/114119.htm	http://www.jianpu.cn/pu/11/114119.htm	他不定很爱你 歌曲类 简谱 歌谱简谱网	他不定很爱你 歌曲类
jianpujia-238455	jianpujia	ok(曲名命中)	200		https://www.jianpujia.com/jianpu/238455.html	https://www.jianpujia.com/jianpu/238455.html	难以把你放下草原丁喜萨斯原创曲简谱_草原西子演唱_马正寿、黎敦武/草原丁喜、马正寿词曲-免费下载-简谱之家	难以把你放下草原丁喜萨斯
qupu123-333244	qupu123	ok(曲名命中)	200		https://www.qupu123.com/minge/jiuziyishang/p333244.html	https://www.qupu123.com/minge/jiuziyishang/p333244.html	仗怎么打，咱就怎么练 _民歌曲谱_中国曲谱网	仗怎么打，咱就怎么练
jianpucn-349803	jianpucn	ok(曲名命中)	200		http://www.jianpu.cn/pu/34/349803.htm	http://www.jianpu.cn/pu/34/349803.htm	他不爱我 莫文蔚 歌谱简谱网	他不爱我
jianpucn-197500	jianpucn	ok(曲名命中)	200		http://www.jianpu.cn/pu/19/197500.htm	http://www.jianpu.cn/pu/19/197500.htm	他的吉他 歌谱简谱网	他的吉他
qupu123-333721	qupu123	ok(曲名命中)	200		https://www.qupu123.com/minge/sanzi/p333721.html	https://www.qupu123.com/minge/sanzi/p333721.html	仙女山 _民歌曲谱_中国曲谱网	仙女山
qupu123-336097	qupu123	ok(曲名命中)	200		https://www.qupu123.com/minge/wuzi/p336097.html	https://www.qupu123.com/minge/wuzi/p336097.html	仙娘梳妆调 _民歌曲谱_中国曲谱网	仙娘梳妆调
jianpucn-148057	jianpucn	ok(曲名命中)	200		http://www.jianpu.cn/pu/14/148057.htm	http://www.jianpu.cn/pu/14/148057.htm	他的故事 歌谱简谱网	他的故事
jianpucn-31446	jianpucn	ok(曲名命中)	200		http://www.jianpu.cn/pu/31/31446.htm	http://www.jianpu.cn/pu/31/31446.htm	仗仗打得赢 歌谱简谱网	仗仗打得赢
jianpucn-159875	jianpucn	ok(曲名命中)	200		http://www.jianpu.cn/pu/15/159875.htm	http://www.jianpu.cn/pu/15/159875.htm	以为你都知道 歌谱简谱网	以为你都知道
jianpucn-298726	jianpucn	ok(曲名命中)	200		http://www.jianpu.cn/pu/29/298726.htm	http://www.jianpu.cn/pu/29/298726.htm	以民为心 阎维文 歌谱简谱网	以民为心
jianpucn-35453	jianpucn	ok(曲名命中)	200		http://www.jianpu.cn/pu/35/35453.htm	http://www.jianpu.cn/pu/35/35453.htm	伊人何处 歌谱简谱网	伊人何处
jianpucn-442958	jianpucn	ok(曲名命中)	200		http://www.jianpu.cn/pu/44/442958.htm	http://www.jianpu.cn/pu/44/442958.htm	伊犁河的月夜（高清） 杨洪基 歌谱简谱网	伊犁河的月夜
jianpucn-138069	jianpucn	ok(曲名命中)	200		http://www.jianpu.cn/pu/13/138069.htm	http://www.jianpu.cn/pu/13/138069.htm	众里寻你（2011春晚歌曲） 歌谱简谱网	众里寻你
jianpucn-44494	jianpucn	ok(曲名命中)	200		http://www.jianpu.cn/pu/44/44494.htm	http://www.jianpu.cn/pu/44/44494.htm	传说(《成吉思汗》片头曲) 歌谱简谱网	传说
qupu123-333392	qupu123	ok(曲名命中)	200		https://www.qupu123.com/minge/sanzi/p333392.html	https://www.qupu123.com/minge/sanzi/p333392.html	仰阿莎 _民歌曲谱_中国曲谱网	仰阿莎
jianpucn-68893	jianpucn	ok(曲名命中)	200		http://www.jianpu.cn/pu/68/68893.htm	http://www.jianpu.cn/pu/68/68893.htm	伤了你的心的我伤心 歌谱简谱网	伤了你的心的我伤心
jianpucn-239036	jianpucn	ok(曲名命中)	200		http://www.jianpu.cn/pu/23/239036.htm	http://www.jianpu.cn/pu/23/239036.htm	伤了你的心的我的伤心 孟庭苇 歌谱简谱网	伤了你的心的我的伤心
qupu123-294993	qupu123	ok(曲名命中)	200		https://www.qupu123.com/meisheng/jiuziyishang/p294993.html	https://www.qupu123.com/meisheng/jiuziyishang/p294993.html	伐檀·奴隶劳动号子 _美声曲谱_中国曲谱网	伐檀·奴隶劳动号子
jianpucn-53467	jianpucn	ok(曲名命中)	200		http://www.jianpu.cn/pu/53/53467.htm	http://www.jianpu.cn/pu/53/53467.htm	伤了你的心的我的心 歌谱简谱网	伤了你的心的我的心
jianpucn-253033	jianpucn	ok(曲名命中)	200		http://www.jianpu.cn/pu/25/253033.htm	http://www.jianpu.cn/pu/25/253033.htm	伤心的人别听慢歌 五月天 歌谱简谱网	伤心的人别听慢歌
jianpucn-52592	jianpucn	ok(曲名命中)	200		http://www.jianpu.cn/pu/52/52592.htm	http://www.jianpu.cn/pu/52/52592.htm	伤心的歌 歌谱简谱网	伤心的歌
jianpujia-152759	jianpujia	ok(曲名命中)	200		https://www.jianpujia.com/jianpu/152759.html	https://www.jianpujia.com/jianpu/152759.html	伤心的人别听慢歌钢琴简谱_数字双手_五月天-免费下载-简谱之家	伤心的人别听慢歌
qupu123-333703	qupu123	ok(曲名命中)	200		https://www.qupu123.com/minge/wuzi/p333703.html	https://www.qupu123.com/minge/wuzi/p333703.html	伟大的旗帜 （沈波词 张盛金曲）_民歌曲谱_中国曲谱网	伟大的旗帜
jianpucn-266188	jianpucn	ok(曲名命中)	200		http://www.jianpu.cn/pu/26/266188.htm	http://www.jianpu.cn/pu/26/266188.htm	伤心证明书 陈奕迅 歌谱简谱网	伤心证明书
jianpucn-114164	jianpucn	ok(曲名命中)	200		http://www.jianpu.cn/pu/11/114164.htm	http://www.jianpu.cn/pu/11/114164.htm	伤痕 歌曲类 简谱 歌谱简谱网	伤痕 歌曲类
jianpujia-18364	jianpujia	ok(曲名命中)	200		https://www.jianpujia.com/jianpu/18364.html	https://www.jianpujia.com/jianpu/18364.html	伴你走天涯简谱(歌词)_邓丽君演唱_王wzh曲谱-免费下载-简谱之家	伴你走天涯
jianpucn-473477	jianpucn	ok(曲名命中)	200		http://www.jianpu.cn/pu/47/473477.htm	http://www.jianpu.cn/pu/47/473477.htm	伴我（《剑网3》十四周年纪念主题曲） 张靓颖 歌谱简谱网	伴我
qupu123-384524	qupu123	ok(曲名命中)	200		https://www.qupu123.com/jipu/p384524.html	https://www.qupu123.com/jipu/p384524.html	伤心太平洋 _瞧瞧（HNTGQ）个人制谱园地_中国曲谱网	伤心太平洋
qupu123-271852	qupu123	ok(曲名命中)	200		https://www.qupu123.com/jipu/p271852.html	https://www.qupu123.com/jipu/p271852.html	传奇 （刘兵词 李健曲）__中国曲谱网	传奇
qupu123-370665	qupu123	ok(曲名命中)	200		https://www.qupu123.com/tongsu/sizi/p370665.html	https://www.qupu123.com/tongsu/sizi/p370665.html	伤心的哭 _曲水悠悠个人制谱园地_中国曲谱网	伤心的哭
jianpujia-17890	jianpujia	ok(曲名命中)	200		https://www.jianpujia.com/jianpu/17890.html	https://www.jianpujia.com/jianpu/17890.html	但愿人长久简谱(歌词)_邓丽君演唱_君羊曲谱-免费下载-简谱之家	但愿人长久
jianpujia-150360	jianpujia	ok(曲名命中)	200		https://www.jianpujia.com/jianpu/150360.html	https://www.jianpujia.com/jianpu/150360.html	但愿人长久钢琴简谱_邓丽君演唱-免费下载-简谱之家	但愿人长久
qupu123-104810	qupu123	ok(曲名命中)	200		https://www.qupu123.com/jipu/p104810.html	https://www.qupu123.com/jipu/p104810.html	伤逝 （电视剧《小女人》主题曲）__中国曲谱网	伤逝
qupu123-226098	qupu123	ok(曲名命中)	200		https://www.qupu123.com/tongsu/wuzi/p226098.html	https://www.qupu123.com/tongsu/wuzi/p226098.html	似是故人来 （梦醒时分词 BUSICAN曲）_通俗曲谱_中国曲谱网	似是故人来
qupu123-1609	qupu123	ok(曲名命中)	200		https://www.qupu123.com/jipu/p1609.html	https://www.qupu123.com/jipu/p1609.html	似水流年简谱（王海涛词 李健曲）_桃李醉春风个人制谱园地_中国曲谱网	似水流年
jianpucn-39129	jianpucn	ok(曲名命中)	200		http://www.jianpu.cn/pu/39/39129.htm	http://www.jianpu.cn/pu/39/39129.htm	何以在乎我是谁 歌谱简谱网	何以在乎我是谁
qupu123-332495	qupu123	打不开:URLError	0		https://www.qupu123.com/hechang/qizi/p332495.html	https://www.qupu123.com/hechang/qizi/p332495.html		仡佬山寨的婚礼
qupu123-237314	qupu123	打不开:URLError	0		https://www.qupu123.com/tongsu/wuzi/p237314.html	https://www.qupu123.com/tongsu/wuzi/p237314.html		令我寸心碎
qupu123-303679	qupu123	ok(曲名命中)	200		https://www.qupu123.com/meisheng/qizi/p303679.html	https://www.qupu123.com/meisheng/qizi/p303679.html	但愿不是在梦里 _美声曲谱_中国曲谱网	但愿不是在梦里
qupu123-381655	qupu123	打不开:URLError	0		https://www.qupu123.com/tongsu/wuzi/p381655.html	https://www.qupu123.com/tongsu/wuzi/p381655.html		以后的以后
jianpucn-433767	jianpucn	ok(曲名命中)	200		http://www.jianpu.cn/pu/43/433767.htm	http://www.jianpu.cn/pu/43/433767.htm	何必再相恋 邓丽君 歌谱简谱网	何必再相恋
jianpucn-227567	jianpucn	ok(曲名命中)	200		http://www.jianpu.cn/pu/22/227567.htm	http://www.jianpu.cn/pu/22/227567.htm	何日君再来 — （中老年钢琴曲集两版本合一） 歌谱简谱网	何日君再来
qupu123-369983	qupu123	ok(曲名命中)	200		https://www.qupu123.com/meisheng/jiuziyishang/p369983.html	https://www.qupu123.com/meisheng/jiuziyishang/p369983.html	住在我心中的那个你 _风 丰个人制谱园地_中国曲谱网	住在我心中的那个你
qupu123-335741	qupu123	打不开:URLError	0		https://www.qupu123.com/minge/bazi/p335741.html	https://www.qupu123.com/minge/bazi/p335741.html		仰望国旗就想起你
jianpucn-150768	jianpucn	ok(曲名命中)	200		http://www.jianpu.cn/pu/15/150768.htm	http://www.jianpu.cn/pu/15/150768.htm	何时我俩重相聚（电影《情天恨海》插曲） 歌谱简谱网	何时我俩重相聚
qupu123-328259	qupu123	ok(曲名命中)	200		https://www.qupu123.com/shaoer/liuzi/p328259.html	https://www.qupu123.com/shaoer/liuzi/p328259.html	体操——兵操 _少儿曲谱_中国曲谱网	体操——兵操
jianpujia-73776	jianpujia	ok(曲名命中)	200		https://www.jianpujia.com/jianpu/73776.html	https://www.jianpujia.com/jianpu/73776.html	何日君再来简谱(歌词)_邓丽君演唱_潘明记谱-免费下载-简谱之家	何日君再来
qupu123-309966	qupu123	ok(曲名命中)	200		https://www.qupu123.com/jipu/p309966.html	https://www.qupu123.com/jipu/p309966.html	体面 （电影《前任3》插曲）_桃李醉春风个人制谱园地_中国曲谱网	体面
qupu123-315663	qupu123	打不开:URLError	0		https://www.qupu123.com/meisheng/sizi/p315663.html	https://www.qupu123.com/meisheng/sizi/p315663.html		仰望天空
jianpujia-18378	jianpujia	ok(曲名命中)	200		https://www.jianpujia.com/jianpu/18378.html	https://www.jianpujia.com/jianpu/18378.html	你为何不说简谱(歌词)_邓丽君演唱_王wzh曲谱-免费下载-简谱之家	你为何不说
jianpucn-2181	jianpucn	ok(曲名命中)	200		http://www.jianpu.cn/pu/21/2181.htm	http://www.jianpu.cn/pu/21/2181.htm	你不是真正的快乐 歌谱简谱网	你不是真正的快乐
jianpucn-37301	jianpucn	ok(曲名命中)	200		http://www.jianpu.cn/pu/37/37301.htm	http://www.jianpu.cn/pu/37/37301.htm	你中有我,我中有你 歌谱简谱网	你中有我,我中有你
qupu123-394762	qupu123	ok(曲名命中)	200		https://www.qupu123.com/tongsu/qizi/p394762.html	https://www.qupu123.com/tongsu/qizi/p394762.html	你一离开我就想 _天恩原创曲谱专栏_中国曲谱网	你一离开我就想
jianpucn-223659	jianpucn	ok(曲名命中)	200		http://www.jianpu.cn/pu/22/223659.htm	http://www.jianpu.cn/pu/22/223659.htm	你们一定要幸福 歌谱简谱网	你们一定要幸福
jianpujia-17844	jianpujia	ok(曲名命中)	200		https://www.jianpujia.com/jianpu/17844.html	https://www.jianpujia.com/jianpu/17844.html	你可知道我爱谁简谱(歌词)_邓丽君演唱_君羊曲谱-免费下载-简谱之家	你可知道我爱谁
jianpucn-222149	jianpucn	ok(曲名命中)	200		http://www.jianpu.cn/pu/22/222149.htm	http://www.jianpu.cn/pu/22/222149.htm	你会不会 歌谱简谱网	你会不会
jianpucn-114776	jianpucn	ok(曲名命中)	200		http://www.jianpu.cn/pu/11/114776.htm	http://www.jianpu.cn/pu/11/114776.htm	作战 歌曲类 简谱 歌谱简谱网	作战 歌曲类
jianpucn-157319	jianpucn	ok(曲名命中)	200		http://www.jianpu.cn/pu/15/157319.htm	http://www.jianpu.cn/pu/15/157319.htm	你听海是不是在笑 歌谱简谱网	你听海是不是在笑
jianpucn-28142	jianpucn	ok(曲名命中)	200		http://www.jianpu.cn/pu/28/28142.htm	http://www.jianpu.cn/pu/28/28142.htm	你和我们一样 歌谱简谱网	你和我们一样
qupu123-335754	qupu123	ok(曲名命中)	200		https://www.qupu123.com/minge/liuzi/p335754.html	https://www.qupu123.com/minge/liuzi/p335754.html	你从秦岭走来 _民歌曲谱_中国曲谱网	你从秦岭走来
jianpucn-64135	jianpucn	ok(曲名命中)	200		http://www.jianpu.cn/pu/64/64135.htm	http://www.jianpu.cn/pu/64/64135.htm	你喜欢的会有几个 歌曲类 简谱 歌谱简谱网	你喜欢的会有几个 歌曲类
jianpucn-26329	jianpucn	ok(曲名命中)	200		http://www.jianpu.cn/pu/26/26329.htm	http://www.jianpu.cn/pu/26/26329.htm	你在大海中永生 歌谱简谱网	你在大海中永生
qupu123-333390	qupu123	ok(曲名命中)	200		https://www.qupu123.com/minge/liuzi/p333390.html	https://www.qupu123.com/minge/liuzi/p333390.html	你从这里走来 _民歌曲谱_中国曲谱网	你从这里走来
jianpucn-177833	jianpucn	ok(曲名命中)	200		http://www.jianpu.cn/pu/17/177833.htm	http://www.jianpu.cn/pu/17/177833.htm	你为百姓把心血奉献 歌谱简谱网	你为百姓把心血奉献
qupu123-335588	qupu123	ok(曲名命中)	200		https://www.qupu123.com/tongsu/wuzi/p335588.html	https://www.qupu123.com/tongsu/wuzi/p335588.html	你像一朵云 _通俗曲谱_中国曲谱网	你像一朵云
jianpujia-18347	jianpujia	ok(曲名命中)	200		https://www.jianpujia.com/jianpu/18347.html	https://www.jianpujia.com/jianpu/18347.html	你在我梦里简谱(歌词)_邓丽君演唱_王wzh曲谱-免费下载-简谱之家	你在我梦里
jianpucn-64137	jianpucn	ok(曲名命中)	200		http://www.jianpu.cn/pu/64/64137.htm	http://www.jianpu.cn/pu/64/64137.htm	你 歌曲类 简谱 歌谱简谱网	你 歌曲类
jianpucn-454178	jianpucn	ok(曲名命中)	200		http://www.jianpu.cn/pu/45/454178.htm	http://www.jianpu.cn/pu/45/454178.htm	你好 陌生人 毛不易 歌谱简谱网	你好 陌生人
qupu123-292174	qupu123	打不开:URLError	0		https://www.qupu123.com/tongsu/sizi/p292174.html	https://www.qupu123.com/tongsu/sizi/p292174.html		伤痕累累
qupu123-334865	qupu123	ok(曲名命中)	200		https://www.qupu123.com/minge/wuzi/p334865.html	https://www.qupu123.com/minge/wuzi/p334865.html	你向岭南行 _贺文广原创曲谱专栏_中国曲谱网	你向岭南行
jianpucn-39737	jianpucn	ok(曲名命中)	200		http://www.jianpu.cn/pu/39/39737.htm	http://www.jianpu.cn/pu/39/39737.htm	你好吗，亲亲的爱人 歌谱简谱网	你好吗，亲亲的爱人
qupu123-394704	qupu123	ok(曲名命中)	200		https://www.qupu123.com/tongsu/wuzi/p394704.html	https://www.qupu123.com/tongsu/wuzi/p394704.html	你咋那么美 _天恩原创曲谱专栏_中国曲谱网	你咋那么美
jianpucn-306343	jianpucn	ok(曲名命中)	200		http://www.jianpu.cn/pu/30/306343.htm	http://www.jianpu.cn/pu/30/306343.htm	你好小宝贝 李谷一 歌谱简谱网	你好小宝贝
qupu123-317050	qupu123	ok(曲名命中)	200		https://www.qupu123.com/meisheng/qizi/p317050.html	https://www.qupu123.com/meisheng/qizi/p317050.html	43你在哪里啊，红莲（双谱） （歌剧《运河谣》选段）_美声曲谱_中国曲谱网	你在哪里啊，红莲
jianpucn-401701	jianpucn	ok(曲名命中)	200		http://www.jianpu.cn/pu/40/401701.htm	http://www.jianpu.cn/pu/40/401701.htm	你好毒 张学友 歌谱简谱网	你好毒
jianpujia-387908	jianpujia	ok(曲名命中)	200		https://www.jianpujia.com/jianpu/387908.html	https://www.jianpujia.com/jianpu/387908.html	你好，陌生人简谱歌词_毛不易演唱_2023春晚歌曲-免费下载-简谱之家	你好，陌生人
jianpucn-64139	jianpucn	ok(曲名命中)	200		http://www.jianpu.cn/pu/64/64139.htm	http://www.jianpu.cn/pu/64/64139.htm	你可以 歌曲类 简谱 歌谱简谱网	你可以 歌曲类
qupu123-335044	qupu123	ok(曲名命中)	200		https://www.qupu123.com/tongsu/qizi/p335044.html	https://www.qupu123.com/tongsu/qizi/p335044.html	你在我的心坎里 _通俗曲谱_中国曲谱网	你在我的心坎里
jianpucn-31984	jianpucn	ok(曲名命中)	200		http://www.jianpu.cn/pu/31/31984.htm	http://www.jianpu.cn/pu/31/31984.htm	你和我们在一起 歌谱简谱网	你和我们在一起
jianpucn-114279	jianpucn	ok(曲名命中)	200		http://www.jianpu.cn/pu/11/114279.htm	http://www.jianpu.cn/pu/11/114279.htm	你就像个小孩 歌曲类 简谱 歌谱简谱网	你就像个小孩 歌曲类
jianpucn-120049	jianpucn	ok(曲名命中)	200		http://www.jianpu.cn/pu/12/120049.htm	http://www.jianpu.cn/pu/12/120049.htm	你就是我唯一的爱 歌谱简谱网	你就是我唯一的爱
qupu123-382917	qupu123	ok(曲名命中)	200		https://www.qupu123.com/tongsu/sanzi/p382917.html	https://www.qupu123.com/tongsu/sanzi/p382917.html	你好吗 _通俗曲谱_中国曲谱网	你好吗
jianpujia-17999	jianpujia	ok(曲名命中)	200		https://www.jianpujia.com/jianpu/17999.html	https://www.jianpujia.com/jianpu/17999.html	你怎么说简谱(歌词)_邓丽君演唱_君羊曲谱-免费下载-简谱之家	你怎么说
jianpucn-86534	jianpucn	ok(曲名命中)	200		http://www.jianpu.cn/pu/86/86534.htm	http://www.jianpu.cn/pu/86/86534.htm	你怎么会这样离开我 歌谱简谱网	你怎么会这样离开我
qupu123-296661	qupu123	ok(曲名命中)	200		https://www.qupu123.com/jipu/p296661.html	https://www.qupu123.com/jipu/p296661.html	你好周杰伦 _电视迷个人制谱园地_中国曲谱网	你好周杰伦
jianpucn-114255	jianpucn	ok(曲名命中)	200		http://www.jianpu.cn/pu/11/114255.htm	http://www.jianpu.cn/pu/11/114255.htm	你怎么舍得我难过 歌曲类 简谱 歌谱简谱网	你怎么舍得我难过 歌曲类
jianpujia-150365	jianpujia	ok(曲名命中)	200		https://www.jianpujia.com/jianpu/150365.html	https://www.jianpujia.com/jianpu/150365.html	你怎么说钢琴简谱_邓丽君演唱-免费下载-简谱之家	你怎么说
jianpucn-401719	jianpucn	ok(曲名命中)	200		http://www.jianpu.cn/pu/40/401719.htm	http://www.jianpu.cn/pu/40/401719.htm	你怎么连话都说不清楚 蔡依林 歌谱简谱网	你怎么连话都说不清楚
qupu123-335263	qupu123	ok(曲名命中)	200		https://www.qupu123.com/hechang/bazi/p335263.html	https://www.qupu123.com/hechang/bazi/p335263.html	你就是我，我就是你 _合唱曲谱_中国曲谱网	你就是我，我就是你
jianpujia-18684	jianpujia	ok(曲名命中)	200		https://www.jianpujia.com/jianpu/18684.html	https://www.jianpujia.com/jianpu/18684.html	你我相伴左右简谱(歌词)_邓丽君演唱_王wzh曲谱-免费下载-简谱之家	你我相伴左右
qupu123-375500	qupu123	ok(曲名命中)	200		https://www.qupu123.com/waiguo/waiwen/p375500.html	https://www.qupu123.com/waiguo/waiwen/p375500.html	你属我心 （You Belong to My Heart）_外国曲谱_中国曲谱网	你属我心
jianpucn-41336	jianpucn	ok(曲名命中)	200		http://www.jianpu.cn/pu/41/41336.htm	http://www.jianpu.cn/pu/41/41336.htm	你早啊！祖国 歌谱简谱网	你早啊！祖国
jianpujia-18369	jianpujia	ok(曲名命中)	200		https://www.jianpujia.com/jianpu/18369.html	https://www.jianpujia.com/jianpu/18369.html	你是否知道简谱(歌词)_邓丽君演唱_王wzh曲谱-免费下载-简谱之家	你是否知道
jianpucn-215040	jianpucn	ok(曲名命中)	200		http://www.jianpu.cn/pu/21/215040.htm	http://www.jianpu.cn/pu/21/215040.htm	你是一面旗帜 世纪行 主题歌 歌谱简谱网	你是一面旗帜 世纪行 主题歌
jianpucn-189565	jianpucn	ok(曲名命中)	200		http://www.jianpu.cn/pu/18/189565.htm	http://www.jianpu.cn/pu/18/189565.htm	你好！春天 歌谱简谱网	你好！春天
jianpucn-232876	jianpucn	ok(曲名命中)	200		http://www.jianpu.cn/pu/23/232876.htm	http://www.jianpu.cn/pu/23/232876.htm	你好 小宝贝 — （两版本合一） 歌谱简谱网	你好 小宝贝
jianpucn-109487	jianpucn	ok(曲名命中)	200		http://www.jianpu.cn/pu/10/109487.htm	http://www.jianpu.cn/pu/10/109487.htm	你是如此美丽 歌谱简谱网	你是如此美丽
qupu123-381792	qupu123	ok(曲名命中)	200		https://www.qupu123.com/tongsu/qizi/p381792.html	https://www.qupu123.com/tongsu/qizi/p381792.html	你我都在画里面 _通俗曲谱_中国曲谱网	你我都在画里面
jianpucn-38437	jianpucn	ok(曲名命中)	200		http://www.jianpu.cn/pu/38/38437.htm	http://www.jianpu.cn/pu/38/38437.htm	你是我不该靠近的人 歌谱简谱网	你是我不该靠近的人
qupu123-105112	qupu123	ok(曲名命中)	200		https://www.qupu123.com/puyou/jipu/p105112.html	https://www.qupu123.com/puyou/jipu/p105112.html	你把我灌醉 _谱友园地_中国曲谱网	你把我灌醉
jianpucn-51726	jianpucn	ok(曲名命中)	200		http://www.jianpu.cn/pu/51/51726.htm	http://www.jianpu.cn/pu/51/51726.htm	你是我今生唯一传奇 歌谱简谱网	你是我今生唯一传奇
qupu123-395899	qupu123	ok(曲名命中)	200		https://www.qupu123.com/puyou/shangchuan/p395899.html	https://www.qupu123.com/puyou/shangchuan/p395899.html	你是一首悠扬的牧歌 _先启个人制谱园地_中国曲谱网	你是一首悠扬的牧歌
qupu123-350139	qupu123	ok(曲名命中)	200		https://www.qupu123.com/yuanchuang/p350139.html	https://www.qupu123.com/yuanchuang/p350139.html	你是我一生不变的爱 _向邦瑜原创曲谱专栏_中国曲谱网	你是我一生不变的爱
jianpucn-60437	jianpucn	ok(曲名命中)	200		http://www.jianpu.cn/pu/60/60437.htm	http://www.jianpu.cn/pu/60/60437.htm	你快乐吗 歌谱简谱网	你快乐吗
jianpucn-60037	jianpucn	ok(曲名命中)	200		http://www.jianpu.cn/pu/60/60037.htm	http://www.jianpu.cn/pu/60/60037.htm	你是我的女人 歌谱简谱网	你是我的女人
qupu123-394698	qupu123	ok(曲名命中)	200		https://www.qupu123.com/tongsu/bazi/p394698.html	https://www.qupu123.com/tongsu/bazi/p394698.html	你是我最心爱的人 _天恩原创曲谱专栏_中国曲谱网	你是我最心爱的人
jianpucn-290229	jianpucn	ok(曲名命中)	200		http://www.jianpu.cn/pu/29/290229.htm	http://www.jianpu.cn/pu/29/290229.htm	你是我的房子 韩磊 歌谱简谱网	你是我的房子
jianpucn-37053	jianpucn	ok(曲名命中)	200		http://www.jianpu.cn/pu/37/37053.htm	http://www.jianpu.cn/pu/37/37053.htm	你我曾经走过纪元 歌谱简谱网	你我曾经走过纪元
qupu123-335128	qupu123	ok(曲名命中)	200		https://www.qupu123.com/tongsu/liuzi/p335128.html	https://www.qupu123.com/tongsu/liuzi/p335128.html	你是我的月亮 （白传英词 朱兴明曲）_通俗曲谱_中国曲谱网	你是我的月亮
jianpucn-144924	jianpucn	ok(曲名命中)	200		http://www.jianpu.cn/pu/14/144924.htm	http://www.jianpu.cn/pu/14/144924.htm	你是我的温柔 歌谱简谱网	你是我的温柔
qupu123-382912	qupu123	ok(曲名命中)	200		https://www.qupu123.com/jipu/p382912.html	https://www.qupu123.com/jipu/p382912.html	你是我的眼 _普通一兵个人制谱园地_中国曲谱网	你是我的眼
jianpucn-109488	jianpucn	ok(曲名命中)	200		http://www.jianpu.cn/pu/10/109488.htm	http://www.jianpu.cn/pu/10/109488.htm	你是我的阳光（二重奏） 歌谱简谱网	你是我的阳光
qupu123-49744	qupu123	ok(曲名命中)	200		https://www.qupu123.com/puyou/jipu/p49744.html	https://www.qupu123.com/puyou/jipu/p49744.html	你是我的花朵简谱_康兵辉个人制谱园地_中国曲谱网	你是我的花朵
qupu123-314577	qupu123	ok(曲名命中)	200		https://www.qupu123.com/yuanchuang/p314577.html	https://www.qupu123.com/yuanchuang/p314577.html	你是我的骄傲 _向侃原创曲谱专栏_中国曲谱网	你是我的骄傲
jianpucn-50683	jianpucn	ok(曲名命中)	200		http://www.jianpu.cn/pu/50/50683.htm	http://www.jianpu.cn/pu/50/50683.htm	你是这样的人(《百年恩来》主题歌) 歌谱简谱网	你是这样的人
qupu123-335631	qupu123	ok(曲名命中)	200		https://www.qupu123.com/shaoer/bazi/p335631.html	https://www.qupu123.com/shaoer/bazi/p335631.html	你是春风，我是春雨 _少儿曲谱_中国曲谱网	你是春风，我是春雨
jianpucn-473230	jianpucn	ok(曲名命中)	200		http://www.jianpu.cn/pu/47/473230.htm	http://www.jianpu.cn/pu/47/473230.htm	你爱你 中国 殷秀梅 歌谱简谱网	你爱你 中国
qupu123-331636	qupu123	ok(曲名命中)	200		https://www.qupu123.com/meisheng/bazi/p331636.html	https://www.qupu123.com/meisheng/bazi/p331636.html	你是清流，找是水滴 _美声曲谱_中国曲谱网	你是清流，找是水滴
jianpucn-151416	jianpucn	ok(曲名命中)	200		http://www.jianpu.cn/pu/15/151416.htm	http://www.jianpu.cn/pu/15/151416.htm	你的名字离爱最近 歌谱简谱网	你的名字离爱最近
qupu123-312697	qupu123	ok(曲名命中)	200		https://www.qupu123.com/meisheng/qizi/p312697.html	https://www.qupu123.com/meisheng/qizi/p312697.html	9你是血脉我是血（双谱） _美声曲谱_中国曲谱网	你是血脉我是血
jianpucn-39841	jianpucn	ok(曲名命中)	200		http://www.jianpu.cn/pu/39/39841.htm	http://www.jianpu.cn/pu/39/39841.htm	你是我归乡的路 歌谱简谱网	你是我归乡的路
jianpucn-40756	jianpucn	ok(曲名命中)	200		http://www.jianpu.cn/pu/40/40756.htm	http://www.jianpu.cn/pu/40/40756.htm	你的名字，我的姓氏 歌谱简谱网	你的名字，我的姓氏
jianpucn-64140	jianpucn	ok(曲名命中)	200		http://www.jianpu.cn/pu/64/64140.htm	http://www.jianpu.cn/pu/64/64140.htm	你的样子 歌曲类 简谱 歌谱简谱网	你的样子 歌曲类
qupu123-335371	qupu123	ok(曲名命中)	200		https://www.qupu123.com/minge/qizi/p335371.html	https://www.qupu123.com/minge/qizi/p335371.html	你曾穿过绿军装 _民歌曲谱_中国曲谱网	你曾穿过绿军装
jianpucn-306569	jianpucn	ok(曲名命中)	200		http://www.jianpu.cn/pu/30/306569.htm	http://www.jianpu.cn/pu/30/306569.htm	你的爱我只能擦肩而过 童安格 歌谱简谱网	你的爱我只能擦肩而过
qupu123-334549	qupu123	ok(曲名命中)	200		https://www.qupu123.com/minge/sizi/p334549.html	https://www.qupu123.com/minge/sizi/p334549.html	你最特别 _民歌曲谱_中国曲谱网	你最特别
jianpucn-114278	jianpucn	ok(曲名命中)	200		http://www.jianpu.cn/pu/11/114278.htm	http://www.jianpu.cn/pu/11/114278.htm	你看你看月亮的脸 歌曲类 简谱 歌谱简谱网	你看你看月亮的脸 歌曲类
jianpucn-51100	jianpucn	ok(曲名命中)	200		http://www.jianpu.cn/pu/51/51100.htm	http://www.jianpu.cn/pu/51/51100.htm	你知不知道我 歌谱简谱网	你知不知道我
qupu123-331994	qupu123	ok(曲名命中)	200		https://www.qupu123.com/hechang/sizi/p331994.html	https://www.qupu123.com/hechang/sizi/p331994.html	你的名字 （施翔词 陈卫东曲）_合唱曲谱_中国曲谱网	你的名字
jianpucn-40758	jianpucn	ok(曲名命中)	200		http://www.jianpu.cn/pu/40/40758.htm	http://www.jianpu.cn/pu/40/40758.htm	你究竟有几个好妹妹 歌谱简谱网	你究竟有几个好妹妹
qupu123-396409	qupu123	ok(曲名命中)	200		https://www.qupu123.com/puyou/shangchuan/p396409.html	https://www.qupu123.com/puyou/shangchuan/p396409.html	你有没有真的爱过我 _谱天下个人制谱园地_中国曲谱网	你有没有真的爱过我
jianpucn-306577	jianpucn	ok(曲名命中)	200		http://www.jianpu.cn/pu/30/306577.htm	http://www.jianpu.cn/pu/30/306577.htm	你给我的爱不是爱（带和弦版） 林忆莲 歌谱简谱网	你给我的爱不是爱
qupu123-334693	qupu123	ok(曲名命中)	200		https://www.qupu123.com/tongsu/jiuziyishang/p334693.html	https://www.qupu123.com/tongsu/jiuziyishang/p334693.html	你看秋天的脸到底红不红 _通俗曲谱_中国曲谱网	你看秋天的脸到底红不红
jianpucn-51734	jianpucn	ok(曲名命中)	200		http://www.jianpu.cn/pu/51/51734.htm	http://www.jianpu.cn/pu/51/51734.htm	你给我的爱最多 歌谱简谱网	你给我的爱最多
qupu123-356170	qupu123	ok(曲名命中)	200		https://www.qupu123.com/jipu/p356170.html	https://www.qupu123.com/jipu/p356170.html	你笑起来真好看 _蓬莱岛人个人制谱园地_中国曲谱网	你笑起来真好看
jianpucn-170110	jianpucn	ok(曲名命中)	200		http://www.jianpu.cn/pu/17/170110.htm	http://www.jianpu.cn/pu/17/170110.htm	你给我美好前程 歌谱简谱网	你给我美好前程
qupu123-396194	qupu123	ok(曲名命中)	200		https://www.qupu123.com/puyou/shangchuan/p396194.html	https://www.qupu123.com/puyou/shangchuan/p396194.html	你答应我的事件件没着落 _............个人制谱园地_中国曲谱网	你答应我的事件件没着落
jianpucn-120516	jianpucn	ok(曲名命中)	200		http://www.jianpu.cn/pu/12/120516.htm	http://www.jianpu.cn/pu/12/120516.htm	你能让我上天入地 歌谱简谱网	你能让我上天入地
jianpucn-49717	jianpucn	ok(曲名命中)	200		http://www.jianpu.cn/pu/49/49717.htm	http://www.jianpu.cn/pu/49/49717.htm	你的眼泪 歌谱简谱网	你的眼泪
jianpucn-211553	jianpucn	ok(曲名命中)	200		http://www.jianpu.cn/pu/21/211553.htm	http://www.jianpu.cn/pu/21/211553.htm	你装做不知道 歌谱简谱网	你装做不知道
jianpucn-431445	jianpucn	ok(曲名命中)	200		http://www.jianpu.cn/pu/43/431445.htm	http://www.jianpu.cn/pu/43/431445.htm	你的背影 阎维文 歌谱简谱网	你的背影
jianpucn-55027	jianpucn	ok(曲名命中)	200		http://www.jianpu.cn/pu/55/55027.htm	http://www.jianpu.cn/pu/55/55027.htm	你要的不是我 歌谱简谱网	你要的不是我
jianpucn-36870	jianpucn	ok(曲名命中)	200		http://www.jianpu.cn/pu/36/36870.htm	http://www.jianpu.cn/pu/36/36870.htm	你的背包 歌谱简谱网	你的背包
jianpucn-34808	jianpucn	ok(曲名命中)	200		http://www.jianpu.cn/pu/34/34808.htm	http://www.jianpu.cn/pu/34/34808.htm	你是最好的 歌谱简谱网	你是最好的
jianpujia-7161	jianpujia	ok(曲名命中)	200		https://www.jianpujia.com/jianpu/7161.html	https://www.jianpujia.com/jianpu/7161.html	你还要我怎样简谱_薛之谦_爱到最后不痛不痒-免费下载-简谱之家	你还要我怎样
jianpucn-161674	jianpucn	ok(曲名命中)	200		http://www.jianpu.cn/pu/16/161674.htm	http://www.jianpu.cn/pu/16/161674.htm	你让世界从此不同 歌谱简谱网	你让世界从此不同
jianpujia-155014	jianpujia	ok(曲名命中)	200		https://www.jianpujia.com/jianpu/155014.html	https://www.jianpujia.com/jianpu/155014.html	你还要我怎样简谱_薛之谦歌曲_孙世彦曲谱-免费下载-简谱之家	你还要我怎样
jianpucn-85175	jianpucn	ok(曲名命中)	200		http://www.jianpu.cn/pu/85/85175.htm	http://www.jianpu.cn/pu/85/85175.htm	你说得对 歌谱简谱网	你说得对
jianpujia-150489	jianpujia	ok(曲名命中)	200		https://www.jianpujia.com/jianpu/150489.html	https://www.jianpujia.com/jianpu/150489.html	你还要我怎样钢琴简谱_薛之谦演唱-免费下载-简谱之家	你还要我怎样
jianpucn-51400	jianpucn	ok(曲名命中)	200		http://www.jianpu.cn/pu/51/51400.htm	http://www.jianpu.cn/pu/51/51400.htm	你说那一天你要来 歌谱简谱网	你说那一天你要来
qupu123-331518	qupu123	ok(曲名命中)	200		https://www.qupu123.com/hechang/liuzi/p331518.html	https://www.qupu123.com/hechang/liuzi/p331518.html	侗乡美 侗乡美 _合唱曲谱_中国曲谱网	侗乡美
jianpucn-132378	jianpucn	ok(曲名命中)	200		http://www.jianpu.cn/pu/13/132378.htm	http://www.jianpu.cn/pu/13/132378.htm	你象春风，你象歌声（蒋大为独唱系列17） 歌谱简谱网	你象春风，你象歌声
jianpucn-218746	jianpucn	ok(曲名命中)	200		http://www.jianpu.cn/pu/21/218746.htm	http://www.jianpu.cn/pu/21/218746.htm	使爱情更美丽 歌谱简谱网	使爱情更美丽
jianpucn-64134	jianpucn	ok(曲名命中)	200		http://www.jianpu.cn/pu/64/64134.htm	http://www.jianpu.cn/pu/64/64134.htm	你现在还好吗 歌曲类 简谱 歌谱简谱网	你现在还好吗 歌曲类
jianpucn-82810	jianpucn	ok(曲名命中)	200		http://www.jianpu.cn/pu/82/82810.htm	http://www.jianpu.cn/pu/82/82810.htm	侗锦、芦笙和兰花 歌谱简谱网	侗锦、芦笙和兰花
jianpucn-446208	jianpucn	ok(曲名命中)	200		http://www.jianpu.cn/pu/44/446208.htm	http://www.jianpu.cn/pu/44/446208.htm	侠行天龙 毛不易 歌谱简谱网	侠行天龙
jianpucn-132346	jianpucn	ok(曲名命中)	200		http://www.jianpu.cn/pu/13/132346.htm	http://www.jianpu.cn/pu/13/132346.htm	俏妹出嫁 歌谱简谱网	俏妹出嫁
jianpucn-452995	jianpucn	ok(曲名命中)	200		http://www.jianpu.cn/pu/45/452995.htm	http://www.jianpu.cn/pu/45/452995.htm	信仰照耀东方 阎维文 歌谱简谱网	信仰照耀东方
qupu123-394636	qupu123	ok(曲名命中)	200		https://www.qupu123.com/minge/jiuziyishang/p394636.html	https://www.qupu123.com/minge/jiuziyishang/p394636.html	保德县是个好地方 _天恩原创曲谱专栏_中国曲谱网	保德县是个好地方
qupu123-328279	qupu123	ok(曲名命中)	200		https://www.qupu123.com/shaoer/wuzi/p328279.html	https://www.qupu123.com/shaoer/wuzi/p328279.html	保育院院歌 _少儿曲谱_中国曲谱网	保育院院歌
jianpucn-445292	jianpucn	ok(曲名命中)	200		http://www.jianpu.cn/pu/44/445292.htm	http://www.jianpu.cn/pu/44/445292.htm	信仰的温度（尹相涛词 杨一博曲） 阎维文 歌谱简谱网	信仰的温度
jianpucn-31028	jianpucn	ok(曲名命中)	200		http://www.jianpu.cn/pu/31/31028.htm	http://www.jianpu.cn/pu/31/31028.htm	信天游再唱东方红 歌谱简谱网	信天游再唱东方红
jianpujia-75180	jianpujia	ok(曲名命中)	200		https://www.jianpujia.com/jianpu/75180.html	https://www.jianpujia.com/jianpu/75180.html	你还要我怎样简谱(歌词)_薛之谦演唱_小叶歌曲谱-免费下载-简谱之家	你还要我怎样
jianpucn-240100	jianpucn	ok(曲名命中)	200		http://www.jianpu.cn/pu/24/240100.htm	http://www.jianpu.cn/pu/24/240100.htm	信念（大型电视专题系列片《军旅先锋》主题歌） 宋祖英 歌谱简谱网	信念
jianpucn-165956	jianpucn	ok(曲名命中)	200		http://www.jianpu.cn/pu/16/165956.htm	http://www.jianpu.cn/pu/16/165956.htm	修炼爱情 歌谱简谱网	修炼爱情
qupu123-333141	qupu123	ok(曲名命中)	200		https://www.qupu123.com/minge/sanzi/p333141.html	https://www.qupu123.com/minge/sanzi/p333141.html	信中国 _民歌曲谱_中国曲谱网	信中国
jianpucn-205012	jianpucn	ok(曲名命中)	200		http://www.jianpu.cn/pu/20/205012.htm	http://www.jianpu.cn/pu/20/205012.htm	俺爹俺娘 歌谱简谱网	俺爹俺娘
qupu123-328668	qupu123	ok(曲名命中)	200		https://www.qupu123.com/hechang/bazi/p328668.html	https://www.qupu123.com/hechang/bazi/p328668.html	信天游永世唱不完 _合唱曲谱_中国曲谱网	信天游永世唱不完
jianpucn-35589	jianpucn	ok(曲名命中)	200		http://www.jianpu.cn/pu/35/35589.htm	http://www.jianpu.cn/pu/35/35589.htm	倒带 歌谱简谱网	倒带
qupu123-318152	qupu123	ok(曲名命中)	200		https://www.qupu123.com/hechang/sanzi/p318152.html	https://www.qupu123.com/hechang/sanzi/p318152.html	信天游 （陕北民歌、王方亮编曲）_合唱曲谱_中国曲谱网	信天游
jianpucn-420997	jianpucn	ok(曲名命中)	200		http://www.jianpu.cn/pu/42/420997.htm	http://www.jianpu.cn/pu/42/420997.htm	倒数 邓紫棋 歌谱简谱网	倒数
qupu123-319833	qupu123	ok(曲名命中)	200		https://www.qupu123.com/meisheng/erziyixia/p319833.html	https://www.qupu123.com/meisheng/erziyixia/p319833.html	10信念（双谱） _美声曲谱_中国曲谱网	信念
jianpucn-89354	jianpucn	ok(曲名命中)	200		http://www.jianpu.cn/pu/89/89354.htm	http://www.jianpu.cn/pu/89/89354.htm	借口 歌谱简谱网	借口
jianpucn-467930	jianpucn	ok(曲名命中)	200		http://www.jianpu.cn/pu/46/467930.htm	http://www.jianpu.cn/pu/46/467930.htm	信仰的味道2022冬奥组歌之六 阎维文 歌谱简谱网	信仰的味道2022冬奥组歌之六
qupu123-204712	qupu123	ok(曲名命中)	200		https://www.qupu123.com/minge/erziyixia/p204712.html	https://www.qupu123.com/minge/erziyixia/p204712.html	倔强 （茅海卫词 伍新蓓曲）_民歌曲谱_中国曲谱网	倔强
jianpucn-163937	jianpucn	ok(曲名命中)	200		http://www.jianpu.cn/pu/16/163937.htm	http://www.jianpu.cn/pu/16/163937.htm	倾听春天—2013年文化部春节歌舞晚会开场节目 歌谱简谱网	倾听春天—2013年文化部春节歌舞晚会开场节目
qupu123-330597	qupu123	ok(曲名命中)	200		https://www.qupu123.com/tongsu/wuzi/p330597.html	https://www.qupu123.com/tongsu/wuzi/p330597.html	倔强的男人 _通俗曲谱_中国曲谱网	倔强的男人
jianpucn-408109	jianpucn	ok(曲名命中)	200		http://www.jianpu.cn/pu/40/408109.htm	http://www.jianpu.cn/pu/40/408109.htm	假如爱有天意 李健 歌谱简谱网	假如爱有天意
qupu123-287194	qupu123	ok(曲名命中)	200		https://www.qupu123.com/jipu/p287194.html	https://www.qupu123.com/jipu/p287194.html	倚天屠龙记-主题曲 （二胡谱C调）_松柏山林个人制谱园地_中国曲谱网	倚天屠龙记-主题曲
jianpucn-456316	jianpucn	ok(曲名命中)	200		http://www.jianpu.cn/pu/45/456316.htm	http://www.jianpu.cn/pu/45/456316.htm	假如爱有天意 F G 首调 李健 歌谱简谱网	假如爱有天意 F G 首调
qupu123-92232	qupu123	ok(曲名命中)	200		https://www.qupu123.com/puyou/jipu/p92232.html	https://www.qupu123.com/puyou/jipu/p92232.html	倚天屠龙记（TVB《倚天屠龙记》主题曲） _谱友园地_中国曲谱网	倚天屠龙记
jianpucn-33972	jianpucn	ok(曲名命中)	200		http://www.jianpu.cn/pu/33/33972.htm	http://www.jianpu.cn/pu/33/33972.htm	假如让我吻下去(粤语) 歌谱简谱网	假如让我吻下去
qupu123-342261	qupu123	ok(曲名命中)	200		https://www.qupu123.com/puyou/shangchuan/p342261.html	https://www.qupu123.com/puyou/shangchuan/p342261.html	倩影 （粤语版）_谱友园地_中国曲谱网	倩影
jianpucn-114444	jianpucn	ok(曲名命中)	200		http://www.jianpu.cn/pu/11/114444.htm	http://www.jianpu.cn/pu/11/114444.htm	假惺惺 歌曲类 简谱 歌谱简谱网	假惺惺
qupu123-280570	qupu123	ok(曲名命中)	200		https://www.qupu123.com/jipu/p280570.html	https://www.qupu123.com/jipu/p280570.html	倾心 （素锦汐寒词 灰色曲）__中国曲谱网	倾心
jianpucn-64314	jianpucn	ok(曲名命中)	200		http://www.jianpu.cn/pu/64/64314.htm	http://www.jianpu.cn/pu/64/64314.htm	假装 歌曲类 简谱 歌谱简谱网	假装 歌曲类
qupu123-300443	qupu123	ok(曲名命中)	200		https://www.qupu123.com/minge/qizi/p300443.html	https://www.qupu123.com/minge/qizi/p300443.html	倾心为民情意长 _民歌曲谱_中国曲谱网	倾心为民情意长
jianpucn-36867	jianpucn	ok(曲名命中)	200		http://www.jianpu.cn/pu/36/36867.htm	http://www.jianpu.cn/pu/36/36867.htm	假面的告白 歌谱简谱网	假面的告白
qupu123-108730	qupu123	ok(曲名命中)	200		https://www.qupu123.com/jipu/p108730.html	https://www.qupu123.com/jipu/p108730.html	倩女幽魂 （陈晓东演唱）_小鸟一人个人制谱园地_中国曲谱网	倩女幽魂
qupu123-368412	qupu123	ok(曲名命中)	200		https://www.qupu123.com/jipu/p368412.html	https://www.qupu123.com/jipu/p368412.html	倾心的相遇 _曲水悠悠个人制谱园地_中国曲谱网	倾心的相遇
jianpucn-32964	jianpucn	ok(曲名命中)	200		http://www.jianpu.cn/pu/32/32964.htm	http://www.jianpu.cn/pu/32/32964.htm	做个好人 歌谱简谱网	做个好人
jianpucn-63646	jianpucn	ok(曲名命中)	200		http://www.jianpu.cn/pu/63/63646.htm	http://www.jianpu.cn/pu/63/63646.htm	做你的男人 歌谱简谱网	做你的男人
qupu123-233717	qupu123	ok(曲名命中)	200		https://www.qupu123.com/minge/erziyixia/p233717.html	https://www.qupu123.com/minge/erziyixia/p233717.html	倾诉 （钢琴曲《少女的祈祷》改编）_民歌曲谱_中国曲谱网	倾诉
jianpujia-154298	jianpujia	ok(曲名命中)	200		https://www.jianpujia.com/jianpu/154298.html	https://www.jianpujia.com/jianpu/154298.html	偶然的相遇简谱(歌词)_邓丽君歌曲_剁椒王曲谱-免费下载-简谱之家	偶然的相遇
jianpucn-227877	jianpucn	ok(曲名命中)	200		http://www.jianpu.cn/pu/22/227877.htm	http://www.jianpu.cn/pu/22/227877.htm	健康中国 歌谱简谱网	健康中国
qupu123-333258	qupu123	ok(曲名命中)	200		https://www.qupu123.com/minge/qizi/p333258.html	https://www.qupu123.com/minge/qizi/p333258.html	假如回到十八岁 （刘明词 吴昌道曲）_民歌曲谱_中国曲谱网	假如回到十八岁
qupu123-381646	qupu123	ok(曲名命中)	200		https://www.qupu123.com/tongsu/wuzi/p381646.html	https://www.qupu123.com/tongsu/wuzi/p381646.html	偏偏喜欢你 _通俗曲谱_中国曲谱网	偏偏喜欢你
jianpucn-157335	jianpucn	ok(曲名命中)	200		http://www.jianpu.cn/pu/15/157335.htm	http://www.jianpu.cn/pu/15/157335.htm	偶遇-孟庭苇 歌谱简谱网	偶遇-孟庭苇
jianpucn-130013	jianpucn	ok(曲名命中)	200		http://www.jianpu.cn/pu/13/130013.htm	http://www.jianpu.cn/pu/13/130013.htm	偷哭的心 歌谱简谱网	偷哭的心
qupu123-331214	qupu123	ok(曲名命中)	200		https://www.qupu123.com/tongsu/qizi/p331214.html	https://www.qupu123.com/tongsu/qizi/p331214.html	做人要少说的话 _通俗曲谱_中国曲谱网	做人要少说的话
jianpucn-35146	jianpucn	ok(曲名命中)	200		http://www.jianpu.cn/pu/35/35146.htm	http://www.jianpu.cn/pu/35/35146.htm	偷心 歌谱简谱网	偷心
qupu123-331232	qupu123	ok(曲名命中)	200		https://www.qupu123.com/tongsu/sizi/p331232.html	https://www.qupu123.com/tongsu/sizi/p331232.html	做我自己 _季司亦个人制谱园地_中国曲谱网	做我自己
jianpucn-127715	jianpucn	ok(曲名命中)	200		http://www.jianpu.cn/pu/12/127715.htm	http://www.jianpu.cn/pu/12/127715.htm	傣家女儿 歌谱简谱网	傣家女儿
jianpujia-19962	jianpujia	ok(曲名命中)	200		https://www.jianpujia.com/jianpu/19962.html	https://www.jianpujia.com/jianpu/19962.html	像我这样的人简谱(歌词)_刘宇宁演唱_momoliu曲谱-免费下载-简谱之家	像我这样的人
qupu123-335772	qupu123	ok(曲名命中)	200		https://www.qupu123.com/shaoer/sizi/p335772.html	https://www.qupu123.com/shaoer/sizi/p335772.html	做棵小树 （韩雪词 陈祥福曲）_少儿曲谱_中国曲谱网	做棵小树
jianpucn-64615	jianpucn	ok(曲名命中)	200		http://www.jianpu.cn/pu/64/64615.htm	http://www.jianpu.cn/pu/64/64615.htm	傲慢的上校 歌曲类 简谱 歌谱简谱网	傲慢的上校 歌曲类
qupu123-370179	qupu123	ok(曲名命中)	200		https://www.qupu123.com/tongsu/qizi/p370179.html	https://www.qupu123.com/tongsu/qizi/p370179.html	做回真正的自我 _李锋(不老锋)原创曲谱专栏_中国曲谱网	做回真正的自我
jianpucn-115166	jianpucn	ok(曲名命中)	200		http://www.jianpu.cn/pu/11/115166.htm	http://www.jianpu.cn/pu/11/115166.htm	傻子才悲伤 歌曲类 简谱 歌谱简谱网	傻子才悲伤 歌曲类
jianpujia-14852	jianpujia	ok(曲名命中)	200		https://www.jianpujia.com/jianpu/14852.html	https://www.jianpujia.com/jianpu/14852.html	像我这样的人简谱_毛不易_直击心坎，治愈人心-免费下载-简谱之家	像我这样的人
jianpujia-150727	jianpujia	ok(曲名命中)	200		https://www.jianpujia.com/jianpu/150727.html	https://www.jianpujia.com/jianpu/150727.html	像我这样的人钢琴简谱_毛不易演唱-免费下载-简谱之家	像我这样的人
jianpucn-224179	jianpucn	ok(曲名命中)	200		http://www.jianpu.cn/pu/22/224179.htm	http://www.jianpu.cn/pu/22/224179.htm	像个孩子 歌谱简谱网	像个孩子
jianpujia-15549	jianpujia	ok(曲名命中)	200		https://www.jianpujia.com/jianpu/15549.html	https://www.jianpujia.com/jianpu/15549.html	像风一样简谱_薛之谦我在等风也在等你-免费下载-简谱之家	像风一样
jianpucn-442819	jianpucn	ok(曲名命中)	200		http://www.jianpu.cn/pu/44/442819.htm	http://www.jianpu.cn/pu/44/442819.htm	儿女情长（曲波 杨西国词 杨青天曲） 王宏伟 歌谱简谱网	儿女情长
qupu123-375488	qupu123	打不开:URLError	0		https://www.qupu123.com/waiguo/waiwen/p375488.html	https://www.qupu123.com/waiguo/waiwen/p375488.html		俄克拉何马
jianpujia-152886	jianpujia	ok(曲名命中)	200		https://www.jianpujia.com/jianpu/152886.html	https://www.jianpujia.com/jianpu/152886.html	像风一样自由钢琴简谱_数字双手_许巍-免费下载-简谱之家	像风一样自由
jianpucn-474737	jianpucn	ok(曲名命中)	200		http://www.jianpu.cn/pu/47/474737.htm	http://www.jianpu.cn/pu/47/474737.htm	儿时二部合唱 歌谱简谱网	儿时二部合唱
qupu123-373145	qupu123	ok(曲名命中)	200		https://www.qupu123.com/shaoer/wuzi/p373145.html	https://www.qupu123.com/shaoer/wuzi/p373145.html	儿歌联唱1 （洪波编曲）_少儿曲谱_中国曲谱网	儿歌联唱1
jianpujia-150721	jianpujia	ok(曲名命中)	200		https://www.jianpujia.com/jianpu/150721.html	https://www.jianpujia.com/jianpu/150721.html	像风一样钢琴简谱_薛之谦演唱-免费下载-简谱之家	像风一样
qupu123-16433	qupu123	打不开:URLError	0		https://www.qupu123.com/hechang/sizi/p16433.html	https://www.qupu123.com/hechang/sizi/p16433.html		保卫黄河
jianpucn-38821	jianpucn	ok(曲名命中)	200		http://www.jianpu.cn/pu/38/38821.htm	http://www.jianpu.cn/pu/38/38821.htm	儿时的燕子 歌谱简谱网	儿时的燕子
jianpucn-160656	jianpucn	ok(曲名命中)	200		http://www.jianpu.cn/pu/16/160656.htm	http://www.jianpu.cn/pu/16/160656.htm	儿童抗日歌 歌谱简谱网	儿童抗日歌
qupu123-328278	qupu123	ok(曲名命中)	200		https://www.qupu123.com/shaoer/sanzi/p328278.html	https://www.qupu123.com/shaoer/sanzi/p328278.html	儿童哨 _少儿曲谱_中国曲谱网	儿童哨
jianpucn-37333	jianpucn	ok(曲名命中)	200		http://www.jianpu.cn/pu/37/37333.htm	http://www.jianpu.cn/pu/37/37333.htm	儿行千里(母担忧) 歌谱简谱网	儿行千里
qupu123-328285	qupu123	ok(曲名命中)	200		https://www.qupu123.com/shaoer/liuzi/p328285.html	https://www.qupu123.com/shaoer/liuzi/p328285.html	儿童团员之歌 （歌剧《开辟南泥湾》选曲）_少儿曲谱_中国曲谱网	儿童团员之歌
jianpucn-89285	jianpucn	ok(曲名命中)	200		http://www.jianpu.cn/pu/89/89285.htm	http://www.jianpu.cn/pu/89/89285.htm	兄妹 歌谱简谱网	兄妹
qupu123-210093	qupu123	ok(曲名命中)	200		https://www.qupu123.com/shaoer/erziyixia/p210093.html	https://www.qupu123.com/shaoer/erziyixia/p210093.html	儿歌 （歌剧《星星之火》选曲）_少儿曲谱_中国曲谱网	儿歌
jianpucn-150844	jianpucn	ok(曲名命中)	200		http://www.jianpu.cn/pu/15/150844.htm	http://www.jianpu.cn/pu/15/150844.htm	光彩人生 歌谱简谱网	光彩人生
jianpucn-63889	jianpucn	ok(曲名命中)	200		http://www.jianpu.cn/pu/63/63889.htm	http://www.jianpu.cn/pu/63/63889.htm	光芒 歌谱简谱网	光芒
qupu123-332970	qupu123	ok(曲名命中)	200		https://www.qupu123.com/tongsu/sizi/p332970.html	https://www.qupu123.com/tongsu/sizi/p332970.html	兄弟筑巢 _通俗曲谱_中国曲谱网	兄弟筑巢
jianpucn-474738	jianpucn	ok(曲名命中)	200		http://www.jianpu.cn/pu/47/474738.htm	http://www.jianpu.cn/pu/47/474738.htm	光芒二部合唱 歌谱简谱网	光芒二部合唱
qupu123-328288	qupu123	ok(曲名命中)	200		https://www.qupu123.com/shaoer/wuzi/p328288.html	https://www.qupu123.com/shaoer/wuzi/p328288.html	儿童进行曲 _少儿曲谱_中国曲谱网	儿童进行曲
jianpucn-30218	jianpucn	ok(曲名命中)	200		http://www.jianpu.cn/pu/30/30218.htm	http://www.jianpu.cn/pu/30/30218.htm	光荣唱进歌里头 歌谱简谱网	光荣唱进歌里头
jianpucn-209774	jianpucn	ok(曲名命中)	200		http://www.jianpu.cn/pu/20/209774.htm	http://www.jianpu.cn/pu/20/209774.htm	光辉岁月6 歌谱简谱网	光辉岁月
jianpucn-29863	jianpucn	ok(曲名命中)	200		http://www.jianpu.cn/pu/29/29863.htm	http://www.jianpu.cn/pu/29/29863.htm	光荣的军科人 歌谱简谱网	光荣的军科人
jianpucn-115250	jianpucn	ok(曲名命中)	200		http://www.jianpu.cn/pu/11/115250.htm	http://www.jianpu.cn/pu/11/115250.htm	光阴的故事 歌曲类 简谱 歌谱简谱网	光阴的故事 歌曲类
jianpucn-68357	jianpucn	ok(曲名命中)	200		http://www.jianpu.cn/pu/68/68357.htm	http://www.jianpu.cn/pu/68/68357.htm	克拉玛依之歌 歌谱简谱网	克拉玛依之歌
jianpujia-155265	jianpujia	ok(曲名命中)	200		https://www.jianpujia.com/jianpu/155265.html	https://www.jianpujia.com/jianpu/155265.html	光辉岁月简谱_BEYOND歌曲_孙世彦曲谱-免费下载-简谱之家	光辉岁月
qupu123-381423	qupu123	ok(曲名命中)	200		https://www.qupu123.com/tongsu/sizi/p381423.html	https://www.qupu123.com/tongsu/sizi/p381423.html	光年之外 _通俗曲谱_中国曲谱网	光年之外
jianpucn-278865	jianpucn	ok(曲名命中)	200		http://www.jianpu.cn/pu/27/278865.htm	http://www.jianpu.cn/pu/27/278865.htm	兔侠功夫操 凤凰传奇 歌谱简谱网	兔侠功夫操
jianpujia-21023	jianpujia	ok(曲名命中)	200		https://www.jianpujia.com/jianpu/21023.html	https://www.jianpujia.com/jianpu/21023.html	兔子跳跳跳简谱(歌词)_儿歌演唱_谱友天恩上传-免费下载-简谱之家	兔子跳跳跳
jianpucn-239384	jianpucn	ok(曲名命中)	200		http://www.jianpu.cn/pu/23/239384.htm	http://www.jianpu.cn/pu/23/239384.htm	党啊 永远是我们领航的船 张也 歌谱简谱网	党啊 永远是我们领航的船
jianpucn-60687	jianpucn	ok(曲名命中)	200		http://www.jianpu.cn/pu/60/60687.htm	http://www.jianpu.cn/pu/60/60687.htm	党啊亲爱的妈妈 歌谱简谱网	党啊亲爱的妈妈
jianpucn-471156	jianpucn	ok(曲名命中)	200		http://www.jianpu.cn/pu/47/471156.htm	http://www.jianpu.cn/pu/47/471156.htm	党啊亲爱的妈妈红歌 殷秀梅 歌谱简谱网	党啊亲爱的妈妈红歌
jianpucn-423195	jianpucn	ok(曲名命中)	200		http://www.jianpu.cn/pu/42/423195.htm	http://www.jianpu.cn/pu/42/423195.htm	党建是魂 阎维文 歌谱简谱网	党建是魂
qupu123-331492	qupu123	打不开:URLError	0		https://www.qupu123.com/shaoer/sanzi/p331492.html	https://www.qupu123.com/shaoer/sanzi/p331492.html		催眠曲
qupu123-373144	qupu123	打不开:URLError	0		https://www.qupu123.com/shaoer/wuzi/p373144.html	https://www.qupu123.com/shaoer/wuzi/p373144.html		儿歌联唱2
jianpucn-235794	jianpucn	ok(曲名命中)	200		http://www.jianpu.cn/pu/23/235794.htm	http://www.jianpu.cn/pu/23/235794.htm	入阵曲 五月天 歌谱简谱网	入阵曲
qupu123-339709	qupu123	ok(曲名命中)	200		https://www.qupu123.com/jipu/p339709.html	https://www.qupu123.com/jipu/p339709.html	光辉岁月 （简和谱）_写轮指钢琴即兴个人制谱园地_中国曲谱网	光辉岁月
qupu123-381987	qupu123	ok(曲名命中)	200		https://www.qupu123.com/tongsu/sizi/p381987.html	https://www.qupu123.com/tongsu/sizi/p381987.html	光的方向 _通俗曲谱_中国曲谱网	光的方向
qupu123-333247	qupu123	ok(曲名命中)	200		https://www.qupu123.com/minge/wuzi/p333247.html	https://www.qupu123.com/minge/wuzi/p333247.html	光荣的军垦 _民歌曲谱_中国曲谱网	光荣的军垦
qupu123-336178	qupu123	ok(曲名命中)	200		https://www.qupu123.com/minge/sizi/p336178.html	https://www.qupu123.com/minge/sizi/p336178.html	光荣人家 _民歌曲谱_中国曲谱网	光荣人家
qupu123-332034	qupu123	ok(曲名命中)	200		https://www.qupu123.com/shaoer/qizi/p332034.html	https://www.qupu123.com/shaoer/qizi/p332034.html	兔妈妈和兔孩子 _少儿曲谱_中国曲谱网	兔妈妈和兔孩子
qupu123-332035	qupu123	ok(曲名命中)	200		https://www.qupu123.com/shaoer/liuzi/p332035.html	https://www.qupu123.com/shaoer/liuzi/p332035.html	兔儿逗人欢喜 _少儿曲谱_中国曲谱网	兔儿逗人欢喜
jianpucn-51797	jianpucn	ok(曲名命中)	200		http://www.jianpu.cn/pu/51/51797.htm	http://www.jianpu.cn/pu/51/51797.htm	八个娃娃 歌谱简谱网	八个娃娃
qupu123-332739	qupu123	ok(曲名命中)	200		https://www.qupu123.com/meisheng/qizi/p332739.html	https://www.qupu123.com/meisheng/qizi/p332739.html	党啊，因为有了你 _美声曲谱_中国曲谱网	党啊，因为有了你
jianpujia-154881	jianpujia	ok(曲名命中)	200		https://www.jianpujia.com/jianpu/154881.html	https://www.jianpujia.com/jianpu/154881.html	全世界最好的你简谱_许嵩歌曲_孙世彦曲谱-免费下载-简谱之家	全世界最好的你
jianpucn-85725	jianpucn	ok(曲名命中)	200		http://www.jianpu.cn/pu/85/85725.htm	http://www.jianpu.cn/pu/85/85725.htm	八十块环游世界 歌谱简谱网	八十块环游世界
qupu123-370114	qupu123	ok(曲名命中)	200		https://www.qupu123.com/minge/jiuziyishang/p370114.html	https://www.qupu123.com/minge/jiuziyishang/p370114.html	党教儿做一个刚强铁汉 _黄叶知秋个人制谱园地_中国曲谱网	党教儿做一个刚强铁汉
jianpujia-155296	jianpujia	ok(曲名命中)	200		https://www.jianpujia.com/jianpu/155296.html	https://www.jianpujia.com/jianpu/155296.html	全世界最好的你简谱_许嵩歌曲_独行侠曲谱-免费下载-简谱之家	全世界最好的你
jianpucn-31783	jianpucn	ok(曲名命中)	200		http://www.jianpu.cn/pu/31/31783.htm	http://www.jianpu.cn/pu/31/31783.htm	八百里河套是我家 歌谱简谱网	八百里河套是我家
qupu123-336017	qupu123	ok(曲名命中)	200		https://www.qupu123.com/minge/liuzi/p336017.html	https://www.qupu123.com/minge/liuzi/p336017.html	党旗下的心语 _民歌曲谱_中国曲谱网	党旗下的心语
jianpucn-475601	jianpucn	ok(曲名命中)	200		http://www.jianpu.cn/pu/47/475601.htm	http://www.jianpu.cn/pu/47/475601.htm	八角树 马晓宏 歌谱简谱网	八角树
qupu123-394427	qupu123	ok(曲名命中)	200		https://www.qupu123.com/puyou/shangchuan/p394427.html	https://www.qupu123.com/puyou/shangchuan/p394427.html	党旗最美 _王壮光原创曲谱专栏_中国曲谱网	党旗最美
jianpujia-154573	jianpujia	ok(曲名命中)	200		https://www.jianpujia.com/jianpu/154573.html	https://www.jianpujia.com/jianpu/154573.html	入海钢琴简谱_数字双手_毛不易-免费下载-简谱之家	入海
jianpujia-246118	jianpujia	ok(原记录标题命中)	200		https://www.jianpujia.com/jianpu/246118.html	https://www.jianpujia.com/jianpu/246118.html	公鸡和母鸡钢琴简谱_儿歌演唱-免费下载-简谱之家	鸡
jianpucn-122056	jianpucn	ok(曲名命中)	200		http://www.jianpu.cn/pu/12/122056.htm	http://www.jianpu.cn/pu/12/122056.htm	公道在人间(电视剧《水浒传》插曲) 歌谱简谱网	公道在人间
qupu123-334421	qupu123	ok(曲名命中)	200		https://www.qupu123.com/minge/liuzi/p334421.html	https://www.qupu123.com/minge/liuzi/p334421.html	党旗艳 军旗红 _民歌曲谱_中国曲谱网	党旗艳_军旗红
jianpujia-9884	jianpujia	ok(曲名命中)	200		https://www.jianpujia.com/jianpu/9884.html	https://www.jianpujia.com/jianpu/9884.html	兰花草简谱(歌词)_谢玲玲演唱_岭南印象曲谱-免费下载-简谱之家	兰花草
jianpucn-138031	jianpucn	ok(曲名命中)	200		http://www.jianpu.cn/pu/13/138031.htm	http://www.jianpu.cn/pu/13/138031.htm	兰色的故乡 歌谱简谱网	兰色的故乡
qupu123-2501	qupu123	ok(曲名命中)	200		https://www.qupu123.com/jipu/p2501.html	https://www.qupu123.com/jipu/p2501.html	全是爱简谱（简谱版）_爱乐个人制谱园地_中国曲谱网	全是爱
jianpucn-205413	jianpucn	ok(曲名命中)	200		http://www.jianpu.cn/pu/20/205413.htm	http://www.jianpu.cn/pu/20/205413.htm	共产党来了世道变 歌谱简谱网	共产党来了世道变
qupu123-336032	qupu123	ok(曲名命中)	200		https://www.qupu123.com/minge/sanzi/p336032.html	https://www.qupu123.com/minge/sanzi/p336032.html	六六三 _民歌曲谱_中国曲谱网	六六三
jianpucn-31297	jianpucn	ok(曲名命中)	200		http://www.jianpu.cn/pu/31/31297.htm	http://www.jianpu.cn/pu/31/31297.htm	共享美好时光 歌谱简谱网	共享美好时光
qupu123-105781	qupu123	ok(曲名命中)	200		https://www.qupu123.com/shaoer/wuzi/p105781.html	https://www.qupu123.com/shaoer/wuzi/p105781.html	六月的微笑 （合唱）_少儿曲谱_中国曲谱网	六月的微笑
jianpucn-134833	jianpucn	ok(曲名命中)	200		http://www.jianpu.cn/pu/13/134833.htm	http://www.jianpu.cn/pu/13/134833.htm	八月照相馆 歌谱简谱网	八月照相馆
qupu123-329537	qupu123	ok(曲名命中)	200		https://www.qupu123.com/shaoer/liuzi/p329537.html	https://www.qupu123.com/shaoer/liuzi/p329537.html	共产儿童团歌 （故事影片《红孩子》选用）_少儿曲谱_中国曲谱网	共产儿童团歌
jianpucn-133234	jianpucn	ok(曲名命中)	200		http://www.jianpu.cn/pu/13/133234.htm	http://www.jianpu.cn/pu/13/133234.htm	共同的未来 歌谱简谱网	共同的未来
qupu123-320441	qupu123	ok(曲名命中)	200		https://www.qupu123.com/hechang/jiuziyishang/p320441.html	https://www.qupu123.com/hechang/jiuziyishang/p320441.html	公民道德歌 _合唱曲谱_中国曲谱网	公民道德歌
jianpucn-442300	jianpucn	ok(曲名命中)	200		http://www.jianpu.cn/pu/44/442300.htm	http://www.jianpu.cn/pu/44/442300.htm	共和国 我的爸爸（温喆吉词 张友殿曲） 阎维文 歌谱简谱网	共和国 我的爸爸
qupu123-317910	qupu123	ok(曲名命中)	200		https://www.qupu123.com/hechang/bazi/p317910.html	https://www.qupu123.com/hechang/bazi/p317910.html	共产党好 共产党亲 （冯晓阳编合唱版）_合唱曲谱_中国曲谱网	共产党好_共产党亲
jianpucn-462322	jianpucn	ok(曲名命中)	200		http://www.jianpu.cn/pu/46/462322.htm	http://www.jianpu.cn/pu/46/462322.htm	共和国之恋 殷秀梅 歌谱简谱网	共和国之恋
qupu123-381219	qupu123	ok(曲名命中)	200		https://www.qupu123.com/tongsu/wuzi/p381219.html	https://www.qupu123.com/tongsu/wuzi/p381219.html	共筑中国梦 _通俗曲谱_中国曲谱网	共筑中国梦
jianpucn-120673	jianpucn	ok(曲名命中)	200		http://www.jianpu.cn/pu/12/120673.htm	http://www.jianpu.cn/pu/12/120673.htm	共和国的春天 歌谱简谱网	共和国的春天
qupu123-330612	qupu123	ok(曲名命中)	200		https://www.qupu123.com/tongsu/wuzi/p330612.html	https://www.qupu123.com/tongsu/wuzi/p330612.html	关于你的歌 _通俗曲谱_中国曲谱网	关于你的歌
jianpucn-223695	jianpucn	ok(曲名命中)	200		http://www.jianpu.cn/pu/22/223695.htm	http://www.jianpu.cn/pu/22/223695.htm	共和国礼赞 改正版 歌谱简谱网	共和国礼赞 改正版
jianpucn-33619	jianpucn	ok(曲名命中)	200		http://www.jianpu.cn/pu/33/33619.htm	http://www.jianpu.cn/pu/33/33619.htm	共和国选择了你 歌谱简谱网	共和国选择了你
qupu123-396206	qupu123	ok(原记录标题命中)	200		https://www.qupu123.com/puyou/shangchuan/p396206.html	https://www.qupu123.com/puyou/shangchuan/p396206.html	关山望月 （原创）_刘禧峰原创曲谱专栏_中国曲谱网	
jianpucn-475839	jianpucn	ok(曲名命中)	200		http://www.jianpu.cn/pu/47/475839.htm	http://www.jianpu.cn/pu/47/475839.htm	共进新朝代 郑振华-华鸣音乐 歌谱简谱网	共进新朝代
qupu123-329379	qupu123	ok(曲名命中)	200		https://www.qupu123.com/hechang/sizi/p329379.html	https://www.qupu123.com/hechang/sizi/p329379.html	兴国山歌 （故事影片《党的女儿》插曲）_合唱曲谱_中国曲谱网	兴国山歌
jianpucn-300182	jianpucn	ok(曲名命中)	200		http://www.jianpu.cn/pu/30/300182.htm	http://www.jianpu.cn/pu/30/300182.htm	关东女（电视剧《王大花的革命生涯》片头曲） 凤凰传奇 歌谱简谱网	关东女
jianpucn-157787	jianpucn	ok(曲名命中)	200		http://www.jianpu.cn/pu/15/157787.htm	http://www.jianpu.cn/pu/15/157787.htm	关雎-宋祖英 歌谱简谱网	关雎-宋祖英
jianpucn-156584	jianpucn	ok(曲名命中)	200		http://www.jianpu.cn/pu/15/156584.htm	http://www.jianpu.cn/pu/15/156584.htm	兴安岭飞出响铃声（蒋大为独唱系列88） 歌谱简谱网	兴安岭飞出响铃声
jianpucn-34196	jianpucn	ok(曲名命中)	200		http://www.jianpu.cn/pu/34/34196.htm	http://www.jianpu.cn/pu/34/34196.htm	兵哥哥 歌谱简谱网	兵哥哥
jianpujia-151373	jianpujia	ok(曲名命中)	200		https://www.jianpujia.com/jianpu/151373.html	https://www.jianpujia.com/jianpu/151373.html	其实钢琴简谱_薛之谦演唱-免费下载-简谱之家	其实
jianpucn-42117	jianpucn	ok(曲名命中)	200		http://www.jianpu.cn/pu/42/42117.htm	http://www.jianpu.cn/pu/42/42117.htm	兵哥哥一路走好 歌谱简谱网	兵哥哥一路走好
qupu123-322602	qupu123	ok(曲名命中)	200		https://www.qupu123.com/hechang/bazi/p322602.html	https://www.qupu123.com/hechang/bazi/p322602.html	兵器西安基地之歌 _維玅製譜个人制谱园地_中国曲谱网	兵器西安基地之歌
jianpucn-37214	jianpucn	ok(曲名命中)	200		http://www.jianpu.cn/pu/37/37214.htm	http://www.jianpu.cn/pu/37/37214.htm	兵妈妈(秋叶起舞记谱版) 歌谱简谱网	兵妈妈
jianpucn-64129	jianpucn	ok(曲名命中)	200		http://www.jianpu.cn/pu/64/64129.htm	http://www.jianpu.cn/pu/64/64129.htm	其实不想走 歌曲类 简谱 歌谱简谱网	其实不想走 歌曲类
qupu123-335383	qupu123	ok(曲名命中)	200		https://www.qupu123.com/shaoer/liuzi/p335383.html	https://www.qupu123.com/shaoer/liuzi/p335383.html	兵娃娃 海娃娃 _少儿曲谱_中国曲谱网	兵娃娃_海娃娃
jianpucn-36143	jianpucn	ok(曲名命中)	200		http://www.jianpu.cn/pu/36/36143.htm	http://www.jianpu.cn/pu/36/36143.htm	其实你不懂我的心 歌谱简谱网	其实你不懂我的心
qupu123-333204	qupu123	ok(曲名命中)	200		https://www.qupu123.com/minge/sizi/p333204.html	https://www.qupu123.com/minge/sizi/p333204.html	兵心无悔 _民歌曲谱_中国曲谱网	兵心无悔
jianpucn-295734	jianpucn	ok(曲名命中)	200		http://www.jianpu.cn/pu/29/295734.htm	http://www.jianpu.cn/pu/29/295734.htm	其实我真的很在乎 姜育恒 歌谱简谱网	其实我真的很在乎
jianpucn-251959	jianpucn	ok(曲名命中)	200		http://www.jianpu.cn/pu/25/251959.htm	http://www.jianpu.cn/pu/25/251959.htm	其实我还是有些在乎 孟庭苇 歌谱简谱网	其实我还是有些在乎
jianpucn-70619	jianpucn	ok(曲名命中)	200		http://www.jianpu.cn/pu/70/70619.htm	http://www.jianpu.cn/pu/70/70619.htm	再会了 歌谱简谱网	再会了
jianpucn-152124	jianpucn	ok(曲名命中)	200		http://www.jianpu.cn/pu/15/152124.htm	http://www.jianpu.cn/pu/15/152124.htm	再会吧叮当 歌谱简谱网	再会吧叮当
jianpucn-29490	jianpucn	ok(曲名命中)	200		http://www.jianpu.cn/pu/29/29490.htm	http://www.jianpu.cn/pu/29/29490.htm	再叫一声妈妈 歌谱简谱网	再叫一声妈妈
jianpucn-151476	jianpucn	ok(曲名命中)	200		http://www.jianpu.cn/pu/15/151476.htm	http://www.jianpu.cn/pu/15/151476.htm	再叫一声爸妈 歌谱简谱网	再叫一声爸妈
jianpucn-42597	jianpucn	ok(曲名命中)	200		http://www.jianpu.cn/pu/42/42597.htm	http://www.jianpu.cn/pu/42/42597.htm	再唱东方红 歌谱简谱网	再唱东方红
qupu123-328269	qupu123	ok(曲名命中)	200		https://www.qupu123.com/shaoer/erziyixia/p328269.html	https://www.qupu123.com/shaoer/erziyixia/p328269.html	养蚕 _少儿曲谱_中国曲谱网	养蚕
jianpucn-156504	jianpucn	ok(曲名命中)	200		http://www.jianpu.cn/pu/15/156504.htm	http://www.jianpu.cn/pu/15/156504.htm	再唱山歌给党听 歌谱简谱网	再唱山歌给党听
jianpucn-466981	jianpucn	ok(曲名命中)	200		http://www.jianpu.cn/pu/46/466981.htm	http://www.jianpu.cn/pu/46/466981.htm	再回大别山 张也 歌谱简谱网	再回大别山
qupu123-330080	qupu123	ok(曲名命中)	200		https://www.qupu123.com/tongsu/sizi/p330080.html	https://www.qupu123.com/tongsu/sizi/p330080.html	再别康桥 （徐志摩、崔伟立词 崔伟立曲）_季司亦个人制谱园地_中国曲谱网	再别康桥
jianpucn-113813	jianpucn	ok(曲名命中)	200		http://www.jianpu.cn/pu/11/113813.htm	http://www.jianpu.cn/pu/11/113813.htm	再回首 歌曲类 简谱 歌谱简谱网	再回首
jianpucn-152235	jianpucn	ok(曲名命中)	200		http://www.jianpu.cn/pu/15/152235.htm	http://www.jianpu.cn/pu/15/152235.htm	再当一回兵 歌谱简谱网	再当一回兵
qupu123-333859	qupu123	ok(曲名命中)	200		https://www.qupu123.com/minge/liuzi/p333859.html	https://www.qupu123.com/minge/liuzi/p333859.html	再唱十送红军 _民歌曲谱_中国曲谱网	再唱十送红军
jianpujia-26483	jianpujia	ok(曲名命中)	200		https://www.jianpujia.com/jianpu/26483.html	https://www.jianpujia.com/jianpu/26483.html	再见了简谱(歌词)_儿歌_陈洲宏记谱-免费下载-简谱之家	再见了
jianpucn-316415	jianpucn	ok(曲名命中)	200		http://www.jianpu.cn/pu/31/316415.htm	http://www.jianpu.cn/pu/31/316415.htm	再敬一次军礼 阎维文 歌谱简谱网	再敬一次军礼
qupu123-367538	qupu123	ok(曲名命中)	200		https://www.qupu123.com/puyou/shangchuan/p367538.html	https://www.qupu123.com/puyou/shangchuan/p367538.html	再唱映山红 （蓝雨）_谱友园地_中国曲谱网	再唱映山红
jianpucn-114851	jianpucn	ok(曲名命中)	200		http://www.jianpu.cn/pu/11/114851.htm	http://www.jianpu.cn/pu/11/114851.htm	再爱我吧 歌曲类 简谱 歌谱简谱网	再爱我吧 歌曲类
jianpucn-70613	jianpucn	ok(曲名命中)	200		http://www.jianpu.cn/pu/70/70613.htm	http://www.jianpu.cn/pu/70/70613.htm	再生恋 歌谱简谱网	再生恋
jianpujia-74017	jianpujia	ok(曲名命中)	200		https://www.jianpujia.com/jianpu/74017.html	https://www.jianpujia.com/jianpu/74017.html	再见，我的爱人简谱(歌词)_邓丽君演唱_谱友玩音乐的辉哥上传-免费下载-简谱之家	再见，我的爱人
qupu123-316662	qupu123	ok(曲名命中)	200		https://www.qupu123.com/puyou/jipu/p316662.html	https://www.qupu123.com/puyou/jipu/p316662.html	再见只是陌生人 _谱友园地_中国曲谱网	再见只是陌生人
jianpucn-209090	jianpucn	ok(曲名命中)	200		http://www.jianpu.cn/pu/20/209090.htm	http://www.jianpu.cn/pu/20/209090.htm	再见理想-双吉他版 歌谱简谱网	再见理想
qupu123-364273	qupu123	ok(曲名命中)	200		https://www.qupu123.com/jipu/p364273.html	https://www.qupu123.com/jipu/p364273.html	再见只是陌生人 （简和谱）_写轮指钢琴即兴个人制谱园地_中国曲谱网	再见只是陌生人
jianpucn-229013	jianpucn	ok(曲名命中)	200		http://www.jianpu.cn/pu/22/229013.htm	http://www.jianpu.cn/pu/22/229013.htm	再见理想（ 乐队金曲吉他组合弹唱） 歌谱简谱网	再见理想
qupu123-335137	qupu123	ok(曲名命中)	200		https://www.qupu123.com/tongsu/sizi/p335137.html	https://www.qupu123.com/tongsu/sizi/p335137.html	再见草原 _通俗曲谱_中国曲谱网	再见草原
jianpucn-234684	jianpucn	ok(曲名命中)	200		http://www.jianpu.cn/pu/23/234684.htm	http://www.jianpu.cn/pu/23/234684.htm	再见理想（扫描谱）吉他 — Beyond 歌谱简谱网	再见理想
jianpucn-115186	jianpucn	ok(曲名命中)	200		http://www.jianpu.cn/pu/11/115186.htm	http://www.jianpu.cn/pu/11/115186.htm	再说一次我爱你 歌曲类 简谱 歌谱简谱网	再说一次我爱你 歌曲类
qupu123-333372	qupu123	ok(曲名命中)	200		https://www.qupu123.com/tongsu/bazi/p333372.html	https://www.qupu123.com/tongsu/bazi/p333372.html	再远的路也要回家 _通俗曲谱_中国曲谱网	再远的路也要回家
jianpucn-29031	jianpucn	ok(曲名命中)	200		http://www.jianpu.cn/pu/29/29031.htm	http://www.jianpu.cn/pu/29/29031.htm	再铸时代脊梁 歌谱简谱网	再铸时代脊梁
qupu123-332222	qupu123	ok(曲名命中)	200		https://www.qupu123.com/shaoer/liuzi/p332222.html	https://www.qupu123.com/shaoer/liuzi/p332222.html	冒失的小猴子 _少儿曲谱_中国曲谱网	冒失的小猴子
jianpucn-50922	jianpucn	ok(曲名命中)	200		http://www.jianpu.cn/pu/50/50922.htm	http://www.jianpu.cn/pu/50/50922.htm	再铸时代铁脊梁 歌谱简谱网	再铸时代铁脊梁
qupu123-335174	qupu123	ok(曲名命中)	200		https://www.qupu123.com/minge/liuzi/p335174.html	https://www.qupu123.com/minge/liuzi/p335174.html	写德字 立人品 （丁恩昌词 张国良曲）_民歌曲谱_中国曲谱网	写德字_立人品
jianpucn-272401	jianpucn	ok(曲名命中)	200		http://www.jianpu.cn/pu/27/272401.htm	http://www.jianpu.cn/pu/27/272401.htm	写不完的温柔 邓紫棋 歌谱简谱网	写不完的温柔
qupu123-334153	qupu123	ok(曲名命中)	200		https://www.qupu123.com/tongsu/qizi/p334153.html	https://www.qupu123.com/tongsu/qizi/p334153.html	写首情歌给自己 _通俗曲谱_中国曲谱网	写首情歌给自己
jianpucn-452262	jianpucn	ok(曲名命中)	200		http://www.jianpu.cn/pu/45/452262.htm	http://www.jianpu.cn/pu/45/452262.htm	军人本色（ 李本良订弓指法） 阎维文 歌谱简谱网	军人本色
qupu123-335055	qupu123	ok(曲名命中)	200		https://www.qupu123.com/tongsu/liuzi/p335055.html	https://www.qupu123.com/tongsu/liuzi/p335055.html	写给未来的她 _通俗曲谱_中国曲谱网	写给未来的她
jianpucn-158955	jianpucn	ok(曲名命中)	200		http://www.jianpu.cn/pu/15/158955.htm	http://www.jianpu.cn/pu/15/158955.htm	军人的生日 歌谱简谱网	军人的生日
qupu123-334414	qupu123	ok(曲名命中)	200		https://www.qupu123.com/minge/wuzi/p334414.html	https://www.qupu123.com/minge/wuzi/p334414.html	军中铁男儿 _民歌曲谱_中国曲谱网	军中铁男儿
qupu123-333307	qupu123	ok(曲名命中)	200		https://www.qupu123.com/minge/qizi/p333307.html	https://www.qupu123.com/minge/qizi/p333307.html	军人就该这个样 _民歌曲谱_中国曲谱网	军人就该这个样
qupu123-333182	qupu123	ok(曲名命中)	200		https://www.qupu123.com/minge/wuzi/p333182.html	https://www.qupu123.com/minge/wuzi/p333182.html	军人的忠诚 （张立中词 邓融合曲）_民歌曲谱_中国曲谱网	军人的忠诚
qupu123-333198	qupu123	ok(曲名命中)	200		https://www.qupu123.com/minge/wuzi/p333198.html	https://www.qupu123.com/minge/wuzi/p333198.html	军人的血性 （游君词 赵鹏豪曲）_民歌曲谱_中国曲谱网	军人的血性
qupu123-333265	qupu123	ok(曲名命中)	200		https://www.qupu123.com/minge/erziyixia/p333265.html	https://www.qupu123.com/minge/erziyixia/p333265.html	军医 _民歌曲谱_中国曲谱网	军医
qupu123-334984	qupu123	打不开:URLError	0		https://www.qupu123.com/minge/erziyixia/p334984.html	https://www.qupu123.com/minge/erziyixia/p334984.html		兵
qupu123-333181	qupu123	ok(曲名命中)	200		https://www.qupu123.com/tongsu/sizi/p333181.html	https://www.qupu123.com/tongsu/sizi/p333181.html	军旅日记 （葛逊词 罗晓航曲）_通俗曲谱_中国曲谱网	军旅日记
qupu123-333961	qupu123	ok(曲名命中)	200		https://www.qupu123.com/minge/liuzi/p333961.html	https://www.qupu123.com/minge/liuzi/p333961.html	军旗下的士兵 _民歌曲谱_中国曲谱网	军旗下的士兵
jianpucn-85085	jianpucn	ok(曲名命中)	200		http://www.jianpu.cn/pu/85/85085.htm	http://www.jianpu.cn/pu/85/85085.htm	军人时刻在战场 歌谱简谱网	军人时刻在战场
qupu123-334059	qupu123	ok(曲名命中)	200		https://www.qupu123.com/minge/erziyixia/p334059.html	https://www.qupu123.com/minge/erziyixia/p334059.html	军旗 （石黎生词 董京安曲）_民歌曲谱_中国曲谱网	军旗
qupu123-334108	qupu123	ok(曲名命中)	200		https://www.qupu123.com/minge/sizi/p334108.html	https://www.qupu123.com/minge/sizi/p334108.html	军校学员 _民歌曲谱_中国曲谱网	军校学员
jianpucn-35316	jianpucn	ok(曲名命中)	200		http://www.jianpu.cn/pu/35/35316.htm	http://www.jianpu.cn/pu/35/35316.htm	写不完的爱 歌谱简谱网	写不完的爱
qupu123-369930	qupu123	ok(曲名命中)	200		https://www.qupu123.com/hechang/bazi/p369930.html	https://www.qupu123.com/hechang/bazi/p369930.html	军歌国歌一样的爱 _合唱曲谱_中国曲谱网	军歌国歌一样的爱
qupu123-334912	qupu123	ok(曲名命中)	200		https://www.qupu123.com/minge/liuzi/p334912.html	https://www.qupu123.com/minge/liuzi/p334912.html	军歌飘过小窗 （彭子柱词 党继志曲）_民歌曲谱_中国曲谱网	军歌飘过小窗
jianpucn-421978	jianpucn	ok(曲名命中)	200		http://www.jianpu.cn/pu/42/421978.htm	http://www.jianpu.cn/pu/42/421978.htm	农民颂（电视剧《黄土高天》主题曲） 王宏伟 歌谱简谱网	农民颂
qupu123-328497	qupu123	ok(曲名命中)	200		https://www.qupu123.com/hechang/liuzi/p328497.html	https://www.qupu123.com/hechang/liuzi/p328497.html	军民情·七律 （习近平诗词 王柏清曲）_王柏清原创曲谱专栏_中国曲谱网	军民情·七律
jianpucn-33897	jianpucn	ok(曲名命中)	200		http://www.jianpu.cn/pu/33/33897.htm	http://www.jianpu.cn/pu/33/33897.htm	冬之夜 歌谱简谱网	冬之夜
qupu123-363061	qupu123	ok(曲名命中)	200		https://www.qupu123.com/puyou/shangchuan/p363061.html	https://www.qupu123.com/puyou/shangchuan/p363061.html	军港之夜 _樱花霰弹枪个人制谱园地_中国曲谱网	军港之夜
qupu123-333005	qupu123	ok(曲名命中)	200		https://www.qupu123.com/tongsu/sizi/p333005.html	https://www.qupu123.com/tongsu/sizi/p333005.html	军营四季 _通俗曲谱_中国曲谱网	军营四季
jianpujia-74029	jianpujia	ok(曲名命中)	200		https://www.jianpujia.com/jianpu/74029.html	https://www.jianpujia.com/jianpu/74029.html	冬之恋情简谱(歌词)_邓丽君演唱_玩音乐的辉哥曲谱-免费下载-简谱之家	冬之恋情
qupu123-333945	qupu123	ok(曲名命中)	200		https://www.qupu123.com/minge/wuzi/p333945.html	https://www.qupu123.com/minge/wuzi/p333945.html	军营女儿情 （于秀莲词 张文曲）_民歌曲谱_中国曲谱网	军营女儿情
jianpucn-114566	jianpucn	ok(曲名命中)	200		http://www.jianpu.cn/pu/11/114566.htm	http://www.jianpu.cn/pu/11/114566.htm	冬季到台北来看雨 歌曲类 简谱 歌谱简谱网	冬季到台北来看雨 歌曲类
jianpucn-472340	jianpucn	ok(曲名命中)	200		http://www.jianpu.cn/pu/47/472340.htm	http://www.jianpu.cn/pu/47/472340.htm	军港之夜怀旧经典 苏小明 歌谱简谱网	军港之夜
qupu123-326513	qupu123	ok(曲名命中)	200		https://www.qupu123.com/hechang/liuzi/p326513.html	https://www.qupu123.com/hechang/liuzi/p326513.html	农家乐 乐万家 _合唱曲谱_中国曲谱网	农家乐_乐万家
qupu123-333163	qupu123	ok(曲名命中)	200		https://www.qupu123.com/minge/sanzi/p333163.html	https://www.qupu123.com/minge/sanzi/p333163.html	农家笑 _民歌曲谱_中国曲谱网	农家笑
qupu123-314064	qupu123	ok(曲名命中)	200		https://www.qupu123.com/meisheng/qizi/p314064.html	https://www.qupu123.com/meisheng/qizi/p314064.html	​16军营里的红玫瑰（双谱） _美声曲谱_中国曲谱网	军营里的红玫瑰
jianpucn-232180	jianpucn	ok(曲名命中)	200		http://www.jianpu.cn/pu/23/232180.htm	http://www.jianpu.cn/pu/23/232180.htm	冬色（扫描谱） 歌谱简谱网	冬色
qupu123-318896	qupu123	ok(曲名命中)	200		https://www.qupu123.com/hechang/sizi/p318896.html	https://www.qupu123.com/hechang/sizi/p318896.html	农民之歌 （男声领唱、伴唱）_合唱曲谱_中国曲谱网	农民之歌
qupu123-325926	qupu123	ok(原记录标题命中)	200		https://www.qupu123.com/meisheng/erziyixia/p325926.html	https://www.qupu123.com/meisheng/erziyixia/p325926.html	冬 （张士燮词 何平洋曲）_美声曲谱_中国曲谱网	冬
jianpucn-209142	jianpucn	ok(曲名命中)	200		http://www.jianpu.cn/pu/20/209142.htm	http://www.jianpu.cn/pu/20/209142.htm	冰雨1 歌谱简谱网	冰雨1
jianpucn-114648	jianpucn	ok(曲名命中)	200		http://www.jianpu.cn/pu/11/114648.htm	http://www.jianpu.cn/pu/11/114648.htm	冰雨 歌曲类 简谱 歌谱简谱网	冰雨 歌曲类
qupu123-332909	qupu123	ok(曲名命中)	200		https://www.qupu123.com/tongsu/wuzi/p332909.html	https://www.qupu123.com/tongsu/wuzi/p332909.html	冬天会过去 _通俗曲谱_中国曲谱网	冬天会过去
jianpucn-64537	jianpucn	ok(曲名命中)	200		http://www.jianpu.cn/pu/64/64537.htm	http://www.jianpu.cn/pu/64/64537.htm	冲动的惩罚 歌曲类 简谱 歌谱简谱网	冲动的惩罚
qupu123-335675	qupu123	ok(曲名命中)	200		https://www.qupu123.com/minge/wuzi/p335675.html	https://www.qupu123.com/minge/wuzi/p335675.html	冬天的守望 _民歌曲谱_中国曲谱网	冬天的守望
qupu123-1038	qupu123	ok(曲名命中)	200		https://www.qupu123.com/tongsu/qizi/p1038.html	https://www.qupu123.com/tongsu/qizi/p1038.html	冬天里的一把火简谱_通俗曲谱_中国曲谱网	冬天里的一把火
jianpucn-69871	jianpucn	ok(曲名命中)	200		http://www.jianpu.cn/pu/69/69871.htm	http://www.jianpu.cn/pu/69/69871.htm	决定 歌谱简谱网	决定
qupu123-223551	qupu123	ok(曲名命中)	200		https://www.qupu123.com/tongsu/erziyixia/p223551.html	https://www.qupu123.com/tongsu/erziyixia/p223551.html	冬天 （牛汉词 邓曙曲）_通俗曲谱_中国曲谱网	冬天
jianpucn-119426	jianpucn	ok(曲名命中)	200		http://www.jianpu.cn/pu/11/119426.htm	http://www.jianpu.cn/pu/11/119426.htm	冷夜雨 歌谱简谱网	冷夜雨
qupu123-396369	qupu123	打不开:URLError	0		https://www.qupu123.com/puyou/shangchuan/p396369.html	https://www.qupu123.com/puyou/shangchuan/p396369.html		再诉衷肠
qupu123-329820	qupu123	ok(曲名命中)	200		https://www.qupu123.com/yuanchuang/p329820.html	https://www.qupu123.com/yuanchuang/p329820.html	冬天 （逍遥读书人词刘新太曲）_刘新太原创曲谱专栏_中国曲谱网	冬天
jianpucn-192090	jianpucn	ok(曲名命中)	200		http://www.jianpu.cn/pu/19/192090.htm	http://www.jianpu.cn/pu/19/192090.htm	冷雨夜bass 歌谱简谱网	冷雨夜
qupu123-335729	qupu123	ok(曲名命中)	200		https://www.qupu123.com/tongsu/sizi/p335729.html	https://www.qupu123.com/tongsu/sizi/p335729.html	冬季恋歌 _一门502原创曲谱专栏_中国曲谱网	冬季恋歌
jianpucn-51254	jianpucn	ok(曲名命中)	200		http://www.jianpu.cn/pu/51/51254.htm	http://www.jianpu.cn/pu/51/51254.htm	准我(粤语) 歌谱简谱网	准我
qupu123-335033	qupu123	ok(曲名命中)	200		https://www.qupu123.com/minge/erziyixia/p335033.html	https://www.qupu123.com/minge/erziyixia/p335033.html	冬梅 （史凤岐词 金少蒙曲）_民歌曲谱_中国曲谱网	冬梅
jianpujia-150255	jianpujia	ok(曲名命中)	200		https://www.jianpujia.com/jianpu/150255.html	https://www.jianpujia.com/jianpu/150255.html	冷雨夜钢琴简谱_Beyond演唱-免费下载-简谱之家	冷雨夜
qupu123-396311	qupu123	ok(曲名命中)	200		https://www.qupu123.com/puyou/shangchuan/p396311.html	https://www.qupu123.com/puyou/shangchuan/p396311.html	冬雪冬雪你别笑我 _............个人制谱园地_中国曲谱网	冬雪冬雪你别笑我
jianpucn-50996	jianpucn	ok(曲名命中)	200		http://www.jianpu.cn/pu/50/50996.htm	http://www.jianpu.cn/pu/50/50996.htm	准我再一次(粤语) 歌谱简谱网	准我再一次
jianpucn-277119	jianpucn	ok(曲名命中)	200		http://www.jianpu.cn/pu/27/277119.htm	http://www.jianpu.cn/pu/27/277119.htm	准格尔人（电影《跟着幸福走》片头曲） 腾格尔 歌谱简谱网	准格尔人
qupu123-320337	qupu123	ok(曲名命中)	200		https://www.qupu123.com/meisheng/sizi/p320337.html	https://www.qupu123.com/meisheng/sizi/p320337.html	43冬雪咏叹（双谱） _美声曲谱_中国曲谱网	冬雪咏叹
jianpujia-18972	jianpujia	ok(曲名命中)	200		https://www.jianpujia.com/jianpu/18972.html	https://www.jianpujia.com/jianpu/18972.html	凝望简谱(歌词)_邓丽君演唱_王wzh曲谱-免费下载-简谱之家	凝望
jianpucn-239482	jianpucn	ok(曲名命中)	200		http://www.jianpu.cn/pu/23/239482.htm	http://www.jianpu.cn/pu/23/239482.htm	几时再回吊脚楼 宋祖英 歌谱简谱网	几时再回吊脚楼
jianpujia-18163	jianpujia	ok(曲名命中)	200		https://www.jianpujia.com/jianpu/18163.html	https://www.jianpujia.com/jianpu/18163.html	几多愁简谱(歌词)_邓丽君演唱_君羊曲谱-免费下载-简谱之家	几多愁
qupu123-333671	qupu123	ok(曲名命中)	200		https://www.qupu123.com/shaoer/erziyixia/p333671.html	https://www.qupu123.com/shaoer/erziyixia/p333671.html	冰雹 （李艳华词 陈元绍曲）_少儿曲谱_中国曲谱网	冰雹
qupu123-331850	qupu123	ok(曲名命中)	200		https://www.qupu123.com/jipu/p331850.html	https://www.qupu123.com/jipu/p331850.html	冰雪情 （言寺 词曲）_风 丰个人制谱园地_中国曲谱网	冰雪情
jianpucn-115321	jianpucn	ok(曲名命中)	200		http://www.jianpu.cn/pu/11/115321.htm	http://www.jianpu.cn/pu/11/115321.htm	凡人歌 歌曲类 简谱 歌谱简谱网	凡人歌 歌曲类
qupu123-333863	qupu123	ok(曲名命中)	200		https://www.qupu123.com/minge/sizi/p333863.html	https://www.qupu123.com/minge/sizi/p333863.html	冲锋，冲锋 _民歌曲谱_中国曲谱网	冲锋，冲锋
jianpucn-151505	jianpucn	ok(曲名命中)	200		http://www.jianpu.cn/pu/15/151505.htm	http://www.jianpu.cn/pu/15/151505.htm	凤凰于飞（连续剧《后宫甄嬛传》片尾曲 歌谱简谱网	凤凰于飞（连续剧《后宫甄嬛传》片尾曲
qupu123-394637	qupu123	ok(曲名命中)	200		https://www.qupu123.com/tongsu/sizi/p394637.html	https://www.qupu123.com/tongsu/sizi/p394637.html	决不回头 _天恩原创曲谱专栏_中国曲谱网	决不回头
jianpucn-252071	jianpucn	ok(曲名命中)	200		http://www.jianpu.cn/pu/25/252071.htm	http://www.jianpu.cn/pu/25/252071.htm	凤凰木 吉他 — 孟庭苇 歌谱简谱网	凤凰木 吉他
qupu123-396314	qupu123	ok(曲名命中)	200		https://www.qupu123.com/puyou/shangchuan/p396314.html	https://www.qupu123.com/puyou/shangchuan/p396314.html	冷风沙 _............个人制谱园地_中国曲谱网	冷风沙
jianpucn-64616	jianpucn	ok(曲名命中)	200		http://www.jianpu.cn/pu/64/64616.htm	http://www.jianpu.cn/pu/64/64616.htm	凹凸 歌曲类 简谱 歌谱简谱网	凹凸 歌曲类
qupu123-334261	qupu123	ok(曲名命中)	200		https://www.qupu123.com/minge/qizi/p334261.html	https://www.qupu123.com/minge/qizi/p334261.html	准备好了上战场 _民歌曲谱_中国曲谱网	准备好了上战场
jianpucn-290144	jianpucn	ok(曲名命中)	200		http://www.jianpu.cn/pu/29/290144.htm	http://www.jianpu.cn/pu/29/290144.htm	出人头地（又名 生命过客）（新加坡电视剧《出人头地》插曲） 童安格 歌谱简谱网	出人头地（又名 生命过客）
qupu123-106363	qupu123	ok(曲名命中)	200		https://www.qupu123.com/tongsu/sizi/p106363.html	https://www.qupu123.com/tongsu/sizi/p106363.html	凤凰传奇 （施翔词 潘力峰曲）_通俗曲谱_中国曲谱网	凤凰传奇
jianpucn-64535	jianpucn	ok(曲名命中)	200		http://www.jianpu.cn/pu/64/64535.htm	http://www.jianpu.cn/pu/64/64535.htm	出卖 歌曲类 简谱 歌谱简谱网	出卖
qupu123-330783	qupu123	ok(曲名命中)	200		https://www.qupu123.com/tongsu/sanzi/p330783.html	https://www.qupu123.com/tongsu/sanzi/p330783.html	凤凰木 _通俗曲谱_中国曲谱网	凤凰木
jianpujia-12599	jianpujia	ok(曲名命中)	200		https://www.jianpujia.com/jianpu/12599.html	https://www.jianpujia.com/jianpu/12599.html	出塞简谱(歌词)_小海龟演唱组演唱_桃李醉春风记谱-免费下载-简谱之家	出塞
qupu123-352096	qupu123	ok(曲名命中)	200		https://www.qupu123.com/jipu/p352096.html	https://www.qupu123.com/jipu/p352096.html	凤凰汇 （楚留香新传配乐）_曲水悠悠个人制谱园地_中国曲谱网	凤凰汇
jianpucn-64492	jianpucn	ok(曲名命中)	200		http://www.jianpu.cn/pu/64/64492.htm	http://www.jianpu.cn/pu/64/64492.htm	刀剑如梦 歌曲类 简谱 歌谱简谱网	刀剑如梦 歌曲类
qupu123-334157	qupu123	ok(曲名命中)	200		https://www.qupu123.com/minge/sizi/p334157.html	https://www.qupu123.com/minge/sizi/p334157.html	凤凰涅槃 （吴庆幸词 李侖曲）_民歌曲谱_中国曲谱网	凤凰涅槃
jianpucn-40850	jianpucn	ok(曲名命中)	200		http://www.jianpu.cn/pu/40/40850.htm	http://www.jianpu.cn/pu/40/40850.htm	刀剑若梦 歌谱简谱网	刀剑若梦
jianpucn-133049	jianpucn	ok(曲名命中)	200		http://www.jianpu.cn/pu/13/133049.htm	http://www.jianpu.cn/pu/13/133049.htm	分别的时候（蒋大为独唱系列23） 歌谱简谱网	分别的时候
qupu123-382226	qupu123	ok(曲名命中)	200		https://www.qupu123.com/tongsu/qizi/p382226.html	https://www.qupu123.com/tongsu/qizi/p382226.html	凤凰花开的路口 _通俗曲谱_中国曲谱网	凤凰花开的路口
qupu123-371314	qupu123	ok(曲名命中)	200		https://www.qupu123.com/minge/qizi/p371314.html	https://www.qupu123.com/minge/qizi/p371314.html	凤山连厢十二月 _博士168个人制谱园地_中国曲谱网	凤山连厢十二月
jianpucn-49800	jianpucn	ok(曲名命中)	200		http://www.jianpu.cn/pu/49/49800.htm	http://www.jianpu.cn/pu/49/49800.htm	几时再回头 歌谱简谱网	几时再回头
jianpucn-121919	jianpucn	ok(曲名命中)	200		http://www.jianpu.cn/pu/12/121919.htm	http://www.jianpu.cn/pu/12/121919.htm	分手何必又相逢 歌谱简谱网	分手何必又相逢
qupu123-334863	qupu123	ok(曲名命中)	200		https://www.qupu123.com/shaoer/sizi/p334863.html	https://www.qupu123.com/shaoer/sizi/p334863.html	凤鸣朝阳 （易志仲、方昱词 贺文广曲、合唱）_贺文广原创曲谱专栏_中国曲谱网	凤鸣朝阳
qupu123-336047	qupu123	ok(曲名命中)	200		https://www.qupu123.com/minge/sanzi/p336047.html	https://www.qupu123.com/minge/sanzi/p336047.html	出兵调 _民歌曲谱_中国曲谱网	出兵调
jianpucn-113487	jianpucn	ok(曲名命中)	200		http://www.jianpu.cn/pu/11/113487.htm	http://www.jianpu.cn/pu/11/113487.htm	分手快乐 弹唱版 键盘类 钢琴 歌谱简谱网	分手快乐
qupu123-334060	qupu123	ok(曲名命中)	200		https://www.qupu123.com/minge/wuzi/p334060.html	https://www.qupu123.com/minge/wuzi/p334060.html	出彩新河南 _民歌曲谱_中国曲谱网	出彩新河南
jianpucn-63890	jianpucn	ok(曲名命中)	200		http://www.jianpu.cn/pu/63/63890.htm	http://www.jianpu.cn/pu/63/63890.htm	分手前的雨天 歌谱简谱网	分手前的雨天
jianpucn-115292	jianpucn	ok(曲名命中)	200		http://www.jianpu.cn/pu/11/115292.htm	http://www.jianpu.cn/pu/11/115292.htm	分手快乐 歌曲类 简谱 歌谱简谱网	分手快乐 歌曲类
jianpucn-184672	jianpucn	ok(曲名命中)	200		http://www.jianpu.cn/pu/18/184672.htm	http://www.jianpu.cn/pu/18/184672.htm	分手总在雨天 歌谱简谱网	分手总在雨天
qupu123-315076	qupu123	ok(曲名命中)	200		https://www.qupu123.com/meisheng/liuzi/p315076.html	https://www.qupu123.com/meisheng/liuzi/p315076.html	​38出门在外的人（双谱） _美声曲谱_中国曲谱网	出门在外的人
qupu123-346925	qupu123	ok(曲名命中)	200		https://www.qupu123.com/puyou/shangchuan/p346925.html	https://www.qupu123.com/puyou/shangchuan/p346925.html	凤凰花季 （韩红演唱）_谱友园地_中国曲谱网	凤凰花季
jianpucn-64049	jianpucn	ok(曲名命中)	200		http://www.jianpu.cn/pu/64/64049.htm	http://www.jianpu.cn/pu/64/64049.htm	分手总要在雨天 歌曲类 简谱 歌谱简谱网	分手总要在雨天 歌曲类
jianpucn-136535	jianpucn	ok(曲名命中)	200		http://www.jianpu.cn/pu/13/136535.htm	http://www.jianpu.cn/pu/13/136535.htm	分手的邂逅 歌谱简谱网	分手的邂逅
qupu123-328304	qupu123	ok(曲名命中)	200		https://www.qupu123.com/shaoer/sizi/p328304.html	https://www.qupu123.com/shaoer/sizi/p328304.html	击鼓传花 （廖小凤词 罗晓航曲）_少儿曲谱_中国曲谱网	击鼓传花
qupu123-62641	qupu123	ok(曲名命中)	200		https://www.qupu123.com/jipu/p62641.html	https://www.qupu123.com/jipu/p62641.html	分分钟需要你简谱_桃李醉春风个人制谱园地_中国曲谱网	分分钟需要你
jianpucn-160661	jianpucn	ok(曲名命中)	200		http://www.jianpu.cn/pu/16/160661.htm	http://www.jianpu.cn/pu/16/160661.htm	列宁诞生 歌谱简谱网	列宁诞生
qupu123-372327	qupu123	ok(曲名命中)	200		https://www.qupu123.com/tongsu/jiuziyishang/p372327.html	https://www.qupu123.com/tongsu/jiuziyishang/p372327.html	分手的话你终于说出口 （ 原唱：石满巧）_通俗曲谱_中国曲谱网	分手的话你终于说出口
jianpucn-155651	jianpucn	ok(曲名命中)	200		http://www.jianpu.cn/pu/15/155651.htm	http://www.jianpu.cn/pu/15/155651.htm	列车窗口（蒋大为独唱系列81） 歌谱简谱网	列车窗口
qupu123-334207	qupu123	ok(曲名命中)	200		https://www.qupu123.com/minge/sizi/p334207.html	https://www.qupu123.com/minge/sizi/p334207.html	刑警本色 _民歌曲谱_中国曲谱网	刑警本色
jianpujia-14726	jianpujia	ok(曲名命中)	200		https://www.jianpujia.com/jianpu/14726.html	https://www.jianpujia.com/jianpu/14726.html	刚刚好简谱__薛之谦__我们的爱情到这刚刚好_剩不多也不少_还能忘掉-免费下载-简谱之家	刚刚好
jianpucn-85765	jianpucn	ok(曲名命中)	200		http://www.jianpu.cn/pu/85/85765.htm	http://www.jianpu.cn/pu/85/85765.htm	刘德华-真我的风采 歌谱简谱网	刘德华-真我的风采
qupu123-328307	qupu123	ok(曲名命中)	200		https://www.qupu123.com/shaoer/erziyixia/p328307.html	https://www.qupu123.com/shaoer/erziyixia/p328307.html	划拳 _少儿曲谱_中国曲谱网	划拳
jianpujia-150582	jianpujia	ok(曲名命中)	200		https://www.jianpujia.com/jianpu/150582.html	https://www.jianpujia.com/jianpu/150582.html	刚刚好钢琴简谱_薛之谦演唱-免费下载-简谱之家	刚刚好
jianpucn-85767	jianpucn	ok(曲名命中)	200		http://www.jianpu.cn/pu/85/85767.htm	http://www.jianpu.cn/pu/85/85767.htm	刘德华-笨小孩 歌谱简谱网	刘德华-笨小孩
qupu123-333183	qupu123	ok(曲名命中)	200		https://www.qupu123.com/tongsu/wuzi/p333183.html	https://www.qupu123.com/tongsu/wuzi/p333183.html	列兵的烙印 _通俗曲谱_中国曲谱网	列兵的烙印
jianpujia-15353	jianpujia	ok(曲名命中)	200		https://www.jianpujia.com/jianpu/15353.html	https://www.jianpujia.com/jianpu/15353.html	初学者简谱_薛之谦_贪婪的欺骗着初学者-免费下载-简谱之家	初学者
jianpucn-450950	jianpucn	ok(曲名命中)	200		http://www.jianpu.cn/pu/45/450950.htm	http://www.jianpu.cn/pu/45/450950.htm	刘海砍樵（名家名段 花鼓戏） 李谷一 歌谱简谱网	刘海砍樵
jianpucn-67725	jianpucn	ok(曲名命中)	200		http://www.jianpu.cn/pu/67/67725.htm	http://www.jianpu.cn/pu/67/67725.htm	初恋女 歌谱简谱网	初恋女
jianpucn-470625	jianpucn	ok(曲名命中)	200		http://www.jianpu.cn/pu/47/470625.htm	http://www.jianpu.cn/pu/47/470625.htm	初恋的地方电子琴伴奏配器 邓丽君 歌谱简谱网	初恋的地方
jianpujia-18344	jianpujia	ok(曲名命中)	200		https://www.jianpujia.com/jianpu/18344.html	https://www.jianpujia.com/jianpu/18344.html	初恋的地方简谱(歌词)_邓丽君演唱_王wzh曲谱-免费下载-简谱之家	初恋的地方
qupu123-325312	qupu123	ok(曲名命中)	200		https://www.qupu123.com/hechang/sanzi/p325312.html	https://www.qupu123.com/hechang/sanzi/p325312.html	刘志丹 （陕北民歌、党音之编曲）_合唱曲谱_中国曲谱网	刘志丹
jianpucn-236366	jianpucn	ok(曲名命中)	200		http://www.jianpu.cn/pu/23/236366.htm	http://www.jianpu.cn/pu/23/236366.htm	初次尝到寂寞 邓丽君 歌谱简谱网	初次尝到寂寞
jianpucn-236386	jianpucn	ok(曲名命中)	200		http://www.jianpu.cn/pu/23/236386.htm	http://www.jianpu.cn/pu/23/236386.htm	初次尝到寂寞（扫描谱） — 邓丽君 歌谱简谱网	初次尝到寂寞
qupu123-333189	qupu123	ok(曲名命中)	200		https://www.qupu123.com/minge/sizi/p333189.html	https://www.qupu123.com/minge/sizi/p333189.html	利剑之歌 （葛逊词 刘锡古曲）_民歌曲谱_中国曲谱网	利剑之歌
jianpucn-89318	jianpucn	ok(曲名命中)	200		http://www.jianpu.cn/pu/89/89318.htm	http://www.jianpu.cn/pu/89/89318.htm	别人的天长地久 歌谱简谱网	别人的天长地久
jianpujia-7208	jianpujia	ok(曲名命中)	200		https://www.jianpujia.com/jianpu/7208.html	https://www.jianpujia.com/jianpu/7208.html	别看我只是只羊简谱_动画_喜羊羊与灰太狼_主题曲-免费下载-简谱之家	别看我只是只羊
jianpucn-428970	jianpucn	ok(曲名命中)	200		http://www.jianpu.cn/pu/42/428970.htm	http://www.jianpu.cn/pu/42/428970.htm	别再闹了（电影《来电狂响》主题曲） 毛不易 歌谱简谱网	别再闹了
jianpucn-111433	jianpucn	ok(曲名命中)	200		http://www.jianpu.cn/pu/11/111433.htm	http://www.jianpu.cn/pu/11/111433.htm	别怕我伤心 乐队类 电声乐队 歌谱简谱网	别怕我伤心 乐队类 电声乐队
jianpujia-18879	jianpujia	ok(曲名命中)	200		https://www.jianpujia.com/jianpu/18879.html	https://www.jianpujia.com/jianpu/18879.html	别离简谱(歌词)_邓丽君演唱_王wzh曲谱-免费下载-简谱之家	别离
jianpucn-150326	jianpucn	ok(曲名命中)	200		http://www.jianpu.cn/pu/15/150326.htm	http://www.jianpu.cn/pu/15/150326.htm	别把眉儿皱【彩谱】 歌谱简谱网	别把眉儿皱
qupu123-382534	qupu123	ok(曲名命中)	200		https://www.qupu123.com/tongsu/liuzi/p382534.html	https://www.qupu123.com/tongsu/liuzi/p382534.html	别在伤口撒盐 _通俗曲谱_中国曲谱网	别在伤口撒盐
jianpucn-402798	jianpucn	ok(曲名命中)	200		http://www.jianpu.cn/pu/40/402798.htm	http://www.jianpu.cn/pu/40/402798.htm	别无选择（电视剧《逃出陷井》片尾歌） 韩磊 歌谱简谱网	别无选择
jianpucn-300844	jianpucn	ok(曲名命中)	200		http://www.jianpu.cn/pu/30/300844.htm	http://www.jianpu.cn/pu/30/300844.htm	别离不必长流泪 李谷一 歌谱简谱网	别离不必长流泪
qupu123-328289	qupu123	ok(曲名命中)	200		https://www.qupu123.com/shaoer/qizi/p328289.html	https://www.qupu123.com/shaoer/qizi/p328289.html	别看我们年纪小 （希扬词 李群曲）_少儿曲谱_中国曲谱网	别看我们年纪小
jianpucn-433525	jianpucn	ok(曲名命中)	200		http://www.jianpu.cn/pu/43/433525.htm	http://www.jianpu.cn/pu/43/433525.htm	别董大（ 记谱） 凤凰传奇 歌谱简谱网	别董大
qupu123-335778	qupu123	ok(曲名命中)	200		https://www.qupu123.com/tongsu/wuzi/p335778.html	https://www.qupu123.com/tongsu/wuzi/p335778.html	别让爱远航 _通俗曲谱_中国曲谱网	别让爱远航
qupu123-200299	qupu123	ok(曲名命中)	200		https://www.qupu123.com/jipu/p200299.html	https://www.qupu123.com/jipu/p200299.html	别哭我最爱的人 __中国曲谱网	别哭我最爱的人
jianpucn-151756	jianpucn	ok(曲名命中)	200		http://www.jianpu.cn/pu/15/151756.htm	http://www.jianpu.cn/pu/15/151756.htm	别问 歌谱简谱网	别问
qupu123-331963	qupu123	ok(曲名命中)	200		https://www.qupu123.com/tongsu/liuzi/p331963.html	https://www.qupu123.com/tongsu/liuzi/p331963.html	到了这把年纪 _通俗曲谱_中国曲谱网	到了这把年纪
jianpucn-174508	jianpucn	ok(曲名命中)	200		http://www.jianpu.cn/pu/17/174508.htm	http://www.jianpu.cn/pu/17/174508.htm	别问我（《密战》主题曲） 歌谱简谱网	别问我
qupu123-382569	qupu123	ok(曲名命中)	200		https://www.qupu123.com/tongsu/qizi/p382569.html	https://www.qupu123.com/tongsu/qizi/p382569.html	刺到骨子里的痛 _通俗曲谱_中国曲谱网	刺到骨子里的痛
jianpucn-245753	jianpucn	ok(曲名命中)	200		http://www.jianpu.cn/pu/24/245753.htm	http://www.jianpu.cn/pu/24/245753.htm	前生有缘 — 邓丽君 歌谱简谱网	前生有缘
jianpucn-462599	jianpucn	ok(曲名命中)	200		http://www.jianpu.cn/pu/46/462599.htm	http://www.jianpu.cn/pu/46/462599.htm	前门情思大碗茶- （伴奏） 李谷一 歌谱简谱网	前门情思大碗茶
jianpucn-68403	jianpucn	ok(曲名命中)	200		http://www.jianpu.cn/pu/68/68403.htm	http://www.jianpu.cn/pu/68/68403.htm	前门情思大碗茶 歌谱简谱网	前门情思大碗茶
qupu123-329458	qupu123	ok(曲名命中)	200		https://www.qupu123.com/hechang/sizi/p329458.html	https://www.qupu123.com/hechang/sizi/p329458.html	前程万里 （故事影片《前程万里》主题歌）_合唱曲谱_中国曲谱网	前程万里
jianpucn-155937	jianpucn	ok(曲名命中)	200		http://www.jianpu.cn/pu/15/155937.htm	http://www.jianpu.cn/pu/15/155937.htm	前面的太阳永远火红（董文华独唱系列53） 歌谱简谱网	前面的太阳永远火红
jianpucn-176553	jianpucn	ok(曲名命中)	200		http://www.jianpu.cn/pu/17/176553.htm	http://www.jianpu.cn/pu/17/176553.htm	剑侠情缘(《剑侠情缘网络版2》主题曲) 歌谱简谱网	剑侠情缘
jianpujia-15578	jianpujia	ok(曲名命中)	200		https://www.jianpujia.com/jianpu/15578.html	https://www.jianpujia.com/jianpu/15578.html	剩下的盛夏简谱__TFBOYS暑假作业写完了吗-免费下载-简谱之家	剩下的盛夏
jianpucn-416809	jianpucn	ok(曲名命中)	200		http://www.jianpu.cn/pu/41/416809.htm	http://www.jianpu.cn/pu/41/416809.htm	剑出鞘 杨洪基 歌谱简谱网	剑出鞘
jianpujia-149543	jianpujia	ok(曲名命中)	200		https://www.jianpujia.com/jianpu/149543.html	https://www.jianpujia.com/jianpu/149543.html	动物世界钢琴简谱_薛之谦演唱-免费下载-简谱之家	动物世界
jianpucn-222410	jianpucn	ok(曲名命中)	200		http://www.jianpu.cn/pu/22/222410.htm	http://www.jianpu.cn/pu/22/222410.htm	剑南春之歌 歌谱简谱网	剑南春之歌
jianpucn-205985	jianpucn	ok(曲名命中)	200		http://www.jianpu.cn/pu/20/205985.htm	http://www.jianpu.cn/pu/20/205985.htm	剑指苍天 歌谱简谱网	剑指苍天
jianpujia-148456	jianpujia	ok(曲名命中)	200		https://www.jianpujia.com/jianpu/148456.html	https://www.jianpujia.com/jianpu/148456.html	勇敢的鄂伦春钢琴简谱_民歌演唱-免费下载-简谱之家	勇敢的鄂伦春
jianpucn-65666	jianpucn	ok(曲名命中)	200		http://www.jianpu.cn/pu/65/65666.htm	http://www.jianpu.cn/pu/65/65666.htm	剑指苍天—歼10 歌谱简谱网	剑指苍天—歼10
qupu123-329696	qupu123	ok(曲名命中)	200		https://www.qupu123.com/hechang/jiuziyishang/p329696.html	https://www.qupu123.com/hechang/jiuziyishang/p329696.html	前进，向着伟大复兴的中国梦 （孙广志词 王政曲）_合唱曲谱_中国曲谱网	前进，向着伟大复兴的中国梦
jianpucn-109478	jianpucn	ok(曲名命中)	200		http://www.jianpu.cn/pu/10/109478.htm	http://www.jianpu.cn/pu/10/109478.htm	加沃特舞曲（戈赛克） 歌谱简谱网	加沃特舞曲
qupu123-320853	qupu123	ok(曲名命中)	200		https://www.qupu123.com/shaoer/jiuziyishang/p320853.html	https://www.qupu123.com/shaoer/jiuziyishang/p320853.html	剪春天 _少儿曲谱_中国曲谱网	剪春天
jianpucn-234244	jianpucn	ok(曲名命中)	200		http://www.jianpu.cn/pu/23/234244.htm	http://www.jianpu.cn/pu/23/234244.htm	勇敢的心 歌谱简谱网	勇敢的心
qupu123-335030	qupu123	ok(曲名命中)	200		https://www.qupu123.com/tongsu/wuzi/p335030.html	https://www.qupu123.com/tongsu/wuzi/p335030.html	动人的歌谣 _通俗曲谱_中国曲谱网	动人的歌谣
jianpucn-114882	jianpucn	ok(曲名命中)	200		http://www.jianpu.cn/pu/11/114882.htm	http://www.jianpu.cn/pu/11/114882.htm	勇气 歌曲类 简谱 歌谱简谱网	勇气 歌曲类
qupu123-394733	qupu123	ok(曲名命中)	200		https://www.qupu123.com/tongsu/liuzi/p394733.html	https://www.qupu123.com/tongsu/liuzi/p394733.html	动我心要我命 _天恩原创曲谱专栏_中国曲谱网	动我心要我命
jianpucn-131608	jianpucn	ok(曲名命中)	200		http://www.jianpu.cn/pu/13/131608.htm	http://www.jianpu.cn/pu/13/131608.htm	化身为海 歌谱简谱网 孟庭苇	化身为海
qupu123-331321	qupu123	ok(曲名命中)	200		https://www.qupu123.com/tongsu/sizi/p331321.html	https://www.qupu123.com/tongsu/sizi/p331321.html	包容之心 _通俗曲谱_中国曲谱网	包容之心
jianpucn-149577	jianpucn	ok(曲名命中)	200		http://www.jianpu.cn/pu/14/149577.htm	http://www.jianpu.cn/pu/14/149577.htm	北京——世界之城 歌谱简谱网	北京——世界之城
qupu123-261979	qupu123	ok(曲名命中)	200		https://www.qupu123.com/jipu/p261979.html	https://www.qupu123.com/jipu/p261979.html	匆匆那年 （林夕词 梁翘柏曲）__中国曲谱网	匆匆那年
jianpucn-35595	jianpucn	ok(曲名命中)	200		http://www.jianpu.cn/pu/35/35595.htm	http://www.jianpu.cn/pu/35/35595.htm	北京之雪 歌谱简谱网	北京之雪
qupu123-326608	qupu123	ok(曲名命中)	200		https://www.qupu123.com/shaoer/sanzi/p326608.html	https://www.qupu123.com/shaoer/sanzi/p326608.html	包公谣 （童声领唱、合唱）_少儿曲谱_中国曲谱网	包公谣
jianpujia-18261	jianpujia	ok(曲名命中)	200		https://www.jianpujia.com/jianpu/18261.html	https://www.jianpujia.com/jianpu/18261.html	北京有个金太阳简谱(歌词)_儿歌演唱_王wzh曲谱-免费下载-简谱之家	北京有个金太阳
jianpucn-280455	jianpucn	ok(曲名命中)	200		http://www.jianpu.cn/pu/28/280455.htm	http://www.jianpu.cn/pu/28/280455.htm	北国之春（联唱） 刘德华 歌谱简谱网	北国之春
qupu123-328862	qupu123	ok(曲名命中)	200		https://www.qupu123.com/hechang/sizi/p328862.html	https://www.qupu123.com/hechang/sizi/p328862.html	北京一夜 _合唱曲谱_中国曲谱网	北京一夜
jianpujia-18265	jianpujia	ok(曲名命中)	200		https://www.jianpujia.com/jianpu/18265.html	https://www.jianpujia.com/jianpu/18265.html	北京的金山上简谱(歌词)_儿歌_王wzh曲谱-免费下载-简谱之家	北京的金山上
jianpucn-147516	jianpucn	ok(曲名命中)	200		http://www.jianpu.cn/pu/14/147516.htm	http://www.jianpu.cn/pu/14/147516.htm	北国君子兰（蒋大为独唱系列58） 歌谱简谱网	北国君子兰
qupu123-321238	qupu123	ok(曲名命中)	200		https://www.qupu123.com/meisheng/qizi/p321238.html	https://www.qupu123.com/meisheng/qizi/p321238.html	北京之夜圆舞曲 _美声曲谱_中国曲谱网	北京之夜圆舞曲
jianpujia-154807	jianpujia	ok(曲名命中)	200		https://www.jianpujia.com/jianpu/154807.html	https://www.jianpujia.com/jianpu/154807.html	北国之春简谱_邓丽君歌曲_孙世彦曲谱-免费下载-简谱之家	北国之春
jianpucn-268727	jianpucn	ok(曲名命中)	200		http://www.jianpu.cn/pu/26/268727.htm	http://www.jianpu.cn/pu/26/268727.htm	北大仓 阎维文 歌谱简谱网	北大仓
qupu123-328861	qupu123	ok(曲名命中)	200		https://www.qupu123.com/hechang/sizi/p328861.html	https://www.qupu123.com/hechang/sizi/p328861.html	北京北京 _合唱曲谱_中国曲谱网	北京北京
jianpujia-149644	jianpujia	ok(曲名命中)	200		https://www.jianpujia.com/jianpu/149644.html	https://www.jianpujia.com/jianpu/149644.html	北国之春钢琴简谱_邓丽君演唱-免费下载-简谱之家	北国之春
jianpucn-137941	jianpucn	ok(曲名命中)	200		http://www.jianpu.cn/pu/13/137941.htm	http://www.jianpu.cn/pu/13/137941.htm	北大荒我的家 歌谱简谱网	北大荒我的家
qupu123-333796	qupu123	ok(曲名命中)	200		https://www.qupu123.com/minge/wuzi/p333796.html	https://www.qupu123.com/minge/wuzi/p333796.html	北京感谢你 _民歌曲谱_中国曲谱网	北京感谢你
jianpujia-7807	jianpujia	ok(曲名命中)	200		https://www.jianpujia.com/jianpu/7807.html	https://www.jianpujia.com/jianpu/7807.html	十一哥简谱(歌词)—邓丽君演唱—岭南印象曲谱-免费下载-简谱之家	十一哥
qupu123-335298	qupu123	打不开:URLError	0		https://www.qupu123.com/minge/sizi/p335298.html	https://www.qupu123.com/minge/sizi/p335298.html		创新之歌
jianpucn-27118	jianpucn	ok(曲名命中)	200		http://www.jianpu.cn/pu/27/27118.htm	http://www.jianpu.cn/pu/27/27118.htm	北山四季 歌谱简谱网	北山四季
qupu123-328645	qupu123	ok(曲名命中)	200		https://www.qupu123.com/meisheng/qizi/p328645.html	https://www.qupu123.com/meisheng/qizi/p328645.html	北京晨光圆舞曲 _美声曲谱_中国曲谱网	北京晨光圆舞曲
jianpucn-157686	jianpucn	ok(曲名命中)	200		http://www.jianpu.cn/pu/15/157686.htm	http://www.jianpu.cn/pu/15/157686.htm	北纬三十度 歌谱简谱网	北纬三十度
qupu123-336214	qupu123	ok(曲名命中)	200		https://www.qupu123.com/minge/wuzi/p336214.html	https://www.qupu123.com/minge/wuzi/p336214.html	北国江城美 _民歌曲谱_中国曲谱网	北国江城美
qupu123-334290	qupu123	ok(曲名命中)	200		https://www.qupu123.com/tongsu/sizi/p334290.html	https://www.qupu123.com/tongsu/sizi/p334290.html	北方的雪 （于秀词 于春江曲）_通俗曲谱_中国曲谱网	北方的雪
qupu123-329450	qupu123	ok(曲名命中)	200		https://www.qupu123.com/hechang/qizi/p329450.html	https://www.qupu123.com/hechang/qizi/p329450.html	医疗队员到坦桑 （新闻纪录影片《中国医疗队在坦桑尼亚》主题歌）_合唱曲谱_中国曲谱网	医疗队员到坦桑
qupu123-327591	qupu123	ok(曲名命中)	200		https://www.qupu123.com/shaoer/sanzi/p327591.html	https://www.qupu123.com/shaoer/sanzi/p327591.html	十三岁 _少儿曲谱_中国曲谱网	十三岁
jianpucn-61270	jianpucn	ok(曲名命中)	200		http://www.jianpu.cn/pu/61/61270.htm	http://www.jianpu.cn/pu/61/61270.htm	十八弯水路到我家 歌谱简谱网	十八弯水路到我家
qupu123-177902	qupu123	ok(曲名命中)	200		https://www.qupu123.com/jipu/p177902.html	https://www.qupu123.com/jipu/p177902.html	十二年 _桃李醉春风个人制谱园地_中国曲谱网	十二年
qupu123-219757	qupu123	ok(曲名命中)	200		https://www.qupu123.com/minge/sanzi/p219757.html	https://www.qupu123.com/minge/sanzi/p219757.html	十二月 （湖南浏阳革命民歌）_民歌曲谱_中国曲谱网	十二月
jianpujia-18165	jianpujia	ok(曲名命中)	200		https://www.jianpujia.com/jianpu/18165.html	https://www.jianpujia.com/jianpu/18165.html	十年简谱_陈奕迅_十年后的心脏很薄，一吹就散-免费下载-简谱之家	十年
jianpucn-51184	jianpucn	ok(曲名命中)	200		http://www.jianpu.cn/pu/51/51184.htm	http://www.jianpu.cn/pu/51/51184.htm	十里风雪 歌谱简谱网	十里风雪
qupu123-334942	qupu123	ok(曲名命中)	200		https://www.qupu123.com/tongsu/bazi/p334942.html	https://www.qupu123.com/tongsu/bazi/p334942.html	十二月是你的眼睛 _通俗曲谱_中国曲谱网	十二月是你的眼睛
jianpucn-52660	jianpucn	ok(曲名命中)	200		http://www.jianpu.cn/pu/52/52660.htm	http://www.jianpu.cn/pu/52/52660.htm	十面埋伏(粤语) 歌谱简谱网	十面埋伏
qupu123-336044	qupu123	ok(曲名命中)	200		https://www.qupu123.com/minge/sizi/p336044.html	https://www.qupu123.com/minge/sizi/p336044.html	十二月花 （江西进贤民歌、黄桂良选编）_民歌曲谱_中国曲谱网	十二月花
qupu123-275474	qupu123	ok(曲名命中)	200		https://www.qupu123.com/jipu/p275474.html	https://www.qupu123.com/jipu/p275474.html	十二 （辻词 留声曲）__中国曲谱网	十二
jianpucn-114243	jianpucn	ok(曲名命中)	200		http://www.jianpu.cn/pu/11/114243.htm	http://www.jianpu.cn/pu/11/114243.htm	千万次地问 歌曲类 简谱 歌谱简谱网	千万次地问 歌曲类
jianpucn-117880	jianpucn	ok(曲名命中)	200		http://www.jianpu.cn/pu/11/117880.htm	http://www.jianpu.cn/pu/11/117880.htm	千万次的问 歌谱简谱网	千万次的问
qupu123-333851	qupu123	ok(曲名命中)	200		https://www.qupu123.com/minge/qizi/p333851.html	https://www.qupu123.com/minge/qizi/p333851.html	十八九岁从军行 （刘志毅词 陈大同曲）_民歌曲谱_中国曲谱网	十八九岁从军行
qupu123-59937	qupu123	ok(曲名命中)	200		https://www.qupu123.com/xiqu/jingju/p59937.html	https://www.qupu123.com/xiqu/jingju/p59937.html	十二钗书名改作石头记京剧唱谱（《曹雪芹》选段、琴谱）_戏曲曲谱_中国曲谱网	十二钗书名改作石头记
jianpucn-472359	jianpucn	ok(曲名命中)	200		http://www.jianpu.cn/pu/47/472359.htm	http://www.jianpu.cn/pu/47/472359.htm	千古情 董文华 歌谱简谱网	千古情
jianpucn-48131	jianpucn	ok(曲名命中)	200		http://www.jianpu.cn/pu/48/48131.htm	http://www.jianpu.cn/pu/48/48131.htm	千古风流 歌谱简谱网	千古风流
qupu123-327227	qupu123	ok(曲名命中)	200		https://www.qupu123.com/puyou/jipu/p327227.html	https://www.qupu123.com/puyou/jipu/p327227.html	十分十二寸 _谱友园地_中国曲谱网	十分十二寸
qupu123-43937	qupu123	打不开:URLError	0		https://www.qupu123.com/minge/qizi/p43937.html	https://www.qupu123.com/minge/qizi/p43937.html		前程锦绣大中华
jianpucn-244320	jianpucn	ok(曲名命中)	200		http://www.jianpu.cn/pu/24/244320.htm	http://www.jianpu.cn/pu/24/244320.htm	千年一回眸 阎维文 歌谱简谱网	千年一回眸
qupu123-325924	qupu123	ok(曲名命中)	200		https://www.qupu123.com/meisheng/wuzi/p325924.html	https://www.qupu123.com/meisheng/wuzi/p325924.html	十月畅想曲 _美声曲谱_中国曲谱网	十月畅想曲
jianpucn-277673	jianpucn	ok(曲名命中)	200		http://www.jianpu.cn/pu/27/277673.htm	http://www.jianpu.cn/pu/27/277673.htm	十八里水路到我家 宋祖英 歌谱简谱网	十八里水路到我家
qupu123-381821	qupu123	ok(曲名命中)	200		https://www.qupu123.com/puyou/shangchuan/p381821.html	https://www.qupu123.com/puyou/shangchuan/p381821.html	十送红军 _谱友园地_中国曲谱网	十送红军
jianpucn-185121	jianpucn	ok(曲名命中)	200		http://www.jianpu.cn/pu/18/185121.htm	http://www.jianpu.cn/pu/18/185121.htm	千年的新娘 歌谱简谱网	千年的新娘
jianpucn-115130	jianpucn	ok(曲名命中)	200		http://www.jianpu.cn/pu/11/115130.htm	http://www.jianpu.cn/pu/11/115130.htm	十年 歌曲类 简谱 歌谱简谱网	十年 歌曲类
qupu123-334125	qupu123	ok(曲名命中)	200		https://www.qupu123.com/minge/qizi/p334125.html	https://www.qupu123.com/minge/qizi/p334125.html	千万里追寻着你 _民歌曲谱_中国曲谱网	千万里追寻着你
jianpucn-183529	jianpucn	ok(曲名命中)	200		http://www.jianpu.cn/pu/18/183529.htm	http://www.jianpu.cn/pu/18/183529.htm	千年的祝福 歌谱简谱网	千年的祝福
qupu123-328368	qupu123	ok(曲名命中)	200		https://www.qupu123.com/meisheng/qizi/p328368.html	https://www.qupu123.com/meisheng/qizi/p328368.html	千千万万个我们 _美声曲谱_中国曲谱网	千千万万个我们
jianpucn-472583	jianpucn	ok(曲名命中)	200		http://www.jianpu.cn/pu/47/472583.htm	http://www.jianpu.cn/pu/47/472583.htm	千年等一回怀旧经典 高胜美 歌谱简谱网	千年等一回
jianpujia-380245	jianpujia	ok(曲名命中)	200		https://www.jianpujia.com/jianpu/380245.html	https://www.jianpujia.com/jianpu/380245.html	千百度钢琴简谱_许嵩演唱-免费下载-简谱之家	千百度
jianpucn-31445	jianpucn	ok(曲名命中)	200		http://www.jianpu.cn/pu/31/31445.htm	http://www.jianpu.cn/pu/31/31445.htm	千年飞山 歌谱简谱网	千年飞山
jianpucn-273911	jianpucn	ok(曲名命中)	200		http://www.jianpu.cn/pu/27/273911.htm	http://www.jianpu.cn/pu/27/273911.htm	千秋大业 王宏伟 歌谱简谱网	千秋大业
jianpucn-472584	jianpucn	ok(曲名命中)	200		http://www.jianpu.cn/pu/47/472584.htm	http://www.jianpu.cn/pu/47/472584.htm	千言万语怀旧经典 邓丽君 歌谱简谱网	千言万语
jianpucn-42074	jianpucn	ok(曲名命中)	200		http://www.jianpu.cn/pu/42/42074.htm	http://www.jianpu.cn/pu/42/42074.htm	千里之外 歌谱简谱网	千里之外
jianpucn-413740	jianpucn	ok(曲名命中)	200		http://www.jianpu.cn/pu/41/413740.htm	http://www.jianpu.cn/pu/41/413740.htm	千年之约 韩红 歌谱简谱网	千年之约
qupu123-331121	qupu123	ok(曲名命中)	200		https://www.qupu123.com/shaoer/sanzi/p331121.html	https://www.qupu123.com/shaoer/sanzi/p331121.html	升国旗 （熊初保词 陈元绍曲）_少儿曲谱_中国曲谱网	升国旗
jianpucn-29145	jianpucn	ok(曲名命中)	200		http://www.jianpu.cn/pu/29/29145.htm	http://www.jianpu.cn/pu/29/29145.htm	千里乌江千里画 歌谱简谱网	千里乌江千里画
qupu123-322309	qupu123	ok(曲名命中)	200		https://www.qupu123.com/hechang/qizi/p322309.html	https://www.qupu123.com/hechang/qizi/p322309.html	半个月亮爬上来 （女声二声部合唱、宋友三改编版）_合唱曲谱_中国曲谱网	半个月亮爬上来
jianpucn-252244	jianpucn	ok(曲名命中)	200		http://www.jianpu.cn/pu/25/252244.htm	http://www.jianpu.cn/pu/25/252244.htm	千年的新 孟庭苇 歌谱简谱网	千年的新
qupu123-331672	qupu123	ok(曲名命中)	200		https://www.qupu123.com/shaoer/sizi/p331672.html	https://www.qupu123.com/shaoer/sizi/p331672.html	半山小学 （姜建新词 王培林曲）_少儿曲谱_中国曲谱网	半山小学
jianpucn-41835	jianpucn	ok(曲名命中)	200		http://www.jianpu.cn/pu/41/41835.htm	http://www.jianpu.cn/pu/41/41835.htm	升旗 歌谱简谱网	升旗
qupu123-210933	qupu123	ok(曲名命中)	200		https://www.qupu123.com/jipu/p210933.html	https://www.qupu123.com/jipu/p210933.html	​半斤八两 （粤语歌曲）_蔡少亮个人制谱园地_中国曲谱网	半斤八两
jianpucn-301384	jianpucn	ok(曲名命中)	200		http://www.jianpu.cn/pu/30/301384.htm	http://www.jianpu.cn/pu/30/301384.htm	午夜迷墙（香港电影《黑色迷墙》主题歌） BEYOND 歌谱简谱网	午夜迷墙
qupu123-365094	qupu123	ok(曲名命中)	200		https://www.qupu123.com/jipu/p365094.html	https://www.qupu123.com/jipu/p365094.html	半斤八两 _江枫粤乐个人制谱园地_中国曲谱网	半斤八两
jianpucn-448792	jianpucn	ok(曲名命中)	200		http://www.jianpu.cn/pu/44/448792.htm	http://www.jianpu.cn/pu/44/448792.htm	半树梨花（安华词 杨乃林曲） 张也 歌谱简谱网	半树梨花
qupu123-226852	qupu123	ok(曲名命中)	200		https://www.qupu123.com/tongsu/sizi/p226852.html	https://www.qupu123.com/tongsu/sizi/p226852.html	半梦半醒 _通俗曲谱_中国曲谱网	半梦半醒
jianpucn-42252	jianpucn	ok(曲名命中)	200		http://www.jianpu.cn/pu/42/42252.htm	http://www.jianpu.cn/pu/42/42252.htm	千里跃进大别山 歌谱简谱网	千里跃进大别山
qupu123-53882	qupu123	ok(曲名命中)	200		https://www.qupu123.com/tongsu/liuzi/p53882.html	https://www.qupu123.com/tongsu/liuzi/p53882.html	半梦半醒之间简谱_通俗曲谱_中国曲谱网	半梦半醒之间
jianpucn-27838	jianpucn	ok(曲名命中)	200		http://www.jianpu.cn/pu/27/27838.htm	http://www.jianpu.cn/pu/27/27838.htm	半边楼 歌谱简谱网	半边楼
qupu123-75514	qupu123	ok(曲名命中)	200		https://www.qupu123.com/jipu/p75514.html	https://www.qupu123.com/jipu/p75514.html	半点心 _桃李醉春风个人制谱园地_中国曲谱网	半点心
qupu123-396399	qupu123	ok(曲名命中)	200		https://www.qupu123.com/puyou/shangchuan/p396399.html	https://www.qupu123.com/puyou/shangchuan/p396399.html	半生蹉跎半生涩 _谱天下个人制谱园地_中国曲谱网	半生蹉跎半生涩
jianpucn-127517	jianpucn	ok(曲名命中)	200		http://www.jianpu.cn/pu/12/127517.htm	http://www.jianpu.cn/pu/12/127517.htm	华主席播下春光暖人心 歌谱简谱网	华主席播下春光暖人心
qupu123-381653	qupu123	ok(曲名命中)	200		https://www.qupu123.com/tongsu/sanzi/p381653.html	https://www.qupu123.com/tongsu/sanzi/p381653.html	半生雪 （学生版）_通俗曲谱_中国曲谱网	半生雪
jianpucn-205581	jianpucn	ok(曲名命中)	200		http://www.jianpu.cn/pu/20/205581.htm	http://www.jianpu.cn/pu/20/205581.htm	华主席来参加家长会 歌谱简谱网	华主席来参加家长会
qupu123-396309	qupu123	ok(曲名命中)	200		https://www.qupu123.com/puyou/shangchuan/p396309.html	https://www.qupu123.com/puyou/shangchuan/p396309.html	半疯半癫戏人间 _............个人制谱园地_中国曲谱网	半疯半癫戏人间
jianpucn-28666	jianpucn	ok(曲名命中)	200		http://www.jianpu.cn/pu/28/28666.htm	http://www.jianpu.cn/pu/28/28666.htm	华夏的故事 歌谱简谱网	华夏的故事
qupu123-335620	qupu123	ok(曲名命中)	200		https://www.qupu123.com/minge/wuzi/p335620.html	https://www.qupu123.com/minge/wuzi/p335620.html	华为正气歌 _民歌曲谱_中国曲谱网	华为正气歌
jianpucn-131093	jianpucn	ok(曲名命中)	200		http://www.jianpu.cn/pu/13/131093.htm	http://www.jianpu.cn/pu/13/131093.htm	华夏英雄 歌谱简谱网	华夏英雄
jianpucn-174294	jianpucn	ok(曲名命中)	200		http://www.jianpu.cn/pu/17/174294.htm	http://www.jianpu.cn/pu/17/174294.htm	华夏风 歌谱简谱网	华夏风
qupu123-335761	qupu123	ok(曲名命中)	200		https://www.qupu123.com/minge/qizi/p335761.html	https://www.qupu123.com/minge/qizi/p335761.html	华北明珠白洋淀 （第二版）_民歌曲谱_中国曲谱网	华北明珠白洋淀
jianpucn-157462	jianpucn	ok(曲名命中)	200		http://www.jianpu.cn/pu/15/157462.htm	http://www.jianpu.cn/pu/15/157462.htm	华山之上 歌谱简谱网	华山之上
jianpucn-138341	jianpucn	ok(曲名命中)	200		http://www.jianpu.cn/pu/13/138341.htm	http://www.jianpu.cn/pu/13/138341.htm	卓玛的歌 歌谱简谱网	卓玛的歌
jianpucn-64500	jianpucn	ok(曲名命中)	200		http://www.jianpu.cn/pu/64/64500.htm	http://www.jianpu.cn/pu/64/64500.htm	单人房双人床 歌曲类 简谱 歌谱简谱网	单人房双人床 歌曲类
jianpucn-34285	jianpucn	ok(曲名命中)	200		http://www.jianpu.cn/pu/34/34285.htm	http://www.jianpu.cn/pu/34/34285.htm	单恋1 歌谱简谱网	单恋1
jianpujia-26525	jianpujia	ok(曲名命中)	200		https://www.jianpujia.com/jianpu/26525.html	https://www.jianpujia.com/jianpu/26525.html	卖报歌简谱(歌词)_儿歌_陈洲宏记谱-免费下载-简谱之家	卖报歌
jianpucn-34284	jianpucn	ok(曲名命中)	200		http://www.jianpu.cn/pu/34/34284.htm	http://www.jianpu.cn/pu/34/34284.htm	单恋2 歌谱简谱网	单恋2
qupu123-339697	qupu123	ok(曲名命中)	200		https://www.qupu123.com/jipu/p339697.html	https://www.qupu123.com/jipu/p339697.html	单车 （简和谱）_写轮指钢琴即兴个人制谱园地_中国曲谱网	单车
jianpucn-64502	jianpucn	ok(曲名命中)	200		http://www.jianpu.cn/pu/64/64502.htm	http://www.jianpu.cn/pu/64/64502.htm	单恋 歌曲类 简谱 歌谱简谱网	单恋 歌曲类
qupu123-259934	qupu123	ok(曲名命中)	200		https://www.qupu123.com/jipu/p259934.html	https://www.qupu123.com/jipu/p259934.html	单车世界 _桃李醉春风个人制谱园地_中国曲谱网	单车世界
jianpucn-463490	jianpucn	ok(曲名命中)	200		http://www.jianpu.cn/pu/46/463490.htm	http://www.jianpu.cn/pu/46/463490.htm	半边楼电视剧《半边楼》主题曲 刘欢 歌谱简谱网	半边楼电视剧《半边楼》主题曲
jianpucn-293149	jianpucn	ok(曲名命中)	200		http://www.jianpu.cn/pu/29/293149.htm	http://www.jianpu.cn/pu/29/293149.htm	单行的轨道 邓紫棋 歌谱简谱网	单行的轨道
qupu123-328275	qupu123	ok(曲名命中)	200		https://www.qupu123.com/shaoer/sizi/p328275.html	https://www.qupu123.com/shaoer/sizi/p328275.html	卖报之声 _少儿曲谱_中国曲谱网	卖报之声
jianpucn-2932	jianpucn	ok(曲名命中)	200		http://www.jianpu.cn/pu/29/2932.htm	http://www.jianpu.cn/pu/29/2932.htm	单身公害 歌谱简谱网	单身公害
qupu123-336107	qupu123	ok(曲名命中)	200		https://www.qupu123.com/minge/sanzi/p336107.html	https://www.qupu123.com/minge/sanzi/p336107.html	卖杂货 （云南永胜民歌、夏毅新选编）_民歌曲谱_中国曲谱网	卖杂货
jianpucn-289158	jianpucn	ok(曲名命中)	200		http://www.jianpu.cn/pu/28/289158.htm	http://www.jianpu.cn/pu/28/289158.htm	卖馄饨 邓丽君 歌谱简谱网	卖馄饨
qupu123-320346	qupu123	ok(曲名命中)	200		https://www.qupu123.com/meisheng/sanzi/p320346.html	https://www.qupu123.com/meisheng/sanzi/p320346.html	52卖炭翁（双谱） _美声曲谱_中国曲谱网	卖炭翁
jianpucn-232544	jianpucn	ok(曲名命中)	200		http://www.jianpu.cn/pu/23/232544.htm	http://www.jianpu.cn/pu/23/232544.htm	南国母亲河 歌谱简谱网	南国母亲河
qupu123-328261	qupu123	ok(曲名命中)	200		https://www.qupu123.com/shaoer/erziyixia/p328261.html	https://www.qupu123.com/shaoer/erziyixia/p328261.html	卖布 _少儿曲谱_中国曲谱网	卖布
jianpucn-475438	jianpucn	ok(曲名命中)	200		http://www.jianpu.cn/pu/47/475438.htm	http://www.jianpu.cn/pu/47/475438.htm	南屏晚钟 合唱简谱 陈蝶衣 王福龄 歌谱简谱网	南屏晚钟 合唱
qupu123-369888	qupu123	ok(曲名命中)	200		https://www.qupu123.com/tongsu/qizi/p369888.html	https://www.qupu123.com/tongsu/qizi/p369888.html	南半球与北海道 _通俗曲谱_中国曲谱网	南半球与北海道
jianpucn-158394	jianpucn	ok(曲名命中)	200		http://www.jianpu.cn/pu/15/158394.htm	http://www.jianpu.cn/pu/15/158394.htm	南通好家园 歌谱简谱网	南通好家园
qupu123-375481	qupu123	ok(曲名命中)	200		https://www.qupu123.com/waiguo/waiwen/p375481.html	https://www.qupu123.com/waiguo/waiwen/p375481.html	南太平洋 （South Pacific）_外国曲谱_中国曲谱网	南太平洋
jianpucn-401963	jianpucn	ok(曲名命中)	200		http://www.jianpu.cn/pu/40/401963.htm	http://www.jianpu.cn/pu/40/401963.htm	南阳 我的家乡 宋祖英 歌谱简谱网	南阳 我的家乡
qupu123-260965	qupu123	打不开:URLError	0		https://www.qupu123.com/jipu/p260965.html	https://www.qupu123.com/jipu/p260965.html		千千阙歌
jianpucn-131811	jianpucn	ok(曲名命中)	200		http://www.jianpu.cn/pu/13/131811.htm	http://www.jianpu.cn/pu/13/131811.htm	南海春潮（蒋大为独唱系列9） 歌谱简谱网	南海春潮
jianpucn-448968	jianpucn	ok(曲名命中)	200		http://www.jianpu.cn/pu/44/448968.htm	http://www.jianpu.cn/pu/44/448968.htm	卢沟桥之歌（大型电视纪录片《中流砥柱》主题歌） 阎维文 歌谱简谱网	卢沟桥之歌
qupu123-311597	qupu123	ok(曲名命中)	200		https://www.qupu123.com/jipu/p311597.html	https://www.qupu123.com/jipu/p311597.html	南海姑娘 _岭南印象个人制谱园地_中国曲谱网	南海姑娘
qupu123-317911	qupu123	ok(曲名命中)	200		https://www.qupu123.com/hechang/bazi/p317911.html	https://www.qupu123.com/hechang/bazi/p317911.html	南湖的船 党的摇篮 _合唱曲谱_中国曲谱网	南湖的船_党的摇篮
jianpucn-451892	jianpucn	ok(曲名命中)	200		http://www.jianpu.cn/pu/45/451892.htm	http://www.jianpu.cn/pu/45/451892.htm	卿卿（电视剧《祝卿好》主题曲） 周深 歌谱简谱网	卿卿
qupu123-334465	qupu123	ok(曲名命中)	200		https://www.qupu123.com/minge/wuzi/p334465.html	https://www.qupu123.com/minge/wuzi/p334465.html	博尔塔拉美 _民歌曲谱_中国曲谱网	博尔塔拉美
jianpucn-109484	jianpucn	ok(曲名命中)	200		http://www.jianpu.cn/pu/10/109484.htm	http://www.jianpu.cn/pu/10/109484.htm	印度客人之歌 歌谱简谱网	印度客人之歌
jianpucn-35501	jianpucn	ok(曲名命中)	200		http://www.jianpu.cn/pu/35/35501.htm	http://www.jianpu.cn/pu/35/35501.htm	原乡人 歌谱简谱网	原乡人
qupu123-334495	qupu123	ok(曲名命中)	200		https://www.qupu123.com/hechang/liuzi/p334495.html	https://www.qupu123.com/hechang/liuzi/p334495.html	卜算子·咏梅 （毛泽东词 映阳曲）_合唱曲谱_中国曲谱网	卜算子·咏梅
jianpucn-68945	jianpucn	ok(曲名命中)	200		http://www.jianpu.cn/pu/68/68945.htm	http://www.jianpu.cn/pu/68/68945.htm	原來你什么都不想要 歌谱简谱网	原來你什么都不想要
qupu123-365086	qupu123	ok(曲名命中)	200		https://www.qupu123.com/jipu/p365086.html	https://www.qupu123.com/jipu/p365086.html	印象 _江枫粤乐个人制谱园地_中国曲谱网	印象
qupu123-380203	qupu123	ok(曲名命中)	200		https://www.qupu123.com/yuanchuang/p380203.html	https://www.qupu123.com/yuanchuang/p380203.html	印象江南 _刘新太原创曲谱专栏_中国曲谱网	印象江南
jianpucn-268706	jianpucn	ok(曲名命中)	200		http://www.jianpu.cn/pu/26/268706.htm	http://www.jianpu.cn/pu/26/268706.htm	原本今生以为 孟庭苇 歌谱简谱网	原本今生以为
jianpucn-63763	jianpucn	ok(曲名命中)	200		http://www.jianpu.cn/pu/63/63763.htm	http://www.jianpu.cn/pu/63/63763.htm	原来 歌谱简谱网	原来
qupu123-58153	qupu123	ok(曲名命中)	200		https://www.qupu123.com/yuanchuang/p58153.html	https://www.qupu123.com/yuanchuang/p58153.html	印象草原简谱_李东石原创曲谱专栏_中国曲谱网	印象草原
jianpucn-178613	jianpucn	ok(曲名命中)	200		http://www.jianpu.cn/pu/17/178613.htm	http://www.jianpu.cn/pu/17/178613.htm	原来你什么都不想要-版本二 歌谱简谱网	原来你什么都不想要
qupu123-320642	qupu123	ok(曲名命中)	200		https://www.qupu123.com/hechang/liuzi/p320642.html	https://www.qupu123.com/hechang/liuzi/p320642.html	厉害了，我的国 （国华词 代勋曲）_合唱曲谱_中国曲谱网	厉害了，我的国
jianpucn-128893	jianpucn	ok(曲名命中)	200		http://www.jianpu.cn/pu/12/128893.htm	http://www.jianpu.cn/pu/12/128893.htm	原谅我改变 歌谱简谱网	原谅我改变
qupu123-333578	qupu123	ok(曲名命中)	200		https://www.qupu123.com/tongsu/liuzi/p333578.html	https://www.qupu123.com/tongsu/liuzi/p333578.html	原来是我错爱 _通俗曲谱_中国曲谱网	原来是我错爱
qupu123-329414	qupu123	ok(曲名命中)	200		https://www.qupu123.com/shaoer/qizi/p329414.html	https://www.qupu123.com/shaoer/qizi/p329414.html	原野里去走一走 （动画影片《野外的遭遇》插曲、合唱）_少儿曲谱_中国曲谱网	原野里去走一走
jianpucn-35502	jianpucn	ok(曲名命中)	200		http://www.jianpu.cn/pu/35/35502.htm	http://www.jianpu.cn/pu/35/35502.htm	原乡情浓 歌谱简谱网	原乡情浓
jianpucn-474510	jianpucn	ok(曲名命中)	200		http://www.jianpu.cn/pu/47/474510.htm	http://www.jianpu.cn/pu/47/474510.htm	又听到那首歌 邓丽君 歌谱简谱网	又听到那首歌
jianpucn-236866	jianpucn	ok(曲名命中)	200		http://www.jianpu.cn/pu/23/236866.htm	http://www.jianpu.cn/pu/23/236866.htm	又唱 浏阳河 宋祖英 歌谱简谱网	又唱 浏阳河
jianpucn-36230	jianpucn	ok(曲名命中)	200		http://www.jianpu.cn/pu/36/36230.htm	http://www.jianpu.cn/pu/36/36230.htm	原来你什么都不想要 歌谱简谱网	原来你什么都不想要
qupu123-395689	qupu123	ok(曲名命中)	200		https://www.qupu123.com/puyou/shangchuan/p395689.html	https://www.qupu123.com/puyou/shangchuan/p395689.html	去看拉萨河 _............个人制谱园地_中国曲谱网	去看拉萨河
qupu123-333440	qupu123	ok(曲名命中)	200		https://www.qupu123.com/minge/wuzi/p333440.html	https://www.qupu123.com/minge/wuzi/p333440.html	又唱山丹丹 _民歌曲谱_中国曲谱网	又唱山丹丹
jianpujia-238454	jianpujia	ok(曲名命中)	200		https://www.jianpujia.com/jianpu/238454.html	https://www.jianpujia.com/jianpu/238454.html	又是一年秋天草原丁喜萨斯原创曲简谱_草原龙梅演唱_马正寿、黎敦武/草原丁喜词曲-免费下载-简谱之家	又是一年秋天草原丁喜萨斯
qupu123-369464	qupu123	ok(曲名命中)	200		https://www.qupu123.com/jipu/p369464.html	https://www.qupu123.com/jipu/p369464.html	又弹起心爱的土琵琶 （刘德华）_心之歌个人制谱园地_中国曲谱网	又弹起心爱的土琵琶
jianpucn-222199	jianpucn	ok(曲名命中)	200		http://www.jianpu.cn/pu/22/222199.htm	http://www.jianpu.cn/pu/22/222199.htm	又见吹烟 歌谱简谱网	又见吹烟
jianpucn-270975	jianpucn	ok(曲名命中)	200		http://www.jianpu.cn/pu/27/270975.htm	http://www.jianpu.cn/pu/27/270975.htm	去者（电视剧《胡雪岩》主题歌） 刘欢 歌谱简谱网	去者
qupu123-334061	qupu123	打不开:URLError	0		https://www.qupu123.com/minge/qizi/p334061.html	https://www.qupu123.com/minge/qizi/p334061.html		南洋哥哥你慢走
qupu123-356442	qupu123	打不开:URLError	0		https://www.qupu123.com/jipu/p356442.html	https://www.qupu123.com/jipu/p356442.html		南泥湾
jianpucn-42496	jianpucn	ok(曲名命中)	200		http://www.jianpu.cn/pu/42/42496.htm	http://www.jianpu.cn/pu/42/42496.htm	又见炊烟 歌谱简谱网	又见炊烟
jianpucn-35507	jianpucn	ok(曲名命中)	200		http://www.jianpu.cn/pu/35/35507.htm	http://www.jianpu.cn/pu/35/35507.htm	又见雪花 歌谱简谱网	又见雪花
qupu123-253327	qupu123	打不开:URLError	0		https://www.qupu123.com/jipu/p253327.html	https://www.qupu123.com/jipu/p253327.html		南方姑娘
jianpucn-109483	jianpucn	ok(曲名命中)	200		http://www.jianpu.cn/pu/10/109483.htm	http://www.jianpu.cn/pu/10/109483.htm	友谊地久天长（苏格兰民歌）（二重奏） 歌谱简谱网	友谊地久天长
qupu123-333672	qupu123	ok(曲名命中)	200		https://www.qupu123.com/meisheng/liuzi/p333672.html	https://www.qupu123.com/meisheng/liuzi/p333672.html	又是一个春天 （陈珂词 陈元绍曲）_美声曲谱_中国曲谱网	又是一个春天
qupu123-333850	qupu123	打不开:URLError	0		https://www.qupu123.com/minge/liuzi/p333850.html	https://www.qupu123.com/minge/liuzi/p333850.html		南海的虎斑贝
qupu123-334304	qupu123	ok(曲名命中)	200		https://www.qupu123.com/minge/qizi/p334304.html	https://www.qupu123.com/minge/qizi/p334304.html	又是一年桂花香 _民歌曲谱_中国曲谱网	又是一年桂花香
jianpucn-135146	jianpucn	ok(曲名命中)	200		http://www.jianpu.cn/pu/13/135146.htm	http://www.jianpu.cn/pu/13/135146.htm	双失情人节 歌谱简谱网	双失情人节
jianpucn-150345	jianpucn	ok(曲名命中)	200		http://www.jianpu.cn/pu/15/150345.htm	http://www.jianpu.cn/pu/15/150345.htm	原野上的小花 歌谱简谱网	原野上的小花
qupu123-336198	qupu123	ok(曲名命中)	200		https://www.qupu123.com/minge/qizi/p336198.html	https://www.qupu123.com/minge/qizi/p336198.html	又是满岭映山红 _民歌曲谱_中国曲谱网	又是满岭映山红
jianpucn-146185	jianpucn	ok(曲名命中)	200		http://www.jianpu.cn/pu/14/146185.htm	http://www.jianpu.cn/pu/14/146185.htm	双手开拓幸福路 歌谱简谱网	双手开拓幸福路
qupu123-336102	qupu123	打不开:URLError	0		https://www.qupu123.com/minge/sizi/p336102.html	https://www.qupu123.com/minge/sizi/p336102.html		南豆开花
jianpucn-109477	jianpucn	ok(曲名命中)	200		http://www.jianpu.cn/pu/10/109477.htm	http://www.jianpu.cn/pu/10/109477.htm	双鹰进行曲（瓦格纳） 歌谱简谱网	双鹰进行曲
qupu123-291489	qupu123	ok(曲名命中)	200		https://www.qupu123.com/tongsu/wuzi/p291489.html	https://www.qupu123.com/tongsu/wuzi/p291489.html	又见攀枝花 _通俗曲谱_中国曲谱网	又见攀枝花
jianpucn-160658	jianpucn	ok(曲名命中)	200		http://www.jianpu.cn/pu/16/160658.htm	http://www.jianpu.cn/pu/16/160658.htm	反侵略战歌 歌谱简谱网	反侵略战歌
jianpucn-65661	jianpucn	ok(曲名命中)	200		http://www.jianpu.cn/pu/65/65661.htm	http://www.jianpu.cn/pu/65/65661.htm	发如雪 歌谱简谱网	发如雪
qupu123-369903	qupu123	ok(曲名命中)	200		https://www.qupu123.com/shaoer/liuzi/p369903.html	https://www.qupu123.com/shaoer/liuzi/p369903.html	友谊天长地久 （日语版）_少儿曲谱_中国曲谱网	友谊天长地久
jianpucn-114558	jianpucn	ok(曲名命中)	200		http://www.jianpu.cn/pu/11/114558.htm	http://www.jianpu.cn/pu/11/114558.htm	发烧 歌曲类 简谱 歌谱简谱网	发烧
qupu123-370051	qupu123	ok(曲名命中)	200		https://www.qupu123.com/tongsu/sizi/p370051.html	https://www.qupu123.com/tongsu/sizi/p370051.html	友谊长存 _通俗曲谱_中国曲谱网	友谊长存
jianpucn-69188	jianpucn	ok(曲名命中)	200		http://www.jianpu.cn/pu/69/69188.htm	http://www.jianpu.cn/pu/69/69188.htm	变《搭错车》插曲 歌谱简谱网	变《搭错车》插曲
jianpucn-150812	jianpucn	ok(曲名命中)	200		http://www.jianpu.cn/pu/15/150812.htm	http://www.jianpu.cn/pu/15/150812.htm	去吧，我的爱 歌谱简谱网	去吧，我的爱
jianpucn-64260	jianpucn	ok(曲名命中)	200		http://www.jianpu.cn/pu/64/64260.htm	http://www.jianpu.cn/pu/64/64260.htm	口是心非 歌曲类 简谱 歌谱简谱网	口是心非
jianpucn-161175	jianpucn	ok(曲名命中)	200		http://www.jianpu.cn/pu/16/161175.htm	http://www.jianpu.cn/pu/16/161175.htm	口琴七级：在那桃花盛开的地方 歌谱简谱网	口琴七级：在那桃花盛开的地方
jianpucn-161190	jianpucn	ok(曲名命中)	200		http://www.jianpu.cn/pu/16/161190.htm	http://www.jianpu.cn/pu/16/161190.htm	口琴七级：妈妈的吻 歌谱简谱网	口琴七级：妈妈的吻
jianpucn-161178	jianpucn	ok(曲名命中)	200		http://www.jianpu.cn/pu/16/161178.htm	http://www.jianpu.cn/pu/16/161178.htm	口琴七级：杨柳青 歌谱简谱网	口琴七级：杨柳青
jianpucn-161202	jianpucn	ok(曲名命中)	200		http://www.jianpu.cn/pu/16/161202.htm	http://www.jianpu.cn/pu/16/161202.htm	口琴九级：多年以前 歌谱简谱网	口琴九级：多年以前
qupu123-332747	qupu123	打不开:URLError	0		https://www.qupu123.com/tongsu/wuzi/p332747.html	https://www.qupu123.com/tongsu/wuzi/p332747.html		又唱红楼梦
jianpucn-161216	jianpucn	ok(曲名命中)	200		http://www.jianpu.cn/pu/16/161216.htm	http://www.jianpu.cn/pu/16/161216.htm	口琴九级：幸福不是毛毛雨 歌谱简谱网	口琴九级：幸福不是毛毛雨
qupu123-333261	qupu123	ok(曲名命中)	200		https://www.qupu123.com/minge/erziyixia/p333261.html	https://www.qupu123.com/minge/erziyixia/p333261.html	口令 （李芳词 刘剑锋曲）_民歌曲谱_中国曲谱网	口令
jianpucn-161206	jianpucn	ok(曲名命中)	200		http://www.jianpu.cn/pu/16/161206.htm	http://www.jianpu.cn/pu/16/161206.htm	口琴九级：快乐铜匠 歌谱简谱网	口琴九级：快乐铜匠
jianpucn-161204	jianpucn	ok(曲名命中)	200		http://www.jianpu.cn/pu/16/161204.htm	http://www.jianpu.cn/pu/16/161204.htm	口琴九级：那坡里舞曲 歌谱简谱网	口琴九级：那坡里舞曲
jianpucn-161166	jianpucn	ok(曲名命中)	200		http://www.jianpu.cn/pu/16/161166.htm	http://www.jianpu.cn/pu/16/161166.htm	口琴五级：上海郊区好风光 歌谱简谱网	口琴五级：上海郊区好风光
jianpucn-161156	jianpucn	ok(曲名命中)	200		http://www.jianpu.cn/pu/16/161156.htm	http://www.jianpu.cn/pu/16/161156.htm	口琴五级：党啊，亲爱的妈妈 歌谱简谱网	口琴五级：党啊，亲爱的妈妈
jianpucn-41160	jianpucn	打不开:TimeoutError	0		http://www.jianpu.cn/pu/41/41160.htm	http://www.jianpu.cn/pu/41/41160.htm		又见柳叶青
jianpucn-161153	jianpucn	ok(曲名命中)	200		http://www.jianpu.cn/pu/16/161153.htm	http://www.jianpu.cn/pu/16/161153.htm	口琴五级：北国之春 歌谱简谱网	口琴五级：北国之春
jianpucn-161192	jianpucn	ok(曲名命中)	200		http://www.jianpu.cn/pu/16/161192.htm	http://www.jianpu.cn/pu/16/161192.htm	口琴七级：故乡的路 歌谱简谱网	口琴七级：故乡的路
jianpucn-161159	jianpucn	ok(曲名命中)	200		http://www.jianpu.cn/pu/16/161159.htm	http://www.jianpu.cn/pu/16/161159.htm	口琴五级：卡普里岛 歌谱简谱网	口琴五级：卡普里岛
jianpucn-161157	jianpucn	ok(曲名命中)	200		http://www.jianpu.cn/pu/16/161157.htm	http://www.jianpu.cn/pu/16/161157.htm	口琴五级：好人一生平安 歌谱简谱网	口琴五级：好人一生平安
jianpucn-161199	jianpucn	ok(曲名命中)	200		http://www.jianpu.cn/pu/16/161199.htm	http://www.jianpu.cn/pu/16/161199.htm	口琴八级：小夜曲 歌谱简谱网	口琴八级：小夜曲
jianpucn-161198	jianpucn	ok(曲名命中)	200		http://www.jianpu.cn/pu/16/161198.htm	http://www.jianpu.cn/pu/16/161198.htm	口琴八级：小放牛 歌谱简谱网	口琴八级：小放牛
jianpucn-161173	jianpucn	ok(曲名命中)	200		http://www.jianpu.cn/pu/16/161173.htm	http://www.jianpu.cn/pu/16/161173.htm	口琴六级：啄木鸟之歌 歌谱简谱网	口琴六级：啄木鸟之歌
jianpucn-161161	jianpucn	ok(曲名命中)	200		http://www.jianpu.cn/pu/16/161161.htm	http://www.jianpu.cn/pu/16/161161.htm	口琴六级：在泉边 歌谱简谱网	口琴六级：在泉边
jianpucn-161170	jianpucn	ok(曲名命中)	200		http://www.jianpu.cn/pu/16/161170.htm	http://www.jianpu.cn/pu/16/161170.htm	口琴六级：异乡寒夜去 歌谱简谱网	口琴六级：异乡寒夜去
jianpucn-161171	jianpucn	ok(曲名命中)	200		http://www.jianpu.cn/pu/16/161171.htm	http://www.jianpu.cn/pu/16/161171.htm	口琴六级：森吉德玛 歌谱简谱网	口琴六级：森吉德玛
jianpucn-161179	jianpucn	ok(曲名命中)	200		http://www.jianpu.cn/pu/16/161179.htm	http://www.jianpu.cn/pu/16/161179.htm	口琴六级：樱桃红 歌谱简谱网	口琴六级：樱桃红
jianpucn-161160	jianpucn	ok(曲名命中)	200		http://www.jianpu.cn/pu/16/161160.htm	http://www.jianpu.cn/pu/16/161160.htm	口琴六级：泉水叮咚响 歌谱简谱网	口琴六级：泉水叮咚响
jianpucn-161180	jianpucn	ok(曲名命中)	200		http://www.jianpu.cn/pu/16/161180.htm	http://www.jianpu.cn/pu/16/161180.htm	口琴六级：美国民谣 歌谱简谱网	口琴六级：美国民谣
jianpucn-161174	jianpucn	ok(曲名命中)	200		http://www.jianpu.cn/pu/16/161174.htm	http://www.jianpu.cn/pu/16/161174.htm	口琴六级：蜗牛与黄鹂鸟 歌谱简谱网	口琴六级：蜗牛与黄鹂鸟
qupu123-335382	qupu123	打不开:URLError	0		https://www.qupu123.com/shaoer/qizi/p335382.html	https://www.qupu123.com/shaoer/qizi/p335382.html		发条微信给太阳
jianpucn-161172	jianpucn	ok(曲名命中)	200		http://www.jianpu.cn/pu/16/161172.htm	http://www.jianpu.cn/pu/16/161172.htm	口琴六级：雪绒花 歌谱简谱网	口琴六级：雪绒花
qupu123-332043	qupu123	打不开:URLError	0		https://www.qupu123.com/shaoer/sanzi/p332043.html	https://www.qupu123.com/shaoer/sanzi/p332043.html		变魔术
jianpucn-161162	jianpucn	ok(曲名命中)	200		http://www.jianpu.cn/pu/16/161162.htm	http://www.jianpu.cn/pu/16/161162.htm	口琴六级：马灯调 歌谱简谱网	口琴六级：马灯调
jianpucn-161181	jianpucn	ok(曲名命中)	200		http://www.jianpu.cn/pu/16/161181.htm	http://www.jianpu.cn/pu/16/161181.htm	口琴六级：梭罗河 歌谱简谱网	口琴六级：梭罗河
jianpucn-161218	jianpucn	ok(曲名命中)	200		http://www.jianpu.cn/pu/16/161218.htm	http://www.jianpu.cn/pu/16/161218.htm	口琴十级：南泥湾变奏曲 歌谱简谱网	口琴十级：南泥湾变奏曲
jianpucn-161140	jianpucn	ok(曲名命中)	200		http://www.jianpu.cn/pu/16/161140.htm	http://www.jianpu.cn/pu/16/161140.htm	口琴四级曲目：丰收之歌 歌谱简谱网	口琴四级曲目：丰收之歌
qupu123-328407	qupu123	打不开:URLError	0		https://www.qupu123.com/shaoer/sizi/p328407.html	https://www.qupu123.com/shaoer/sizi/p328407.html		叠手绢儿
jianpucn-161142	jianpucn	ok(曲名命中)	200		http://www.jianpu.cn/pu/16/161142.htm	http://www.jianpu.cn/pu/16/161142.htm	口琴四级曲目：剪羊毛 歌谱简谱网	口琴四级曲目：剪羊毛
jianpucn-161139	jianpucn	ok(曲名命中)	200		http://www.jianpu.cn/pu/16/161139.htm	http://www.jianpu.cn/pu/16/161139.htm	口琴四级曲目：卖报歌、集体舞 歌谱简谱网	口琴四级曲目：卖报歌、集体舞
qupu123-336096	qupu123	打不开:URLError	0		https://www.qupu123.com/minge/sanzi/p336096.html	https://www.qupu123.com/minge/sanzi/p336096.html		叠桥调
jianpucn-161141	jianpucn	ok(曲名命中)	200		http://www.jianpu.cn/pu/16/161141.htm	http://www.jianpu.cn/pu/16/161141.htm	口琴四级曲目：小鸭子 歌谱简谱网	口琴四级曲目：小鸭子
jianpucn-161163	jianpucn	ok(曲名命中)	200		http://www.jianpu.cn/pu/16/161163.htm	http://www.jianpu.cn/pu/16/161163.htm	口琴六级：游击队歌 歌谱简谱网	口琴六级：游击队歌
qupu123-327905	qupu123	ok(曲名命中)	200		https://www.qupu123.com/shaoer/jiuziyishang/p327905.html	https://www.qupu123.com/shaoer/jiuziyishang/p327905.html	古诗词今唱：七步诗 _少儿曲谱_中国曲谱网	古诗词今唱：七步诗
jianpucn-221961	jianpucn	ok(曲名命中)	200		http://www.jianpu.cn/pu/22/221961.htm	http://www.jianpu.cn/pu/22/221961.htm	口碑其他 歌谱简谱网	口碑其他
qupu123-328110	qupu123	ok(曲名命中)	200		https://www.qupu123.com/shaoer/jiuziyishang/p328110.html	https://www.qupu123.com/shaoer/jiuziyishang/p328110.html	古诗词今唱：三衢道中 _少儿曲谱_中国曲谱网	古诗词今唱：三衢道中
jianpucn-28683	jianpucn	ok(曲名命中)	200		http://www.jianpu.cn/pu/28/28683.htm	http://www.jianpu.cn/pu/28/28683.htm	古城集安 歌谱简谱网	古城集安
qupu123-328018	qupu123	ok(曲名命中)	200		https://www.qupu123.com/shaoer/jiuziyishang/p328018.html	https://www.qupu123.com/shaoer/jiuziyishang/p328018.html	古诗词今唱：乌衣巷 _少儿曲谱_中国曲谱网	古诗词今唱：乌衣巷
jianpucn-454062	jianpucn	ok(曲名命中)	200		http://www.jianpu.cn/pu/45/454062.htm	http://www.jianpu.cn/pu/45/454062.htm	古老的信天游（独唱） 王宏伟 歌谱简谱网	古老的信天游
qupu123-328029	qupu123	ok(曲名命中)	200		https://www.qupu123.com/shaoer/jiuziyishang/p328029.html	https://www.qupu123.com/shaoer/jiuziyishang/p328029.html	古诗词今唱：乐游原 _少儿曲谱_中国曲谱网	古诗词今唱：乐游原
jianpucn-165634	jianpucn	ok(曲名命中)	200		http://www.jianpu.cn/pu/16/165634.htm	http://www.jianpu.cn/pu/16/165634.htm	古老的香巴拉 歌谱简谱网	古老的香巴拉
qupu123-327999	qupu123	ok(曲名命中)	200		https://www.qupu123.com/shaoer/jiuziyishang/p327999.html	https://www.qupu123.com/shaoer/jiuziyishang/p327999.html	古诗词今唱：九月九日忆山东兄弟 _少儿曲谱_中国曲谱网	古诗词今唱：九月九日忆山东兄弟
qupu123-327989	qupu123	ok(曲名命中)	200		https://www.qupu123.com/shaoer/bazi/p327989.html	https://www.qupu123.com/shaoer/bazi/p327989.html	古诗词今唱：出塞 _少儿曲谱_中国曲谱网	古诗词今唱：出塞
qupu123-328156	qupu123	ok(曲名命中)	200		https://www.qupu123.com/shaoer/jiuziyishang/p328156.html	https://www.qupu123.com/shaoer/jiuziyishang/p328156.html	古诗词今唱：别云间 _少儿曲谱_中国曲谱网	古诗词今唱：别云间
qupu123-328002	qupu123	ok(曲名命中)	200		https://www.qupu123.com/shaoer/jiuziyishang/p328002.html	https://www.qupu123.com/shaoer/jiuziyishang/p328002.html	古诗词今唱：别董大 （齐唱、合唱）_少儿曲谱_中国曲谱网	古诗词今唱：别董大
qupu123-327907	qupu123	ok(曲名命中)	200		https://www.qupu123.com/shaoer/qizi/p327907.html	https://www.qupu123.com/shaoer/qizi/p327907.html	古诗词今唱：咏柳 _少儿曲谱_中国曲谱网	古诗词今唱：咏柳
qupu123-327906	qupu123	ok(曲名命中)	200		https://www.qupu123.com/shaoer/qizi/p327906.html	https://www.qupu123.com/shaoer/qizi/p327906.html	古诗词今唱：咏鹅 _少儿曲谱_中国曲谱网	古诗词今唱：咏鹅
jianpucn-66155	jianpucn	ok(曲名命中)	200		http://www.jianpu.cn/pu/66/66155.htm	http://www.jianpu.cn/pu/66/66155.htm	口碑 歌谱简谱网	口碑
qupu123-328028	qupu123	ok(曲名命中)	200		https://www.qupu123.com/shaoer/jiuziyishang/p328028.html	https://www.qupu123.com/shaoer/jiuziyishang/p328028.html	古诗词今唱：商山早行 _少儿曲谱_中国曲谱网	古诗词今唱：商山早行
qupu123-327908	qupu123	ok(曲名命中)	200		https://www.qupu123.com/shaoer/jiuziyishang/p327908.html	https://www.qupu123.com/shaoer/jiuziyishang/p327908.html	古诗词今唱：回乡偶书 _少儿曲谱_中国曲谱网	古诗词今唱：回乡偶书
qupu123-328011	qupu123	ok(曲名命中)	200		https://www.qupu123.com/shaoer/jiuziyishang/p328011.html	https://www.qupu123.com/shaoer/jiuziyishang/p328011.html	古诗词今唱：塞下曲 _少儿曲谱_中国曲谱网	古诗词今唱：塞下曲
qupu123-328118	qupu123	ok(曲名命中)	200		https://www.qupu123.com/shaoer/bazi/p328118.html	https://www.qupu123.com/shaoer/bazi/p328118.html	古诗词今唱：墨梅 _少儿曲谱_中国曲谱网	古诗词今唱：墨梅
qupu123-328109	qupu123	ok(曲名命中)	200		https://www.qupu123.com/shaoer/jiuziyishang/p328109.html	https://www.qupu123.com/shaoer/jiuziyishang/p328109.html	古诗词今唱：夏日绝句 _少儿曲谱_中国曲谱网	古诗词今唱：夏日绝句
qupu123-327987	qupu123	ok(曲名命中)	200		https://www.qupu123.com/shaoer/jiuziyishang/p327987.html	https://www.qupu123.com/shaoer/jiuziyishang/p327987.html	古诗词今唱：宿建德江 _少儿曲谱_中国曲谱网	古诗词今唱：宿建德江
qupu123-328113	qupu123	ok(曲名命中)	200		https://www.qupu123.com/shaoer/jiuziyishang/p328113.html	https://www.qupu123.com/shaoer/jiuziyishang/p328113.html	古诗词今唱：宿新市徐公店 _少儿曲谱_中国曲谱网	古诗词今唱：宿新市徐公店
qupu123-328023	qupu123	ok(曲名命中)	200		https://www.qupu123.com/shaoer/jiuziyishang/p328023.html	https://www.qupu123.com/shaoer/jiuziyishang/p328023.html	古诗词今唱：寻隐者不遇 （齐唱、合唱）_少儿曲谱_中国曲谱网	古诗词今唱：寻隐者不遇
qupu123-328030	qupu123	ok(曲名命中)	200		https://www.qupu123.com/shaoer/jiuziyishang/p328030.html	https://www.qupu123.com/shaoer/jiuziyishang/p328030.html	古诗词今唱：小儿垂钓 _少儿曲谱_中国曲谱网	古诗词今唱：小儿垂钓
qupu123-328114	qupu123	ok(曲名命中)	200		https://www.qupu123.com/shaoer/bazi/p328114.html	https://www.qupu123.com/shaoer/bazi/p328114.html	古诗词今唱：小池 （齐唱、合唱）_少儿曲谱_中国曲谱网	古诗词今唱：小池
qupu123-328138	qupu123	ok(曲名命中)	200		https://www.qupu123.com/shaoer/jiuziyishang/p328138.html	https://www.qupu123.com/shaoer/jiuziyishang/p328138.html	古诗词今唱：左迁至蓝关示侄孙湘 _少儿曲谱_中国曲谱网	古诗词今唱：左迁至蓝关示侄孙湘
qupu123-328025	qupu123	ok(曲名命中)	200		https://www.qupu123.com/shaoer/bazi/p328025.html	https://www.qupu123.com/shaoer/bazi/p328025.html	古诗词今唱：山行 _少儿曲谱_中国曲谱网	古诗词今唱：山行
qupu123-328124	qupu123	ok(曲名命中)	200		https://www.qupu123.com/shaoer/jiuziyishang/p328124.html	https://www.qupu123.com/shaoer/jiuziyishang/p328124.html	古诗词今唱：己亥杂诗 _少儿曲谱_中国曲谱网	古诗词今唱：己亥杂诗
qupu123-328130	qupu123	ok(曲名命中)	200		https://www.qupu123.com/shaoer/jiuziyishang/p328130.html	https://www.qupu123.com/shaoer/jiuziyishang/p328130.html	古诗词今唱：归园田居 _少儿曲谱_中国曲谱网	古诗词今唱：归园田居
qupu123-328020	qupu123	ok(曲名命中)	200		https://www.qupu123.com/shaoer/bazi/p328020.html	https://www.qupu123.com/shaoer/bazi/p328020.html	古诗词今唱：悯农 （春种一粒栗）_少儿曲谱_中国曲谱网	古诗词今唱：悯农
qupu123-328123	qupu123	ok(曲名命中)	200		https://www.qupu123.com/shaoer/bazi/p328123.html	https://www.qupu123.com/shaoer/bazi/p328123.html	古诗词今唱：所见 _少儿曲谱_中国曲谱网	古诗词今唱：所见
qupu123-327904	qupu123	ok(曲名命中)	200		https://www.qupu123.com/shaoer/bazi/p327904.html	https://www.qupu123.com/shaoer/bazi/p327904.html	古诗词今唱：敕勒歌 _少儿曲谱_中国曲谱网	古诗词今唱：敕勒歌
qupu123-328132	qupu123	打不开:URLError	0		https://www.qupu123.com/shaoer/jiuziyishang/p328132.html	https://www.qupu123.com/shaoer/jiuziyishang/p328132.html		古诗词今唱：使至塞上
qupu123-328144	qupu123	ok(曲名命中)	200		https://www.qupu123.com/shaoer/bazi/p328144.html	https://www.qupu123.com/shaoer/bazi/p328144.html	古诗词今唱：无题 _少儿曲谱_中国曲谱网	古诗词今唱：无题
qupu123-327997	qupu123	打不开:URLError	0		https://www.qupu123.com/shaoer/jiuziyishang/p327997.html	https://www.qupu123.com/shaoer/jiuziyishang/p327997.html		古诗词今唱：凉州词
qupu123-327994	qupu123	ok(曲名命中)	200		https://www.qupu123.com/shaoer/jiuziyishang/p327994.html	https://www.qupu123.com/shaoer/jiuziyishang/p327994.html	古诗词今唱：早发白帝城 _少儿曲谱_中国曲谱网	古诗词今唱：早发白帝城
qupu123-328013	qupu123	ok(曲名命中)	200		https://www.qupu123.com/shaoer/bazi/p328013.html	https://www.qupu123.com/shaoer/bazi/p328013.html	古诗词今唱：早春 _少儿曲谱_中国曲谱网	古诗词今唱：早春
qupu123-328004	qupu123	ok(曲名命中)	200		https://www.qupu123.com/shaoer/jiuziyishang/p328004.html	https://www.qupu123.com/shaoer/jiuziyishang/p328004.html	古诗词今唱：春夜喜雨 _少儿曲谱_中国曲谱网	古诗词今唱：春夜喜雨
qupu123-328005	qupu123	打不开:URLError	0		https://www.qupu123.com/shaoer/jiuziyishang/p328005.html	https://www.qupu123.com/shaoer/jiuziyishang/p328005.html		古诗词今唱：前出塞
qupu123-328015	qupu123	ok(曲名命中)	200		https://www.qupu123.com/shaoer/jiuziyishang/p328015.html	https://www.qupu123.com/shaoer/jiuziyishang/p328015.html	古诗词今唱：暮江吟 （合唱）_少儿曲谱_中国曲谱网	古诗词今唱：暮江吟
qupu123-328137	qupu123	ok(曲名命中)	200		https://www.qupu123.com/shaoer/bazi/p328137.html	https://www.qupu123.com/shaoer/bazi/p328137.html	古诗词今唱：望岳 （齐唱、合唱）_少儿曲谱_中国曲谱网	古诗词今唱：望岳
qupu123-327990	qupu123	ok(曲名命中)	200		https://www.qupu123.com/shaoer/jiuziyishang/p327990.html	https://www.qupu123.com/shaoer/jiuziyishang/p327990.html	古诗词今唱：望庐山瀑布 _少儿曲谱_中国曲谱网	古诗词今唱：望庐山瀑布
qupu123-328016	qupu123	ok(曲名命中)	200		https://www.qupu123.com/shaoer/jiuziyishang/p328016.html	https://www.qupu123.com/shaoer/jiuziyishang/p328016.html	古诗词今唱：望洞庭 _少儿曲谱_中国曲谱网	古诗词今唱：望洞庭
qupu123-328121	qupu123	ok(曲名命中)	200		https://www.qupu123.com/shaoer/jiuziyishang/p328121.html	https://www.qupu123.com/shaoer/jiuziyishang/p328121.html	古诗词今唱：朝天子·咏喇叭 _少儿曲谱_中国曲谱网	古诗词今唱：朝天子·咏喇叭
qupu123-328010	qupu123	ok(曲名命中)	200		https://www.qupu123.com/shaoer/jiuziyishang/p328010.html	https://www.qupu123.com/shaoer/jiuziyishang/p328010.html	古诗词今唱：枫桥夜泊 _少儿曲谱_中国曲谱网	古诗词今唱：枫桥夜泊
qupu123-328033	qupu123	ok(曲名命中)	200		https://www.qupu123.com/shaoer/bazi/p328033.html	https://www.qupu123.com/shaoer/bazi/p328033.html	古诗词今唱：梅花 _少儿曲谱_中国曲谱网	古诗词今唱：梅花
qupu123-328135	qupu123	ok(曲名命中)	200		https://www.qupu123.com/shaoer/jiuziyishang/p328135.html	https://www.qupu123.com/shaoer/jiuziyishang/p328135.html	古诗词今唱：次北固山下 _少儿曲谱_中国曲谱网	古诗词今唱：次北固山下
qupu123-328143	qupu123	打不开:URLError	0		https://www.qupu123.com/shaoer/jiuziyishang/p328143.html	https://www.qupu123.com/shaoer/jiuziyishang/p328143.html		古诗词今唱：夜雨寄北
qupu123-328151	qupu123	ok(曲名命中)	200		https://www.qupu123.com/shaoer/jiuziyishang/p328151.html	https://www.qupu123.com/shaoer/jiuziyishang/p328151.html	古诗词今唱：水调歌头 _少儿曲谱_中国曲谱网	古诗词今唱：水调歌头
qupu123-328157	qupu123	打不开:URLError	0		https://www.qupu123.com/shaoer/jiuziyishang/p328157.html	https://www.qupu123.com/shaoer/jiuziyishang/p328157.html		古诗词今唱：天净沙·秋思
qupu123-328031	qupu123	ok(曲名命中)	200		https://www.qupu123.com/shaoer/jiuziyishang/p328031.html	https://www.qupu123.com/shaoer/jiuziyishang/p328031.html	古诗词今唱：江上渔者 _少儿曲谱_中国曲谱网	古诗词今唱：江上渔者
qupu123-328150	qupu123	ok(曲名命中)	200		https://www.qupu123.com/shaoer/jiuziyishang/p328150.html	https://www.qupu123.com/shaoer/jiuziyishang/p328150.html	古诗词今唱：江城子·密州出猎 _少儿曲谱_中国曲谱网	古诗词今唱：江城子·密州出猎
qupu123-328022	qupu123	ok(曲名命中)	200		https://www.qupu123.com/shaoer/bazi/p328022.html	https://www.qupu123.com/shaoer/bazi/p328022.html	古诗词今唱：江雪 （合唱）_少儿曲谱_中国曲谱网	古诗词今唱：江雪
qupu123-328148	qupu123	ok(曲名命中)	200		https://www.qupu123.com/shaoer/jiuziyishang/p328148.html	https://www.qupu123.com/shaoer/jiuziyishang/p328148.html	古诗词今唱：浣溪沙 _少儿曲谱_中国曲谱网	古诗词今唱：浣溪沙
qupu123-328034	qupu123	ok(曲名命中)	200		https://www.qupu123.com/shaoer/jiuziyishang/p328034.html	https://www.qupu123.com/shaoer/jiuziyishang/p328034.html	古诗词今唱：泊船瓜洲 _少儿曲谱_中国曲谱网	古诗词今唱：泊船瓜洲
qupu123-328027	qupu123	ok(曲名命中)	200		https://www.qupu123.com/shaoer/bazi/p328027.html	https://www.qupu123.com/shaoer/bazi/p328027.html	古诗词今唱：清明 _少儿曲谱_中国曲谱网	古诗词今唱：清明
qupu123-328147	qupu123	ok(曲名命中)	200		https://www.qupu123.com/shaoer/jiuziyishang/p328147.html	https://www.qupu123.com/shaoer/jiuziyishang/p328147.html	古诗词今唱：渔家傲 _少儿曲谱_中国曲谱网	古诗词今唱：渔家傲
qupu123-328008	qupu123	ok(曲名命中)	200		https://www.qupu123.com/shaoer/jiuziyishang/p328008.html	https://www.qupu123.com/shaoer/jiuziyishang/p328008.html	古诗词今唱：渔歌子 _少儿曲谱_中国曲谱网	古诗词今唱：渔歌子
qupu123-328111	qupu123	ok(曲名命中)	200		https://www.qupu123.com/shaoer/jiuziyishang/p328111.html	https://www.qupu123.com/shaoer/jiuziyishang/p328111.html	古诗词今唱：游园不值 _少儿曲谱_中国曲谱网	古诗词今唱：游园不值
qupu123-328012	qupu123	ok(曲名命中)	200		https://www.qupu123.com/shaoer/jiuziyishang/p328012.html	https://www.qupu123.com/shaoer/jiuziyishang/p328012.html	古诗词今唱：游子吟 _少儿曲谱_中国曲谱网	古诗词今唱：游子吟
qupu123-328017	qupu123	打不开:URLError	0		https://www.qupu123.com/shaoer/jiuziyishang/p328017.html	https://www.qupu123.com/shaoer/jiuziyishang/p328017.html		古诗词今唱：忆江南
qupu123-328153	qupu123	ok(曲名命中)	200		https://www.qupu123.com/shaoer/jiuziyishang/p328153.html	https://www.qupu123.com/shaoer/jiuziyishang/p328153.html	古诗词今唱：游山西村 _少儿曲谱_中国曲谱网	古诗词今唱：游山西村
qupu123-328009	qupu123	ok(曲名命中)	200		https://www.qupu123.com/shaoer/jiuziyishang/p328009.html	https://www.qupu123.com/shaoer/jiuziyishang/p328009.html	古诗词今唱：滁州西涧 _少儿曲谱_中国曲谱网	古诗词今唱：滁州西涧
qupu123-328035	qupu123	打不开:URLError	0		https://www.qupu123.com/shaoer/jiuziyishang/p328035.html	https://www.qupu123.com/shaoer/jiuziyishang/p328035.html		古诗词今唱：惠崇《春江晓景》
qupu123-327995	qupu123	ok(曲名命中)	200		https://www.qupu123.com/shaoer/jiuziyishang/p327995.html	https://www.qupu123.com/shaoer/jiuziyishang/p327995.html	古诗词今唱：独坐敬亭山 _少儿曲谱_中国曲谱网	古诗词今唱：独坐敬亭山
qupu123-328126	qupu123	ok(曲名命中)	200		https://www.qupu123.com/shaoer/qizi/p328126.html	https://www.qupu123.com/shaoer/qizi/p328126.html	古诗词今唱：画 _少儿曲谱_中国曲谱网	古诗词今唱：画
qupu123-328120	qupu123	ok(曲名命中)	200		https://www.qupu123.com/shaoer/bazi/p328120.html	https://www.qupu123.com/shaoer/bazi/p328120.html	古诗词今唱：画鸡 _少儿曲谱_中国曲谱网	古诗词今唱：画鸡
qupu123-328149	qupu123	ok(曲名命中)	200		https://www.qupu123.com/shaoer/jiuziyishang/p328149.html	https://www.qupu123.com/shaoer/jiuziyishang/p328149.html	古诗词今唱：登飞来峰 （齐唱、二部合唱）_少儿曲谱_中国曲谱网	古诗词今唱：登飞来峰
qupu123-328133	qupu123	ok(曲名命中)	200		https://www.qupu123.com/shaoer/jiuziyishang/p328133.html	https://www.qupu123.com/shaoer/jiuziyishang/p328133.html	古诗词今唱：白雪歌送武判官归京 _少儿曲谱_中国曲谱网	古诗词今唱：白雪歌送武判官归京
qupu123-328146	qupu123	ok(曲名命中)	200		https://www.qupu123.com/shaoer/jiuziyishang/p328146.html	https://www.qupu123.com/shaoer/jiuziyishang/p328146.html	古诗词今唱：相见欢 _少儿曲谱_中国曲谱网	古诗词今唱：相见欢
qupu123-328115	qupu123	打不开:URLError	0		https://www.qupu123.com/shaoer/bazi/p328115.html	https://www.qupu123.com/shaoer/bazi/p328115.html		古诗词今唱：春日
qupu123-328154	qupu123	ok(曲名命中)	200		https://www.qupu123.com/shaoer/jiuziyishang/p328154.html	https://www.qupu123.com/shaoer/jiuziyishang/p328154.html	古诗词今唱：破阵子 （齐唱、二部合唱）_少儿曲谱_中国曲谱网	古诗词今唱：破阵子
qupu123-328112	qupu123	ok(曲名命中)	200		https://www.qupu123.com/shaoer/bazi/p328112.html	https://www.qupu123.com/shaoer/bazi/p328112.html	古诗词今唱：示儿 _少儿曲谱_中国曲谱网	古诗词今唱：示儿
qupu123-327911	qupu123	打不开:URLError	0		https://www.qupu123.com/shaoer/qizi/p327911.html	https://www.qupu123.com/shaoer/qizi/p327911.html		古诗词今唱：春晓
qupu123-328026	qupu123	ok(曲名命中)	200		https://www.qupu123.com/shaoer/bazi/p328026.html	https://www.qupu123.com/shaoer/bazi/p328026.html	古诗词今唱：秋夕 _少儿曲谱_中国曲谱网	古诗词今唱：秋夕
qupu123-327996	qupu123	ok(曲名命中)	200		https://www.qupu123.com/shaoer/jiuziyishang/p327996.html	https://www.qupu123.com/shaoer/jiuziyishang/p327996.html	古诗词今唱：秋浦歌 _少儿曲谱_中国曲谱网	古诗词今唱：秋浦歌
qupu123-328019	qupu123	ok(曲名命中)	200		https://www.qupu123.com/shaoer/jiuziyishang/p328019.html	https://www.qupu123.com/shaoer/jiuziyishang/p328019.html	古诗词今唱：竹枝词 _少儿曲谱_中国曲谱网	古诗词今唱：竹枝词
qupu123-328122	qupu123	ok(曲名命中)	200		https://www.qupu123.com/shaoer/bazi/p328122.html	https://www.qupu123.com/shaoer/bazi/p328122.html	古诗词今唱：竹石 （齐唱、合唱）_少儿曲谱_中国曲谱网	古诗词今唱：竹石
qupu123-328001	qupu123	ok(曲名命中)	200		https://www.qupu123.com/shaoer/jiuziyishang/p328001.html	https://www.qupu123.com/shaoer/jiuziyishang/p328001.html	古诗词今唱：竹里馆 _少儿曲谱_中国曲谱网	古诗词今唱：竹里馆
qupu123-328006	qupu123	ok(曲名命中)	200		https://www.qupu123.com/shaoer/bazi/p328006.html	https://www.qupu123.com/shaoer/bazi/p328006.html	古诗词今唱：绝句 （唱、声势、朗读）_少儿曲谱_中国曲谱网	古诗词今唱：绝句
qupu123-328125	qupu123	ok(曲名命中)	200		https://www.qupu123.com/shaoer/jiuziyishang/p328125.html	https://www.qupu123.com/shaoer/jiuziyishang/p328125.html	古诗词今唱：舟夜书所见 _少儿曲谱_中国曲谱网	古诗词今唱：舟夜书所见
qupu123-327988	qupu123	ok(曲名命中)	200		https://www.qupu123.com/shaoer/jiuziyishang/p327988.html	https://www.qupu123.com/shaoer/jiuziyishang/p327988.html	古诗词今唱：芙蓉楼送辛渐 _少儿曲谱_中国曲谱网	古诗词今唱：芙蓉楼送辛渐
qupu123-328116	qupu123	ok(曲名命中)	200		https://www.qupu123.com/shaoer/jiuziyishang/p328116.html	https://www.qupu123.com/shaoer/jiuziyishang/p328116.html	古诗词今唱：菩萨蛮·书江西造口壁 _少儿曲谱_中国曲谱网	古诗词今唱：菩萨蛮·书江西造口壁
qupu123-328128	qupu123	ok(曲名命中)	200		https://www.qupu123.com/shaoer/bazi/p328128.html	https://www.qupu123.com/shaoer/bazi/p328128.html	古诗词今唱：蒹葭 _少儿曲谱_中国曲谱网	古诗词今唱：蒹葭
qupu123-328108	qupu123	ok(曲名命中)	200		https://www.qupu123.com/shaoer/bazi/p328108.html	https://www.qupu123.com/shaoer/bazi/p328108.html	古诗词今唱：蚕妇 _少儿曲谱_中国曲谱网	古诗词今唱：蚕妇
qupu123-328129	qupu123	ok(曲名命中)	200		https://www.qupu123.com/shaoer/jiuziyishang/p328129.html	https://www.qupu123.com/shaoer/jiuziyishang/p328129.html	古诗词今唱：观沧海 _少儿曲谱_中国曲谱网	古诗词今唱：观沧海
qupu123-328158	qupu123	ok(曲名命中)	200		https://www.qupu123.com/shaoer/bazi/p328158.html	https://www.qupu123.com/shaoer/bazi/p328158.html	古诗词今唱：论诗 _少儿曲谱_中国曲谱网	古诗词今唱：论诗
qupu123-328014	qupu123	ok(曲名命中)	200		https://www.qupu123.com/shaoer/jiuziyishang/p328014.html	https://www.qupu123.com/shaoer/jiuziyishang/p328014.html	古诗词今唱：赋得古原草送别 _少儿曲谱_中国曲谱网	古诗词今唱：赋得古原草送别
qupu123-328142	qupu123	ok(曲名命中)	200		https://www.qupu123.com/shaoer/bazi/p328142.html	https://www.qupu123.com/shaoer/bazi/p328142.html	古诗词今唱：赤壁 _少儿曲谱_中国曲谱网	古诗词今唱：赤壁
qupu123-328155	qupu123	ok(曲名命中)	200		https://www.qupu123.com/shaoer/jiuziyishang/p328155.html	https://www.qupu123.com/shaoer/jiuziyishang/p328155.html	古诗词今唱：过零丁洋 _少儿曲谱_中国曲谱网	古诗词今唱：过零丁洋
qupu123-327993	qupu123	ok(曲名命中)	200		https://www.qupu123.com/shaoer/jiuziyishang/p327993.html	https://www.qupu123.com/shaoer/jiuziyishang/p327993.html	古诗词今唱：赠汪伦 _少儿曲谱_中国曲谱网	古诗词今唱：赠汪伦
qupu123-327998	qupu123	ok(曲名命中)	200		https://www.qupu123.com/shaoer/jiuziyishang/p327998.html	https://www.qupu123.com/shaoer/jiuziyishang/p327998.html	古诗词今唱：送元二使安西 _少儿曲谱_中国曲谱网	古诗词今唱：送元二使安西
qupu123-328131	qupu123	ok(曲名命中)	200		https://www.qupu123.com/shaoer/jiuziyishang/p328131.html	https://www.qupu123.com/shaoer/jiuziyishang/p328131.html	古诗词今唱：送杜少府之任蜀州 _少儿曲谱_中国曲谱网	古诗词今唱：送杜少府之任蜀州
qupu123-328139	qupu123	ok(曲名命中)	200		https://www.qupu123.com/shaoer/jiuziyishang/p328139.html	https://www.qupu123.com/shaoer/jiuziyishang/p328139.html	古诗词今唱：酬乐天扬州初逢席上见赠 _少儿曲谱_中国曲谱网	古诗词今唱：酬乐天扬州初逢席上见赠
qupu123-328152	qupu123	ok(曲名命中)	200		https://www.qupu123.com/shaoer/jiuziyishang/p328152.html	https://www.qupu123.com/shaoer/jiuziyishang/p328152.html	古诗词今唱：醉花阴 _少儿曲谱_中国曲谱网	古诗词今唱：醉花阴
qupu123-328140	qupu123	ok(曲名命中)	200		https://www.qupu123.com/shaoer/jiuziyishang/p328140.html	https://www.qupu123.com/shaoer/jiuziyishang/p328140.html	古诗词今唱：钱塘湖春行 _少儿曲谱_中国曲谱网	古诗词今唱：钱塘湖春行
qupu123-328003	qupu123	ok(曲名命中)	200		https://www.qupu123.com/shaoer/jiuziyishang/p328003.html	https://www.qupu123.com/shaoer/jiuziyishang/p328003.html	古诗词今唱：逢雪宿芙蓉山主人 _少儿曲谱_中国曲谱网	古诗词今唱：逢雪宿芙蓉山主人
qupu123-327902	qupu123	ok(曲名命中)	200		https://www.qupu123.com/shaoer/bazi/p327902.html	https://www.qupu123.com/shaoer/bazi/p327902.html	古诗词今唱：长歌行 _少儿曲谱_中国曲谱网	古诗词今唱：长歌行
qupu123-328007	qupu123	ok(曲名命中)	200		https://www.qupu123.com/shaoer/jiuziyishang/p328007.html	https://www.qupu123.com/shaoer/jiuziyishang/p328007.html	古诗词今唱：闻官军收河南河北 _少儿曲谱_中国曲谱网	古诗词今唱：闻官军收河南河北
jianpucn-118695	jianpucn	ok(曲名命中)	200		http://www.jianpu.cn/pu/11/118695.htm	http://www.jianpu.cn/pu/11/118695.htm	古道雄关壮情怀 歌谱简谱网	古道雄关壮情怀
qupu123-328032	qupu123	ok(曲名命中)	200		https://www.qupu123.com/shaoer/bazi/p328032.html	https://www.qupu123.com/shaoer/bazi/p328032.html	古诗词今唱：陶者 _少儿曲谱_中国曲谱网	古诗词今唱：陶者
jianpucn-151380	jianpucn	ok(曲名命中)	200		http://www.jianpu.cn/pu/15/151380.htm	http://www.jianpu.cn/pu/15/151380.htm	句町神韵 歌谱简谱网	句町神韵
jianpucn-120675	jianpucn	ok(曲名命中)	200		http://www.jianpu.cn/pu/12/120675.htm	http://www.jianpu.cn/pu/12/120675.htm	只为地球一片绿 歌谱简谱网	只为地球一片绿
qupu123-328141	qupu123	ok(曲名命中)	200		https://www.qupu123.com/shaoer/jiuziyishang/p328141.html	https://www.qupu123.com/shaoer/jiuziyishang/p328141.html	古诗词今唱：雁门太守行 _少儿曲谱_中国曲谱网	古诗词今唱：雁门太守行
qupu123-327991	qupu123	ok(曲名命中)	200		https://www.qupu123.com/shaoer/jiuziyishang/p327991.html	https://www.qupu123.com/shaoer/jiuziyishang/p327991.html	古诗词今唱：静夜思 _少儿曲谱_中国曲谱网	古诗词今唱：静夜思
jianpucn-204405	jianpucn	ok(曲名命中)	200		http://www.jianpu.cn/pu/20/204405.htm	http://www.jianpu.cn/pu/20/204405.htm	只为地球绿一片 歌谱简谱网	只为地球绿一片
qupu123-328117	qupu123	ok(曲名命中)	200		https://www.qupu123.com/shaoer/jiuziyishang/p328117.html	https://www.qupu123.com/shaoer/jiuziyishang/p328117.html	古诗词今唱：题临安邸 _少儿曲谱_中国曲谱网	古诗词今唱：题临安邸
jianpucn-51308	jianpucn	ok(曲名命中)	200		http://www.jianpu.cn/pu/51/51308.htm	http://www.jianpu.cn/pu/51/51308.htm	只因一个你(《共闯天涯》主题歌、粤语) 歌谱简谱网	只因一个你
jianpucn-112606	jianpucn	ok(曲名命中)	200		http://www.jianpu.cn/pu/11/112606.htm	http://www.jianpu.cn/pu/11/112606.htm	只想一生跟你走 歌曲类 简谱 歌谱简谱网	只想一生跟你走 歌曲类
qupu123-328107	qupu123	ok(曲名命中)	200		https://www.qupu123.com/shaoer/jiuziyishang/p328107.html	https://www.qupu123.com/shaoer/jiuziyishang/p328107.html	古诗词今唱：题西林壁 _少儿曲谱_中国曲谱网	古诗词今唱：题西林壁
qupu123-328036	qupu123	ok(曲名命中)	200		https://www.qupu123.com/shaoer/jiuziyishang/p328036.html	https://www.qupu123.com/shaoer/jiuziyishang/p328036.html	古诗词今唱：饮湖上初晴后雨 _少儿曲谱_中国曲谱网	古诗词今唱：饮湖上初晴后雨
jianpucn-184634	jianpucn	ok(曲名命中)	200		http://www.jianpu.cn/pu/18/184634.htm	http://www.jianpu.cn/pu/18/184634.htm	只愿一生爱一人（带和弦） 歌谱简谱网	只愿一生爱一人
qupu123-328000	qupu123	ok(曲名命中)	200		https://www.qupu123.com/shaoer/bazi/p328000.html	https://www.qupu123.com/shaoer/bazi/p328000.html	古诗词今唱：鹿柴 （合唱）_少儿曲谱_中国曲谱网	古诗词今唱：鹿柴
qupu123-328024	qupu123	ok(曲名命中)	200		https://www.qupu123.com/shaoer/qizi/p328024.html	https://www.qupu123.com/shaoer/qizi/p328024.html	古诗词今唱：马 （齐唱、合唱）_少儿曲谱_中国曲谱网	古诗词今唱：马
jianpucn-114809	jianpucn	ok(曲名命中)	200		http://www.jianpu.cn/pu/11/114809.htm	http://www.jianpu.cn/pu/11/114809.htm	只有你 歌曲类 简谱 歌谱简谱网	只有你 歌曲类
qupu123-328136	qupu123	ok(曲名命中)	200		https://www.qupu123.com/shaoer/jiuziyishang/p328136.html	https://www.qupu123.com/shaoer/jiuziyishang/p328136.html	古诗词今唱：黄鹤楼 _少儿曲谱_中国曲谱网	古诗词今唱：黄鹤楼
jianpucn-157405	jianpucn	ok(曲名命中)	200		http://www.jianpu.cn/pu/15/157405.htm	http://www.jianpu.cn/pu/15/157405.htm	只有你不知道 歌谱简谱网	只有你不知道
qupu123-327992	qupu123	ok(曲名命中)	200		https://www.qupu123.com/shaoer/jiuziyishang/p327992.html	https://www.qupu123.com/shaoer/jiuziyishang/p327992.html	古诗词今唱：黄鹤楼送孟浩然之广陵 _少儿曲谱_中国曲谱网	古诗词今唱：黄鹤楼送孟浩然之广陵
jianpucn-63044	jianpucn	ok(曲名命中)	200		http://www.jianpu.cn/pu/63/63044.htm	http://www.jianpu.cn/pu/63/63044.htm	只要我长大 歌谱简谱网	只要我长大
qupu123-335867	qupu123	ok(曲名命中)	200		https://www.qupu123.com/minge/sizi/p335867.html	https://www.qupu123.com/minge/sizi/p335867.html	古韵汉王 _民歌曲谱_中国曲谱网	古韵汉王
jianpujia-18031	jianpujia	ok(曲名命中)	200		https://www.jianpujia.com/jianpu/18031.html	https://www.jianpujia.com/jianpu/18031.html	只要你心里有我简谱(歌词)_邓丽君演唱_君羊曲谱-免费下载-简谱之家	只要你心里有我
jianpucn-49690	jianpucn	ok(曲名命中)	200		http://www.jianpu.cn/pu/49/49690.htm	http://www.jianpu.cn/pu/49/49690.htm	可不可以(粤语) 歌谱简谱网	可不可以
qupu123-312850	qupu123	ok(曲名命中)	200		https://www.qupu123.com/meisheng/sizi/p312850.html	https://www.qupu123.com/meisheng/sizi/p312850.html	只为有你 _美声曲谱_中国曲谱网	只为有你
jianpucn-31582	jianpucn	ok(曲名命中)	200		http://www.jianpu.cn/pu/31/31582.htm	http://www.jianpu.cn/pu/31/31582.htm	可亲可敬的人 歌谱简谱网	可亲可敬的人
qupu123-327856	qupu123	ok(曲名命中)	200		https://www.qupu123.com/shaoer/liuzi/p327856.html	https://www.qupu123.com/shaoer/liuzi/p327856.html	99只小白鸽 （同名电视剧主题歌）_少儿曲谱_中国曲谱网	只小白鸽
qupu123-328134	qupu123	打不开:URLError	0		https://www.qupu123.com/shaoer/jiuziyishang/p328134.html	https://www.qupu123.com/shaoer/jiuziyishang/p328134.html		古诗词今唱：行路难
jianpucn-448788	jianpucn	ok(曲名命中)	200		http://www.jianpu.cn/pu/44/448788.htm	http://www.jianpu.cn/pu/44/448788.htm	可否多见一眼 邓丽君 歌谱简谱网	可否多见一眼
qupu123-396372	qupu123	ok(曲名命中)	200		https://www.qupu123.com/puyou/shangchuan/p396372.html	https://www.qupu123.com/puyou/shangchuan/p396372.html	只想与你相依 _谱天下个人制谱园地_中国曲谱网	只想与你相依
jianpucn-114941	jianpucn	ok(曲名命中)	200		http://www.jianpu.cn/pu/11/114941.htm	http://www.jianpu.cn/pu/11/114941.htm	可惜不是你 歌曲类 简谱 歌谱简谱网	可惜不是你 歌曲类
qupu123-394682	qupu123	ok(曲名命中)	200		https://www.qupu123.com/tongsu/wuzi/p394682.html	https://www.qupu123.com/tongsu/wuzi/p394682.html	只有一个中国 _天恩原创曲谱专栏_中国曲谱网	只有一个中国
jianpucn-282202	jianpucn	ok(曲名命中)	200		http://www.jianpu.cn/pu/28/282202.htm	http://www.jianpu.cn/pu/28/282202.htm	可惜没如果 — 林俊杰 歌谱简谱网	可惜没如果
jianpucn-431699	jianpucn	ok(曲名命中)	200		http://www.jianpu.cn/pu/43/431699.htm	http://www.jianpu.cn/pu/43/431699.htm	可爱的杜鹃花（科教片《四川杜鹃花》插曲） 李谷一 歌谱简谱网	可爱的杜鹃花
qupu123-194521	qupu123	ok(曲名命中)	200		https://www.qupu123.com/puyou/jipu/p194521.html	https://www.qupu123.com/puyou/jipu/p194521.html	叮当 _谱友园地_中国曲谱网	叮当
jianpucn-420271	jianpucn	ok(曲名命中)	200		http://www.jianpu.cn/pu/42/420271.htm	http://www.jianpu.cn/pu/42/420271.htm	可能否 腾格尔 歌谱简谱网	可能否
qupu123-88860	qupu123	ok(曲名命中)	200		https://www.qupu123.com/shaoer/qizi/p88860.html	https://www.qupu123.com/shaoer/qizi/p88860.html	叮当叮当闹钟响 （范修奎词 姜延辉曲）_少儿曲谱_中国曲谱网	叮当叮当闹钟响
jianpucn-159879	jianpucn	ok(曲名命中)	200		http://www.jianpu.cn/pu/15/159879.htm	http://www.jianpu.cn/pu/15/159879.htm	台北下着雨的星期天 歌谱简谱网	台北下着雨的星期天
qupu123-333883	qupu123	ok(曲名命中)	200		https://www.qupu123.com/tongsu/sizi/p333883.html	https://www.qupu123.com/tongsu/sizi/p333883.html	可心女孩 _通俗曲谱_中国曲谱网	可心女孩
jianpujia-9125	jianpujia	ok(曲名命中)	200		https://www.jianpujia.com/jianpu/9125.html	https://www.jianpujia.com/jianpu/9125.html	叶儿船简谱(歌词)_演唱_岭南印象曲谱-免费下载-简谱之家	叶儿船
jianpucn-42524	jianpucn	ok(曲名命中)	200		http://www.jianpu.cn/pu/42/42524.htm	http://www.jianpu.cn/pu/42/42524.htm	台湾同胞 歌谱简谱网	台湾同胞
qupu123-42141	qupu123	ok(曲名命中)	200		https://www.qupu123.com/jipu/p42141.html	https://www.qupu123.com/jipu/p42141.html	可惜我是水瓶座简谱_桃李醉春风个人制谱园地_中国曲谱网	可惜我是水瓶座
jianpucn-157149	jianpucn	ok(曲名命中)	200		http://www.jianpu.cn/pu/15/157149.htm	http://www.jianpu.cn/pu/15/157149.htm	各族人民亲又亲（蒋大为独唱系列96） 歌谱简谱网	各族人民亲又亲
jianpujia-74189	jianpujia	ok(曲名命中)	200		https://www.jianpujia.com/jianpu/74189.html	https://www.jianpujia.com/jianpu/74189.html	叹服简谱_许嵩演唱-免费下载-简谱之家	叹服
jianpucn-159006	jianpucn	ok(曲名命中)	200		http://www.jianpu.cn/pu/15/159006.htm	http://www.jianpu.cn/pu/15/159006.htm	合家欢-费玉清 歌谱简谱网	合家欢-费玉清
qupu123-318154	qupu123	ok(曲名命中)	200		https://www.qupu123.com/hechang/bazi/p318154.html	https://www.qupu123.com/hechang/bazi/p318154.html	可爱的一朵玫瑰花 （沙汉昆编曲版）_合唱曲谱_中国曲谱网	可爱的一朵玫瑰花
qupu123-331666	qupu123	ok(曲名命中)	200		https://www.qupu123.com/shaoer/jiuziyishang/p331666.html	https://www.qupu123.com/shaoer/jiuziyishang/p331666.html	可爱的中国让幸福排着队 （梁和平词 刘磬声曲）_少儿曲谱_中国曲谱网	可爱的中国让幸福排着队
jianpucn-159585	jianpucn	ok(曲名命中)	200		http://www.jianpu.cn/pu/15/159585.htm	http://www.jianpu.cn/pu/15/159585.htm	吉祥之歌 歌谱简谱网	吉祥之歌
jianpujia-383545	jianpujia	ok(曲名命中)	200		https://www.jianpujia.com/jianpu/383545.html	https://www.jianpujia.com/jianpu/383545.html	合拍钢琴简谱_许嵩演唱-免费下载-简谱之家	合拍
jianpucn-273466	jianpucn	ok(曲名命中)	200		http://www.jianpu.cn/pu/27/273466.htm	http://www.jianpu.cn/pu/27/273466.htm	吉祥如意 凤凰传奇 歌谱简谱网	吉祥如意
jianpucn-261987	jianpucn	ok(曲名命中)	200		http://www.jianpu.cn/pu/26/261987.htm	http://www.jianpu.cn/pu/26/261987.htm	吉祥敖特尔 阎维文 歌谱简谱网	吉祥敖特尔
qupu123-327959	qupu123	ok(曲名命中)	200		https://www.qupu123.com/meisheng/sizi/p327959.html	https://www.qupu123.com/meisheng/sizi/p327959.html	叶落归根 （张国良词 汪幼清曲）_美声曲谱_中国曲谱网	叶落归根
jianpucn-137152	jianpucn	ok(曲名命中)	200		http://www.jianpu.cn/pu/13/137152.htm	http://www.jianpu.cn/pu/13/137152.htm	吉祥的藏历年 歌谱简谱网	吉祥的藏历年
qupu123-322846	qupu123	ok(曲名命中)	200		https://www.qupu123.com/jipu/p322846.html	https://www.qupu123.com/jipu/p322846.html	叹云兮 （电视剧《芸汐传》片尾曲）_桃李醉春风个人制谱园地_中国曲谱网	叹云兮
jianpucn-312912	jianpucn	ok(曲名命中)	200		http://www.jianpu.cn/pu/31/312912.htm	http://www.jianpu.cn/pu/31/312912.htm	吉祥的藏历新年 降央卓玛 歌谱简谱网	吉祥的藏历新年
qupu123-331792	qupu123	ok(曲名命中)	200		https://www.qupu123.com/hechang/qizi/p331792.html	https://www.qupu123.com/hechang/qizi/p331792.html	各族儿女一家亲 _合唱曲谱_中国曲谱网	各族儿女一家亲
jianpucn-118607	jianpucn	ok(曲名命中)	200		http://www.jianpu.cn/pu/11/118607.htm	http://www.jianpu.cn/pu/11/118607.htm	吉祥的酥油灯 歌谱简谱网	吉祥的酥油灯
jianpucn-119051	jianpucn	ok(曲名命中)	200		http://www.jianpu.cn/pu/11/119051.htm	http://www.jianpu.cn/pu/11/119051.htm	吉祥的金鹿 歌谱简谱网	吉祥的金鹿
jianpucn-248582	jianpucn	ok(曲名命中)	200		http://www.jianpu.cn/pu/24/248582.htm	http://www.jianpu.cn/pu/24/248582.htm	吉祥藏历年 降央卓玛 歌谱简谱网	吉祥藏历年
qupu123-253908	qupu123	ok(曲名命中)	200		https://www.qupu123.com/jipu/p253908.html	https://www.qupu123.com/jipu/p253908.html	合久必婚 _桃李醉春风个人制谱园地_中国曲谱网	合久必婚
jianpucn-62588	jianpucn	ok(曲名命中)	200		http://www.jianpu.cn/pu/62/62588.htm	http://www.jianpu.cn/pu/62/62588.htm	吉祥颂 歌谱简谱网	吉祥颂
qupu123-314958	qupu123	ok(曲名命中)	200		https://www.qupu123.com/meisheng/sizi/p314958.html	https://www.qupu123.com/meisheng/sizi/p314958.html	​35同一条河（双谱） _美声曲谱_中国曲谱网	同一条河
qupu123-381158	qupu123	ok(曲名命中)	200		https://www.qupu123.com/tongsu/sizi/p381158.html	https://www.qupu123.com/tongsu/sizi/p381158.html	同一首歌 _通俗曲谱_中国曲谱网	同一首歌
qupu123-302655	qupu123	ok(曲名命中)	200		https://www.qupu123.com/meisheng/liuzi/p302655.html	https://www.qupu123.com/meisheng/liuzi/p302655.html	同学情三生缘 _美声曲谱_中国曲谱网	同学情三生缘
jianpucn-33089	jianpucn	ok(曲名命中)	200		http://www.jianpu.cn/pu/33/33089.htm	http://www.jianpu.cn/pu/33/33089.htm	同志 歌谱简谱网	同志
qupu123-331335	qupu123	ok(曲名命中)	200		https://www.qupu123.com/hechang/sizi/p331335.html	https://www.qupu123.com/hechang/sizi/p331335.html	同心同行 （万建平词 魏戎曲）_合唱曲谱_中国曲谱网	同心同行
jianpucn-247897	jianpucn	ok(曲名命中)	200		http://www.jianpu.cn/pu/24/247897.htm	http://www.jianpu.cn/pu/24/247897.htm	同欢同乐 王宏伟 歌谱简谱网	同欢同乐
qupu123-335577	qupu123	ok(曲名命中)	200		https://www.qupu123.com/minge/qizi/p335577.html	https://www.qupu123.com/minge/qizi/p335577.html	同心聚力铸辉煌 _民歌曲谱_中国曲谱网	同心聚力铸辉煌
jianpucn-7044	jianpucn	ok(曲名命中)	200		http://www.jianpu.cn/pu/70/7044.htm	http://www.jianpu.cn/pu/70/7044.htm	同类 歌谱简谱网	同类
qupu123-361491	qupu123	ok(曲名命中)	200		https://www.qupu123.com/yuanchuang/p361491.html	https://www.qupu123.com/yuanchuang/p361491.html	同桌的你 （乐队总谱）_琴音无邪原创曲谱专栏_中国曲谱网	同桌的你
jianpucn-207047	jianpucn	ok(曲名命中)	200		http://www.jianpu.cn/pu/20/207047.htm	http://www.jianpu.cn/pu/20/207047.htm	同船渡 歌谱简谱网	同船渡
qupu123-334704	qupu123	ok(曲名命中)	200		https://www.qupu123.com/minge/sizi/p334704.html	https://www.qupu123.com/minge/sizi/p334704.html	同庆回归 _民歌曲谱_中国曲谱网	同庆回归
jianpucn-265626	jianpucn	ok(曲名命中)	200		http://www.jianpu.cn/pu/26/265626.htm	http://www.jianpu.cn/pu/26/265626.htm	后会无期 邓紫棋 歌谱简谱网	后会无期
jianpucn-2174	jianpucn	ok(曲名命中)	200		http://www.jianpu.cn/pu/21/2174.htm	http://www.jianpu.cn/pu/21/2174.htm	后青春期的诗 歌谱简谱网	后青春期的诗
qupu123-333161	qupu123	ok(曲名命中)	200		https://www.qupu123.com/minge/wuzi/p333161.html	https://www.qupu123.com/minge/wuzi/p333161.html	同栽幸福花 _民歌曲谱_中国曲谱网	同栽幸福花
jianpucn-89286	jianpucn	ok(曲名命中)	200		http://www.jianpu.cn/pu/89/89286.htm	http://www.jianpu.cn/pu/89/89286.htm	向前走 歌谱简谱网	向前走
qupu123-382386	qupu123	打不开:URLError	0		https://www.qupu123.com/tongsu/wuzi/p382386.html	https://www.qupu123.com/tongsu/wuzi/p382386.html		只是太爱你
jianpucn-114961	jianpucn	ok(曲名命中)	200		http://www.jianpu.cn/pu/11/114961.htm	http://www.jianpu.cn/pu/11/114961.htm	向左走，向右走 歌曲类 简谱 歌谱简谱网	向左走，向右走 歌曲类
qupu123-335379	qupu123	ok(曲名命中)	200		https://www.qupu123.com/minge/qizi/p335379.html	https://www.qupu123.com/minge/qizi/p335379.html	名字就叫活雷锋 _民歌曲谱_中国曲谱网	名字就叫活雷锋
jianpucn-63154	jianpucn	ok(曲名命中)	200		http://www.jianpu.cn/pu/63/63154.htm	http://www.jianpu.cn/pu/63/63154.htm	向往 歌谱简谱网	向往
jianpujia-413918	jianpujia	ok(曲名命中)	200		https://www.jianpujia.com/jianpu/413918.html	https://www.jianpujia.com/jianpu/413918.html	向往草原献给美丽的草原简谱_郭皓演唱_郭皓/郭皓词曲-免费下载-简谱之家	向往草原献给美丽的草原
qupu123-317210	qupu123	打不开:URLError	0		https://www.qupu123.com/meisheng/jiuziyishang/p317210.html	https://www.qupu123.com/meisheng/jiuziyishang/p317210.html		可是我的爱没有对你表白
qupu123-320674	qupu123	ok(曲名命中)	200		https://www.qupu123.com/puyou/jipu/p320674.html	https://www.qupu123.com/puyou/jipu/p320674.html	后来 _谱友园地_中国曲谱网	后来
qupu123-333237	qupu123	ok(曲名命中)	200		https://www.qupu123.com/minge/jiuziyishang/p333237.html	https://www.qupu123.com/minge/jiuziyishang/p333237.html	向世界一流军队迈进 （王晓岭词 欧波曲）_民歌曲谱_中国曲谱网	向世界一流军队迈进
jianpujia-17815	jianpujia	ok(曲名命中)	200		https://www.jianpujia.com/jianpu/17815.html	https://www.jianpujia.com/jianpu/17815.html	向日葵简谱(歌词)_邓丽君演唱_君羊曲谱-免费下载-简谱之家	向日葵
qupu123-326797	qupu123	打不开:URLError	0		https://www.qupu123.com/shaoer/wuzi/p326797.html	https://www.qupu123.com/shaoer/wuzi/p326797.html		台湾像朵花
qupu123-292845	qupu123	ok(曲名命中)	200		https://www.qupu123.com/tongsu/qizi/p292845.html	https://www.qupu123.com/tongsu/qizi/p292845.html	向天再借五百年 _通俗曲谱_中国曲谱网	向天再借五百年
qupu123-332860	qupu123	打不开:URLError	0		https://www.qupu123.com/tongsu/sizi/p332860.html	https://www.qupu123.com/tongsu/sizi/p332860.html		叱咤商海
jianpucn-449006	jianpucn	ok(曲名命中)	200		http://www.jianpu.cn/pu/44/449006.htm	http://www.jianpu.cn/pu/44/449006.htm	吐鲁番的葡萄熟了（十大作曲家施光南作品选（19）） 降央卓玛 歌谱简谱网	吐鲁番的葡萄熟了
qupu123-333799	qupu123	ok(曲名命中)	200		https://www.qupu123.com/tongsu/wuzi/p333799.html	https://www.qupu123.com/tongsu/wuzi/p333799.html	向幸福出发 （陈吉桂词 刘北休曲）_通俗曲谱_中国曲谱网	向幸福出发
jianpucn-35631	jianpucn	ok(曲名命中)	200		http://www.jianpu.cn/pu/35/35631.htm	http://www.jianpu.cn/pu/35/35631.htm	听不到 歌谱简谱网	听不到
qupu123-316041	qupu123	ok(曲名命中)	200		https://www.qupu123.com/meisheng/sanzi/p316041.html	https://www.qupu123.com/meisheng/sanzi/p316041.html	​57向远方（双谱） （歌剧《太阳雪》主题歌）_美声曲谱_中国曲谱网	向远方
qupu123-333745	qupu123	ok(曲名命中)	200		https://www.qupu123.com/tongsu/sizi/p333745.html	https://www.qupu123.com/tongsu/sizi/p333745.html	君子之交 _通俗曲谱_中国曲谱网	君子之交
jianpujia-26269	jianpujia	ok(曲名命中)	200		https://www.jianpujia.com/jianpu/26269.html	https://www.jianpujia.com/jianpu/26269.html	听妈妈讲那过去的事情简谱(歌词)_儿歌_暖儿曲谱-免费下载-简谱之家	听妈妈讲那过去的事情
jianpucn-50826	jianpucn	ok(曲名命中)	200		http://www.jianpu.cn/pu/50/50826.htm	http://www.jianpu.cn/pu/50/50826.htm	听春风 歌谱简谱网	听春风
qupu123-335184	qupu123	ok(曲名命中)	200		https://www.qupu123.com/tongsu/wuzi/p335184.html	https://www.qupu123.com/tongsu/wuzi/p335184.html	君生我未生 （歌词选自唐代诗词 姚琳曲）_通俗曲谱_中国曲谱网	君生我未生
qupu123-321005	qupu123	打不开:URLError	0		https://www.qupu123.com/shaoer/qizi/p321005.html	https://www.qupu123.com/shaoer/qizi/p321005.html		各族儿童是一家
qupu123-275441	qupu123	ok(曲名命中)	200		https://www.qupu123.com/jipu/p275441.html	https://www.qupu123.com/jipu/p275441.html	向阳花 （汪峰词曲）__中国曲谱网	向阳花
jianpucn-155357	jianpucn	ok(曲名命中)	200		http://www.jianpu.cn/pu/15/155357.htm	http://www.jianpu.cn/pu/15/155357.htm	听见牛在哭 歌谱简谱网	听见牛在哭
qupu123-332032	qupu123	ok(曲名命中)	200		https://www.qupu123.com/tongsu/erziyixia/p332032.html	https://www.qupu123.com/tongsu/erziyixia/p332032.html	吟鼠 _通俗曲谱_中国曲谱网	吟鼠
jianpucn-465194	jianpucn	ok(曲名命中)	200		http://www.jianpu.cn/pu/46/465194.htm	http://www.jianpu.cn/pu/46/465194.htm	听香（2017央视元宵晚会演唱版） 张也 歌谱简谱网	听香
jianpucn-167229	jianpucn	ok(曲名命中)	200		http://www.jianpu.cn/pu/16/167229.htm	http://www.jianpu.cn/pu/16/167229.htm	启明星 歌谱简谱网	启明星
qupu123-335630	qupu123	ok(曲名命中)	200		https://www.qupu123.com/shaoer/wuzi/p335630.html	https://www.qupu123.com/shaoer/wuzi/p335630.html	听国旗升起 _少儿曲谱_中国曲谱网	听国旗升起
qupu123-393504	qupu123	打不开:URLError	0		https://www.qupu123.com/puyou/shangchuan/p393504.html	https://www.qupu123.com/puyou/shangchuan/p393504.html		同一个梦
jianpucn-448093	jianpucn	ok(曲名命中)	200		http://www.jianpu.cn/pu/44/448093.htm	http://www.jianpu.cn/pu/44/448093.htm	启示（《地下城与勇士 逆转之轮》推广曲） 周深 歌谱简谱网	启示
qupu123-333670	qupu123	ok(曲名命中)	200		https://www.qupu123.com/shaoer/liuzi/p333670.html	https://www.qupu123.com/shaoer/liuzi/p333670.html	听妈妈唱歌谣 _少儿曲谱_中国曲谱网	听妈妈唱歌谣
qupu123-364249	qupu123	ok(曲名命中)	200		https://www.qupu123.com/jipu/p364249.html	https://www.qupu123.com/jipu/p364249.html	听妈妈的话 （简和谱）_写轮指钢琴即兴个人制谱园地_中国曲谱网	听妈妈的话
jianpucn-114043	jianpucn	ok(曲名命中)	200		http://www.jianpu.cn/pu/11/114043.htm	http://www.jianpu.cn/pu/11/114043.htm	吻别 歌曲类 简谱 歌谱简谱网	吻别 歌曲类
qupu123-316428	qupu123	ok(曲名命中)	200		https://www.qupu123.com/meisheng/liuzi/p316428.html	https://www.qupu123.com/meisheng/liuzi/p316428.html	听沉雷，看闪电 （歌剧《贺龙之死》选曲）_美声曲谱_中国曲谱网	听沉雷，看闪电
jianpucn-50927	jianpucn	ok(曲名命中)	200		http://www.jianpu.cn/pu/50/50927.htm	http://www.jianpu.cn/pu/50/50927.htm	告别军营(王宏伟演唱） 歌谱简谱网	告别军营
qupu123-381074	qupu123	ok(曲名命中)	200		https://www.qupu123.com/tongsu/erziyixia/p381074.html	https://www.qupu123.com/tongsu/erziyixia/p381074.html	听海 _通俗曲谱_中国曲谱网	听海
jianpucn-167379	jianpucn	ok(曲名命中)	200		http://www.jianpu.cn/pu/16/167379.htm	http://www.jianpu.cn/pu/16/167379.htm	告诉你告诉我 歌谱简谱网	告诉你告诉我
qupu123-331257	qupu123	ok(曲名命中)	200		https://www.qupu123.com/hechang/erziyixia/p331257.html	https://www.qupu123.com/hechang/erziyixia/p331257.html	听潮 _合唱曲谱_中国曲谱网	听潮
jianpucn-239429	jianpucn	ok(曲名命中)	200		http://www.jianpu.cn/pu/23/239429.htm	http://www.jianpu.cn/pu/23/239429.htm	呼伦贝尔哟我可爱的家乡 殷秀梅 歌谱简谱网	呼伦贝尔哟我可爱的家乡
qupu123-335629	qupu123	ok(曲名命中)	200		https://www.qupu123.com/shaoer/erziyixia/p335629.html	https://www.qupu123.com/shaoer/erziyixia/p335629.html	听雨 （张冰词 孙广志曲）_少儿曲谱_中国曲谱网	听雨
qupu123-381462	qupu123	ok(曲名命中)	200		https://www.qupu123.com/tongsu/erziyixia/p381462.html	https://www.qupu123.com/tongsu/erziyixia/p381462.html	启航 _通俗曲谱_中国曲谱网	启航
jianpucn-28247	jianpucn	ok(曲名命中)	200		http://www.jianpu.cn/pu/28/28247.htm	http://www.jianpu.cn/pu/28/28247.htm	和你在一起 歌谱简谱网	和你在一起
jianpucn-475882	jianpucn	ok(曲名命中)	200		http://www.jianpu.cn/pu/47/475882.htm	http://www.jianpu.cn/pu/47/475882.htm	和平鸽哨 薛建成 歌谱简谱网	和平鸽哨
qupu123-331112	qupu123	ok(曲名命中)	200		https://www.qupu123.com/shaoer/sanzi/p331112.html	https://www.qupu123.com/shaoer/sanzi/p331112.html	吹泡泡 （李艳华词 陈元绍曲）_少儿曲谱_中国曲谱网	吹泡泡
jianpucn-89415	jianpucn	ok(曲名命中)	200		http://www.jianpu.cn/pu/89/89415.htm	http://www.jianpu.cn/pu/89/89415.htm	和是我们共唱的歌 歌谱简谱网	和是我们共唱的歌
qupu123-331418	qupu123	ok(曲名命中)	200		https://www.qupu123.com/hechang/qizi/p331418.html	https://www.qupu123.com/hechang/qizi/p331418.html	吼起号子走峡江 _合唱曲谱_中国曲谱网	吼起号子走峡江
jianpucn-291246	jianpucn	ok(曲名命中)	200		http://www.jianpu.cn/pu/29/291246.htm	http://www.jianpu.cn/pu/29/291246.htm	和梦一起飞 阎维文 歌谱简谱网	和梦一起飞
qupu123-335618	qupu123	ok(曲名命中)	200		https://www.qupu123.com/minge/qizi/p335618.html	https://www.qupu123.com/minge/qizi/p335618.html	告别讲坛的时候 _民歌曲谱_中国曲谱网	告别讲坛的时候
qupu123-333132	qupu123	ok(曲名命中)	200		https://www.qupu123.com/minge/qizi/p333132.html	https://www.qupu123.com/minge/qizi/p333132.html	告别我的太行山 （肖宝龙词 吕天松曲）_民歌曲谱_中国曲谱网	告别我的太行山
jianpucn-46263	jianpucn	ok(曲名命中)	200		http://www.jianpu.cn/pu/46/46263.htm	http://www.jianpu.cn/pu/46/46263.htm	和谐中华 歌谱简谱网	和谐中华
jianpucn-143680	jianpucn	ok(曲名命中)	200		http://www.jianpu.cn/pu/14/143680.htm	http://www.jianpu.cn/pu/14/143680.htm	和谐祖国美好家园（另版） 歌谱简谱网	和谐祖国美好家园
qupu123-270868	qupu123	ok(曲名命中)	200		https://www.qupu123.com/jipu/p270868.html	https://www.qupu123.com/jipu/p270868.html	告白气球 （完整版）__中国曲谱网	告白气球
jianpucn-32180	jianpucn	ok(曲名命中)	200		http://www.jianpu.cn/pu/32/32180.htm	http://www.jianpu.cn/pu/32/32180.htm	和谐颂 歌谱简谱网	和谐颂
qupu123-335655	qupu123	ok(曲名命中)	200		https://www.qupu123.com/tongsu/qizi/p335655.html	https://www.qupu123.com/tongsu/qizi/p335655.html	告诉世界告诉你 _通俗曲谱_中国曲谱网	告诉世界告诉你
qupu123-333697	qupu123	ok(曲名命中)	200		https://www.qupu123.com/meisheng/sizi/p333697.html	https://www.qupu123.com/meisheng/sizi/p333697.html	告诉祖国 （李名方词 付广慧曲）_美声曲谱_中国曲谱网	告诉祖国
jianpujia-395576	jianpujia	ok(曲名命中)	200		https://www.jianpujia.com/jianpu/395576.html	https://www.jianpujia.com/jianpu/395576.html	咖啡在等一个人等一个人咖啡电影主题曲_老板娘主题曲EPHK精准版简谱_周慧敏演唱-免费下载-简谱之家	咖啡在等一个人等一个人咖啡电影主题曲_老板娘主题曲EPHK精
qupu123-322577	qupu123	打不开:URLError	0		https://www.qupu123.com/meisheng/erziyixia/p322577.html	https://www.qupu123.com/meisheng/erziyixia/p322577.html		名单
jianpucn-205300	jianpucn	ok(曲名命中)	200		http://www.jianpu.cn/pu/20/205300.htm	http://www.jianpu.cn/pu/20/205300.htm	咱家的年夜饭 歌谱简谱网	咱家的年夜饭
qupu123-381102	qupu123	ok(曲名命中)	200		https://www.qupu123.com/tongsu/sizi/p381102.html	https://www.qupu123.com/tongsu/sizi/p381102.html	命中有你 _通俗曲谱_中国曲谱网	命中有你
qupu123-324089	qupu123	ok(曲名命中)	200		https://www.qupu123.com/meisheng/erziyixia/p324089.html	https://www.qupu123.com/meisheng/erziyixia/p324089.html	呼唤 （陈香梅词 王酩曲）_美声曲谱_中国曲谱网	呼唤
jianpucn-304246	jianpucn	ok(曲名命中)	200		http://www.jianpu.cn/pu/30/304246.htm	http://www.jianpu.cn/pu/30/304246.htm	咿呀咿的桃花源 凤凰传奇 歌谱简谱网	咿呀咿的桃花源
qupu123-324334	qupu123	ok(曲名命中)	200		https://www.qupu123.com/hechang/sizi/p324334.html	https://www.qupu123.com/hechang/sizi/p324334.html	和而不同 （宋轲词 周文军曲）_合唱曲谱_中国曲谱网	和而不同
qupu123-328493	qupu123	ok(曲名命中)	200		https://www.qupu123.com/meisheng/wuzi/p328493.html	https://www.qupu123.com/meisheng/wuzi/p328493.html	和平圆舞曲 _美声曲谱_中国曲谱网	和平圆舞曲
qupu123-334104	qupu123	ok(曲名命中)	200		https://www.qupu123.com/minge/wuzi/p334104.html	https://www.qupu123.com/minge/wuzi/p334104.html	和谐大中国 （杨叔化词 周利曲）_民歌曲谱_中国曲谱网	和谐大中国
qupu123-396656	qupu123	ok(曲名命中)	200		https://www.qupu123.com/puyou/shangchuan/p396656.html	https://www.qupu123.com/puyou/shangchuan/p396656.html	咔嚓光影魔法师 _崀Lang颂Song原创曲谱专栏_中国曲谱网	咔嚓光影魔法师
jianpucn-88543	jianpucn	ok(曲名命中)	200		http://www.jianpu.cn/pu/88/88543.htm	http://www.jianpu.cn/pu/88/88543.htm	哈罗 歌谱简谱网	哈罗
qupu123-329447	qupu123	ok(曲名命中)	200		https://www.qupu123.com/hechang/erziyixia/p329447.html	https://www.qupu123.com/hechang/erziyixia/p329447.html	咏梅 （传记纪录影片《梅兰芳》主题歌）_合唱曲谱_中国曲谱网	咏梅
qupu123-333264	qupu123	ok(曲名命中)	200		https://www.qupu123.com/minge/wuzi/p333264.html	https://www.qupu123.com/minge/wuzi/p333264.html	咱们当过兵 （牟进军词 庄德祥曲）_民歌曲谱_中国曲谱网	咱们当过兵
qupu123-322088	qupu123	ok(曲名命中)	200		https://www.qupu123.com/hechang/qizi/p322088.html	https://www.qupu123.com/hechang/qizi/p322088.html	咱们工人有力量 _合唱曲谱_中国曲谱网	咱们工人有力量
qupu123-333281	qupu123	ok(曲名命中)	200		https://www.qupu123.com/minge/bazi/p333281.html	https://www.qupu123.com/minge/bazi/p333281.html	咱连来了批新装备 _民歌曲谱_中国曲谱网	咱连来了批新装备
qupu123-225342	qupu123	ok(曲名命中)	200		https://www.qupu123.com/jipu/p225342.html	https://www.qupu123.com/jipu/p225342.html	哄我入睡 （五月天、阿信词曲）_君羊个人制谱园地_中国曲谱网	哄我入睡（五月天、阿信
qupu123-330826	qupu123	ok(曲名命中)	200		https://www.qupu123.com/hechang/wuzi/p330826.html	https://www.qupu123.com/hechang/wuzi/p330826.html	哈腰挂——单号 _合唱曲谱_中国曲谱网	哈腰挂——单号
jianpujia-15508	jianpujia	ok(曲名命中)	200		https://www.jianpujia.com/jianpu/15508.html	https://www.jianpujia.com/jianpu/15508.html	哑巴简谱_薛之谦_你可以当我哑巴一样，反正我也不擅长抵抗-免费下载-简谱之家	哑巴
jianpucn-129860	jianpucn	ok(曲名命中)	200		http://www.jianpu.cn/pu/12/129860.htm	http://www.jianpu.cn/pu/12/129860.htm	哥哥你要当兵走 歌谱简谱网	哥哥你要当兵走
qupu123-333747	qupu123	ok(曲名命中)	200		https://www.qupu123.com/shaoer/erziyixia/p333747.html	https://www.qupu123.com/shaoer/erziyixia/p333747.html	哎哎 （台湾儿歌）_少儿曲谱_中国曲谱网	哎哎
qupu123-321695	qupu123	ok(曲名命中)	200		https://www.qupu123.com/shaoer/wuzi/p321695.html	https://www.qupu123.com/shaoer/wuzi/p321695.html	哇哈哈的家 _少儿曲谱_中国曲谱网	哇哈哈的家
jianpucn-242150	jianpucn	ok(曲名命中)	200		http://www.jianpu.cn/pu/24/242150.htm	http://www.jianpu.cn/pu/24/242150.htm	哥哥撑排走丹江（电影《月月》主题曲） 王宏伟 歌谱简谱网	哥哥撑排走丹江
jianpucn-204384	jianpucn	ok(曲名命中)	200		http://www.jianpu.cn/pu/20/204384.htm	http://www.jianpu.cn/pu/20/204384.htm	哥哥要当兵走 歌谱简谱网	哥哥要当兵走
qupu123-396653	qupu123	ok(曲名命中)	200		https://www.qupu123.com/puyou/shangchuan/p396653.html	https://www.qupu123.com/puyou/shangchuan/p396653.html	哎哟喂丹霞崀山 _崀Lang颂Song原创曲谱专栏_中国曲谱网	哎哟喂丹霞崀山
jianpucn-64259	jianpucn	ok(曲名命中)	200		http://www.jianpu.cn/pu/64/64259.htm	http://www.jianpu.cn/pu/64/64259.htm	哭泣的骆驼 歌曲类 简谱 歌谱简谱网	哭泣的骆驼
qupu123-334699	qupu123	ok(曲名命中)	200		https://www.qupu123.com/minge/jiuziyishang/p334699.html	https://www.qupu123.com/minge/jiuziyishang/p334699.html	哥哥何时回到我身边 _民歌曲谱_中国曲谱网	哥哥何时回到我身边
jianpucn-60753	jianpucn	ok(曲名命中)	200		http://www.jianpu.cn/pu/60/60753.htm	http://www.jianpu.cn/pu/60/60753.htm	哭诸葛（《三国演义》插曲） 歌谱简谱网	哭诸葛
qupu123-326248	qupu123	ok(曲名命中)	200		https://www.qupu123.com/hechang/sizi/p326248.html	https://www.qupu123.com/hechang/sizi/p326248.html	哥哥走了 _合唱曲谱_中国曲谱网	哥哥走了
jianpujia-237095	jianpujia	ok(曲名命中)	200		https://www.jianpujia.com/jianpu/237095.html	https://www.jianpujia.com/jianpu/237095.html	哲古草原情歌知音恋上草原系列之四简谱-免费下载-简谱之家	哲古草原情歌知音恋上草原系列之四
jianpucn-343550	jianpucn	ok(曲名命中)	200		http://www.jianpu.cn/pu/34/343550.htm	http://www.jianpu.cn/pu/34/343550.htm	唐颂 韩磊 歌谱简谱网	唐颂
qupu123-369959	qupu123	ok(曲名命中)	200		https://www.qupu123.com/tongsu/jiuziyishang/p369959.html	https://www.qupu123.com/tongsu/jiuziyishang/p369959.html	哥已不再是当年的哥 _曲水悠悠个人制谱园地_中国曲谱网	哥已不再是当年的哥
jianpujia-236274	jianpujia	ok(曲名命中)	200		https://www.jianpujia.com/jianpu/236274.html	https://www.jianpujia.com/jianpu/236274.html	哲古草原知音草原风情系列之二简谱-免费下载-简谱之家	哲古草原知音草原风情系列之二
jianpucn-63849	jianpucn	ok(曲名命中)	200		http://www.jianpu.cn/pu/63/63849.htm	http://www.jianpu.cn/pu/63/63849.htm	唯舞独尊 歌谱简谱网	唯舞独尊
qupu123-333255	qupu123	ok(曲名命中)	200		https://www.qupu123.com/minge/qizi/p333255.html	https://www.qupu123.com/minge/qizi/p333255.html	哨兵神圣不可侵 _民歌曲谱_中国曲谱网	哨兵神圣不可侵
jianpucn-404883	jianpucn	ok(曲名命中)	200		http://www.jianpu.cn/pu/40/404883.htm	http://www.jianpu.cn/pu/40/404883.htm	唰啦啦 下起小雨 阎维文 歌谱简谱网	唰啦啦 下起小雨
jianpucn-222067	jianpucn	ok(曲名命中)	200		http://www.jianpu.cn/pu/22/222067.htm	http://www.jianpu.cn/pu/22/222067.htm	唰啦啦下起小雨 阎维文唱 歌谱简谱网	唰啦啦下起小雨 阎维文唱
jianpucn-285733	jianpucn	ok(曲名命中)	200		http://www.jianpu.cn/pu/28/285733.htm	http://www.jianpu.cn/pu/28/285733.htm	唱一支歌儿 问一问月亮（故事片《残月》主题歌） — 殷秀梅 歌谱简谱网	唱一支歌儿 问一问月亮
qupu123-374997	qupu123	打不开:URLError	0		https://www.qupu123.com/yuanchuang/p374997.html	https://www.qupu123.com/yuanchuang/p374997.html		味道
jianpucn-149081	jianpucn	ok(曲名命中)	200		http://www.jianpu.cn/pu/14/149081.htm	http://www.jianpu.cn/pu/14/149081.htm	唱一遍一遍 歌谱简谱网	唱一遍一遍
qupu123-381720	qupu123	ok(曲名命中)	200		https://www.qupu123.com/tongsu/erziyixia/p381720.html	https://www.qupu123.com/tongsu/erziyixia/p381720.html	哭砂 _通俗曲谱_中国曲谱网	哭砂
jianpucn-134813	jianpucn	ok(曲名命中)	200		http://www.jianpu.cn/pu/13/134813.htm	http://www.jianpu.cn/pu/13/134813.htm	唱不尽的爱 歌谱简谱网	唱不尽的爱
qupu123-326281	qupu123	ok(曲名命中)	200		https://www.qupu123.com/shaoer/bazi/p326281.html	https://www.qupu123.com/shaoer/bazi/p326281.html	唱一曲童谣献给党 _少儿曲谱_中国曲谱网	唱一曲童谣献给党
jianpucn-154180	jianpucn	ok(曲名命中)	200		http://www.jianpu.cn/pu/15/154180.htm	http://www.jianpu.cn/pu/15/154180.htm	唱吧！我的马头琴（蒋大为独唱系列76） 歌谱简谱网	唱吧！我的马头琴
qupu123-332667	qupu123	ok(曲名命中)	200		https://www.qupu123.com/tongsu/wuzi/p332667.html	https://www.qupu123.com/tongsu/wuzi/p332667.html	唱一首歌曲 _通俗曲谱_中国曲谱网	唱一首歌曲
jianpucn-70377	jianpucn	ok(曲名命中)	200		http://www.jianpu.cn/pu/70/70377.htm	http://www.jianpu.cn/pu/70/70377.htm	唱唱唱 歌谱简谱网	唱唱唱
jianpucn-160938	jianpucn	ok(曲名命中)	200		http://www.jianpu.cn/pu/16/160938.htm	http://www.jianpu.cn/pu/16/160938.htm	唱起《国际歌》 歌谱简谱网	唱起《国际歌》
qupu123-315409	qupu123	ok(曲名命中)	200		https://www.qupu123.com/meisheng/qizi/p315409.html	https://www.qupu123.com/meisheng/qizi/p315409.html	​7唱不够亲爱的祖国（双谱） _美声曲谱_中国曲谱网	唱不够亲爱的祖国
jianpucn-49565	jianpucn	ok(曲名命中)	200		http://www.jianpu.cn/pu/49/49565.htm	http://www.jianpu.cn/pu/49/49565.htm	唱起刘三姐 歌谱简谱网	唱起刘三姐
jianpucn-133433	jianpucn	ok(曲名命中)	200		http://www.jianpu.cn/pu/13/133433.htm	http://www.jianpu.cn/pu/13/133433.htm	唱起来 歌谱简谱网	唱起来
jianpujia-349607	jianpujia	ok(曲名命中)	200		https://www.jianpujia.com/jianpu/349607.html	https://www.jianpujia.com/jianpu/349607.html	唱首情歌给草原草原歌曲100首简谱-免费下载-简谱之家	唱首情歌给草原草原歌曲100首
jianpucn-41637	jianpucn	ok(曲名命中)	200		http://www.jianpu.cn/pu/41/41637.htm	http://www.jianpu.cn/pu/41/41637.htm	啊,土地 歌谱简谱网	啊,土地
qupu123-333155	qupu123	ok(曲名命中)	200		https://www.qupu123.com/tongsu/sizi/p333155.html	https://www.qupu123.com/tongsu/sizi/p333155.html	唱响中国 （关玉水词 黄进军曲）_通俗曲谱_中国曲谱网	唱响中国
qupu123-331223	qupu123	打不开:URLError	0		https://www.qupu123.com/hechang/jiuziyishang/p331223.html	https://www.qupu123.com/hechang/jiuziyishang/p331223.html		咱农民赶上了好时光
jianpucn-306728	jianpucn	ok(曲名命中)	200		http://www.jianpu.cn/pu/30/306728.htm	http://www.jianpu.cn/pu/30/306728.htm	啊 杜鹃花呀（科教片《四川杜鹃花》插曲） 李谷一 歌谱简谱网	啊 杜鹃花呀
qupu123-334192	qupu123	ok(曲名命中)	200		https://www.qupu123.com/minge/qizi/p334192.html	https://www.qupu123.com/minge/qizi/p334192.html	唱支军歌给党听 （刘志毅词 黄彦曲）_民歌曲谱_中国曲谱网	唱支军歌给党听
jianpucn-283147	jianpucn	ok(曲名命中)	200		http://www.jianpu.cn/pu/28/283147.htm	http://www.jianpu.cn/pu/28/283147.htm	啊 湘江 李谷一 歌谱简谱网	啊 湘江
qupu123-334915	qupu123	打不开:URLError	0		https://www.qupu123.com/minge/sizi/p334915.html	https://www.qupu123.com/minge/sizi/p334915.html		咱是士官
jianpucn-38633	jianpucn	ok(曲名命中)	200		http://www.jianpu.cn/pu/38/38633.htm	http://www.jianpu.cn/pu/38/38633.htm	啊玫瑰色的海 歌谱简谱网	啊玫瑰色的海
qupu123-396877	qupu123	ok(曲名命中)	200		https://www.qupu123.com/puyou/shangchuan/p396877.html	https://www.qupu123.com/puyou/shangchuan/p396877.html	唱给三峡的歌 （混声合唱）_博声d个人制谱园地_中国曲谱网	唱给三峡的歌
qupu123-341919	qupu123	打不开:URLError	0		https://www.qupu123.com/jipu/p341919.html	https://www.qupu123.com/jipu/p341919.html		哆来咪Do Re Mi
jianpucn-306723	jianpucn	ok(曲名命中)	200		http://www.jianpu.cn/pu/30/306723.htm	http://www.jianpu.cn/pu/30/306723.htm	啊野花 野花（电影《扬帆》插曲） 李谷一 歌谱简谱网	啊野花 野花
qupu123-323952	qupu123	ok(曲名命中)	200		https://www.qupu123.com/shaoer/sanzi/p323952.html	https://www.qupu123.com/shaoer/sanzi/p323952.html	啊咿呦 _少儿曲谱_中国曲谱网	啊咿呦
jianpucn-134807	jianpucn	ok(曲名命中)	200		http://www.jianpu.cn/pu/13/134807.htm	http://www.jianpu.cn/pu/13/134807.htm	啊！巴颜喀拉山口 歌谱简谱网	啊！巴颜喀拉山口
qupu123-329418	qupu123	ok(曲名命中)	200		https://www.qupu123.com/shaoer/liuzi/p329418.html	https://www.qupu123.com/shaoer/liuzi/p329418.html	啊哈，黑猫警长 （动画影片《黑猫警长》主题歌）_少儿曲谱_中国曲谱网	啊哈，黑猫警长
jianpucn-134227	jianpucn	ok(曲名命中)	200		http://www.jianpu.cn/pu/13/134227.htm	http://www.jianpu.cn/pu/13/134227.htm	啊！长江（蒋大为独唱系列42） 歌谱简谱网	啊！长江
qupu123-325075	qupu123	ok(曲名命中)	200		https://www.qupu123.com/hechang/liuzi/p325075.html	https://www.qupu123.com/hechang/liuzi/p325075.html	啊！北方瓷都 _合唱曲谱_中国曲谱网	啊！北方瓷都
qupu123-331930	qupu123	ok(曲名命中)	200		https://www.qupu123.com/meisheng/bazi/p331930.html	https://www.qupu123.com/meisheng/bazi/p331930.html	啊！喀什葛尔古城 _美声曲谱_中国曲谱网	啊！喀什葛尔古城
jianpucn-57694	jianpucn	ok(曲名命中)	200		http://www.jianpu.cn/pu/57/57694.htm	http://www.jianpu.cn/pu/57/57694.htm	啊，军旗 歌谱简谱网	啊，军旗
qupu123-333168	qupu123	ok(曲名命中)	200		https://www.qupu123.com/shaoer/liuzi/p333168.html	https://www.qupu123.com/shaoer/liuzi/p333168.html	啊！小河，小河 _少儿曲谱_中国曲谱网	啊！小河，小河
jianpucn-159244	jianpucn	ok(曲名命中)	200		http://www.jianpu.cn/pu/15/159244.htm	http://www.jianpu.cn/pu/15/159244.htm	啊，平衡木上的姑娘 歌谱简谱网	啊，平衡木上的姑娘
qupu123-330827	qupu123	打不开:URLError	0		https://www.qupu123.com/hechang/wuzi/p330827.html	https://www.qupu123.com/hechang/wuzi/p330827.html		哈腰挂——双号
qupu123-296449	qupu123	ok(曲名命中)	200		https://www.qupu123.com/meisheng/bazi/p296449.html	https://www.qupu123.com/meisheng/bazi/p296449.html	啊！月亮，啊！晚风 _美声曲谱_中国曲谱网	啊！月亮，啊！晚风
jianpucn-133479	jianpucn	ok(曲名命中)	200		http://www.jianpu.cn/pu/13/133479.htm	http://www.jianpu.cn/pu/13/133479.htm	啊，年青的朋友（蒋大为独唱系列32） 歌谱简谱网	啊，年青的朋友
qupu123-332660	qupu123	ok(曲名命中)	200		https://www.qupu123.com/tongsu/wuzi/p332660.html	https://www.qupu123.com/tongsu/wuzi/p332660.html	啊，中国军人 _通俗曲谱_中国曲谱网	啊，中国军人
jianpucn-134711	jianpucn	ok(曲名命中)	200		http://www.jianpu.cn/pu/13/134711.htm	http://www.jianpu.cn/pu/13/134711.htm	啊，我的祖国（蒋大为独唱系列45） 歌谱简谱网	啊，我的祖国
qupu123-333238	qupu123	ok(曲名命中)	200		https://www.qupu123.com/minge/wuzi/p333238.html	https://www.qupu123.com/minge/wuzi/p333238.html	啊，五星红旗 （庄严词 李合曲）_民歌曲谱_中国曲谱网	啊，五星红旗
jianpucn-158189	jianpucn	ok(曲名命中)	200		http://www.jianpu.cn/pu/15/158189.htm	http://www.jianpu.cn/pu/15/158189.htm	啊，星星 歌谱简谱网	啊，星星
jianpucn-37567	jianpucn	ok(曲名命中)	200		http://www.jianpu.cn/pu/37/37567.htm	http://www.jianpu.cn/pu/37/37567.htm	啊,鼓手 歌谱简谱网	啊,鼓手
jianpujia-99335	jianpujia	ok(曲名命中)	200		https://www.jianpujia.com/jianpu/99335.html	https://www.jianpujia.com/jianpu/99335.html	啊，草原简谱_李良词_李炫春曲-免费下载-简谱之家	啊，草原
qupu123-333208	qupu123	ok(曲名命中)	200		https://www.qupu123.com/minge/liuzi/p333208.html	https://www.qupu123.com/minge/liuzi/p333208.html	啊，年轻退伍兵 _民歌曲谱_中国曲谱网	啊，年轻退伍兵
jianpucn-133625	jianpucn	ok(曲名命中)	200		http://www.jianpu.cn/pu/13/133625.htm	http://www.jianpu.cn/pu/13/133625.htm	啊，美丽的金山（蒋大为独唱系列35） 歌谱简谱网	啊，美丽的金山
jianpujia-408999	jianpujia	ok(曲名命中)	200		https://www.jianpujia.com/jianpu/408999.html	https://www.jianpujia.com/jianpu/408999.html	啊，草原李良词李炫春曲啊，草原李良词_李炫春曲简谱_枫桥演唱_李良/李炫春词曲-免费下载-简谱之家	啊，草原李良词李炫春曲
jianpucn-40505	jianpucn	ok(曲名命中)	200		http://www.jianpu.cn/pu/40/40505.htm	http://www.jianpu.cn/pu/40/40505.htm	喀什噶尔女郎 歌谱简谱网	喀什噶尔女郎
qupu123-328946	qupu123	ok(曲名命中)	200		https://www.qupu123.com/hechang/sizi/p328946.html	https://www.qupu123.com/hechang/sizi/p328946.html	啊，新北京 _合唱曲谱_中国曲谱网	啊，新北京
qupu123-328950	qupu123	ok(曲名命中)	200		https://www.qupu123.com/hechang/sizi/p328950.html	https://www.qupu123.com/hechang/sizi/p328950.html	啊，新西安 _合唱曲谱_中国曲谱网	啊，新西安
jianpucn-37143	jianpucn	ok(曲名命中)	200		http://www.jianpu.cn/pu/37/37143.htm	http://www.jianpu.cn/pu/37/37143.htm	喀什葛尔女郎 歌谱简谱网	喀什葛尔女郎
qupu123-320341	qupu123	ok(曲名命中)	200		https://www.qupu123.com/meisheng/sanzi/p320341.html	https://www.qupu123.com/meisheng/sanzi/p320341.html	47啊，鲁迅（双谱） _美声曲谱_中国曲谱网	啊，鲁迅
jianpucn-74150	jianpucn	ok(曲名命中)	200		http://www.jianpu.cn/pu/74/74150.htm	http://www.jianpu.cn/pu/74/74150.htm	喀喇昆仑 歌谱简谱网	喀喇昆仑
qupu123-335653	qupu123	ok(曲名命中)	200		https://www.qupu123.com/tongsu/sizi/p335653.html	https://www.qupu123.com/tongsu/sizi/p335653.html	啸傲江湖 _通俗曲谱_中国曲谱网	啸傲江湖
jianpucn-121860	jianpucn	ok(曲名命中)	200		http://www.jianpu.cn/pu/12/121860.htm	http://www.jianpu.cn/pu/12/121860.htm	喔!记得 歌谱简谱网	喔!记得
jianpucn-34003	jianpucn	ok(曲名命中)	200		http://www.jianpu.cn/pu/34/34003.htm	http://www.jianpu.cn/pu/34/34003.htm	啊，丽江（丽江行） 歌谱简谱网	啊，丽江
qupu123-325308	qupu123	打不开:URLError	0		https://www.qupu123.com/hechang/qizi/p325308.html	https://www.qupu123.com/hechang/qizi/p325308.html		哪有利刀能割愁
jianpujia-152246	jianpujia	ok(曲名命中)	200		https://www.jianpujia.com/jianpu/152246.html	https://www.jianpujia.com/jianpu/152246.html	喜欢你钢琴简谱_Beyond演唱-免费下载-简谱之家	喜欢你
qupu123-335015	qupu123	ok(曲名命中)	200		https://www.qupu123.com/minge/sizi/p335015.html	https://www.qupu123.com/minge/sizi/p335015.html	喀什姑娘 _民歌曲谱_中国曲谱网	喀什姑娘
jianpucn-70242	jianpucn	ok(曲名命中)	200		http://www.jianpu.cn/pu/70/70242.htm	http://www.jianpu.cn/pu/70/70242.htm	喜悦 歌谱简谱网	喜悦
jianpucn-234614	jianpucn	ok(曲名命中)	200		http://www.jianpu.cn/pu/23/234614.htm	http://www.jianpu.cn/pu/23/234614.htm	喜欢你（扫描谱）吉他 — Beyond 歌谱简谱网	喜欢你
qupu123-319401	qupu123	ok(曲名命中)	200		https://www.qupu123.com/shaoer/sanzi/p319401.html	https://www.qupu123.com/shaoer/sanzi/p319401.html	喇叭花 （苗笛词 骆科伦曲）_少儿曲谱_中国曲谱网	喇叭花
qupu123-332150	qupu123	ok(曲名命中)	200		https://www.qupu123.com/tongsu/sanzi/p332150.html	https://www.qupu123.com/tongsu/sanzi/p332150.html	喔，龙宫 _通俗曲谱_中国曲谱网	喔，龙宫
jianpucn-49744	jianpucn	ok(曲名命中)	200		http://www.jianpu.cn/pu/49/49744.htm	http://www.jianpu.cn/pu/49/49744.htm	喜盈门 歌谱简谱网	喜盈门
jianpujia-7461	jianpujia	ok(曲名命中)	200		https://www.jianpujia.com/jianpu/7461.html	https://www.jianpujia.com/jianpu/7461.html	嘀哩嘀哩简谱_儿歌_春天在哪里，春天就在这首_嘀哩嘀哩_中-免费下载-简谱之家	嘀哩嘀哩
qupu123-331320	qupu123	ok(曲名命中)	200		https://www.qupu123.com/tongsu/liuzi/p331320.html	https://www.qupu123.com/tongsu/liuzi/p331320.html	喜欢你的时候 _通俗曲谱_中国曲谱网	喜欢你的时候
jianpucn-157737	jianpucn	ok(曲名命中)	200		http://www.jianpu.cn/pu/15/157737.htm	http://www.jianpu.cn/pu/15/157737.htm	嘎依丽泰 歌谱简谱网	嘎依丽泰
jianpujia-26528	jianpujia	ok(原记录标题命中)	200		https://www.jianpujia.com/jianpu/26528.html	https://www.jianpujia.com/jianpu/26528.html	嗯简谱(歌词)_李荣浩演唱_陈洲宏记谱-免费下载-简谱之家	嗯
jianpucn-40561	jianpucn	ok(曲名命中)	200		http://www.jianpu.cn/pu/40/40561.htm	http://www.jianpu.cn/pu/40/40561.htm	嘎哦丽泰(哈萨克族民歌) 歌谱简谱网	嘎哦丽泰
qupu123-218738	qupu123	ok(曲名命中)	200		https://www.qupu123.com/jipu/p218738.html	https://www.qupu123.com/jipu/p218738.html	喜帖街 （吉他弹唱、小叶歌制谱版）_小叶歌吉他个人制谱园地_中国曲谱网	喜帖街
qupu123-375495	qupu123	ok(曲名命中)	200		https://www.qupu123.com/waiguo/waiwen/p375495.html	https://www.qupu123.com/waiguo/waiwen/p375495.html	喜相逢 （Just in Time）_外国曲谱_中国曲谱网	喜相逢
jianpucn-132568	jianpucn	ok(曲名命中)	200		http://www.jianpu.cn/pu/13/132568.htm	http://www.jianpu.cn/pu/13/132568.htm	四月物语 歌谱简谱网	四月物语
qupu123-335737	qupu123	ok(曲名命中)	200		https://www.qupu123.com/minge/sanzi/p335737.html	https://www.qupu123.com/minge/sanzi/p335737.html	喜迎春 （赵华、高占祥词 高占祥曲）_民歌曲谱_中国曲谱网	喜迎春
qupu123-242865	qupu123	ok(曲名命中)	200		https://www.qupu123.com/jipu/p242865.html	https://www.qupu123.com/jipu/p242865.html	喜欢你 （简谱）_乐记简谱个人制谱园地_中国曲谱网	喜欢你
jianpucn-32678	jianpucn	ok(曲名命中)	200		http://www.jianpu.cn/pu/32/32678.htm	http://www.jianpu.cn/pu/32/32678.htm	四海一家 歌谱简谱网	四海一家
qupu123-335981	qupu123	ok(曲名命中)	200		https://www.qupu123.com/shaoer/sizi/p335981.html	https://www.qupu123.com/shaoer/sizi/p335981.html	喜鹊唱早 _少儿曲谱_中国曲谱网	喜鹊唱早
jianpucn-27681	jianpucn	ok(曲名命中)	200		http://www.jianpu.cn/pu/27/27681.htm	http://www.jianpu.cn/pu/27/27681.htm	四海知音 歌谱简谱网	四海知音
qupu123-335121	qupu123	ok(曲名命中)	200		https://www.qupu123.com/minge/wuzi/p335121.html	https://www.qupu123.com/minge/wuzi/p335121.html	喝了这杯酒 _民歌曲谱_中国曲谱网	喝了这杯酒
jianpucn-53130	jianpucn	ok(曲名命中)	200		http://www.jianpu.cn/pu/53/53130.htm	http://www.jianpu.cn/pu/53/53130.htm	回到你身边 歌谱简谱网	回到你身边
qupu123-323236	qupu123	ok(曲名命中)	200		https://www.qupu123.com/shaoer/wuzi/p323236.html	https://www.qupu123.com/shaoer/wuzi/p323236.html	嘉陵江童谣 _少儿曲谱_中国曲谱网	嘉陵江童谣
qupu123-375491	qupu123	ok(曲名命中)	200		https://www.qupu123.com/waiguo/waiwen/p375491.html	https://www.qupu123.com/waiguo/waiwen/p375491.html	四壁墙 （Four Walls）_外国曲谱_中国曲谱网	四壁墙
jianpujia-107657	jianpujia	ok(曲名命中)	200		https://www.jianpujia.com/jianpu/107657.html	https://www.jianpujia.com/jianpu/107657.html	回到草原简谱_草原浪人_词曲听酒_-免费下载-简谱之家	回到草原
jianpucn-34530	jianpucn	ok(曲名命中)	200		http://www.jianpu.cn/pu/34/34530.htm	http://www.jianpu.cn/pu/34/34530.htm	回到过去 歌谱简谱网	回到过去
qupu123-328399	qupu123	ok(曲名命中)	200		https://www.qupu123.com/shaoer/wuzi/p328399.html	https://www.qupu123.com/shaoer/wuzi/p328399.html	四季怎样来 _少儿曲谱_中国曲谱网	四季怎样来
jianpucn-208548	jianpucn	ok(曲名命中)	200		http://www.jianpu.cn/pu/20/208548.htm	http://www.jianpu.cn/pu/20/208548.htm	回到过去版本2 歌谱简谱网	回到过去版本2
jianpucn-282692	jianpucn	ok(曲名命中)	200		http://www.jianpu.cn/pu/28/282692.htm	http://www.jianpu.cn/pu/28/282692.htm	回家的路 刘德华 歌谱简谱网	回家的路
qupu123-333451	qupu123	ok(曲名命中)	200		https://www.qupu123.com/shaoer/sizi/p333451.html	https://www.qupu123.com/shaoer/sizi/p333451.html	四季画廊 （二重唱）_少儿曲谱_中国曲谱网	四季画廊
qupu123-356465	qupu123	ok(曲名命中)	200		https://www.qupu123.com/jipu/p356465.html	https://www.qupu123.com/jipu/p356465.html	四季歌 _mwt6461个人制谱园地_中国曲谱网	四季歌
qupu123-324645	qupu123	ok(曲名命中)	200		https://www.qupu123.com/shaoer/liuzi/p324645.html	https://www.qupu123.com/shaoer/liuzi/p324645.html	四季魔法城堡 _少儿曲谱_中国曲谱网	四季魔法城堡
qupu123-333901	qupu123	ok(曲名命中)	200		https://www.qupu123.com/minge/wuzi/p333901.html	https://www.qupu123.com/minge/wuzi/p333901.html	四有军人歌 _民歌曲谱_中国曲谱网	四有军人歌
jianpucn-60942	jianpucn	ok(曲名命中)	200		http://www.jianpu.cn/pu/60/60942.htm	http://www.jianpu.cn/pu/60/60942.htm	回家真好 歌谱简谱网	回家真好
jianpucn-475833	jianpucn	ok(曲名命中)	200		http://www.jianpu.cn/pu/47/475833.htm	http://www.jianpu.cn/pu/47/475833.htm	回家过年 蔡献华 李传永 歌谱简谱网	回家过年
qupu123-336015	qupu123	ok(曲名命中)	200		https://www.qupu123.com/tongsu/sizi/p336015.html	https://www.qupu123.com/tongsu/sizi/p336015.html	四秩重逢 _通俗曲谱_中国曲谱网	四秩重逢
qupu123-331413	qupu123	ok(曲名命中)	200		https://www.qupu123.com/hechang/sanzi/p331413.html	https://www.qupu123.com/hechang/sanzi/p331413.html	回三峡 （佟文西词 吴粤北曲）_合唱曲谱_中国曲谱网	回三峡
jianpucn-135615	jianpucn	ok(曲名命中)	200		http://www.jianpu.cn/pu/13/135615.htm	http://www.jianpu.cn/pu/13/135615.htm	回忆的沙漏 歌谱简谱网	回忆的沙漏
jianpucn-264859	jianpucn	ok(曲名命中)	200		http://www.jianpu.cn/pu/26/264859.htm	http://www.jianpu.cn/pu/26/264859.htm	回来吧好吗 刘德华 歌谱简谱网	回来吧好吗
qupu123-329316	qupu123	ok(曲名命中)	200		https://www.qupu123.com/hechang/bazi/p329316.html	https://www.qupu123.com/hechang/bazi/p329316.html	回到自己的队伍来 （故事影片《回到自己的队伍来》主题歌）_合唱曲谱_中国曲谱网	回到自己的队伍来
jianpucn-454081	jianpucn	ok(曲名命中)	200		http://www.jianpu.cn/pu/45/454081.htm	http://www.jianpu.cn/pu/45/454081.htm	因为有了你（亦弛记谱） 降央卓玛 歌谱简谱网	因为有了你
qupu123-332981	qupu123	ok(曲名命中)	200		https://www.qupu123.com/tongsu/sizi/p332981.html	https://www.qupu123.com/tongsu/sizi/p332981.html	回家吃饭 （张益魁词 黄永杰曲）_通俗曲谱_中国曲谱网	回家吃饭
jianpucn-474678	jianpucn	ok(曲名命中)	200		http://www.jianpu.cn/pu/47/474678.htm	http://www.jianpu.cn/pu/47/474678.htm	因为祖国（电视剧《外交风云》主题曲） 杨洪基 歌谱简谱网	因为祖国
qupu123-335233	qupu123	ok(曲名命中)	200		https://www.qupu123.com/minge/qizi/p335233.html	https://www.qupu123.com/minge/qizi/p335233.html	回来吧！兄弟！ _民歌曲谱_中国曲谱网	回来吧！兄弟！
jianpujia-42558	jianpujia	ok(曲名命中)	200		https://www.jianpujia.com/jianpu/42558.html	https://www.jianpujia.com/jianpu/42558.html	国旗国旗真美丽简谱_儿歌演唱-免费下载-简谱之家	国旗国旗真美丽
jianpucn-210099	jianpucn	ok(曲名命中)	200		http://www.jianpu.cn/pu/21/210099.htm	http://www.jianpu.cn/pu/21/210099.htm	团湖恋 歌谱简谱网	团湖恋
qupu123-335377	qupu123	ok(曲名命中)	200		https://www.qupu123.com/minge/sanzi/p335377.html	https://www.qupu123.com/minge/sanzi/p335377.html	回秦川 _民歌曲谱_中国曲谱网	回秦川
jianpucn-160662	jianpucn	ok(曲名命中)	200		http://www.jianpu.cn/pu/16/160662.htm	http://www.jianpu.cn/pu/16/160662.htm	团结抗日 歌谱简谱网	团结抗日
jianpujia-74464	jianpujia	ok(曲名命中)	200		https://www.jianpujia.com/jianpu/74464.html	https://www.jianpujia.com/jianpu/74464.html	国旗多美丽简谱_儿歌演唱-免费下载-简谱之家	国旗多美丽
qupu123-334277	qupu123	ok(曲名命中)	200		https://www.qupu123.com/tongsu/erziyixia/p334277.html	https://www.qupu123.com/tongsu/erziyixia/p334277.html	回首 （孙立民词 于春江曲）_通俗曲谱_中国曲谱网	回首
qupu123-362739	qupu123	ok(曲名命中)	200		https://www.qupu123.com/puyou/shangchuan/p362739.html	https://www.qupu123.com/puyou/shangchuan/p362739.html	因为爱情 （适合手机）_有一点坏个人制谱园地_中国曲谱网	因为爱情
jianpucn-44628	jianpucn	ok(曲名命中)	200		http://www.jianpu.cn/pu/44/44628.htm	http://www.jianpu.cn/pu/44/44628.htm	国旗恋 歌谱简谱网	国旗恋
jianpucn-85531	jianpucn	ok(曲名命中)	200		http://www.jianpu.cn/pu/85/85531.htm	http://www.jianpu.cn/pu/85/85531.htm	国风 歌谱简谱网	国风
qupu123-323956	qupu123	ok(曲名命中)	200		https://www.qupu123.com/hechang/sanzi/p323956.html	https://www.qupu123.com/hechang/sanzi/p323956.html	国学颂 _合唱曲谱_中国曲谱网	国学颂
jianpucn-439009	jianpucn	ok(曲名命中)	200		http://www.jianpu.cn/pu/43/439009.htm	http://www.jianpu.cn/pu/43/439009.htm	图木舒克之歌 张也 歌谱简谱网	图木舒克之歌
qupu123-335407	qupu123	ok(曲名命中)	200		https://www.qupu123.com/shaoer/qizi/p335407.html	https://www.qupu123.com/shaoer/qizi/p335407.html	国旗国旗真美丽 （任秀岭词 王小军曲）_少儿曲谱_中国曲谱网	国旗国旗真美丽
jianpucn-296248	jianpucn	ok(曲名命中)	200		http://www.jianpu.cn/pu/29/296248.htm	http://www.jianpu.cn/pu/29/296248.htm	土族敬酒歌 阎维文 歌谱简谱网	土族敬酒歌
qupu123-303249	qupu123	ok(曲名命中)	200		https://www.qupu123.com/meisheng/sizi/p303249.html	https://www.qupu123.com/meisheng/sizi/p303249.html	国歌响起 （蔡忠云词 张占春曲）_美声曲谱_中国曲谱网	国歌响起
jianpucn-109481	jianpucn	ok(曲名命中)	200		http://www.jianpu.cn/pu/10/109481.htm	http://www.jianpu.cn/pu/10/109481.htm	土耳其进行曲（莫扎特） 歌谱简谱网	土耳其进行曲
jianpujia-378086	jianpujia	ok(曲名命中)	200		https://www.jianpujia.com/jianpu/378086.html	https://www.jianpujia.com/jianpu/378086.html	圣诞星钢琴简谱_周杰伦_杨瑞代演唱-免费下载-简谱之家	圣诞星
jianpujia-15419	jianpujia	ok(曲名命中)	200		https://www.jianpujia.com/jianpu/15419.html	https://www.jianpujia.com/jianpu/15419.html	圣诞结简谱_陈奕迅__当你孤单你会想起谁-免费下载-简谱之家	圣诞结
jianpucn-224363	jianpucn	ok(曲名命中)	200		http://www.jianpu.cn/pu/22/224363.htm	http://www.jianpu.cn/pu/22/224363.htm	在乡谚中成长 歌谱简谱网	在乡谚中成长
qupu123-334477	qupu123	ok(曲名命中)	200		https://www.qupu123.com/minge/liuzi/p334477.html	https://www.qupu123.com/minge/liuzi/p334477.html	图瓦人的今天 _民歌曲谱_中国曲谱网	图瓦人的今天
qupu123-334283	qupu123	ok(曲名命中)	200		https://www.qupu123.com/minge/erziyixia/p334283.html	https://www.qupu123.com/minge/erziyixia/p334283.html	国玉 _民歌曲谱_中国曲谱网	国玉
qupu123-329041	qupu123	ok(曲名命中)	200		https://www.qupu123.com/shaoer/sanzi/p329041.html	https://www.qupu123.com/shaoer/sanzi/p329041.html	圆又圆 _少儿曲谱_中国曲谱网	圆又圆
jianpucn-68903	jianpucn	ok(曲名命中)	200		http://www.jianpu.cn/pu/68/68903.htm	http://www.jianpu.cn/pu/68/68903.htm	在你心中已不在的我 歌谱简谱网	在你心中已不在的我
qupu123-333575	qupu123	ok(曲名命中)	200		https://www.qupu123.com/minge/sizi/p333575.html	https://www.qupu123.com/minge/sizi/p333575.html	圆梦西昌 _民歌曲谱_中国曲谱网	圆梦西昌
jianpucn-52933	jianpucn	ok(曲名命中)	200		http://www.jianpu.cn/pu/52/52933.htm	http://www.jianpu.cn/pu/52/52933.htm	在你心里已不在的我 歌谱简谱网	在你心里已不在的我
jianpucn-53489	jianpucn	ok(曲名命中)	200		http://www.jianpu.cn/pu/53/53489.htm	http://www.jianpu.cn/pu/53/53489.htm	在你身边 歌谱简谱网	在你身边
qupu123-335042	qupu123	ok(曲名命中)	200		https://www.qupu123.com/minge/qizi/p335042.html	https://www.qupu123.com/minge/qizi/p335042.html	圆梦责任肩上担 _民歌曲谱_中国曲谱网	圆梦责任肩上担
jianpujia-154205	jianpujia	ok(曲名命中)	200		https://www.jianpujia.com/jianpu/154205.html	https://www.jianpujia.com/jianpu/154205.html	在一起嘛好不好钢琴简谱_数字双手_李荣浩-免费下载-简谱之家	在一起嘛好不好
jianpucn-119053	jianpucn	ok(曲名命中)	200		http://www.jianpu.cn/pu/11/119053.htm	http://www.jianpu.cn/pu/11/119053.htm	在光荣的旗帜下 歌谱简谱网	在光荣的旗帜下
jianpucn-204299	jianpucn	ok(曲名命中)	200		http://www.jianpu.cn/pu/20/204299.htm	http://www.jianpu.cn/pu/20/204299.htm	在妈妈的怀抱里 歌谱简谱网	在妈妈的怀抱里
qupu123-370367	qupu123	ok(曲名命中)	200		https://www.qupu123.com/tongsu/sanzi/p370367.html	https://www.qupu123.com/tongsu/sanzi/p370367.html	在一起 （徐秀红词 刘祚志曲）_刘祚志原创曲谱专栏_中国曲谱网	在一起
jianpucn-114847	jianpucn	ok(曲名命中)	200		http://www.jianpu.cn/pu/11/114847.htm	http://www.jianpu.cn/pu/11/114847.htm	在希望的田野 歌曲类 简谱 歌谱简谱网	在希望的田野 歌曲类
jianpucn-60326	jianpucn	ok(曲名命中)	200		http://www.jianpu.cn/pu/60/60326.htm	http://www.jianpu.cn/pu/60/60326.htm	在希望的田野上 歌谱简谱网	在希望的田野上
qupu123-326384	qupu123	打不开:URLError	0		https://www.qupu123.com/hechang/wuzi/p326384.html	https://www.qupu123.com/hechang/wuzi/p326384.html		四双红绣鞋
jianpucn-459575	jianpucn	ok(曲名命中)	200		http://www.jianpu.cn/pu/45/459575.htm	http://www.jianpu.cn/pu/45/459575.htm	在意 周深 歌谱简谱网	在意
jianpucn-35556	jianpucn	ok(曲名命中)	200		http://www.jianpu.cn/pu/35/35556.htm	http://www.jianpu.cn/pu/35/35556.htm	在水一方 歌谱简谱网	在水一方
jianpucn-82989	jianpucn	ok(曲名命中)	200		http://www.jianpu.cn/pu/82/82989.htm	http://www.jianpu.cn/pu/82/82989.htm	在海一方 歌谱简谱网	在海一方
qupu123-99201	qupu123	ok(曲名命中)	200		https://www.qupu123.com/jipu/p99201.html	https://www.qupu123.com/jipu/p99201.html	在水中央 _桃李醉春风个人制谱园地_中国曲谱网	在水中央
jianpucn-282079	jianpucn	ok(曲名命中)	200		http://www.jianpu.cn/pu/28/282079.htm	http://www.jianpu.cn/pu/28/282079.htm	在爱里等你 梁静茹 歌谱简谱网	在爱里等你
jianpucn-88475	jianpucn	ok(曲名命中)	200		http://www.jianpu.cn/pu/88/88475.htm	http://www.jianpu.cn/pu/88/88475.htm	在生恋 歌谱简谱网	在生恋
jianpucn-119631	jianpucn	ok(曲名命中)	200		http://www.jianpu.cn/pu/11/119631.htm	http://www.jianpu.cn/pu/11/119631.htm	在祖国的怀抱里 歌谱简谱网	在祖国的怀抱里
jianpujia-380113	jianpujia	ok(曲名命中)	200		https://www.jianpujia.com/jianpu/380113.html	https://www.jianpujia.com/jianpu/380113.html	在这个世界相遇钢琴简谱_陈奕迅演唱-免费下载-简谱之家	在这个世界相遇
jianpucn-79561	jianpucn	ok(曲名命中)	200		http://www.jianpu.cn/pu/79/79561.htm	http://www.jianpu.cn/pu/79/79561.htm	在路上 歌谱简谱网	在路上
jianpucn-349081	jianpucn	ok(曲名命中)	200		http://www.jianpu.cn/pu/34/349081.htm	http://www.jianpu.cn/pu/34/349081.htm	在这个世界相遇（电影《大鱼海棠》主题曲） 陈奕迅 歌谱简谱网	在这个世界相遇
jianpucn-341645	jianpucn	ok(曲名命中)	200		http://www.jianpu.cn/pu/34/341645.htm	http://www.jianpu.cn/pu/34/341645.htm	在这片土地上 阎维文 歌谱简谱网	在这片土地上
jianpucn-435603	jianpucn	ok(曲名命中)	200		http://www.jianpu.cn/pu/43/435603.htm	http://www.jianpu.cn/pu/43/435603.htm	在那桃花盛开的地方(〔京剧版〕) 蒋大为 歌谱简谱网	在那桃花盛开的地方
qupu123-274778	qupu123	打不开:URLError	0		https://www.qupu123.com/minge/qizi/p274778.html	https://www.qupu123.com/minge/qizi/p274778.html		回头一看全是爱
jianpucn-263523	jianpucn	ok(原记录标题命中)	200		http://www.jianpu.cn/pu/26/263523.htm	http://www.jianpu.cn/pu/26/263523.htm	在那桃花盛开的地方(京剧版) — 霍尊 蒋大为 歌谱简谱网	在那桃花盛开的地方 — 霍尊
jianpucn-120360	jianpucn	ok(曲名命中)	200		http://www.jianpu.cn/pu/12/120360.htm	http://www.jianpu.cn/pu/12/120360.htm	在欢腾的大地上 歌谱简谱网	在欢腾的大地上
jianpucn-36051	jianpucn	ok(曲名命中)	200		http://www.jianpu.cn/pu/36/36051.htm	http://www.jianpu.cn/pu/36/36051.htm	在雨中 歌谱简谱网	在雨中
jianpucn-304331	jianpucn	ok(曲名命中)	200		http://www.jianpu.cn/pu/30/304331.htm	http://www.jianpu.cn/pu/30/304331.htm	地下的星在欢笑 蒋大为 歌谱简谱网	地下的星在欢笑
jianpucn-9392	jianpucn	ok(曲名命中)	200		http://www.jianpu.cn/pu/93/9392.htm	http://www.jianpu.cn/pu/93/9392.htm	地球最冷的一天 歌谱简谱网	地球最冷的一天
jianpucn-133273	jianpucn	ok(曲名命中)	200		http://www.jianpu.cn/pu/13/133273.htm	http://www.jianpu.cn/pu/13/133273.htm	地球的心声（2010道地广告歌） 歌谱简谱网	地球的心声
jianpucn-36785	jianpucn	ok(曲名命中)	200		http://www.jianpu.cn/pu/36/36785.htm	http://www.jianpu.cn/pu/36/36785.htm	坚持到底 歌谱简谱网	坚持到底
jianpucn-297296	jianpucn	ok(曲名命中)	200		http://www.jianpu.cn/pu/29/297296.htm	http://www.jianpu.cn/pu/29/297296.htm	垃圾（） 陈奕迅 歌谱简谱网	垃圾
qupu123-48253	qupu123	ok(曲名命中)	200		https://www.qupu123.com/jipu/p48253.html	https://www.qupu123.com/jipu/p48253.html	坏女孩简谱（徐良词曲）_桃李醉春风个人制谱园地_中国曲谱网	坏女孩
jianpucn-63966	jianpucn	ok(曲名命中)	200		http://www.jianpu.cn/pu/63/63966.htm	http://www.jianpu.cn/pu/63/63966.htm	垄上行 歌谱简谱网	垄上行
jianpucn-304890	jianpucn	ok(曲名命中)	200		http://www.jianpu.cn/pu/30/304890.htm	http://www.jianpu.cn/pu/30/304890.htm	埋藏在寂静中（故事片《玉碎宫倾》插曲） 李谷一 歌谱简谱网	埋藏在寂静中
qupu123-335406	qupu123	打不开:URLError	0		https://www.qupu123.com/shaoer/bazi/p335406.html	https://www.qupu123.com/shaoer/bazi/p335406.html		国歌响起_国旗升起
jianpucn-461313	jianpucn	ok(曲名命中)	200		http://www.jianpu.cn/pu/46/461313.htm	http://www.jianpu.cn/pu/46/461313.htm	城市傍晚 毛不易 歌谱简谱网	城市傍晚
qupu123-334652	qupu123	ok(曲名命中)	200		https://www.qupu123.com/shaoer/qizi/p334652.html	https://www.qupu123.com/shaoer/qizi/p334652.html	坐着云朵到我家 _贺文广原创曲谱专栏_中国曲谱网	坐着云朵到我家
qupu123-319826	qupu123	打不开:URLError	0		https://www.qupu123.com/meisheng/wuzi/p319826.html	https://www.qupu123.com/meisheng/wuzi/p319826.html		国歌唱中华
jianpujia-380170	jianpujia	ok(曲名命中)	200		https://www.jianpujia.com/jianpu/380170.html	https://www.jianpujia.com/jianpu/380170.html	城府钢琴简谱_许嵩演唱-免费下载-简谱之家	城府
jianpucn-150793	jianpucn	ok(曲名命中)	200		http://www.jianpu.cn/pu/15/150793.htm	http://www.jianpu.cn/pu/15/150793.htm	城里有月光 歌谱简谱网	城里有月光
qupu123-382313	qupu123	ok(曲名命中)	200		https://www.qupu123.com/tongsu/sizi/p382313.html	https://www.qupu123.com/tongsu/sizi/p382313.html	坚如磐石 _通俗曲谱_中国曲谱网	坚如磐石
qupu123-334132	qupu123	ok(曲名命中)	200		https://www.qupu123.com/minge/liuzi/p334132.html	https://www.qupu123.com/minge/liuzi/p334132.html	坝镇中学校歌 _民歌曲谱_中国曲谱网	坝镇中学校歌
jianpucn-252174	jianpucn	ok(曲名命中)	200		http://www.jianpu.cn/pu/25/252174.htm	http://www.jianpu.cn/pu/25/252174.htm	塔克拉玛干的胡扬 王宏伟 歌谱简谱网	塔克拉玛干的胡扬
qupu123-334244	qupu123	ok(曲名命中)	200		https://www.qupu123.com/minge/sizi/p334244.html	https://www.qupu123.com/minge/sizi/p334244.html	坦诚相待 _民歌曲谱_中国曲谱网	坦诚相待
jianpujia-310328	jianpujia	ok(曲名命中)	200		https://www.jianpujia.com/jianpu/310328.html	https://www.jianpujia.com/jianpu/310328.html	塄坎上的蓝花花草原丁喜原创简谱_马正寿演唱_马正寿/草原丁喜词曲-免费下载-简谱之家	塄坎上的蓝花花草原丁喜原创
jianpucn-138568	jianpucn	ok(曲名命中)	200		http://www.jianpu.cn/pu/13/138568.htm	http://www.jianpu.cn/pu/13/138568.htm	塔城啊故乡 歌谱简谱网	塔城啊故乡
qupu123-247452	qupu123	ok(曲名命中)	200		https://www.qupu123.com/jipu/p247452.html	https://www.qupu123.com/jipu/p247452.html	垦春泥（合唱） _瓦莲金娜个人制谱园地_中国曲谱网	垦春泥
jianpucn-433764	jianpucn	ok(曲名命中)	200		http://www.jianpu.cn/pu/43/433764.htm	http://www.jianpu.cn/pu/43/433764.htm	塔尖上的中国（汪洋词 邓冠东 邓毅曲） 杨洪基 歌谱简谱网	塔尖上的中国
qupu123-340807	qupu123	ok(曲名命中)	200		https://www.qupu123.com/puyou/shangchuan/p340807.html	https://www.qupu123.com/puyou/shangchuan/p340807.html	城市之光 （李健版本）_谱友园地_中国曲谱网	城市之光
jianpucn-43922	jianpucn	ok(曲名命中)	200		http://www.jianpu.cn/pu/43/43922.htm	http://www.jianpu.cn/pu/43/43922.htm	塔里木之歌 歌谱简谱网	塔里木之歌
qupu123-334836	qupu123	ok(曲名命中)	200		https://www.qupu123.com/shaoer/jiuziyishang/p334836.html	https://www.qupu123.com/shaoer/jiuziyishang/p334836.html	城里娃娃畲乡游 （丁恩昌词 朱加农曲）_少儿曲谱_中国曲谱网	城里娃娃畲乡游
jianpucn-256979	jianpucn	ok(曲名命中)	200		http://www.jianpu.cn/pu/25/256979.htm	http://www.jianpu.cn/pu/25/256979.htm	塞纳河—— 邓紫棋 歌谱简谱网	塞纳河
jianpujia-13159	jianpujia	ok(曲名命中)	200		https://www.jianpujia.com/jianpu/13159.html	https://www.jianpujia.com/jianpu/13159.html	增广贤文简谱(歌词)_小海龟演唱组演唱_桃李醉春风记谱-免费下载-简谱之家	增广贤文
qupu123-309158	qupu123	ok(曲名命中)	200		https://www.qupu123.com/puyou/jipu/p309158.html	https://www.qupu123.com/puyou/jipu/p309158.html	城里的月光 _谱友园地_中国曲谱网	城里的月光
jianpucn-41886	jianpucn	ok(曲名命中)	200		http://www.jianpu.cn/pu/41/41886.htm	http://www.jianpu.cn/pu/41/41886.htm	士兵的渴望 歌谱简谱网	士兵的渴望
jianpucn-300472	jianpucn	ok(曲名命中)	200		http://www.jianpu.cn/pu/30/300472.htm	http://www.jianpu.cn/pu/30/300472.htm	壮志骄阳 张学友 歌谱简谱网	壮志骄阳
qupu123-328396	qupu123	ok(曲名命中)	200		https://www.qupu123.com/shaoer/sanzi/p328396.html	https://www.qupu123.com/shaoer/sanzi/p328396.html	堆积木 _少儿曲谱_中国曲谱网	堆积木
qupu123-334867	qupu123	ok(曲名命中)	200		https://www.qupu123.com/minge/liuzi/p334867.html	https://www.qupu123.com/minge/liuzi/p334867.html	塔河公安之歌 _民歌曲谱_中国曲谱网	塔河公安之歌
jianpucn-449334	jianpucn	ok(曲名命中)	200		http://www.jianpu.cn/pu/44/449334.htm	http://www.jianpu.cn/pu/44/449334.htm	声声慢（声乐 ） 宋祖英 歌谱简谱网	声声慢
qupu123-382472	qupu123	ok(曲名命中)	200		https://www.qupu123.com/tongsu/erziyixia/p382472.html	https://www.qupu123.com/tongsu/erziyixia/p382472.html	墨衣 _通俗曲谱_中国曲谱网	墨衣
qupu123-334981	qupu123	ok(曲名命中)	200		https://www.qupu123.com/minge/wuzi/p334981.html	https://www.qupu123.com/minge/wuzi/p334981.html	士兵与大地 _民歌曲谱_中国曲谱网	士兵与大地
jianpucn-425580	jianpucn	ok(曲名命中)	200		http://www.jianpu.cn/pu/42/425580.htm	http://www.jianpu.cn/pu/42/425580.htm	复兴的力量 殷秀梅 歌谱简谱网	复兴的力量
jianpujia-13169	jianpujia	ok(曲名命中)	200		https://www.jianpujia.com/jianpu/13169.html	https://www.jianpujia.com/jianpu/13169.html	声律启蒙简谱(歌词)_小海龟演唱组演唱_桃李醉春风记谱-免费下载-简谱之家	声律启蒙
qupu123-74080	qupu123	打不开:URLError	0		https://www.qupu123.com/hechang/qizi/p74080.html	https://www.qupu123.com/hechang/qizi/p74080.html		在灿烂的阳光下
qupu123-333187	qupu123	ok(曲名命中)	200		https://www.qupu123.com/minge/sizi/p333187.html	https://www.qupu123.com/minge/sizi/p333187.html	士兵面孔 _民歌曲谱_中国曲谱网	士兵面孔
qupu123-333314	qupu123	ok(曲名命中)	200		https://www.qupu123.com/hechang/sizi/p333314.html	https://www.qupu123.com/hechang/sizi/p333314.html	士兵独白 _合唱曲谱_中国曲谱网	士兵独白
qupu123-2562	qupu123	打不开:URLError	0		https://www.qupu123.com/hechang/qizi/p2562.html	https://www.qupu123.com/hechang/qizi/p2562.html		在灿烂阳光下
jianpujia-122418	jianpujia	ok(曲名命中)	200		https://www.jianpujia.com/jianpu/122418.html	https://www.jianpujia.com/jianpu/122418.html	夏夜的红玫瑰简谱_1=F4/4__委婉深情地草原江枫渔火(男)草原龙梅(女)草原丁喜老师(萨克斯伴奏曲)_-免费下载-简谱之家	夏夜的红玫瑰
qupu123-328074	qupu123	ok(曲名命中)	200		https://www.qupu123.com/shaoer/wuzi/p328074.html	https://www.qupu123.com/shaoer/wuzi/p328074.html	壮乡小百灵 _少儿曲谱_中国曲谱网	壮乡小百灵
qupu123-336041	qupu123	ok(曲名命中)	200		https://www.qupu123.com/minge/qizi/p336041.html	https://www.qupu123.com/minge/qizi/p336041.html	声声问郎几时来 _民歌曲谱_中国曲谱网	声声问郎几时来
jianpujia-316848	jianpujia	ok(曲名命中)	200		https://www.jianpujia.com/jianpu/316848.html	https://www.jianpujia.com/jianpu/316848.html	夏夜的红玫瑰简谱_草原江枫渔火演唱_草原大哈/草原丁喜词曲-免费下载-简谱之家	夏夜的红玫瑰
qupu123-335070	qupu123	ok(曲名命中)	200		https://www.qupu123.com/shaoer/qizi/p335070.html	https://www.qupu123.com/shaoer/qizi/p335070.html	声律启蒙·蔡闰羽 _少儿曲谱_中国曲谱网	声律启蒙·蔡闰羽
qupu123-334405	qupu123	ok(曲名命中)	200		https://www.qupu123.com/tongsu/wuzi/p334405.html	https://www.qupu123.com/tongsu/wuzi/p334405.html	夏夜的记忆 _通俗曲谱_中国曲谱网	夏夜的记忆
jianpujia-391125	jianpujia	ok(曲名命中)	200		https://www.jianpujia.com/jianpu/391125.html	https://www.jianpujia.com/jianpu/391125.html	夏天的风天天词周杰伦曲简谱_温岚演唱_天天/周杰伦词曲-免费下载-简谱之家	夏天的风天天词周杰伦曲
jianpucn-120676	jianpucn	ok(曲名命中)	200		http://www.jianpu.cn/pu/12/120676.htm	http://www.jianpu.cn/pu/12/120676.htm	夕阳无限美 歌谱简谱网	夕阳无限美
jianpujia-13763	jianpujia	ok(曲名命中)	200		https://www.jianpujia.com/jianpu/13763.html	https://www.jianpujia.com/jianpu/13763.html	夏至未至简谱(歌词)_胡夏演唱_电视剧_夏至未至_同名主题曲-免费下载-简谱之家	夏至未至
qupu123-335133	qupu123	ok(曲名命中)	200		https://www.qupu123.com/tongsu/sanzi/p335133.html	https://www.qupu123.com/tongsu/sanzi/p335133.html	夏夜里 _通俗曲谱_中国曲谱网	夏夜里
jianpucn-281138	jianpucn	ok(曲名命中)	200		http://www.jianpu.cn/pu/28/281138.htm	http://www.jianpu.cn/pu/28/281138.htm	夕阳醉了（带和弦 ） 张学友 歌谱简谱网	夕阳醉了
qupu123-323823	qupu123	ok(曲名命中)	200		https://www.qupu123.com/shaoer/qizi/p323823.html	https://www.qupu123.com/shaoer/qizi/p323823.html	夏天是个怪小孩 _少儿曲谱_中国曲谱网	夏天是个怪小孩
jianpujia-149986	jianpujia	ok(曲名命中)	200		https://www.jianpujia.com/jianpu/149986.html	https://www.jianpujia.com/jianpu/149986.html	夏至未至钢琴简谱_胡夏演唱-免费下载-简谱之家	夏至未至
qupu123-112834	qupu123	ok(曲名命中)	200		https://www.qupu123.com/tongsu/sizi/p112834.html	https://www.qupu123.com/tongsu/sizi/p112834.html	夏天的风 （天天词 周杰伦曲）_通俗曲谱_中国曲谱网	夏天的风
jianpujia-148630	jianpujia	ok(曲名命中)	200		https://www.jianpujia.com/jianpu/148630.html	https://www.jianpujia.com/jianpu/148630.html	外婆桥钢琴简谱_儿歌演唱-免费下载-简谱之家	外婆桥
jianpucn-41440	jianpucn	ok(曲名命中)	200		http://www.jianpu.cn/pu/41/41440.htm	http://www.jianpu.cn/pu/41/41440.htm	多么的需要你 歌谱简谱网	多么的需要你
jianpujia-15737	jianpujia	ok(曲名命中)	200		https://www.jianpujia.com/jianpu/15737.html	https://www.jianpujia.com/jianpu/15737.html	外婆的澎湖湾简谱_卓依婷_澎湖湾的情怀-免费下载-简谱之家	外婆的澎湖湾
jianpucn-49504	jianpucn	ok(曲名命中)	200		http://www.jianpu.cn/pu/49/49504.htm	http://www.jianpu.cn/pu/49/49504.htm	多么美的南通 多么好的家 歌谱简谱网	多么美的南通 多么好的家
qupu123-362547	qupu123	ok(曲名命中)	200		https://www.qupu123.com/jipu/p362547.html	https://www.qupu123.com/jipu/p362547.html	夕阳之歌 _岭南印象个人制谱园地_中国曲谱网	夕阳之歌
qupu123-334695	qupu123	打不开:URLError	0		https://www.qupu123.com/shaoer/sizi/p334695.html	https://www.qupu123.com/shaoer/sizi/p334695.html		地球妈妈
jianpujia-74316	jianpujia	ok(曲名命中)	200		https://www.jianpujia.com/jianpu/74316.html	https://www.jianpujia.com/jianpu/74316.html	多余的解释简谱_许嵩演唱-免费下载-简谱之家	多余的解释
jianpucn-306897	jianpucn	ok(曲名命中)	200		http://www.jianpu.cn/pu/30/306897.htm	http://www.jianpu.cn/pu/30/306897.htm	多年以后（李子恒、黄庆元词 黄庆元曲） 姜育恒 歌谱简谱网	多年以后
qupu123-331708	qupu123	ok(曲名命中)	200		https://www.qupu123.com/shaoer/liuzi/p331708.html	https://www.qupu123.com/shaoer/liuzi/p331708.html	外婆的小石桥 _少儿曲谱_中国曲谱网	外婆的小石桥
qupu123-335771	qupu123	打不开:URLError	0		https://www.qupu123.com/shaoer/qizi/p335771.html	https://www.qupu123.com/shaoer/qizi/p335771.html		坐上儿童小火车
qupu123-340545	qupu123	ok(曲名命中)	200		https://www.qupu123.com/puyou/shangchuan/p340545.html	https://www.qupu123.com/puyou/shangchuan/p340545.html	外婆的澎湖湾 _谱友园地_中国曲谱网	外婆的澎湖湾
jianpucn-53585	jianpucn	ok(曲名命中)	200		http://www.jianpu.cn/pu/53/53585.htm	http://www.jianpu.cn/pu/53/53585.htm	多情东江水 歌谱简谱网	多情东江水
jianpujia-153587	jianpujia	ok(曲名命中)	200		https://www.jianpujia.com/jianpu/153587.html	https://www.jianpujia.com/jianpu/153587.html	多少黎明多少黄昏简谱(歌词)_邓丽君演唱__Z.E.Z.曲谱-免费下载-简谱之家	多少黎明多少黄昏
jianpucn-283866	jianpucn	ok(曲名命中)	200		http://www.jianpu.cn/pu/28/283866.htm	http://www.jianpu.cn/pu/28/283866.htm	多情的小溪 蒋大为 歌谱简谱网	多情的小溪
qupu123-304890	qupu123	ok(曲名命中)	200		https://www.qupu123.com/meisheng/jiuziyishang/p304890.html	https://www.qupu123.com/meisheng/jiuziyishang/p304890.html	多少个月明星稀的晚上 _美声曲谱_中国曲谱网	多少个月明星稀的晚上
qupu123-327575	qupu123	ok(曲名命中)	200		https://www.qupu123.com/hechang/wuzi/p327575.html	https://www.qupu123.com/hechang/wuzi/p327575.html	多彩的情歌 （女声三重唱）_合唱曲谱_中国曲谱网	多彩的情歌
jianpucn-52710	jianpucn	ok(曲名命中)	200		http://www.jianpu.cn/pu/52/52710.htm	http://www.jianpu.cn/pu/52/52710.htm	多谢失恋(粤语) 歌谱简谱网	多谢失恋
qupu123-325920	qupu123	ok(曲名命中)	200		https://www.qupu123.com/hechang/liuzi/p325920.html	https://www.qupu123.com/hechang/liuzi/p325920.html	多声部练声曲 （44——56）_合唱曲谱_中国曲谱网	多声部练声曲
qupu123-331684	qupu123	ok(曲名命中)	200		https://www.qupu123.com/shaoer/wuzi/p331684.html	https://www.qupu123.com/shaoer/wuzi/p331684.html	多彩的校园 （王锋词 时一林曲）_少儿曲谱_中国曲谱网	多彩的校园
jianpucn-282694	jianpucn	ok(曲名命中)	200		http://www.jianpu.cn/pu/28/282694.htm	http://www.jianpu.cn/pu/28/282694.htm	多远都要在一起（2015央视春晚歌曲） — 邓紫棋 歌谱简谱网	多远都要在一起
jianpujia-10425	jianpujia	ok(曲名命中)	200		https://www.jianpujia.com/jianpu/10425.html	https://www.jianpujia.com/jianpu/10425.html	多情的月光简谱(歌词)_正月十五演唱_桃李醉春风记谱-免费下载-简谱之家	多情的月光
qupu123-335855	qupu123	ok(曲名命中)	200		https://www.qupu123.com/minge/sizi/p335855.html	https://www.qupu123.com/minge/sizi/p335855.html	多彩麻阳 _民歌曲谱_中国曲谱网	多彩麻阳
jianpucn-113886	jianpucn	ok(曲名命中)	200		http://www.jianpu.cn/pu/11/113886.htm	http://www.jianpu.cn/pu/11/113886.htm	夜太黑 歌曲类 简谱 歌谱简谱网	夜太黑 歌曲类
jianpucn-115143	jianpucn	ok(曲名命中)	200		http://www.jianpu.cn/pu/11/115143.htm	http://www.jianpu.cn/pu/11/115143.htm	夜曲 歌曲类 简谱 歌谱简谱网	夜曲
qupu123-328553	qupu123	ok(曲名命中)	200		https://www.qupu123.com/meisheng/wuzi/p328553.html	https://www.qupu123.com/meisheng/wuzi/p328553.html	多情的土地 （任志萍词 施光南曲）_美声曲谱_中国曲谱网	多情的土地
jianpucn-88764	jianpucn	ok(曲名命中)	200		http://www.jianpu.cn/pu/88/88764.htm	http://www.jianpu.cn/pu/88/88764.htm	外婆 歌谱简谱网	外婆
jianpujia-18936	jianpujia	ok(曲名命中)	200		https://www.jianpujia.com/jianpu/18936.html	https://www.jianpujia.com/jianpu/18936.html	夜色简谱(歌词)_邓丽君演唱_王wzh曲谱-免费下载-简谱之家	夜色
jianpucn-59650	jianpucn	ok(曲名命中)	200		http://www.jianpu.cn/pu/59/59650.htm	http://www.jianpu.cn/pu/59/59650.htm	夜来香 歌谱简谱网	夜来香
jianpucn-35403	jianpucn	ok(曲名命中)	200		http://www.jianpu.cn/pu/35/35403.htm	http://www.jianpu.cn/pu/35/35403.htm	夜的投影 歌谱简谱网	夜的投影
qupu123-384128	qupu123	ok(曲名命中)	200		https://www.qupu123.com/puyou/shangchuan/p384128.html	https://www.qupu123.com/puyou/shangchuan/p384128.html	夜夜夜夜熬 （(DJ版)-张鑫雨）_谱友园地_中国曲谱网	夜夜夜夜熬
jianpucn-88474	jianpucn	ok(曲名命中)	200		http://www.jianpu.cn/pu/88/88474.htm	http://www.jianpu.cn/pu/88/88474.htm	夜茫茫 歌谱简谱网	夜茫茫
jianpujia-74020	jianpujia	ok(曲名命中)	200		https://www.jianpujia.com/jianpu/74020.html	https://www.jianpujia.com/jianpu/74020.html	夜雾简谱(歌词)_邓丽君演唱_玩音乐的辉哥曲谱-免费下载-简谱之家	夜雾
qupu123-251439	qupu123	ok(曲名命中)	200		https://www.qupu123.com/puyou/jipu/p251439.html	https://www.qupu123.com/puyou/jipu/p251439.html	夜空中最亮的星 _谱友园地_中国曲谱网	夜空中最亮的星
jianpucn-128187	jianpucn	ok(曲名命中)	200		http://www.jianpu.cn/pu/12/128187.htm	http://www.jianpu.cn/pu/12/128187.htm	大丰港之歌 歌谱简谱网	大丰港之歌
qupu123-333034	qupu123	ok(曲名命中)	200		https://www.qupu123.com/hechang/sizi/p333034.html	https://www.qupu123.com/hechang/sizi/p333034.html	大军西去 _合唱曲谱_中国曲谱网	大军西去
jianpucn-162372	jianpucn	ok(曲名命中)	200		http://www.jianpu.cn/pu/16/162372.htm	http://www.jianpu.cn/pu/16/162372.htm	大别山的清泉哟.....（音乐电视剧《将军的摇篮》选曲） 歌谱简谱网	大别山的清泉哟.....
jianpucn-57959	jianpucn	ok(曲名命中)	200		http://www.jianpu.cn/pu/57/57959.htm	http://www.jianpu.cn/pu/57/57959.htm	大千世界留美谈 电视剧《弘一大师》片尾曲 歌谱简谱网	大千世界留美谈 电视剧《弘一大师》片尾曲
jianpucn-145287	jianpucn	ok(曲名命中)	200		http://www.jianpu.cn/pu/14/145287.htm	http://www.jianpu.cn/pu/14/145287.htm	大吉祥天女咒【彩谱】 歌谱简谱网	大吉祥天女咒
qupu123-334498	qupu123	ok(曲名命中)	200		https://www.qupu123.com/minge/sizi/p334498.html	https://www.qupu123.com/minge/sizi/p334498.html	大地丰碑 （李幼容词 莫一军曲）_民歌曲谱_中国曲谱网	大地丰碑
jianpucn-454130	jianpucn	ok(曲名命中)	200		http://www.jianpu.cn/pu/45/454130.htm	http://www.jianpu.cn/pu/45/454130.htm	多情草原（ 演唱） 降央卓玛 歌谱简谱网	多情草原
jianpucn-240093	jianpucn	ok(曲名命中)	200		http://www.jianpu.cn/pu/24/240093.htm	http://www.jianpu.cn/pu/24/240093.htm	大哥（电视剧《非常代价》片尾曲） 韩红 歌谱简谱网	大哥
qupu123-334327	qupu123	ok(曲名命中)	200		https://www.qupu123.com/meisheng/wuzi/p334327.html	https://www.qupu123.com/meisheng/wuzi/p334327.html	大地最知情 _美声曲谱_中国曲谱网	大地最知情
jianpucn-51388	jianpucn	ok(曲名命中)	200		http://www.jianpu.cn/pu/51/51388.htm	http://www.jianpu.cn/pu/51/51388.htm	大唐飞歌 歌谱简谱网	大唐飞歌
jianpucn-432698	jianpucn	ok(曲名命中)	200		http://www.jianpu.cn/pu/43/432698.htm	http://www.jianpu.cn/pu/43/432698.htm	大国工匠（大字正音） 阎维文 歌谱简谱网	大国工匠
qupu123-14453	qupu123	ok(曲名命中)	200		https://www.qupu123.com/tongsu/erziyixia/p14453.html	https://www.qupu123.com/tongsu/erziyixia/p14453.html	大地简谱（刘卓辉词 黄家驹曲）_通俗曲谱_中国曲谱网	大地
jianpucn-59092	jianpucn	ok(曲名命中)	200		http://www.jianpu.cn/pu/59/59092.htm	http://www.jianpu.cn/pu/59/59092.htm	大地的孩子 歌谱简谱网	大地的孩子
qupu123-333907	qupu123	ok(曲名命中)	200		https://www.qupu123.com/tongsu/sizi/p333907.html	https://www.qupu123.com/tongsu/sizi/p333907.html	大墙铁警 （狱警之歌）_通俗曲谱_中国曲谱网	大墙铁警
jianpucn-253693	jianpucn	ok(曲名命中)	200		http://www.jianpu.cn/pu/25/253693.htm	http://www.jianpu.cn/pu/25/253693.htm	大地真美 蒋大为 歌谱简谱网	大地真美
qupu123-331946	qupu123	ok(曲名命中)	200		https://www.qupu123.com/tongsu/qizi/p331946.html	https://www.qupu123.com/tongsu/qizi/p331946.html	大妈爱跳广场舞 _通俗曲谱_中国曲谱网	大妈爱跳广场舞
jianpucn-68222	jianpucn	ok(曲名命中)	200		http://www.jianpu.cn/pu/68/68222.htm	http://www.jianpu.cn/pu/68/68222.htm	大地飞歌 歌谱简谱网	大地飞歌
qupu123-21655	qupu123	ok(曲名命中)	200		https://www.qupu123.com/tongsu/qizi/p21655.html	https://www.qupu123.com/tongsu/qizi/p21655.html	大家一起喜羊羊简谱_通俗曲谱_中国曲谱网	大家一起喜羊羊
jianpucn-120939	jianpucn	ok(曲名命中)	200		http://www.jianpu.cn/pu/12/120939.htm	http://www.jianpu.cn/pu/12/120939.htm	大城之光（上海世博会歌曲） 歌谱简谱网	大城之光
jianpucn-133333	jianpucn	ok(曲名命中)	200		http://www.jianpu.cn/pu/13/133333.htm	http://www.jianpu.cn/pu/13/133333.htm	大家和小家 歌谱简谱网	大家和小家
qupu123-331497	qupu123	ok(曲名命中)	200		https://www.qupu123.com/shaoer/wuzi/p331497.html	https://www.qupu123.com/shaoer/wuzi/p331497.html	大家都来跳 _少儿曲谱_中国曲谱网	大家都来跳
jianpucn-31449	jianpucn	ok(曲名命中)	200		http://www.jianpu.cn/pu/31/31449.htm	http://www.jianpu.cn/pu/31/31449.htm	大山东 歌谱简谱网	大山东
qupu123-222085	qupu123	ok(曲名命中)	200		https://www.qupu123.com/minge/erziyixia/p222085.html	https://www.qupu123.com/minge/erziyixia/p222085.html	大山 _民歌曲谱_中国曲谱网	大山
jianpucn-163543	jianpucn	ok(曲名命中)	200		http://www.jianpu.cn/pu/16/163543.htm	http://www.jianpu.cn/pu/16/163543.htm	大山里的共产党员 歌谱简谱网	大山里的共产党员
qupu123-394618	qupu123	ok(曲名命中)	200		https://www.qupu123.com/minge/sanzi/p394618.html	https://www.qupu123.com/minge/sanzi/p394618.html	大山人 _天恩原创曲谱专栏_中国曲谱网	大山人
jianpucn-151464	jianpucn	ok(曲名命中)	200		http://www.jianpu.cn/pu/15/151464.htm	http://www.jianpu.cn/pu/15/151464.htm	大年夜 歌谱简谱网	大年夜
qupu123-394428	qupu123	ok(曲名命中)	200		https://www.qupu123.com/puyou/shangchuan/p394428.html	https://www.qupu123.com/puyou/shangchuan/p394428.html	大山里有个小村庄 _王壮光原创曲谱专栏_中国曲谱网	大山里有个小村庄
jianpujia-26362	jianpujia	ok(曲名命中)	200		https://www.jianpujia.com/jianpu/26362.html	https://www.jianpujia.com/jianpu/26362.html	大森林的早晨简谱(歌词)_阎维文演唱_暖儿曲谱-免费下载-简谱之家	大森林的早晨
jianpucn-120416	jianpucn	ok(曲名命中)	200		http://www.jianpu.cn/pu/12/120416.htm	http://www.jianpu.cn/pu/12/120416.htm	大庆油加快了我的车 歌谱简谱网	大庆油加快了我的车
jianpucn-32903	jianpucn	ok(曲名命中)	200		http://www.jianpu.cn/pu/32/32903.htm	http://www.jianpu.cn/pu/32/32903.htm	大杨树 歌谱简谱网	大杨树
qupu123-388018	qupu123	ok(曲名命中)	200		https://www.qupu123.com/puyou/shangchuan/p388018.html	https://www.qupu123.com/puyou/shangchuan/p388018.html	大山魂 _李术坤原创曲谱专栏_中国曲谱网	大山魂
jianpucn-32057	jianpucn	ok(曲名命中)	200		http://www.jianpu.cn/pu/32/32057.htm	http://www.jianpu.cn/pu/32/32057.htm	大江东去 歌谱简谱网	大江东去
qupu123-335381	qupu123	ok(曲名命中)	200		https://www.qupu123.com/shaoer/qizi/p335381.html	https://www.qupu123.com/shaoer/qizi/p335381.html	大手小手手拉手 _少儿曲谱_中国曲谱网	大手小手手拉手
jianpucn-66160	jianpucn	ok(曲名命中)	200		http://www.jianpu.cn/pu/66/66160.htm	http://www.jianpu.cn/pu/66/66160.htm	大江南（不同版本） 歌谱简谱网	大江南
jianpucn-197185	jianpucn	ok(曲名命中)	200		http://www.jianpu.cn/pu/19/197185.htm	http://www.jianpu.cn/pu/19/197185.htm	大河开凌 歌谱简谱网	大河开凌
qupu123-333443	qupu123	ok(曲名命中)	200		https://www.qupu123.com/shaoer/wuzi/p333443.html	https://www.qupu123.com/shaoer/wuzi/p333443.html	大海·夕阳 （合唱）_少儿曲谱_中国曲谱网	大海·夕阳
qupu123-1752	qupu123	打不开:URLError	0		https://www.qupu123.com/tongsu/wuzi/p1752.html	https://www.qupu123.com/tongsu/wuzi/p1752.html		外面的世界
jianpucn-37376	jianpucn	ok(曲名命中)	200		http://www.jianpu.cn/pu/37/37376.htm	http://www.jianpu.cn/pu/37/37376.htm	大海牧歌 歌谱简谱网	大海牧歌
qupu123-315822	qupu123	ok(曲名命中)	200		https://www.qupu123.com/meisheng/wuzi/p315822.html	https://www.qupu123.com/meisheng/wuzi/p315822.html	​35大海与高山（双谱） _美声曲谱_中国曲谱网	大海与高山
jianpucn-128198	jianpucn	ok(曲名命中)	200		http://www.jianpu.cn/pu/12/128198.htm	http://www.jianpu.cn/pu/12/128198.htm	大漠深处 歌谱简谱网	大漠深处
jianpucn-250899	jianpucn	ok(曲名命中)	200		http://www.jianpu.cn/pu/25/250899.htm	http://www.jianpu.cn/pu/25/250899.htm	大平原 王宏伟 歌谱简谱网	大平原
qupu123-326523	qupu123	ok(曲名命中)	200		https://www.qupu123.com/hechang/sizi/p326523.html	https://www.qupu123.com/hechang/sizi/p326523.html	大湖之美 _合唱曲谱_中国曲谱网	大湖之美
jianpucn-32695	jianpucn	ok(曲名命中)	200		http://www.jianpu.cn/pu/32/32695.htm	http://www.jianpu.cn/pu/32/32695.htm	大火炕 歌谱简谱网	大火炕
qupu123-333887	qupu123	ok(曲名命中)	200		https://www.qupu123.com/minge/sizi/p333887.html	https://www.qupu123.com/minge/sizi/p333887.html	大漠演兵 _民歌曲谱_中国曲谱网	大漠演兵
jianpucn-151903	jianpucn	ok(曲名命中)	200		http://www.jianpu.cn/pu/15/151903.htm	http://www.jianpu.cn/pu/15/151903.htm	大爱--《巅峰之悦》主题曲 歌谱简谱网	大爱--《巅峰之悦》主题曲
qupu123-333006	qupu123	ok(曲名命中)	200		https://www.qupu123.com/minge/sanzi/p333006.html	https://www.qupu123.com/minge/sanzi/p333006.html	大漠魂 _民歌曲谱_中国曲谱网	大漠魂
jianpucn-221239	jianpucn	ok(曲名命中)	200		http://www.jianpu.cn/pu/22/221239.htm	http://www.jianpu.cn/pu/22/221239.htm	大爱无疆 人间风雨情 片头曲 歌谱简谱网	大爱无疆 人间风雨情
jianpucn-306562	jianpucn	ok(曲名命中)	200		http://www.jianpu.cn/pu/30/306562.htm	http://www.jianpu.cn/pu/30/306562.htm	大爱有声（陈晓琳词 栾凯曲） 王宏伟 歌谱简谱网	大爱有声
qupu123-266223	qupu123	ok(曲名命中)	200		https://www.qupu123.com/jipu/p266223.html	https://www.qupu123.com/jipu/p266223.html	大笨钟 （方文山词 周杰伦曲）_桃李醉春风个人制谱园地_中国曲谱网	大笨钟
jianpucn-41428	jianpucn	ok(曲名命中)	200		http://www.jianpu.cn/pu/41/41428.htm	http://www.jianpu.cn/pu/41/41428.htm	大红公鸡毛腿腿(山西民歌) 歌谱简谱网	大红公鸡毛腿腿
qupu123-264005	qupu123	ok(曲名命中)	200		https://www.qupu123.com/jipu/p264005.html	https://www.qupu123.com/jipu/p264005.html	大约在冬季 _岭南印象个人制谱园地_中国曲谱网	大约在冬季
jianpucn-475906	jianpucn	ok(曲名命中)	200		http://www.jianpu.cn/pu/47/475906.htm	http://www.jianpu.cn/pu/47/475906.htm	大美乡村 毛红波 歌谱简谱网	大美乡村
qupu123-316213	qupu123	ok(曲名命中)	200		https://www.qupu123.com/meisheng/sizi/p316213.html	https://www.qupu123.com/meisheng/sizi/p316213.html	​7大美中华（双谱） _美声曲谱_中国曲谱网	大美中华
jianpucn-39139	jianpucn	ok(曲名命中)	200		http://www.jianpu.cn/pu/39/39139.htm	http://www.jianpu.cn/pu/39/39139.htm	大英雄 歌谱简谱网	大英雄
qupu123-396404	qupu123	ok(曲名命中)	200		https://www.qupu123.com/jipu/p396404.html	https://www.qupu123.com/jipu/p396404.html	大美中国 （宫婷、姚立森演唱）_先启个人制谱园地_中国曲谱网	大美中国（宫婷、姚立森
jianpucn-51390	jianpucn	ok(曲名命中)	200		http://www.jianpu.cn/pu/51/51390.htm	http://www.jianpu.cn/pu/51/51390.htm	大西北 歌谱简谱网	大西北
jianpucn-182857	jianpucn	ok(曲名命中)	200		http://www.jianpu.cn/pu/18/182857.htm	http://www.jianpu.cn/pu/18/182857.htm	大路上铺满金色的阳光 歌谱简谱网	大路上铺满金色的阳光
jianpucn-152327	jianpucn	ok(曲名命中)	200		http://www.jianpu.cn/pu/15/152327.htm	http://www.jianpu.cn/pu/15/152327.htm	大路越走越宽阔 歌谱简谱网	大路越走越宽阔
qupu123-328409	qupu123	ok(曲名命中)	200		https://www.qupu123.com/shaoer/sanzi/p328409.html	https://www.qupu123.com/shaoer/sanzi/p328409.html	大萝卜 _少儿曲谱_中国曲谱网	大萝卜
jianpucn-156691	jianpucn	ok(曲名命中)	200		http://www.jianpu.cn/pu/15/156691.htm	http://www.jianpu.cn/pu/15/156691.htm	大过天 歌谱简谱网	大过天
qupu123-333164	qupu123	ok(曲名命中)	200		https://www.qupu123.com/minge/jiuziyishang/p333164.html	https://www.qupu123.com/minge/jiuziyishang/p333164.html	大西南有一个美丽的地方 _民歌曲谱_中国曲谱网	大西南有一个美丽的地方
jianpucn-239309	jianpucn	ok(曲名命中)	200		http://www.jianpu.cn/pu/23/239309.htm	http://www.jianpu.cn/pu/23/239309.htm	大运河奔腾的歌（独唱歌曲） 阎维文 歌谱简谱网	大运河奔腾的歌
jianpucn-155342	jianpucn	ok(曲名命中)	200		http://www.jianpu.cn/pu/15/155342.htm	http://www.jianpu.cn/pu/15/155342.htm	大连之恋 歌谱简谱网	大连之恋
qupu123-320863	qupu123	ok(曲名命中)	200		https://www.qupu123.com/hechang/sanzi/p320863.html	https://www.qupu123.com/hechang/sanzi/p320863.html	大足颂 _合唱曲谱_中国曲谱网	大足颂
jianpucn-260866	jianpucn	ok(曲名命中)	200		http://www.jianpu.cn/pu/26/260866.htm	http://www.jianpu.cn/pu/26/260866.htm	大野英豪 费玉清 歌谱简谱网	大野英豪
qupu123-331333	qupu123	ok(曲名命中)	200		https://www.qupu123.com/shaoer/qizi/p331333.html	https://www.qupu123.com/shaoer/qizi/p331333.html	大雨很快哗哗下 _少儿曲谱_中国曲谱网	大雨很快哗哗下
jianpujia-7193	jianpujia	ok(曲名命中)	200		https://www.jianpujia.com/jianpu/7193.html	https://www.jianpujia.com/jianpu/7193.html	大风车简谱_儿歌_致我们的童年，那里有悠悠转着的大风车-免费下载-简谱之家	大风车
qupu123-336169	qupu123	打不开:URLError	0		https://www.qupu123.com/tongsu/qizi/p336169.html	https://www.qupu123.com/tongsu/qizi/p336169.html		大爷打彩心情爽
jianpucn-174347	jianpucn	ok(曲名命中)	200		http://www.jianpu.cn/pu/17/174347.htm	http://www.jianpu.cn/pu/17/174347.htm	大鞭子赶着风雨走 歌谱简谱网	大鞭子赶着风雨走
jianpucn-52651	jianpucn	ok(曲名命中)	200		http://www.jianpu.cn/pu/52/52651.htm	http://www.jianpu.cn/pu/52/52651.htm	大鞭子赶着岁月走 歌谱简谱网	大鞭子赶着岁月走
jianpucn-121681	jianpucn	ok(曲名命中)	200		http://www.jianpu.cn/pu/12/121681.htm	http://www.jianpu.cn/pu/12/121681.htm	大雪小雪又一年(电视剧《大雪小雪又一年》插曲) 歌谱简谱网	大雪小雪又一年
jianpucn-133321	jianpucn	ok(曲名命中)	200		http://www.jianpu.cn/pu/13/133321.htm	http://www.jianpu.cn/pu/13/133321.htm	大露上铺满金色的阳光(蒋大为独唱系列29） 歌谱简谱网	大露上铺满金色的阳光
jianpucn-153958	jianpucn	ok(曲名命中)	200		http://www.jianpu.cn/pu/15/153958.htm	http://www.jianpu.cn/pu/15/153958.htm	大雁从咱的家乡过（蒋大为独唱系列75） 歌谱简谱网	大雁从咱的家乡过
jianpucn-411644	jianpucn	ok(曲名命中)	200		http://www.jianpu.cn/pu/41/411644.htm	http://www.jianpu.cn/pu/41/411644.htm	大鱼（简和谱） 周深 歌谱简谱网	大鱼
jianpucn-137696	jianpucn	ok(曲名命中)	200		http://www.jianpu.cn/pu/13/137696.htm	http://www.jianpu.cn/pu/13/137696.htm	天上人间柴达木 歌谱简谱网	天上人间柴达木
qupu123-336023	qupu123	ok(曲名命中)	200		https://www.qupu123.com/minge/sanzi/p336023.html	https://www.qupu123.com/minge/sanzi/p336023.html	大青山 _民歌曲谱_中国曲谱网	大青山
jianpucn-131769	jianpucn	ok(曲名命中)	200		http://www.jianpu.cn/pu/13/131769.htm	http://www.jianpu.cn/pu/13/131769.htm	天上的祝愿 歌谱简谱网	天上的祝愿
qupu123-334537	qupu123	打不开:URLError	0		https://www.qupu123.com/tongsu/bazi/p334537.html	https://www.qupu123.com/tongsu/bazi/p334537.html		大美天柱我的家园
jianpucn-429283	jianpucn	ok(曲名命中)	200		http://www.jianpu.cn/pu/42/429283.htm	http://www.jianpu.cn/pu/42/429283.htm	天上的菊美（电影《天上的菊美》主题曲） 降央卓玛 歌谱简谱网	天上的菊美
jianpucn-46148	jianpucn	ok(曲名命中)	200		http://www.jianpu.cn/pu/46/46148.htm	http://www.jianpu.cn/pu/46/46148.htm	天下九疑（阎维文） 歌谱简谱网	天下九疑
qupu123-334523	qupu123	打不开:URLError	0		https://www.qupu123.com/minge/sizi/p334523.html	https://www.qupu123.com/minge/sizi/p334523.html		大美湘潭
qupu123-328284	qupu123	ok(曲名命中)	200		https://www.qupu123.com/shaoer/wuzi/p328284.html	https://www.qupu123.com/shaoer/wuzi/p328284.html	天上有太阳 （歌剧《不死的老人》选曲）_少儿曲谱_中国曲谱网	天上有太阳
jianpucn-148844	jianpucn	ok(曲名命中)	200		http://www.jianpu.cn/pu/14/148844.htm	http://www.jianpu.cn/pu/14/148844.htm	天下凤凰美 歌谱简谱网	天下凤凰美
qupu123-331663	qupu123	ok(曲名命中)	200		https://www.qupu123.com/shaoer/wuzi/p331663.html	https://www.qupu123.com/shaoer/wuzi/p331663.html	天上的大学 _少儿曲谱_中国曲谱网	天上的大学
jianpucn-136826	jianpucn	ok(曲名命中)	200		http://www.jianpu.cn/pu/13/136826.htm	http://www.jianpu.cn/pu/13/136826.htm	天下太极出武当 歌谱简谱网	天下太极出武当
qupu123-382889	qupu123	ok(曲名命中)	200		https://www.qupu123.com/tongsu/wuzi/p382889.html	https://www.qupu123.com/tongsu/wuzi/p382889.html	天上的西藏 _通俗曲谱_中国曲谱网	天上的西藏
jianpucn-121273	jianpucn	ok(曲名命中)	200		http://www.jianpu.cn/pu/12/121273.htm	http://www.jianpu.cn/pu/12/121273.htm	天下常熟湖山秀 歌谱简谱网	天下常熟湖山秀
qupu123-333032	qupu123	ok(曲名命中)	200		https://www.qupu123.com/minge/qizi/p333032.html	https://www.qupu123.com/minge/qizi/p333032.html	天下有一个桂林 _民歌曲谱_中国曲谱网	天下有一个桂林
jianpucn-119930	jianpucn	ok(曲名命中)	200		http://www.jianpu.cn/pu/11/119930.htm	http://www.jianpu.cn/pu/11/119930.htm	天下得平安(电视剧《钱王》插曲) 歌谱简谱网	天下得平安
jianpucn-82598	jianpucn	ok(曲名命中)	200		http://www.jianpu.cn/pu/82/82598.htm	http://www.jianpu.cn/pu/82/82598.htm	天下无双 歌谱简谱网	天下无双
jianpujia-73999	jianpujia	ok(曲名命中)	200		https://www.jianpujia.com/jianpu/73999.html	https://www.jianpujia.com/jianpu/73999.html	天份简谱(歌词)_薛之谦演唱_谱友季司亦上传-免费下载-简谱之家	天份
jianpucn-345443	jianpucn	ok(曲名命中)	200		http://www.jianpu.cn/pu/34/345443.htm	http://www.jianpu.cn/pu/34/345443.htm	天下最美的女人 蒋大为 歌谱简谱网	天下最美的女人
jianpucn-296625	jianpucn	ok(曲名命中)	200		http://www.jianpu.cn/pu/29/296625.htm	http://www.jianpu.cn/pu/29/296625.htm	天下第一情 张也 歌谱简谱网	天下第一情
qupu123-335297	qupu123	ok(曲名命中)	200		https://www.qupu123.com/tongsu/qizi/p335297.html	https://www.qupu123.com/tongsu/qizi/p335297.html	天人合一真神奇 _通俗曲谱_中国曲谱网	天人合一真神奇
jianpucn-27710	jianpucn	ok(曲名命中)	200		http://www.jianpu.cn/pu/27/27710.htm	http://www.jianpu.cn/pu/27/27710.htm	天下第一滩 歌谱简谱网	天下第一滩
qupu123-2628	qupu123	ok(曲名命中)	200		https://www.qupu123.com/yuanchuang/p2628.html	https://www.qupu123.com/yuanchuang/p2628.html	天凉好个秋简谱（陈道斌词 王菲曲）_陈道斌原创曲谱专栏_中国曲谱网	天凉好个秋
jianpucn-148843	jianpucn	ok(曲名命中)	200		http://www.jianpu.cn/pu/14/148843.htm	http://www.jianpu.cn/pu/14/148843.htm	天下美凤凰 歌谱简谱网	天下美凤凰
jianpucn-135017	jianpucn	ok(曲名命中)	200		http://www.jianpu.cn/pu/13/135017.htm	http://www.jianpu.cn/pu/13/135017.htm	天下黄河九十九道弯 歌谱简谱网	天下黄河九十九道弯
jianpucn-292102	jianpucn	ok(曲名命中)	200		http://www.jianpu.cn/pu/29/292102.htm	http://www.jianpu.cn/pu/29/292102.htm	天之大 费玉清 歌谱简谱网	天之大
jianpucn-157978	jianpucn	ok(曲名命中)	200		http://www.jianpu.cn/pu/15/157978.htm	http://www.jianpu.cn/pu/15/157978.htm	天仙子【彩谱】 歌谱简谱网	天仙子【彩谱】
jianpucn-441810	jianpucn	ok(曲名命中)	200		http://www.jianpu.cn/pu/44/441810.htm	http://www.jianpu.cn/pu/44/441810.htm	天使（简和谱） 五月天 歌谱简谱网	天使
jianpucn-223889	jianpucn	ok(曲名命中)	200		http://www.jianpu.cn/pu/22/223889.htm	http://www.jianpu.cn/pu/22/223889.htm	天出血 歌谱简谱网	天出血
jianpucn-250695	jianpucn	ok(曲名命中)	200		http://www.jianpu.cn/pu/25/250695.htm	http://www.jianpu.cn/pu/25/250695.htm	天呀 蓝个英英（音乐电视剧《郭兰英》片尾主题歌） 阎维文 歌谱简谱网	天呀 蓝个英英
jianpujia-153013	jianpujia	ok(曲名命中)	200		https://www.jianpujia.com/jianpu/153013.html	https://www.jianpujia.com/jianpu/153013.html	天外来物钢琴简谱_数字双手_薛之谦-免费下载-简谱之家	天外来物
jianpucn-57179	jianpucn	ok(曲名命中)	200		http://www.jianpu.cn/pu/57/57179.htm	http://www.jianpu.cn/pu/57/57179.htm	天地一丹霞 歌谱简谱网	天地一丹霞
jianpucn-237338	jianpucn	ok(曲名命中)	200		http://www.jianpu.cn/pu/23/237338.htm	http://www.jianpu.cn/pu/23/237338.htm	天地人心（李维福 俞轩词 印青曲） 王宏伟 歌谱简谱网	天地人心
qupu123-334124	qupu123	ok(曲名命中)	200		https://www.qupu123.com/minge/wuzi/p334124.html	https://www.qupu123.com/minge/wuzi/p334124.html	天地有正气 _民歌曲谱_中国曲谱网	天地有正气
jianpucn-238524	jianpucn	ok(曲名命中)	200		http://www.jianpu.cn/pu/23/238524.htm	http://www.jianpu.cn/pu/23/238524.htm	天地作合（电视剧《笑傲江湖》主题歌） 宋祖英 歌谱简谱网	天地作合
qupu123-333457	qupu123	ok(曲名命中)	200		https://www.qupu123.com/tongsu/sanzi/p333457.html	https://www.qupu123.com/tongsu/sanzi/p333457.html	天堂路 _通俗曲谱_中国曲谱网	天堂路
jianpucn-60875	jianpucn	ok(曲名命中)	200		http://www.jianpu.cn/pu/60/60875.htm	http://www.jianpu.cn/pu/60/60875.htm	天地在我心（《宝莲灯》插曲） 歌谱简谱网	天地在我心
qupu123-333992	qupu123	ok(曲名命中)	200		https://www.qupu123.com/minge/sizi/p333992.html	https://www.qupu123.com/minge/sizi/p333992.html	天天向上 （俞明龙词 车丹曲）_民歌曲谱_中国曲谱网	天天向上
jianpucn-45944	jianpucn	ok(曲名命中)	200		http://www.jianpu.cn/pu/45/45944.htm	http://www.jianpu.cn/pu/45/45944.htm	天外天 歌谱简谱网	天外天
qupu123-330820	qupu123	ok(曲名命中)	200		https://www.qupu123.com/tongsu/erziyixia/p330820.html	https://www.qupu123.com/tongsu/erziyixia/p330820.html	天天 （电视剧《明星制造》片尾曲）_通俗曲谱_中国曲谱网	天天
jianpucn-39119	jianpucn	ok(曲名命中)	200		http://www.jianpu.cn/pu/39/39119.htm	http://www.jianpu.cn/pu/39/39119.htm	天大地大(粤语) 歌谱简谱网	天大地大
jianpucn-59888	jianpucn	ok(曲名命中)	200		http://www.jianpu.cn/pu/59/59888.htm	http://www.jianpu.cn/pu/59/59888.htm	天天天天 歌谱简谱网	天天天天
qupu123-381056	qupu123	ok(曲名命中)	200		https://www.qupu123.com/tongsu/erziyixia/p381056.html	https://www.qupu123.com/tongsu/erziyixia/p381056.html	天堂 _通俗曲谱_中国曲谱网	天堂
jianpucn-36815	jianpucn	ok(曲名命中)	200		http://www.jianpu.cn/pu/36/36815.htm	http://www.jianpu.cn/pu/36/36815.htm	天天看到你 歌谱简谱网	天天看到你
qupu123-5673	qupu123	ok(曲名命中)	200		https://www.qupu123.com/tongsu/sizi/p5673.html	https://www.qupu123.com/tongsu/sizi/p5673.html	天天想你简谱（陈乐融词 陈志远曲）_通俗曲谱_中国曲谱网	天天想你
jianpucn-208504	jianpucn	ok(曲名命中)	200		http://www.jianpu.cn/pu/20/208504.htm	http://www.jianpu.cn/pu/20/208504.htm	天安门 歌谱简谱网	天安门
qupu123-335540	qupu123	ok(曲名命中)	200		https://www.qupu123.com/hechang/qizi/p335540.html	https://www.qupu123.com/hechang/qizi/p335540.html	天子山的红月亮 _合唱曲谱_中国曲谱网	天子山的红月亮
jianpucn-40014	jianpucn	ok(曲名命中)	200		http://www.jianpu.cn/pu/40/40014.htm	http://www.jianpu.cn/pu/40/40014.htm	天山南天山北（正） 歌谱简谱网	天山南天山北
jianpucn-125953	jianpucn	ok(曲名命中)	200		http://www.jianpu.cn/pu/12/125953.htm	http://www.jianpu.cn/pu/12/125953.htm	天山姑娘 歌谱简谱网	天山姑娘
qupu123-331903	qupu123	ok(曲名命中)	200		https://www.qupu123.com/hechang/jiuziyishang/p331903.html	https://www.qupu123.com/hechang/jiuziyishang/p331903.html	天山儿女怀念毛主席 _合唱曲谱_中国曲谱网	天山儿女怀念毛主席
jianpucn-158152	jianpucn	ok(曲名命中)	200		http://www.jianpu.cn/pu/15/158152.htm	http://www.jianpu.cn/pu/15/158152.htm	天山长虹 歌谱简谱网	天山长虹
qupu123-307502	qupu123	ok(曲名命中)	200		https://www.qupu123.com/meisheng/sizi/p307502.html	https://www.qupu123.com/meisheng/sizi/p307502.html	天幕打开 _美声曲谱_中国曲谱网	天幕打开
jianpucn-475852	jianpucn	ok(曲名命中)	200		http://www.jianpu.cn/pu/47/475852.htm	http://www.jianpu.cn/pu/47/475852.htm	天峰山情 蒋立德 歌谱简谱网	天峰山情
qupu123-331657	qupu123	打不开:URLError	0		https://www.qupu123.com/shaoer/sanzi/p331657.html	https://www.qupu123.com/shaoer/sanzi/p331657.html		大风车
jianpucn-271737	jianpucn	ok(曲名命中)	200		http://www.jianpu.cn/pu/27/271737.htm	http://www.jianpu.cn/pu/27/271737.htm	天机 张学友 歌谱简谱网	天机
qupu123-352953	qupu123	ok(曲名命中)	200		https://www.qupu123.com/yuanchuang/p352953.html	https://www.qupu123.com/yuanchuang/p352953.html	天意 （乐队总谱）_琴音无邪原创曲谱专栏_中国曲谱网	天意
qupu123-378922	qupu123	ok(曲名命中)	200		https://www.qupu123.com/puyou/shangchuan/p378922.html	https://www.qupu123.com/puyou/shangchuan/p378922.html	天意安排 （《花琉璃轶闻》影视剧缘份主题曲）_谱友园地_中国曲谱网	天意安排
jianpucn-35621	jianpucn	ok(曲名命中)	200		http://www.jianpu.cn/pu/35/35621.htm	http://www.jianpu.cn/pu/35/35621.htm	天水长流 歌谱简谱网	天水长流
jianpucn-475258	jianpucn	ok(曲名命中)	200		http://www.jianpu.cn/pu/47/475258.htm	http://www.jianpu.cn/pu/47/475258.htm	天河热土 二声部合唱谱 歌谱简谱网	天河热土 二声部合唱谱
qupu123-315069	qupu123	ok(曲名命中)	200		https://www.qupu123.com/puyou/jipu/p315069.html	https://www.qupu123.com/puyou/jipu/p315069.html	天才白痴梦 _谱友园地_中国曲谱网	天才白痴梦
jianpucn-204091	jianpucn	ok(曲名命中)	200		http://www.jianpu.cn/pu/20/204091.htm	http://www.jianpu.cn/pu/20/204091.htm	天涯海角茉莉花 歌谱简谱网	天涯海角茉莉花
qupu123-313061	qupu123	ok(曲名命中)	200		https://www.qupu123.com/meisheng/erziyixia/p313061.html	https://www.qupu123.com/meisheng/erziyixia/p313061.html	​25天泉（双谱） _美声曲谱_中国曲谱网	天泉
jianpucn-36091	jianpucn	ok(曲名命中)	200		http://www.jianpu.cn/pu/36/36091.htm	http://www.jianpu.cn/pu/36/36091.htm	天涯路(同名电视剧主题歌) 歌谱简谱网	天涯路
jianpucn-156384	jianpucn	ok(曲名命中)	200		http://www.jianpu.cn/pu/15/156384.htm	http://www.jianpu.cn/pu/15/156384.htm	天灯 歌谱简谱网	天灯
jianpucn-52532	jianpucn	ok(曲名命中)	200		http://www.jianpu.cn/pu/52/52532.htm	http://www.jianpu.cn/pu/52/52532.htm	天生喜欢你(粤语) 歌谱简谱网	天生喜欢你
qupu123-381845	qupu123	ok(曲名命中)	200		https://www.qupu123.com/tongsu/sizi/p381845.html	https://www.qupu123.com/tongsu/sizi/p381845.html	天涯一方 _通俗曲谱_中国曲谱网	天涯一方
jianpucn-118850	jianpucn	ok(曲名命中)	200		http://www.jianpu.cn/pu/11/118850.htm	http://www.jianpu.cn/pu/11/118850.htm	天真 歌谱简谱网	天真
jianpucn-134021	jianpucn	ok(曲名命中)	200		http://www.jianpu.cn/pu/13/134021.htm	http://www.jianpu.cn/pu/13/134021.htm	天眼 歌谱简谱网	天眼
jianpucn-288688	jianpucn	ok(曲名命中)	200		http://www.jianpu.cn/pu/28/288688.htm	http://www.jianpu.cn/pu/28/288688.htm	天禁诀 光良 歌谱简谱网	天禁诀
qupu123-332858	qupu123	ok(曲名命中)	200		https://www.qupu123.com/tongsu/sanzi/p332858.html	https://www.qupu123.com/tongsu/sanzi/p332858.html	天留坊 （纪朝风词 郑连叶曲）_通俗曲谱_中国曲谱网	天留坊
jianpucn-67544	jianpucn	ok(曲名命中)	200		http://www.jianpu.cn/pu/67/67544.htm	http://www.jianpu.cn/pu/67/67544.htm	天荒地老 歌谱简谱网	天荒地老
jianpucn-138376	jianpucn	ok(曲名命中)	200		http://www.jianpu.cn/pu/13/138376.htm	http://www.jianpu.cn/pu/13/138376.htm	天蓝蓝（2011春晚直播） 歌谱简谱网	天蓝蓝
qupu123-326254	qupu123	ok(曲名命中)	200		https://www.qupu123.com/shaoer/sanzi/p326254.html	https://www.qupu123.com/shaoer/sanzi/p326254.html	天空歌 _少儿曲谱_中国曲谱网	天空歌
jianpucn-36814	jianpucn	ok(曲名命中)	200		http://www.jianpu.cn/pu/36/36814.htm	http://www.jianpu.cn/pu/36/36814.htm	天蝎蝴蝶 歌谱简谱网	天蝎蝴蝶
jianpucn-266342	jianpucn	ok(曲名命中)	200		http://www.jianpu.cn/pu/26/266342.htm	http://www.jianpu.cn/pu/26/266342.htm	天路精华版 韩红 歌谱简谱网	天路精华版
jianpucn-473423	jianpucn	ok(曲名命中)	200		http://www.jianpu.cn/pu/47/473423.htm	http://www.jianpu.cn/pu/47/473423.htm	天路编号-053 韩红 歌谱简谱网	天路编号-053
qupu123-252681	qupu123	ok(曲名命中)	200		https://www.qupu123.com/jipu/p252681.html	https://www.qupu123.com/jipu/p252681.html	天空 （韩红演唱版）__中国曲谱网	天空
jianpucn-463886	jianpucn	ok(曲名命中)	200		http://www.jianpu.cn/pu/46/463886.htm	http://www.jianpu.cn/pu/46/463886.htm	天边的天籁 乌兰图雅 歌谱简谱网	天边的天籁
qupu123-381055	qupu123	ok(曲名命中)	200		https://www.qupu123.com/tongsu/erziyixia/p381055.html	https://www.qupu123.com/tongsu/erziyixia/p381055.html	天路 _通俗曲谱_中国曲谱网	天路
jianpucn-475888	jianpucn	ok(曲名命中)	200		http://www.jianpu.cn/pu/47/475888.htm	http://www.jianpu.cn/pu/47/475888.htm	天边的牧歌 歌谱简谱网	天边的牧歌
qupu123-333523	qupu123	ok(曲名命中)	200		https://www.qupu123.com/minge/sizi/p333523.html	https://www.qupu123.com/minge/sizi/p333523.html	天边的星 （傲蕾词 C大调李立东曲）_民歌曲谱_中国曲谱网	天边的星
jianpucn-165019	jianpucn	ok(曲名命中)	200		http://www.jianpu.cn/pu/16/165019.htm	http://www.jianpu.cn/pu/16/165019.htm	天边的骆驼1 歌谱简谱网	天边的骆驼1
qupu123-331681	qupu123	ok(曲名命中)	200		https://www.qupu123.com/shaoer/wuzi/p331681.html	https://www.qupu123.com/shaoer/wuzi/p331681.html	天边的草原 （胡泽民词 王正荣曲）_少儿曲谱_中国曲谱网	天边的草原
jianpucn-148082	jianpucn	ok(曲名命中)	200		http://www.jianpu.cn/pu/14/148082.htm	http://www.jianpu.cn/pu/14/148082.htm	天长地久.费玉清【彩谱】 歌谱简谱网	天长地久.费玉清【彩谱】
qupu123-333245	qupu123	ok(曲名命中)	200		https://www.qupu123.com/minge/qizi/p333245.html	https://www.qupu123.com/minge/qizi/p333245.html	天长地久一首歌 （付云青词 邓俭曲）_民歌曲谱_中国曲谱网	天长地久一首歌
jianpucn-51045	jianpucn	ok(曲名命中)	200		http://www.jianpu.cn/pu/51/51045.htm	http://www.jianpu.cn/pu/51/51045.htm	天门山你听我说 歌谱简谱网	天门山你听我说
jianpujia-149626	jianpujia	ok(曲名命中)	200		https://www.jianpujia.com/jianpu/149626.html	https://www.jianpujia.com/jianpu/149626.html	天黑黑钢琴简谱_邓丽君演唱-免费下载-简谱之家	天黑黑
jianpucn-230328	jianpucn	ok(曲名命中)	200		http://www.jianpu.cn/pu/23/230328.htm	http://www.jianpu.cn/pu/23/230328.htm	天驹 歌谱简谱网	天驹
qupu123-317052	qupu123	ok(曲名命中)	200		https://www.qupu123.com/meisheng/erziyixia/p317052.html	https://www.qupu123.com/meisheng/erziyixia/p317052.html	45天问（双谱） （歌剧《祝福》选段）_美声曲谱_中国曲谱网	天问
jianpujia-74543	jianpujia	ok(曲名命中)	200		https://www.jianpujia.com/jianpu/74543.html	https://www.jianpujia.com/jianpu/74543.html	天龙八部之宿敌简谱_许嵩演唱-免费下载-简谱之家	天龙八部之宿敌
jianpucn-61026	jianpucn	ok(曲名命中)	200		http://www.jianpu.cn/pu/61/61026.htm	http://www.jianpu.cn/pu/61/61026.htm	天鹅之旅 歌谱简谱网	天鹅之旅
qupu123-382096	qupu123	ok(曲名命中)	200		https://www.qupu123.com/tongsu/erziyixia/p382096.html	https://www.qupu123.com/tongsu/erziyixia/p382096.html	天问 _通俗曲谱_中国曲谱网	天问
jianpucn-115086	jianpucn	ok(曲名命中)	200		http://www.jianpu.cn/pu/11/115086.htm	http://www.jianpu.cn/pu/11/115086.htm	天黑 歌曲类 简谱 歌谱简谱网	天黑 歌曲类
qupu123-331355	qupu123	ok(曲名命中)	200		https://www.qupu123.com/hechang/erziyixia/p331355.html	https://www.qupu123.com/hechang/erziyixia/p331355.html	天音 _合唱曲谱_中国曲谱网	天音
qupu123-333219	qupu123	ok(曲名命中)	200		https://www.qupu123.com/tongsu/sizi/p333219.html	https://www.qupu123.com/tongsu/sizi/p333219.html	太上忘情 _通俗曲谱_中国曲谱网	太上忘情
jianpucn-115085	jianpucn	ok(曲名命中)	200		http://www.jianpu.cn/pu/11/115085.htm	http://www.jianpu.cn/pu/11/115085.htm	天黑黑 歌曲类 简谱 歌谱简谱网	天黑黑 歌曲类
jianpucn-159342	jianpucn	ok(曲名命中)	200		http://www.jianpu.cn/pu/15/159342.htm	http://www.jianpu.cn/pu/15/159342.htm	太湖之州 歌谱简谱网	太湖之州
qupu123-330580	qupu123	ok(曲名命中)	200		https://www.qupu123.com/tongsu/liuzi/p330580.html	https://www.qupu123.com/tongsu/liuzi/p330580.html	太乙救苦天尊唱诵曲 _通俗曲谱_中国曲谱网	太乙救苦天尊唱诵曲
jianpucn-475893	jianpucn	ok(曲名命中)	200		http://www.jianpu.cn/pu/47/475893.htm	http://www.jianpu.cn/pu/47/475893.htm	太湖水 蒋立德 歌谱简谱网	太湖水
qupu123-296925	qupu123	ok(曲名命中)	200		https://www.qupu123.com/tongsu/erziyixia/p296925.html	https://www.qupu123.com/tongsu/erziyixia/p296925.html	太傻 （编配乐谱）_通俗曲谱_中国曲谱网	太傻
jianpucn-297002	jianpucn	ok(曲名命中)	200		http://www.jianpu.cn/pu/29/297002.htm	http://www.jianpu.cn/pu/29/297002.htm	太行 奶娘（又名 太行奶娘） 阎维文 歌谱简谱网	太行 奶娘
qupu123-253791	qupu123	ok(曲名命中)	200		https://www.qupu123.com/jipu/p253791.html	https://www.qupu123.com/jipu/p253791.html	太傻太愚蠢 _桃李醉春风个人制谱园地_中国曲谱网	太傻太愚蠢
jianpucn-475921	jianpucn	ok(曲名命中)	200		http://www.jianpu.cn/pu/47/475921.htm	http://www.jianpu.cn/pu/47/475921.htm	太行之歌 乌延永安 歌谱简谱网	太行之歌
qupu123-336172	qupu123	ok(曲名命中)	200		https://www.qupu123.com/minge/wuzi/p336172.html	https://www.qupu123.com/minge/wuzi/p336172.html	太安兴茶谣 _民歌曲谱_中国曲谱网	太安兴茶谣
jianpucn-38475	jianpucn	ok(曲名命中)	200		http://www.jianpu.cn/pu/38/38475.htm	http://www.jianpu.cn/pu/38/38475.htm	太阳出来照白岩 歌谱简谱网	太阳出来照白岩
jianpucn-245936	jianpucn	ok(曲名命中)	200		http://www.jianpu.cn/pu/24/245936.htm	http://www.jianpu.cn/pu/24/245936.htm	太阳星辰 张学友 歌谱简谱网	太阳星辰
jianpucn-28069	jianpucn	ok(曲名命中)	200		http://www.jianpu.cn/pu/28/28069.htm	http://www.jianpu.cn/pu/28/28069.htm	太阳月亮 歌谱简谱网	太阳月亮
jianpucn-31459	jianpucn	ok(曲名命中)	200		http://www.jianpu.cn/pu/31/31459.htm	http://www.jianpu.cn/pu/31/31459.htm	天门仙山 歌谱简谱网	天门仙山
jianpucn-89042	jianpucn	ok(曲名命中)	200		http://www.jianpu.cn/pu/89/89042.htm	http://www.jianpu.cn/pu/89/89042.htm	太阳月亮星星 歌谱简谱网	太阳月亮星星
qupu123-319429	qupu123	ok(曲名命中)	200		https://www.qupu123.com/hechang/wuzi/p319429.html	https://www.qupu123.com/hechang/wuzi/p319429.html	太阳出来了 （唐小辉词 张永安曲）_合唱曲谱_中国曲谱网	太阳出来了
jianpucn-158585	jianpucn	ok(曲名命中)	200		http://www.jianpu.cn/pu/15/158585.htm	http://www.jianpu.cn/pu/15/158585.htm	太阳鼓-宋祖英 歌谱简谱网	太阳鼓-宋祖英
jianpucn-128133	jianpucn	ok(曲名命中)	200		http://www.jianpu.cn/pu/12/128133.htm	http://www.jianpu.cn/pu/12/128133.htm	夫妻行 歌谱简谱网	夫妻行
qupu123-295220	qupu123	ok(曲名命中)	200		https://www.qupu123.com/meisheng/sanzi/p295220.html	https://www.qupu123.com/meisheng/sanzi/p295220.html	太阳河 （献给航天人）_美声曲谱_中国曲谱网	太阳河
jianpucn-289483	jianpucn	ok(曲名命中)	200		http://www.jianpu.cn/pu/28/289483.htm	http://www.jianpu.cn/pu/28/289483.htm	失去你我什么都没有 潘美辰 歌谱简谱网	失去你我什么都没有
qupu123-320719	qupu123	ok(曲名命中)	200		https://www.qupu123.com/hechang/wuzi/p320719.html	https://www.qupu123.com/hechang/wuzi/p320719.html	太阳的声音 （大型舞剧《涟河的太阳》插曲）_合唱曲谱_中国曲谱网	太阳的声音
jianpucn-145990	jianpucn	ok(曲名命中)	200		http://www.jianpu.cn/pu/14/145990.htm	http://www.jianpu.cn/pu/14/145990.htm	失落的情歌【彩谱】 歌谱简谱网	失落的情歌
qupu123-321006	qupu123	ok(曲名命中)	200		https://www.qupu123.com/shaoer/sanzi/p321006.html	https://www.qupu123.com/shaoer/sanzi/p321006.html	太阳花 （李严词 段福培曲）_少儿曲谱_中国曲谱网	太阳花
jianpucn-146550	jianpucn	ok(曲名命中)	200		http://www.jianpu.cn/pu/14/146550.htm	http://www.jianpu.cn/pu/14/146550.htm	失踪 歌谱简谱网	失踪
qupu123-21981	qupu123	ok(曲名命中)	200		https://www.qupu123.com/minge/sanzi/p21981.html	https://www.qupu123.com/minge/sanzi/p21981.html	太阳雨简谱（杨子达词 李健曲）_民歌曲谱_中国曲谱网	太阳雨
jianpucn-151262	jianpucn	ok(曲名命中)	200		http://www.jianpu.cn/pu/15/151262.htm	http://www.jianpu.cn/pu/15/151262.htm	奇迹世界 歌谱简谱网	奇迹世界
jianpujia-18602	jianpujia	ok(曲名命中)	200		https://www.jianpujia.com/jianpu/18602.html	https://www.jianpujia.com/jianpu/18602.html	失去的春天简谱(歌词)_邓丽君演唱_王wzh曲谱-免费下载-简谱之家	失去的春天
jianpucn-279512	jianpucn	ok(曲名命中)	200		http://www.jianpu.cn/pu/27/279512.htm	http://www.jianpu.cn/pu/27/279512.htm	奇迹（ 演唱） 邓紫棋 歌谱简谱网	奇迹
jianpujia-18920	jianpujia	ok(曲名命中)	200		https://www.jianpujia.com/jianpu/18920.html	https://www.jianpujia.com/jianpu/18920.html	奈何简谱(歌词)_邓丽君演唱_王wzh曲谱-免费下载-简谱之家	奈何
jianpucn-439542	jianpucn	ok(曲名命中)	200		http://www.jianpu.cn/pu/43/439542.htm	http://www.jianpu.cn/pu/43/439542.htm	奋斗才有幸福来 张也 歌谱简谱网	奋斗才有幸福来
qupu123-312554	qupu123	ok(曲名命中)	200		https://www.qupu123.com/jipu/p312554.html	https://www.qupu123.com/jipu/p312554.html	失恋阵线联盟 （电影《我的少女时代》插曲）_岭南印象个人制谱园地_中国曲谱网	失恋阵线联盟
jianpucn-118675	jianpucn	ok(原记录标题命中)	200		http://www.jianpu.cn/pu/11/118675.htm	http://www.jianpu.cn/pu/11/118675.htm	奔 歌谱简谱网	奔
qupu123-340246	qupu123	ok(曲名命中)	200		https://www.qupu123.com/jipu/p340246.html	https://www.qupu123.com/jipu/p340246.html	奇异恩典 （Amazing Grace）_丝竹常清个人制谱园地_中国曲谱网	奇异恩典
jianpucn-152439	jianpucn	ok(曲名命中)	200		http://www.jianpu.cn/pu/15/152439.htm	http://www.jianpu.cn/pu/15/152439.htm	奔向明天 歌谱简谱网	奔向明天
qupu123-327224	qupu123	ok(曲名命中)	200		https://www.qupu123.com/hechang/sizi/p327224.html	https://www.qupu123.com/hechang/sizi/p327224.html	奋发向上 _合唱曲谱_中国曲谱网	奋发向上
jianpucn-205589	jianpucn	ok(曲名命中)	200		http://www.jianpu.cn/pu/20/205589.htm	http://www.jianpu.cn/pu/20/205589.htm	奢香夫人 歌谱简谱网	奢香夫人
qupu123-335466	qupu123	ok(曲名命中)	200		https://www.qupu123.com/tongsu/wuzi/p335466.html	https://www.qupu123.com/tongsu/wuzi/p335466.html	奋斗永不停 _通俗曲谱_中国曲谱网	奋斗永不停
jianpucn-300628	jianpucn	ok(曲名命中)	200		http://www.jianpu.cn/pu/30/300628.htm	http://www.jianpu.cn/pu/30/300628.htm	奥斯汀的诡计 童安格 歌谱简谱网	奥斯汀的诡计
qupu123-333311	qupu123	ok(曲名命中)	200		https://www.qupu123.com/minge/sizi/p333311.html	https://www.qupu123.com/minge/sizi/p333311.html	奔向深蓝 _民歌曲谱_中国曲谱网	奔向深蓝
jianpucn-159268	jianpucn	ok(曲名命中)	200		http://www.jianpu.cn/pu/15/159268.htm	http://www.jianpu.cn/pu/15/159268.htm	女人的勇气【彩谱】 歌谱简谱网	女人的勇气
qupu123-326435	qupu123	ok(曲名命中)	200		https://www.qupu123.com/shaoer/qizi/p326435.html	https://www.qupu123.com/shaoer/qizi/p326435.html	奔向远方梦飞扬 _少儿曲谱_中国曲谱网	奔向远方梦飞扬
jianpucn-343864	jianpucn	ok(曲名命中)	200		http://www.jianpu.cn/pu/34/343864.htm	http://www.jianpu.cn/pu/34/343864.htm	女人的选择 姜育恒 歌谱简谱网	女人的选择
qupu123-191905	qupu123	ok(曲名命中)	200		https://www.qupu123.com/jipu/p191905.html	https://www.qupu123.com/jipu/p191905.html	​奇迹 （邓紫棋演唱）_桃李醉春风个人制谱园地_中国曲谱网	奇迹（邓紫棋
jianpujia-14047	jianpujia	ok(曲名命中)	200		https://www.jianpujia.com/jianpu/14047.html	https://www.jianpujia.com/jianpu/14047.html	女儿国简谱(歌词)_张靓颖/李荣浩演唱_电影_西游记女儿国_主题曲-免费下载-简谱之家	女儿国
qupu123-331931	qupu123	ok(曲名命中)	200		https://www.qupu123.com/meisheng/erziyixia/p331931.html	https://www.qupu123.com/meisheng/erziyixia/p331931.html	奔月 （陈道斌词 刘聪曲）_美声曲谱_中国曲谱网	奔月
jianpucn-136536	jianpucn	ok(曲名命中)	200		http://www.jianpu.cn/pu/13/136536.htm	http://www.jianpu.cn/pu/13/136536.htm	女娲 歌谱简谱网	女娲
jianpujia-18259	jianpujia	ok(曲名命中)	200		https://www.jianpujia.com/jianpu/18259.html	https://www.jianpujia.com/jianpu/18259.html	女儿歌简谱(歌词)_谭晶演唱_王wzh曲谱-免费下载-简谱之家	女儿歌
qupu123-328299	qupu123	ok(曲名命中)	200		https://www.qupu123.com/shaoer/sanzi/p328299.html	https://www.qupu123.com/shaoer/sanzi/p328299.html	套凳脚 _少儿曲谱_中国曲谱网	套凳脚
jianpucn-147004	jianpucn	ok(曲名命中)	200		http://www.jianpu.cn/pu/14/147004.htm	http://www.jianpu.cn/pu/14/147004.htm	女孩别哭 歌谱简谱网	女孩别哭
qupu123-334152	qupu123	ok(曲名命中)	200		https://www.qupu123.com/tongsu/bazi/p334152.html	https://www.qupu123.com/tongsu/bazi/p334152.html	女人的寂寞是眼泪 _通俗曲谱_中国曲谱网	女人的寂寞是眼泪
jianpucn-64301	jianpucn	ok(曲名命中)	200		http://www.jianpu.cn/pu/64/64301.htm	http://www.jianpu.cn/pu/64/64301.htm	她在睡梦中 歌曲类 简谱 歌谱简谱网	她在睡梦中 歌曲类
qupu123-378394	qupu123	ok(曲名命中)	200		https://www.qupu123.com/puyou/shangchuan/p378394.html	https://www.qupu123.com/puyou/shangchuan/p378394.html	女人花 _谱友园地_中国曲谱网	女人花
jianpucn-35578	jianpucn	ok(曲名命中)	200		http://www.jianpu.cn/pu/35/35578.htm	http://www.jianpu.cn/pu/35/35578.htm	她来听我的演唱会 歌谱简谱网	她来听我的
jianpucn-34577	jianpucn	ok(曲名命中)	200		http://www.jianpu.cn/pu/34/34577.htm	http://www.jianpu.cn/pu/34/34577.htm	她的睫毛 歌谱简谱网	她的睫毛
qupu123-334878	qupu123	ok(曲名命中)	200		https://www.qupu123.com/minge/sanzi/p334878.html	https://www.qupu123.com/minge/sanzi/p334878.html	女儿巧 _民歌曲谱_中国曲谱网	女儿巧
jianpucn-138047	jianpucn	ok(曲名命中)	200		http://www.jianpu.cn/pu/13/138047.htm	http://www.jianpu.cn/pu/13/138047.htm	她说 歌谱简谱网	她说
qupu123-332820	qupu123	ok(曲名命中)	200		https://www.qupu123.com/tongsu/wuzi/p332820.html	https://www.qupu123.com/tongsu/wuzi/p332820.html	女兵的心事 _通俗曲谱_中国曲谱网	女兵的心事
jianpucn-278757	jianpucn	ok(曲名命中)	200		http://www.jianpu.cn/pu/27/278757.htm	http://www.jianpu.cn/pu/27/278757.htm	好不容易- 张靓颖 歌谱简谱网	好不容易
qupu123-329191	qupu123	ok(曲名命中)	200		https://www.qupu123.com/shaoer/qizi/p329191.html	https://www.qupu123.com/shaoer/qizi/p329191.html	她俩脸蛋羞红啦 （张宾普词 谷继业曲）_少儿曲谱_中国曲谱网	她俩脸蛋羞红啦
jianpucn-211244	jianpucn	ok(曲名命中)	200		http://www.jianpu.cn/pu/21/211244.htm	http://www.jianpu.cn/pu/21/211244.htm	好久 歌谱简谱网	好久
jianpujia-15513	jianpujia	ok(曲名命中)	200		https://www.jianpujia.com/jianpu/15513.html	https://www.jianpujia.com/jianpu/15513.html	好久不见简谱__陈奕迅__不知不觉泪流满面...-免费下载-简谱之家	好久不见
jianpucn-411970	jianpucn	ok(曲名命中)	200		http://www.jianpu.cn/pu/41/411970.htm	http://www.jianpu.cn/pu/41/411970.htm	好久不见（简和谱） 陈奕迅 歌谱简谱网	好久不见
jianpujia-378374	jianpujia	ok(曲名命中)	200		https://www.jianpujia.com/jianpu/378374.html	https://www.jianpujia.com/jianpu/378374.html	好久不见简谱_陈奕迅演唱_博夫曲谱-免费下载-简谱之家	好久不见
qupu123-381437	qupu123	ok(曲名命中)	200		https://www.qupu123.com/tongsu/erziyixia/p381437.html	https://www.qupu123.com/tongsu/erziyixia/p381437.html	女孩 _通俗曲谱_中国曲谱网	女孩
jianpucn-259899	jianpucn	ok(曲名命中)	200		http://www.jianpu.cn/pu/25/259899.htm	http://www.jianpu.cn/pu/25/259899.htm	好人就能当好家 王宏伟 歌谱简谱网	好人就能当好家
jianpucn-138672	jianpucn	ok(曲名命中)	200		http://www.jianpu.cn/pu/13/138672.htm	http://www.jianpu.cn/pu/13/138672.htm	好夜晚 歌谱简谱网	好夜晚
qupu123-333037	qupu123	ok(曲名命中)	200		https://www.qupu123.com/minge/qizi/p333037.html	https://www.qupu123.com/minge/qizi/p333037.html	好一个地窝子房 _民歌曲谱_中国曲谱网	好一个地窝子房
jianpujia-22155	jianpujia	ok(曲名命中)	200		https://www.jianpujia.com/jianpu/22155.html	https://www.jianpujia.com/jianpu/22155.html	好久不见简谱_陈奕迅演唱_孙世彦制谱-免费下载-简谱之家	好久不见
qupu123-335628	qupu123	打不开:URLError	0		https://www.qupu123.com/shaoer/sanzi/p335628.html	https://www.qupu123.com/shaoer/sanzi/p335628.html		太极娃
jianpucn-449120	jianpucn	ok(曲名命中)	200		http://www.jianpu.cn/pu/44/449120.htm	http://www.jianpu.cn/pu/44/449120.htm	好大一棵树（1990年央视春晚） 那英 歌谱简谱网	好大一棵树
jianpujia-150317	jianpujia	ok(原记录标题命中)	200		https://www.jianpujia.com/jianpu/150317.html	https://www.jianpujia.com/jianpu/150317.html	好好(想把你写成一首歌)钢琴简谱_五月天演唱-免费下载-简谱之家	好好钢琴
jianpucn-413926	jianpucn	ok(曲名命中)	200		http://www.jianpu.cn/pu/41/413926.htm	http://www.jianpu.cn/pu/41/413926.htm	好好(想把你写成一首歌)（尤克里里弹唱谱） 五月天 歌谱简谱网	好好
qupu123-334214	qupu123	打不开:URLError	0		https://www.qupu123.com/minge/sanzi/p334214.html	https://www.qupu123.com/minge/sanzi/p334214.html		太蓬山
jianpucn-251957	jianpucn	ok(曲名命中)	200		http://www.jianpu.cn/pu/25/251957.htm	http://www.jianpu.cn/pu/25/251957.htm	好情人 孟庭苇 歌谱简谱网	好情人
jianpujia-26498	jianpujia	ok(曲名命中)	200		https://www.jianpujia.com/jianpu/26498.html	https://www.jianpujia.com/jianpu/26498.html	好妈妈简谱(歌词)_儿歌_陈洲宏记谱-免费下载-简谱之家	好妈妈
qupu123-370552	qupu123	打不开:URLError	0		https://www.qupu123.com/minge/sanzi/p370552.html	https://www.qupu123.com/minge/sanzi/p370552.html		太行情
qupu123-334208	qupu123	ok(曲名命中)	200		https://www.qupu123.com/minge/wuzi/p334208.html	https://www.qupu123.com/minge/wuzi/p334208.html	好个美湘潭 _民歌曲谱_中国曲谱网	好个美湘潭
jianpucn-442606	jianpucn	ok(曲名命中)	200		http://www.jianpu.cn/pu/44/442606.htm	http://www.jianpu.cn/pu/44/442606.htm	好想爱这个世界啊 华晨宇 歌谱简谱网	好想爱这个世界啊
qupu123-335014	qupu123	打不开:URLError	0		https://www.qupu123.com/minge/qizi/p335014.html	https://www.qupu123.com/minge/qizi/p335014.html		太阳居住的地方
qupu123-341545	qupu123	ok(曲名命中)	200		https://www.qupu123.com/puyou/shangchuan/p341545.html	https://www.qupu123.com/puyou/shangchuan/p341545.html	好人一生平安 _谱友园地_中国曲谱网	好人一生平安
jianpucn-474527	jianpucn	ok(曲名命中)	200		http://www.jianpu.cn/pu/47/474527.htm	http://www.jianpu.cn/pu/47/474527.htm	好想爱这个世界啊 三声部合唱 歌谱简谱网	好想爱这个世界啊 三声部合唱
jianpucn-150869	jianpucn	ok(曲名命中)	200		http://www.jianpu.cn/pu/15/150869.htm	http://www.jianpu.cn/pu/15/150869.htm	好故事【彩谱】 歌谱简谱网	好故事【彩谱】
qupu123-381554	qupu123	ok(曲名命中)	200		https://www.qupu123.com/tongsu/wuzi/p381554.html	https://www.qupu123.com/tongsu/wuzi/p381554.html	好好爱自己 _通俗曲谱_中国曲谱网	好好爱自己
qupu123-346942	qupu123	ok(曲名命中)	200		https://www.qupu123.com/jipu/p346942.html	https://www.qupu123.com/jipu/p346942.html	好心分手 （王力宏&刘巧英）_成成记谱个人制谱园地_中国曲谱网	好心分手
jianpucn-34421	jianpucn	ok(曲名命中)	200		http://www.jianpu.cn/pu/34/34421.htm	http://www.jianpu.cn/pu/34/34421.htm	好日子 歌谱简谱网	好日子
jianpucn-144655	jianpucn	ok(曲名命中)	200		http://www.jianpu.cn/pu/14/144655.htm	http://www.jianpu.cn/pu/14/144655.htm	好梦太匆匆【彩谱】 歌谱简谱网	好梦太匆匆
qupu123-332041	qupu123	ok(曲名命中)	200		https://www.qupu123.com/shaoer/wuzi/p332041.html	https://www.qupu123.com/shaoer/wuzi/p332041.html	好心态之歌 _少儿曲谱_中国曲谱网	好心态之歌
jianpucn-26961	jianpucn	ok(曲名命中)	200		http://www.jianpu.cn/pu/26/26961.htm	http://www.jianpu.cn/pu/26/26961.htm	好梦绕仙山 歌谱简谱网	好梦绕仙山
jianpujia-26517	jianpujia	ok(曲名命中)	200		https://www.jianpujia.com/jianpu/26517.html	https://www.jianpujia.com/jianpu/26517.html	好爸爸坏爸爸简谱(歌词)_儿歌_陈洲宏_记谱-免费下载-简谱之家	好爸爸坏爸爸
qupu123-326253	qupu123	打不开:URLError	0		https://www.qupu123.com/shaoer/sanzi/p326253.html	https://www.qupu123.com/shaoer/sanzi/p326253.html		太阳船
jianpucn-287118	jianpucn	ok(曲名命中)	200		http://www.jianpu.cn/pu/28/287118.htm	http://www.jianpu.cn/pu/28/287118.htm	好汉歌（ 本） 刘欢 歌谱简谱网	好汉歌
jianpucn-307705	jianpucn	ok(曲名命中)	200		http://www.jianpu.cn/pu/30/307705.htm	http://www.jianpu.cn/pu/30/307705.htm	好汉歌 古筝版曲谱 刘欢 歌谱简谱网	好汉歌 古筝版曲谱
qupu123-93537	qupu123	ok(曲名命中)	200		https://www.qupu123.com/tongsu/wuzi/p93537.html	https://www.qupu123.com/tongsu/wuzi/p93537.html	好歌献给你 _通俗曲谱_中国曲谱网	好歌献给你
jianpucn-425258	jianpucn	ok(曲名命中)	200		http://www.jianpu.cn/pu/42/425258.htm	http://www.jianpu.cn/pu/42/425258.htm	好美的一个秋（2） 宋祖英 歌谱简谱网	好美的一个秋
qupu123-331947	qupu123	ok(曲名命中)	200		https://www.qupu123.com/tongsu/sanzi/p331947.html	https://www.qupu123.com/tongsu/sanzi/p331947.html	好朋友 （赵亮词 任清彪曲）_通俗曲谱_中国曲谱网	好朋友
qupu123-331496	qupu123	ok(曲名命中)	200		https://www.qupu123.com/shaoer/bazi/p331496.html	https://www.qupu123.com/shaoer/bazi/p331496.html	好看的花儿送给谁 _少儿曲谱_中国曲谱网	好看的花儿送给谁
jianpucn-32861	jianpucn	ok(曲名命中)	200		http://www.jianpu.cn/pu/32/32861.htm	http://www.jianpu.cn/pu/32/32861.htm	好花花的歌美滋滋的唱 歌谱简谱网	好花花的歌美滋滋的唱
qupu123-333879	qupu123	ok(曲名命中)	200		https://www.qupu123.com/minge/qizi/p333879.html	https://www.qupu123.com/minge/qizi/p333879.html	好美好美的长临 _民歌曲谱_中国曲谱网	好美好美的长临
jianpucn-263044	jianpucn	ok(曲名命中)	200		http://www.jianpu.cn/pu/26/263044.htm	http://www.jianpu.cn/pu/26/263044.htm	好郎好姐不用媒 — （湖南民歌） 阎维文 歌谱简谱网	好郎好姐不用媒
jianpucn-174411	jianpucn	ok(曲名命中)	200		http://www.jianpu.cn/pu/17/174411.htm	http://www.jianpu.cn/pu/17/174411.htm	好雨 歌谱简谱网	好雨
jianpucn-135969	jianpucn	ok(曲名命中)	200		http://www.jianpu.cn/pu/13/135969.htm	http://www.jianpu.cn/pu/13/135969.htm	好风长吟 歌谱简谱网	好风长吟
qupu123-332990	qupu123	ok(曲名命中)	200		https://www.qupu123.com/minge/sizi/p332990.html	https://www.qupu123.com/minge/sizi/p332990.html	好风好雨 _民歌曲谱_中国曲谱网	好风好雨
jianpucn-70126	jianpucn	ok(曲名命中)	200		http://www.jianpu.cn/pu/70/70126.htm	http://www.jianpu.cn/pu/70/70126.htm	如今 歌谱简谱网	如今
qupu123-332641	qupu123	ok(曲名命中)	200		https://www.qupu123.com/tongsu/qizi/p332641.html	https://www.qupu123.com/tongsu/qizi/p332641.html	如果一切都没有 _通俗曲谱_中国曲谱网	如果一切都没有
jianpucn-34115	jianpucn	ok(曲名命中)	200		http://www.jianpu.cn/pu/34/34115.htm	http://www.jianpu.cn/pu/34/34115.htm	如今赶上了好时代 歌谱简谱网	如今赶上了好时代
qupu123-271362	qupu123	ok(曲名命中)	200		https://www.qupu123.com/jipu/p271362.html	https://www.qupu123.com/jipu/p271362.html	如果云知道 __中国曲谱网	如果云知道
jianpucn-452543	jianpucn	ok(曲名命中)	200		http://www.jianpu.cn/pu/45/452543.htm	http://www.jianpu.cn/pu/45/452543.htm	如你所想 毛不易 歌谱简谱网	如你所想
jianpujia-380048	jianpujia	ok(曲名命中)	200		https://www.jianpujia.com/jianpu/380048.html	https://www.jianpujia.com/jianpu/380048.html	如果我们不曾相遇钢琴简谱_五月天演唱-免费下载-简谱之家	如果我们不曾相遇
jianpucn-120932	jianpucn	ok(曲名命中)	200		http://www.jianpu.cn/pu/12/120932.htm	http://www.jianpu.cn/pu/12/120932.htm	如果你是我的传说 歌谱简谱网	如果你是我的传说
qupu123-331253	qupu123	ok(曲名命中)	200		https://www.qupu123.com/tongsu/jiuziyishang/p331253.html	https://www.qupu123.com/tongsu/jiuziyishang/p331253.html	如果今生不能在一起 _通俗曲谱_中国曲谱网	如果今生不能在一起
jianpucn-309347	jianpucn	ok(曲名命中)	200		http://www.jianpu.cn/pu/30/309347.htm	http://www.jianpu.cn/pu/30/309347.htm	如果你是李白 莫文蔚 歌谱简谱网	如果你是李白
jianpucn-213259	jianpucn	ok(曲名命中)	200		http://www.jianpu.cn/pu/21/213259.htm	http://www.jianpu.cn/pu/21/213259.htm	如果你还爱好 歌谱简谱网	如果你还爱好
qupu123-381404	qupu123	ok(曲名命中)	200		https://www.qupu123.com/puyou/shangchuan/p381404.html	https://www.qupu123.com/puyou/shangchuan/p381404.html	如果可以 _谱友园地_中国曲谱网	如果可以
jianpucn-115171	jianpucn	ok(曲名命中)	200		http://www.jianpu.cn/pu/11/115171.htm	http://www.jianpu.cn/pu/11/115171.htm	如果你还爱我 歌曲类 简谱 歌谱简谱网	如果你还爱我 歌曲类
jianpucn-245591	jianpucn	ok(曲名命中)	200		http://www.jianpu.cn/pu/24/245591.htm	http://www.jianpu.cn/pu/24/245591.htm	如果我有勇气 邓丽君 歌谱简谱网	如果我有勇气
jianpujia-377779	jianpujia	ok(曲名命中)	200		https://www.jianpujia.com/jianpu/377779.html	https://www.jianpujia.com/jianpu/377779.html	如果要写年简谱_毛不易演唱_桃李醉春风制作曲谱-免费下载-简谱之家	如果要写年
qupu123-35435	qupu123	ok(曲名命中)	200		https://www.qupu123.com/tongsu/sizi/p35435.html	https://www.qupu123.com/tongsu/sizi/p35435.html	如果可以简谱（淦子词 李虎曲）_通俗曲谱_中国曲谱网	如果可以
jianpucn-245703	jianpucn	ok(曲名命中)	200		http://www.jianpu.cn/pu/24/245703.htm	http://www.jianpu.cn/pu/24/245703.htm	如果我有勇气（扫描谱） — 邓丽君 歌谱简谱网	如果我有勇气
qupu123-333500	qupu123	ok(曲名命中)	200		https://www.qupu123.com/tongsu/bazi/p333500.html	https://www.qupu123.com/tongsu/bazi/p333500.html	如果心能够看得见 _一门502原创曲谱专栏_中国曲谱网	如果心能够看得见
jianpucn-288908	jianpucn	ok(曲名命中)	200		http://www.jianpu.cn/pu/28/288908.htm	http://www.jianpu.cn/pu/28/288908.htm	如果把他换作你 孟庭苇 歌谱简谱网	如果把他换作你
jianpujia-349629	jianpujia	ok(曲名命中)	200		https://www.jianpujia.com/jianpu/349629.html	https://www.jianpujia.com/jianpu/349629.html	如梦草原草原歌曲100首简谱-免费下载-简谱之家	如梦草原草原歌曲100首
jianpucn-63804	jianpucn	ok(曲名命中)	200		http://www.jianpu.cn/pu/63/63804.htm	http://www.jianpu.cn/pu/63/63804.htm	如果没有你 歌谱简谱网	如果没有你
qupu123-37154	qupu123	ok(曲名命中)	200		https://www.qupu123.com/jipu/p37154.html	https://www.qupu123.com/jipu/p37154.html	如果没有他你还爱我吗简谱_桃李醉春风个人制谱园地_中国曲谱网	如果没有他你还爱我吗
jianpucn-115027	jianpucn	ok(曲名命中)	200		http://www.jianpu.cn/pu/11/115027.htm	http://www.jianpu.cn/pu/11/115027.htm	如果爱 歌曲类 简谱 歌谱简谱网	如果爱 歌曲类
qupu123-298395	qupu123	ok(曲名命中)	200		https://www.qupu123.com/jipu/p298395.html	https://www.qupu123.com/jipu/p298395.html	如果有一天 （刘德华 词曲）_电视迷个人制谱园地_中国曲谱网	如果有一天
jianpucn-54340	jianpucn	ok(曲名命中)	200		http://www.jianpu.cn/pu/54/54340.htm	http://www.jianpu.cn/pu/54/54340.htm	如果爱下去 歌谱简谱网	如果爱下去
qupu123-380780	qupu123	ok(曲名命中)	200		https://www.qupu123.com/tongsu/wuzi/p380780.html	https://www.qupu123.com/tongsu/wuzi/p380780.html	如果爱还在 _通俗曲谱_中国曲谱网	如果爱还在
jianpujia-386250	jianpujia	ok(曲名命中)	200		https://www.jianpujia.com/jianpu/386250.html	https://www.jianpujia.com/jianpu/386250.html	如谜简谱(歌词)_许嵩演唱_桃李醉春风制谱-免费下载-简谱之家	如谜
jianpucn-136164	jianpucn	ok(曲名命中)	200		http://www.jianpu.cn/pu/13/136164.htm	http://www.jianpu.cn/pu/13/136164.htm	如果这就是爱情 歌谱简谱网	如果这就是爱情
qupu123-307831	qupu123	ok(曲名命中)	200		https://www.qupu123.com/jipu/p307831.html	https://www.qupu123.com/jipu/p307831.html	如梦初醒 _桃李醉春风个人制谱园地_中国曲谱网	如梦初醒
jianpucn-114171	jianpucn	ok(曲名命中)	200		http://www.jianpu.cn/pu/11/114171.htm	http://www.jianpu.cn/pu/11/114171.htm	如果这都不算爱 歌曲类 简谱 歌谱简谱网	如果这都不算爱 歌曲类
qupu123-315410	qupu123	ok(曲名命中)	200		https://www.qupu123.com/meisheng/sizi/p315410.html	https://www.qupu123.com/meisheng/sizi/p315410.html	8如此多娇（双谱） _美声曲谱_中国曲谱网	如此多娇
jianpujia-18349	jianpujia	ok(曲名命中)	200		https://www.jianpujia.com/jianpu/18349.html	https://www.jianpujia.com/jianpu/18349.html	妈妈呼唤你简谱(歌词)_邓丽君演唱_王wzh曲谱-免费下载-简谱之家	妈妈呼唤你
jianpucn-433240	jianpucn	ok(曲名命中)	200		http://www.jianpu.cn/pu/43/433240.htm	http://www.jianpu.cn/pu/43/433240.htm	如果遇见你（音乐剧《我AI你》推广歌曲） 李健 歌谱简谱网	如果遇见你
qupu123-334110	qupu123	ok(曲名命中)	200		https://www.qupu123.com/tongsu/sizi/p334110.html	https://www.qupu123.com/tongsu/sizi/p334110.html	如玉人生 _通俗曲谱_中国曲谱网	如玉人生
jianpucn-306721	jianpucn	ok(曲名命中)	200		http://www.jianpu.cn/pu/30/306721.htm	http://www.jianpu.cn/pu/30/306721.htm	妈妈 看看我吧 （电影《樱》插曲） 李谷一 歌谱简谱网	妈妈 看看我吧
qupu123-316216	qupu123	ok(曲名命中)	200		https://www.qupu123.com/meisheng/sizi/p316216.html	https://www.qupu123.com/meisheng/sizi/p316216.html	​10如画江山（双谱） _美声曲谱_中国曲谱网	如画江山
jianpucn-256365	jianpucn	ok(曲名命中)	200		http://www.jianpu.cn/pu/25/256365.htm	http://www.jianpu.cn/pu/25/256365.htm	妈妈 祝你长寿 阎维文 歌谱简谱网	妈妈 祝你长寿
qupu123-370054	qupu123	ok(曲名命中)	200		https://www.qupu123.com/tongsu/wuzi/p370054.html	https://www.qupu123.com/tongsu/wuzi/p370054.html	如此认识我 _通俗曲谱_中国曲谱网	如此认识我
jianpucn-43431	jianpucn	ok(曲名命中)	200		http://www.jianpu.cn/pu/43/43431.htm	http://www.jianpu.cn/pu/43/43431.htm	妈妈教我一支歌 歌谱简谱网	妈妈教我一支歌
qupu123-333567	qupu123	ok(曲名命中)	200		https://www.qupu123.com/minge/wuzi/p333567.html	https://www.qupu123.com/minge/wuzi/p333567.html	妈妈啊妈妈 _民歌曲谱_中国曲谱网	妈妈啊妈妈
jianpujia-9904	jianpujia	ok(曲名命中)	200		https://www.jianpujia.com/jianpu/9904.html	https://www.jianpujia.com/jianpu/9904.html	妈妈的吻简谱(歌词)_蓓蕾组合演唱_岭南印象曲谱-免费下载-简谱之家	妈妈的吻
jianpucn-135918	jianpucn	ok(曲名命中)	200		http://www.jianpu.cn/pu/13/135918.htm	http://www.jianpu.cn/pu/13/135918.htm	妈妈的娜鲁娃 歌谱简谱网	妈妈的娜鲁娃
qupu123-334279	qupu123	ok(曲名命中)	200		https://www.qupu123.com/minge/jiuziyishang/p334279.html	https://www.qupu123.com/minge/jiuziyishang/p334279.html	妈妈在哪儿家在哪儿 _民歌曲谱_中国曲谱网	妈妈在哪儿家在哪儿
jianpucn-285892	jianpucn	ok(曲名命中)	200		http://www.jianpu.cn/pu/28/285892.htm	http://www.jianpu.cn/pu/28/285892.htm	妈妈的希望（故事片《飘花头巾》插曲） — 殷秀梅 歌谱简谱网	妈妈的希望
qupu123-333877	qupu123	ok(曲名命中)	200		https://www.qupu123.com/tongsu/wuzi/p333877.html	https://www.qupu123.com/tongsu/wuzi/p333877.html	妈妈我爱您 _通俗曲谱_中国曲谱网	妈妈我爱您
qupu123-381607	qupu123	ok(曲名命中)	200		https://www.qupu123.com/tongsu/erziyixia/p381607.html	https://www.qupu123.com/tongsu/erziyixia/p381607.html	妈妈 _通俗曲谱_中国曲谱网	妈妈
jianpucn-463908	jianpucn	ok(曲名命中)	200		http://www.jianpu.cn/pu/46/463908.htm	http://www.jianpu.cn/pu/46/463908.htm	妈妈的歌谣 乌兰图雅 歌谱简谱网	妈妈的歌谣
jianpucn-156739	jianpucn	ok(曲名命中)	200		http://www.jianpu.cn/pu/15/156739.htm	http://www.jianpu.cn/pu/15/156739.htm	妈妈看看我吧 电影《樱》插曲 歌谱简谱网	妈妈看看我吧 电影《樱》插曲
qupu123-328070	qupu123	ok(曲名命中)	200		https://www.qupu123.com/shaoer/liuzi/p328070.html	https://www.qupu123.com/shaoer/liuzi/p328070.html	妈妈的小剪刀 _少儿曲谱_中国曲谱网	妈妈的小剪刀
jianpucn-208224	jianpucn	ok(曲名命中)	200		http://www.jianpu.cn/pu/20/208224.htm	http://www.jianpu.cn/pu/20/208224.htm	妥协 歌谱简谱网	妥协
qupu123-320701	qupu123	ok(曲名命中)	200		https://www.qupu123.com/shaoer/sizi/p320701.html	https://www.qupu123.com/shaoer/sizi/p320701.html	妈妈的爱 （黄持一词 龚耀年曲）_少儿曲谱_中国曲谱网	妈妈的爱
jianpucn-448172	jianpucn	ok(原记录标题命中)	200		http://www.jianpu.cn/pu/44/448172.htm	http://www.jianpu.cn/pu/44/448172.htm	妳（唱片版） 周深 歌谱简谱网	妳
qupu123-336164	qupu123	ok(曲名命中)	200		https://www.qupu123.com/minge/liuzi/p336164.html	https://www.qupu123.com/minge/liuzi/p336164.html	妈妈的牡丹花 _民歌曲谱_中国曲谱网	妈妈的牡丹花
jianpucn-60963	jianpucn	ok(曲名命中)	200		http://www.jianpu.cn/pu/60/60963.htm	http://www.jianpu.cn/pu/60/60963.htm	妹妹找哥泪花流（《小花》插曲） 歌谱简谱网	妹妹找哥泪花流
qupu123-394681	qupu123	ok(曲名命中)	200		https://www.qupu123.com/minge/jiuziyishang/p394681.html	https://www.qupu123.com/minge/jiuziyishang/p394681.html	妈妈的针线兜 (独唱版) _天恩原创曲谱专栏_中国曲谱网	妈妈的针线兜
jianpujia-26445	jianpujia	ok(曲名命中)	200		https://www.jianpujia.com/jianpu/26445.html	https://www.jianpujia.com/jianpu/26445.html	娃哈哈简谱(歌词)_儿歌_陈洲宏记谱-免费下载-简谱之家	娃哈哈
jianpucn-442959	jianpucn	ok(曲名命中)	200		http://www.jianpu.cn/pu/44/442959.htm	http://www.jianpu.cn/pu/44/442959.htm	妹妹找歌泪花流 李谷一 歌谱简谱网	妹妹找歌泪花流
qupu123-334350	qupu123	ok(曲名命中)	200		https://www.qupu123.com/shaoer/liuzi/p334350.html	https://www.qupu123.com/shaoer/liuzi/p334350.html	妈妈的阿里郎 _少儿曲谱_中国曲谱网	妈妈的阿里郎
jianpujia-18876	jianpujia	ok(曲名命中)	200		https://www.jianpujia.com/jianpu/18876.html	https://www.jianpujia.com/jianpu/18876.html	娘心简谱(歌词)_邓丽君演唱_王wzh曲谱-免费下载-简谱之家	娘心
qupu123-333308	qupu123	ok(曲名命中)	200		https://www.qupu123.com/minge/jiuziyishang/p333308.html	https://www.qupu123.com/minge/jiuziyishang/p333308.html	妈妈，我们跳伞回来了 _民歌曲谱_中国曲谱网	妈妈，我们跳伞回来了
jianpucn-177648	jianpucn	ok(曲名命中)	200		http://www.jianpu.cn/pu/17/177648.htm	http://www.jianpu.cn/pu/17/177648.htm	威联古堡 歌谱简谱网	威联古堡
jianpucn-46525	jianpucn	ok(曲名命中)	200		http://www.jianpu.cn/pu/46/46525.htm	http://www.jianpu.cn/pu/46/46525.htm	婚礼祝酒歌 歌谱简谱网	婚礼祝酒歌
jianpucn-68312	jianpucn	ok(曲名命中)	200		http://www.jianpu.cn/pu/68/68312.htm	http://www.jianpu.cn/pu/68/68312.htm	婚誓 歌谱简谱网	婚誓
qupu123-331254	qupu123	ok(曲名命中)	200		https://www.qupu123.com/tongsu/liuzi/p331254.html	https://www.qupu123.com/tongsu/liuzi/p331254.html	妹妹的大眼睛 _通俗曲谱_中国曲谱网	妹妹的大眼睛
jianpucn-34294	jianpucn	ok(曲名命中)	200		http://www.jianpu.cn/pu/34/34294.htm	http://www.jianpu.cn/pu/34/34294.htm	存在1 歌谱简谱网	存在1
jianpucn-64506	jianpucn	ok(曲名命中)	200		http://www.jianpu.cn/pu/64/64506.htm	http://www.jianpu.cn/pu/64/64506.htm	存在 歌曲类 简谱 歌谱简谱网	存在 歌曲类
jianpucn-317301	jianpucn	ok(曲名命中)	200		http://www.jianpu.cn/pu/31/317301.htm	http://www.jianpu.cn/pu/31/317301.htm	孙悟空 五月天 歌谱简谱网	孙悟空
qupu123-328411	qupu123	ok(曲名命中)	200		https://www.qupu123.com/shaoer/wuzi/p328411.html	https://www.qupu123.com/shaoer/wuzi/p328411.html	娃娃食品店 _少儿曲谱_中国曲谱网	娃娃食品店
jianpucn-210040	jianpucn	ok(曲名命中)	200		http://www.jianpu.cn/pu/21/210040.htm	http://www.jianpu.cn/pu/21/210040.htm	孝顺父母 歌谱简谱网	孝顺父母
qupu123-303678	qupu123	ok(曲名命中)	200		https://www.qupu123.com/meisheng/qizi/p303678.html	https://www.qupu123.com/meisheng/qizi/p303678.html	娄山关·忆秦娥 （毛泽东词 陆祖龙曲）_美声曲谱_中国曲谱网	娄山关·忆秦娥
jianpucn-201529	jianpucn	ok(曲名命中)	200		http://www.jianpu.cn/pu/20/201529.htm	http://www.jianpu.cn/pu/20/201529.htm	孝顺父母，不能等待 歌谱简谱网	孝顺父母，不能等待
qupu123-333732	qupu123	ok(曲名命中)	200		https://www.qupu123.com/tongsu/qizi/p333732.html	https://www.qupu123.com/tongsu/qizi/p333732.html	娇妻爱子怎能丢 _通俗曲谱_中国曲谱网	娇妻爱子怎能丢
qupu123-312729	qupu123	ok(曲名命中)	200		https://www.qupu123.com/puyou/jipu/p312729.html	https://www.qupu123.com/puyou/jipu/p312729.html	婚纱背后 _兰语神韵个人制谱园地_中国曲谱网	婚纱背后
qupu123-320345	qupu123	ok(曲名命中)	200		https://www.qupu123.com/meisheng/sizi/p320345.html	https://www.qupu123.com/meisheng/sizi/p320345.html	51嫦娥奔月（双谱） _美声曲谱_中国曲谱网	嫦娥奔月
jianpujia-386030	jianpujia	ok(曲名命中)	200		https://www.jianpujia.com/jianpu/386030.html	https://www.jianpujia.com/jianpu/386030.html	孤勇者简谱_陈奕迅演唱_一笑奈何晓斅制谱-免费下载-简谱之家	孤勇者
qupu123-48564	qupu123	ok(曲名命中)	200		https://www.qupu123.com/waiguo/liuzi/p48564.html	https://www.qupu123.com/waiguo/liuzi/p48564.html	婚礼简谱（巴西）_外国曲谱_中国曲谱网	婚礼
jianpucn-86540	jianpucn	ok(曲名命中)	200		http://www.jianpu.cn/pu/86/86540.htm	http://www.jianpu.cn/pu/86/86540.htm	孤单爱情海 歌谱简谱网	孤单爱情海
qupu123-333361	qupu123	ok(曲名命中)	200		https://www.qupu123.com/minge/sizi/p333361.html	https://www.qupu123.com/minge/sizi/p333361.html	孔子书院 _民歌曲谱_中国曲谱网	孔子书院
jianpucn-71169	jianpucn	ok(曲名命中)	200		http://www.jianpu.cn/pu/71/71169.htm	http://www.jianpu.cn/pu/71/71169.htm	孤星泪 歌谱简谱网	孤星泪
qupu123-333310	qupu123	ok(曲名命中)	200		https://www.qupu123.com/minge/erziyixia/p333310.html	https://www.qupu123.com/minge/erziyixia/p333310.html	子弹 _民歌曲谱_中国曲谱网	子弹
jianpucn-115253	jianpucn	ok(曲名命中)	200		http://www.jianpu.cn/pu/11/115253.htm	http://www.jianpu.cn/pu/11/115253.htm	孤枕难眠 歌曲类 简谱 歌谱简谱网	孤枕难眠 歌曲类
jianpujia-383574	jianpujia	ok(曲名命中)	200		https://www.jianpujia.com/jianpu/383574.html	https://www.jianpujia.com/jianpu/383574.html	孤独娱乐钢琴简谱_林俊杰演唱-免费下载-简谱之家	孤独娱乐
qupu123-330834	qupu123	ok(曲名命中)	200		https://www.qupu123.com/tongsu/bazi/p330834.html	https://www.qupu123.com/tongsu/bazi/p330834.html	孝敬父母可不能等 _通俗曲谱_中国曲谱网	孝敬父母可不能等
qupu123-333341	qupu123	ok(曲名命中)	200		https://www.qupu123.com/minge/bazi/p333341.html	https://www.qupu123.com/minge/bazi/p333341.html	孟姜女寻夫齐长城 （丁恩昌路玉刚词 任秀岭 任明曲）_民歌曲谱_中国曲谱网	孟姜女寻夫齐长城
jianpucn-475660	jianpucn	ok(曲名命中)	200		http://www.jianpu.cn/pu/47/475660.htm	http://www.jianpu.cn/pu/47/475660.htm	学厨艺 朱国鑫词曲 歌谱简谱网	学厨艺
jianpujia-26520	jianpujia	ok(曲名命中)	200		https://www.jianpujia.com/jianpu/26520.html	https://www.jianpujia.com/jianpu/26520.html	学习雷锋好榜样简谱(歌词)_儿歌_陈洲宏_记谱-免费下载-简谱之家	学习雷锋好榜样
qupu123-333661	qupu123	ok(曲名命中)	200		https://www.qupu123.com/tongsu/sanzi/p333661.html	https://www.qupu123.com/tongsu/sanzi/p333661.html	孟婆汤 _通俗曲谱_中国曲谱网	孟婆汤
jianpucn-475663	jianpucn	ok(曲名命中)	200		http://www.jianpu.cn/pu/47/475663.htm	http://www.jianpu.cn/pu/47/475663.htm	学工歌 朱国鑫词曲 歌谱简谱网	学工歌
qupu123-328280	qupu123	ok(曲名命中)	200		https://www.qupu123.com/shaoer/erziyixia/p328280.html	https://www.qupu123.com/shaoer/erziyixia/p328280.html	孤儿 _少儿曲谱_中国曲谱网	孤儿
jianpucn-475889	jianpucn	ok(曲名命中)	200		http://www.jianpu.cn/pu/47/475889.htm	http://www.jianpu.cn/pu/47/475889.htm	学校之歌 白云前 歌谱简谱网	学校之歌
jianpucn-475615	jianpucn	ok(曲名命中)	200		http://www.jianpu.cn/pu/47/475615.htm	http://www.jianpu.cn/pu/47/475615.htm	学电脑 朱国鑫词曲 歌谱简谱网	学电脑
qupu123-318153	qupu123	ok(曲名命中)	200		https://www.qupu123.com/hechang/qizi/p318153.html	https://www.qupu123.com/hechang/qizi/p318153.html	孤独的小骆驼羔 _合唱曲谱_中国曲谱网	孤独的小骆驼羔
jianpucn-64131	jianpucn	ok(曲名命中)	200		http://www.jianpu.cn/pu/64/64131.htm	http://www.jianpu.cn/pu/64/64131.htm	宁夏 歌曲类 简谱 歌谱简谱网	宁夏 歌曲类
qupu123-370980	qupu123	ok(曲名命中)	200		https://www.qupu123.com/tongsu/wuzi/p370980.html	https://www.qupu123.com/tongsu/wuzi/p370980.html	孤独的小鸟 _通俗曲谱_中国曲谱网	孤独的小鸟
jianpucn-55717	jianpucn	ok(曲名命中)	200		http://www.jianpu.cn/pu/55/55717.htm	http://www.jianpu.cn/pu/55/55717.htm	宁夏恋 歌谱简谱网	宁夏恋
jianpucn-157641	jianpucn	ok(曲名命中)	200		http://www.jianpu.cn/pu/15/157641.htm	http://www.jianpu.cn/pu/15/157641.htm	宁愿我伤心 歌谱简谱网	宁愿我伤心
jianpucn-190354	jianpucn	ok(曲名命中)	200		http://www.jianpu.cn/pu/19/190354.htm	http://www.jianpu.cn/pu/19/190354.htm	宁静的夏天 歌谱简谱网	宁静的夏天
jianpucn-205655	jianpucn	ok(原记录标题命中)	200		http://www.jianpu.cn/pu/20/205655.htm	http://www.jianpu.cn/pu/20/205655.htm	守候在凌晨200的伤心Show 歌谱简谱网	守候在凌晨200的伤心Show bar
qupu123-333794	qupu123	ok(曲名命中)	200		https://www.qupu123.com/tongsu/sizi/p333794.html	https://www.qupu123.com/tongsu/sizi/p333794.html	宁在宁国 _通俗曲谱_中国曲谱网	宁在宁国
jianpucn-451556	jianpucn	ok(曲名命中)	200		http://www.jianpu.cn/pu/45/451556.htm	http://www.jianpu.cn/pu/45/451556.htm	守望草原（2021藏历春节联欢晚会）） 降央卓玛 歌谱简谱网	守望草原
qupu123-239670	qupu123	ok(曲名命中)	200		https://www.qupu123.com/shaoer/sanzi/p239670.html	https://www.qupu123.com/shaoer/sanzi/p239670.html	宁夏娃 _少儿曲谱_中国曲谱网	宁夏娃
jianpucn-222915	jianpucn	ok(曲名命中)	200		http://www.jianpu.cn/pu/22/222915.htm	http://www.jianpu.cn/pu/22/222915.htm	安全为天 歌谱简谱网	安全为天
qupu123-372875	qupu123	ok(曲名命中)	200		https://www.qupu123.com/puyou/shangchuan/p372875.html	https://www.qupu123.com/puyou/shangchuan/p372875.html	孤勇者 （简谱）_谱友园地_中国曲谱网	孤勇者
jianpucn-223231	jianpucn	ok(曲名命中)	200		http://www.jianpu.cn/pu/22/223231.htm	http://www.jianpu.cn/pu/22/223231.htm	安全为天 带伴唱 歌谱简谱网	安全为天 带伴唱
qupu123-316897	qupu123	ok(曲名命中)	200		https://www.qupu123.com/hechang/sanzi/p316897.html	https://www.qupu123.com/hechang/sanzi/p316897.html	宁夏赋 _合唱曲谱_中国曲谱网	宁夏赋
qupu123-333294	qupu123	ok(曲名命中)	200		https://www.qupu123.com/tongsu/wuzi/p333294.html	https://www.qupu123.com/tongsu/wuzi/p333294.html	守岛的士兵 _通俗曲谱_中国曲谱网	守岛的士兵
qupu123-317991	qupu123	ok(曲名命中)	200		https://www.qupu123.com/hechang/sizi/p317991.html	https://www.qupu123.com/hechang/sizi/p317991.html	守望平安 （胡志文词 姚易林曲）_合唱曲谱_中国曲谱网	守望平安
jianpujia-22004	jianpujia	ok(曲名命中)	200		https://www.jianpujia.com/jianpu/22004.html	https://www.jianpujia.com/jianpu/22004.html	安眠药简谱_张禄籴演唱_孙世彦制谱-免费下载-简谱之家	安眠药
qupu123-396365	qupu123	ok(曲名命中)	200		https://www.qupu123.com/puyou/shangchuan/p396365.html	https://www.qupu123.com/puyou/shangchuan/p396365.html	守望青春 _绿荆学谱原创曲谱专栏_中国曲谱网	守望青春
qupu123-319402	qupu123	打不开:URLError	0		https://www.qupu123.com/shaoer/sizi/p319402.html	https://www.qupu123.com/shaoer/sizi/p319402.html		妈妈真好
jianpujia-404844	jianpujia	ok(曲名命中)	200		https://www.jianpujia.com/jianpu/404844.html	https://www.jianpujia.com/jianpu/404844.html	安静周杰伦词曲、带和弦谱简谱_周杰伦演唱_周杰伦/周杰伦词曲-免费下载-简谱之家	安静周杰伦
qupu123-333038	qupu123	ok(曲名命中)	200		https://www.qupu123.com/minge/wuzi/p333038.html	https://www.qupu123.com/minge/wuzi/p333038.html	安全生产歌 _民歌曲谱_中国曲谱网	安全生产歌
qupu123-328860	qupu123	打不开:URLError	0		https://www.qupu123.com/shaoer/wuzi/p328860.html	https://www.qupu123.com/shaoer/wuzi/p328860.html		娃娃睡着了
jianpucn-61028	jianpucn	ok(曲名命中)	200		http://www.jianpu.cn/pu/61/61028.htm	http://www.jianpu.cn/pu/61/61028.htm	完美生活 歌谱简谱网	完美生活
qupu123-252660	qupu123	ok(曲名命中)	200		https://www.qupu123.com/jipu/p252660.html	https://www.qupu123.com/jipu/p252660.html	安和桥 __中国曲谱网	安和桥
qupu123-330351	qupu123	打不开:URLError	0		https://www.qupu123.com/shaoer/wuzi/p330351.html	https://www.qupu123.com/shaoer/wuzi/p330351.html		娃娃和星星
jianpujia-74161	jianpujia	ok(曲名命中)	200		https://www.jianpujia.com/jianpu/74161.html	https://www.jianpujia.com/jianpu/74161.html	完美生活简谱_许巍演唱-免费下载-简谱之家	完美生活
qupu123-332496	qupu123	ok(曲名命中)	200		https://www.qupu123.com/hechang/wuzi/p332496.html	https://www.qupu123.com/hechang/wuzi/p332496.html	安顺屯堡人 _合唱曲谱_中国曲谱网	安顺屯堡人
jianpucn-475898	jianpucn	ok(曲名命中)	200		http://www.jianpu.cn/pu/47/475898.htm	http://www.jianpu.cn/pu/47/475898.htm	宜昌队 蒋蒋 歌谱简谱网	宜昌队
qupu123-333817	qupu123	ok(曲名命中)	200		https://www.qupu123.com/hechang/wuzi/p333817.html	https://www.qupu123.com/hechang/wuzi/p333817.html	安顺我的家 _合唱曲谱_中国曲谱网	安顺我的家
jianpucn-51577	jianpucn	ok(曲名命中)	200		http://www.jianpu.cn/pu/51/51577.htm	http://www.jianpu.cn/pu/51/51577.htm	宠爱 歌谱简谱网	宠爱
jianpujia-7152	jianpujia	ok(曲名命中)	200		https://www.jianpujia.com/jianpu/7152.html	https://www.jianpujia.com/jianpu/7152.html	宝贝宝贝简谱_儿歌_你就是我的宝贝啊-免费下载-简谱之家	宝贝宝贝
jianpucn-210172	jianpucn	ok(曲名命中)	200		http://www.jianpu.cn/pu/21/210172.htm	http://www.jianpu.cn/pu/21/210172.htm	客天下 歌谱简谱网	客天下
qupu123-375484	qupu123	ok(曲名命中)	200		https://www.qupu123.com/waiguo/waiwen/p375484.html	https://www.qupu123.com/waiguo/waiwen/p375484.html	宏愿 （High Hopes）_外国曲谱_中国曲谱网	宏愿
jianpucn-280697	jianpucn	ok(曲名命中)	200		http://www.jianpu.cn/pu/28/280697.htm	http://www.jianpu.cn/pu/28/280697.htm	宫廷宴舞 蔡幸娟 歌谱简谱网	宫廷宴舞
jianpucn-46452	jianpucn	ok(原记录标题命中)	200		http://www.jianpu.cn/pu/46/46452.htm	http://www.jianpu.cn/pu/46/46452.htm	家 歌谱简谱网	家
jianpujia-319269	jianpujia	ok(原记录标题命中)	200		https://www.jianpujia.com/jianpu/319269.html	https://www.jianpujia.com/jianpu/319269.html	家在草原根在草原手稿版简谱_东方红艳演唱_赵铁民/李悠扬词曲-免费下载-简谱之家	家
jianpucn-52804	jianpucn	ok(原记录标题命中)	200		http://www.jianpu.cn/pu/52/52804.htm	http://www.jianpu.cn/pu/52/52804.htm	家 歌谱简谱网	家
jianpucn-9389	jianpucn	ok(原记录标题命中)	200		http://www.jianpu.cn/pu/93/9389.htm	http://www.jianpu.cn/pu/93/9389.htm	家 歌谱简谱网	家
qupu123-329449	qupu123	ok(曲名命中)	200		https://www.qupu123.com/hechang/qizi/p329449.html	https://www.qupu123.com/hechang/qizi/p329449.html	定教山河换新装 （新闻纪录影片《红旗渠》主题歌）_合唱曲谱_中国曲谱网	定教山河换新装
jianpucn-310298	jianpucn	ok(曲名命中)	200		http://www.jianpu.cn/pu/31/310298.htm	http://www.jianpu.cn/pu/31/310298.htm	家乡有座光雾山 王宏伟 歌谱简谱网	家乡有座光雾山
qupu123-343897	qupu123	ok(曲名命中)	200		https://www.qupu123.com/puyou/shangchuan/p343897.html	https://www.qupu123.com/puyou/shangchuan/p343897.html	安河桥 （拇指琴卡林巴琴和弦简谱）_谱友园地_中国曲谱网	安河桥
jianpucn-51669	jianpucn	ok(曲名命中)	200		http://www.jianpu.cn/pu/51/51669.htm	http://www.jianpu.cn/pu/51/51669.htm	家乡有条猛洞河 歌谱简谱网	家乡有条猛洞河
jianpucn-53571	jianpucn	ok(曲名命中)	200		http://www.jianpu.cn/pu/53/53571.htm	http://www.jianpu.cn/pu/53/53571.htm	家乡的明月边关的雪 歌谱简谱网	家乡的明月边关的雪
qupu123-325305	qupu123	ok(曲名命中)	200		https://www.qupu123.com/hechang/sizi/p325305.html	https://www.qupu123.com/hechang/sizi/p325305.html	客家妹子 （找铭鹰词 刘鸣钟曲）_合唱曲谱_中国曲谱网	客家妹子
jianpucn-205336	jianpucn	ok(曲名命中)	200		http://www.jianpu.cn/pu/20/205336.htm	http://www.jianpu.cn/pu/20/205336.htm	家乡茶正浓 歌谱简谱网	家乡茶正浓
qupu123-328264	qupu123	ok(曲名命中)	200		https://www.qupu123.com/shaoer/erziyixia/p328264.html	https://www.qupu123.com/shaoer/erziyixia/p328264.html	客来 _少儿曲谱_中国曲谱网	客来
qupu123-333234	qupu123	打不开:URLError	0		https://www.qupu123.com/tongsu/sanzi/p333234.html	https://www.qupu123.com/tongsu/sanzi/p333234.html		孤儿泪
qupu123-335405	qupu123	ok(曲名命中)	200		https://www.qupu123.com/shaoer/qizi/p335405.html	https://www.qupu123.com/shaoer/qizi/p335405.html	家乡有座石板桥 _少儿曲谱_中国曲谱网	家乡有座石板桥
jianpucn-410935	jianpucn	ok(曲名命中)	200		http://www.jianpu.cn/pu/41/410935.htm	http://www.jianpu.cn/pu/41/410935.htm	家住渭水边 张也 歌谱简谱网	家住渭水边
jianpucn-35788	jianpucn	ok(曲名命中)	200		http://www.jianpu.cn/pu/35/35788.htm	http://www.jianpu.cn/pu/35/35788.htm	家住黄河口 歌谱简谱网	家住黄河口
qupu123-333746	qupu123	ok(原记录标题命中)	200		https://www.qupu123.com/shaoer/erziyixia/p333746.html	https://www.qupu123.com/shaoer/erziyixia/p333746.html	家 （邱望湘词 佚名曲）_少儿曲谱_中国曲谱网	家
jianpucn-60592	jianpucn	ok(曲名命中)	200		http://www.jianpu.cn/pu/60/60592.htm	http://www.jianpu.cn/pu/60/60592.htm	家和万事兴 歌谱简谱网	家和万事兴
qupu123-328395	qupu123	打不开:URLError	0		https://www.qupu123.com/shaoer/sanzi/p328395.html	https://www.qupu123.com/shaoer/sanzi/p328395.html		学妈妈
qupu123-335404	qupu123	ok(曲名命中)	200		https://www.qupu123.com/shaoer/qizi/p335404.html	https://www.qupu123.com/shaoer/qizi/p335404.html	家乡有条孔雀河 _少儿曲谱_中国曲谱网	家乡有条孔雀河
qupu123-333389	qupu123	ok(曲名命中)	200		https://www.qupu123.com/minge/wuzi/p333389.html	https://www.qupu123.com/minge/wuzi/p333389.html	家乡的小河 （王培清词 薛东福曲）_民歌曲谱_中国曲谱网	家乡的小河
qupu123-334870	qupu123	ok(曲名命中)	200		https://www.qupu123.com/minge/sizi/p334870.html	https://www.qupu123.com/minge/sizi/p334870.html	家乡真美 _民歌曲谱_中国曲谱网	家乡真美
qupu123-320587	qupu123	ok(曲名命中)	200		https://www.qupu123.com/hechang/sanzi/p320587.html	https://www.qupu123.com/hechang/sanzi/p320587.html	家乡赞 （王文松词 王澄泉曲、无伴奏合唱）_合唱曲谱_中国曲谱网	家乡赞
qupu123-335403	qupu123	ok(曲名命中)	200		https://www.qupu123.com/shaoer/sanzi/p335403.html	https://www.qupu123.com/shaoer/sanzi/p335403.html	家园美 _少儿曲谱_中国曲谱网	家园美
jianpucn-128021	jianpucn	ok(曲名命中)	200		http://www.jianpu.cn/pu/12/128021.htm	http://www.jianpu.cn/pu/12/128021.htm	家有九凤(同名电视剧片尾曲) 歌谱简谱网	家有九凤
qupu123-316898	qupu123	打不开:URLError	0		https://www.qupu123.com/hechang/sanzi/p316898.html	https://www.qupu123.com/hechang/sanzi/p316898.html		宁夏好
qupu123-333028	qupu123	ok(曲名命中)	200		https://www.qupu123.com/minge/qizi/p333028.html	https://www.qupu123.com/minge/qizi/p333028.html	家在两江四湖住 _民歌曲谱_中国曲谱网	家在两江四湖住
jianpucn-475838	jianpucn	ok(曲名命中)	200		http://www.jianpu.cn/pu/47/475838.htm	http://www.jianpu.cn/pu/47/475838.htm	宾至房山 赵国刚 歌谱简谱网	宾至房山
qupu123-370067	qupu123	ok(曲名命中)	200		https://www.qupu123.com/meisheng/sizi/p370067.html	https://www.qupu123.com/meisheng/sizi/p370067.html	家在心上 _美声曲谱_中国曲谱网	家在心上
jianpucn-109473	jianpucn	ok(曲名命中)	200		http://www.jianpu.cn/pu/10/109473.htm	http://www.jianpu.cn/pu/10/109473.htm	寂寞无声（简谱版） 歌谱简谱网	寂寞无声
jianpucn-36410	jianpucn	ok(曲名命中)	200		http://www.jianpu.cn/pu/36/36410.htm	http://www.jianpu.cn/pu/36/36410.htm	寂寞的恋人 歌谱简谱网	寂寞的恋人
qupu123-336166	qupu123	ok(曲名命中)	200		https://www.qupu123.com/minge/liuzi/p336166.html	https://www.qupu123.com/minge/liuzi/p336166.html	家姑娘过山来 （金鸿为词 张同明曲）_民歌曲谱_中国曲谱网	家姑娘过山来
qupu123-267249	qupu123	ok(曲名命中)	200		https://www.qupu123.com/jipu/p267249.html	https://www.qupu123.com/jipu/p267249.html	家乡 （韩红词曲）_岭南印象个人制谱园地_中国曲谱网	家乡
jianpucn-119726	jianpucn	ok(曲名命中)	200		http://www.jianpu.cn/pu/11/119726.htm	http://www.jianpu.cn/pu/11/119726.htm	寂寞的恋人啊 歌谱简谱网	寂寞的恋人啊
qupu123-334486	qupu123	ok(曲名命中)	200		https://www.qupu123.com/tongsu/liuzi/p334486.html	https://www.qupu123.com/tongsu/liuzi/p334486.html	家教家风之歌 _通俗曲谱_中国曲谱网	家教家风之歌
jianpucn-64315	jianpucn	ok(曲名命中)	200		http://www.jianpu.cn/pu/64/64315.htm	http://www.jianpu.cn/pu/64/64315.htm	寂寞难耐 歌曲类 简谱 歌谱简谱网	寂寞难耐 歌曲类
jianpujia-18366	jianpujia	ok(曲名命中)	200		https://www.jianpujia.com/jianpu/18366.html	https://www.jianpujia.com/jianpu/18366.html	寂寞的花季简谱(歌词)_邓丽君演唱_王wzh曲谱-免费下载-简谱之家	寂寞的花季
qupu123-333734	qupu123	ok(曲名命中)	200		https://www.qupu123.com/minge/sanzi/p333734.html	https://www.qupu123.com/minge/sanzi/p333734.html	家是妈 （王培清词 廖伟鉴曲）_民歌曲谱_中国曲谱网	家是妈
jianpucn-224832	jianpucn	ok(曲名命中)	200		http://www.jianpu.cn/pu/22/224832.htm	http://www.jianpu.cn/pu/22/224832.htm	寄一片绿叶到草原 歌谱简谱网	寄一片绿叶到草原
jianpucn-475792	jianpucn	ok(曲名命中)	200		http://www.jianpu.cn/pu/47/475792.htm	http://www.jianpu.cn/pu/47/475792.htm	寄明月 SING女团 歌谱简谱网	寄明月
qupu123-361421	qupu123	ok(曲名命中)	200		https://www.qupu123.com/yuanchuang/p361421.html	https://www.qupu123.com/yuanchuang/p361421.html	容易受伤的女人 （乐队总谱）_琴音无邪原创曲谱专栏_中国曲谱网	容易受伤的女人
qupu123-16148	qupu123	ok(曲名命中)	200		https://www.qupu123.com/tongsu/bazi/p16148.html	https://www.qupu123.com/tongsu/bazi/p16148.html	寂寞伴着酒精入睡简谱（电视剧《小李飞刀》插曲）_通俗曲谱_中国曲谱网	寂寞伴着酒精入睡
jianpucn-401256	jianpucn	ok(曲名命中)	200		http://www.jianpu.cn/pu/40/401256.htm	http://www.jianpu.cn/pu/40/401256.htm	富士山下 陈奕迅 歌谱简谱网	富士山下
jianpujia-18376	jianpujia	ok(曲名命中)	200		https://www.jianpujia.com/jianpu/18376.html	https://www.jianpujia.com/jianpu/18376.html	寄语多情人简谱(歌词)_邓丽君演唱_王wzh曲谱-免费下载-简谱之家	寄语多情人
qupu123-329355	qupu123	打不开:URLError	0		https://www.qupu123.com/hechang/liuzi/p329355.html	https://www.qupu123.com/hechang/liuzi/p329355.html		安全巡检之歌
qupu123-332839	qupu123	ok(曲名命中)	200		https://www.qupu123.com/tongsu/sizi/p332839.html	https://www.qupu123.com/tongsu/sizi/p332839.html	寂寞成灾 _通俗曲谱_中国曲谱网	寂寞成灾
jianpucn-458037	jianpucn	ok(曲名命中)	200		http://www.jianpu.cn/pu/45/458037.htm	http://www.jianpu.cn/pu/45/458037.htm	寒蝉凄切（亦弛记谱）（一名《雨霖铃》） 宋祖英 歌谱简谱网	寒蝉凄切
jianpujia-15781	jianpujia	ok(曲名命中)	200		https://www.jianpujia.com/jianpu/15781.html	https://www.jianpujia.com/jianpu/15781.html	富士山下简谱_陈奕迅_爱情转移粤语版-免费下载-简谱之家	富士山下
qupu123-382747	qupu123	ok(曲名命中)	200		https://www.qupu123.com/tongsu/wuzi/p382747.html	https://www.qupu123.com/tongsu/wuzi/p382747.html	寂寞沙洲冷 _通俗曲谱_中国曲谱网	寂寞沙洲冷
jianpucn-424054	jianpucn	ok(曲名命中)	200		http://www.jianpu.cn/pu/42/424054.htm	http://www.jianpu.cn/pu/42/424054.htm	寒鸦少年《斗破苍穹》主题曲 华晨宇 歌谱简谱网	寒鸦少年《斗破苍穹》主题曲
qupu123-334875	qupu123	ok(曲名命中)	200		https://www.qupu123.com/tongsu/bazi/p334875.html	https://www.qupu123.com/tongsu/bazi/p334875.html	寂寞的风寂寞的雨 _通俗曲谱_中国曲谱网	寂寞的风寂寞的雨
jianpujia-314263	jianpujia	ok(曲名命中)	200		https://www.jianpujia.com/jianpu/314263.html	https://www.jianpujia.com/jianpu/314263.html	对花安徽民歌经典民歌100首简谱-免费下载-简谱之家	对花安徽民歌经典民歌100首
jianpucn-58033	jianpucn	ok(曲名命中)	200		http://www.jianpu.cn/pu/58/58033.htm	http://www.jianpu.cn/pu/58/58033.htm	寡妇村传奇 歌谱简谱网	寡妇村传奇
qupu123-291018	qupu123	打不开:URLError	0		https://www.qupu123.com/tongsu/erziyixia/p291018.html	https://www.qupu123.com/tongsu/erziyixia/p291018.html		安静
qupu123-375490	qupu123	ok(曲名命中)	200		https://www.qupu123.com/waiguo/waiwen/p375490.html	https://www.qupu123.com/waiguo/waiwen/p375490.html	密西西比河泥 （Mississippi Mud）_外国曲谱_中国曲谱网	密西西比河泥
jianpujia-314266	jianpujia	ok(原记录标题命中)	200		https://www.jianpujia.com/jianpu/314266.html	https://www.jianpujia.com/jianpu/314266.html	对花河北民歌经典民歌100首简谱-免费下载-简谱之家	对_河
jianpucn-205002	jianpucn	ok(曲名命中)	200		http://www.jianpu.cn/pu/20/205002.htm	http://www.jianpu.cn/pu/20/205002.htm	寸寸河山寸寸金 歌谱简谱网	寸寸河山寸寸金
qupu123-394898	qupu123	ok(曲名命中)	200		https://www.qupu123.com/tongsu/jiuziyishang/p394898.html	https://www.qupu123.com/tongsu/jiuziyishang/p394898.html	富貴花開迎新年 (修復版) _天恩原创曲谱专栏_中国曲谱网	富貴花開迎新年
jianpucn-209614	jianpucn	ok(曲名命中)	200		http://www.jianpu.cn/pu/20/209614.htm	http://www.jianpu.cn/pu/20/209614.htm	对酒歌 歌谱简谱网	对酒歌
jianpucn-419128	jianpucn	ok(曲名命中)	200		http://www.jianpu.cn/pu/41/419128.htm	http://www.jianpu.cn/pu/41/419128.htm	寻找然乌湖 阎维文 歌谱简谱网	寻找然乌湖
qupu123-203871	qupu123	ok(曲名命中)	200		https://www.qupu123.com/tongsu/liuzi/p203871.html	https://www.qupu123.com/tongsu/liuzi/p203871.html	对不起我爱你 （电视剧《今生无悔》插曲）_通俗曲谱_中国曲谱网	对不起我爱你
qupu123-333815	qupu123	打不开:URLError	0		https://www.qupu123.com/hechang/sanzi/p333815.html	https://www.qupu123.com/hechang/sanzi/p333815.html		安顺谣
jianpucn-96562	jianpucn	ok(曲名命中)	200		http://www.jianpu.cn/pu/96/96562.htm	http://www.jianpu.cn/pu/96/96562.htm	寻找莫扎特 歌谱简谱网	寻找莫扎特
qupu123-335875	qupu123	ok(曲名命中)	200		https://www.qupu123.com/tongsu/sizi/p335875.html	https://www.qupu123.com/tongsu/sizi/p335875.html	寒鸦少年 _通俗曲谱_中国曲谱网	寒鸦少年
jianpucn-48932	jianpucn	ok(曲名命中)	200		http://www.jianpu.cn/pu/48/48932.htm	http://www.jianpu.cn/pu/48/48932.htm	寻根 歌谱简谱网	寻根
qupu123-269030	qupu123	ok(曲名命中)	200		https://www.qupu123.com/jipu/p269030.html	https://www.qupu123.com/jipu/p269030.html	对你爱不完 （陈乐融词 陈乐融曲）_岭南印象个人制谱园地_中国曲谱网	对你爱不完
jianpujia-12665	jianpujia	ok(曲名命中)	200		https://www.jianpujia.com/jianpu/12665.html	https://www.jianpujia.com/jianpu/12665.html	寻胡隐君简谱(歌词)_小海龟演唱组演唱_桃李醉春风记谱-免费下载-简谱之家	寻胡隐君
jianpucn-294336	jianpucn	ok(曲名命中)	200		http://www.jianpu.cn/pu/29/294336.htm	http://www.jianpu.cn/pu/29/294336.htm	寻梦峎山 张也 歌谱简谱网	寻梦峎山
jianpujia-15236	jianpujia	ok(曲名命中)	200		https://www.jianpujia.com/jianpu/15236.html	https://www.jianpujia.com/jianpu/15236.html	将军令简谱_五月天_但使龙城飞将在不教胡马度阴山-免费下载-简谱之家	将军令
jianpucn-41367	jianpucn	ok(曲名命中)	200		http://www.jianpu.cn/pu/41/41367.htm	http://www.jianpu.cn/pu/41/41367.htm	将军 歌谱简谱网	将军
jianpujia-150237	jianpujia	ok(曲名命中)	200		https://www.jianpujia.com/jianpu/150237.html	https://www.jianpujia.com/jianpu/150237.html	将军令钢琴简谱_五月天演唱-免费下载-简谱之家	将军令
qupu123-1154	qupu123	ok(曲名命中)	200		https://www.qupu123.com/tongsu/bazi/p1154.html	https://www.qupu123.com/tongsu/bazi/p1154.html	对面的女孩看过来简谱_通俗曲谱_中国曲谱网	对面的女孩看过来
jianpucn-146297	jianpucn	ok(曲名命中)	200		http://www.jianpu.cn/pu/14/146297.htm	http://www.jianpu.cn/pu/14/146297.htm	将军的故乡 歌谱简谱网	将军的故乡
qupu123-335657	qupu123	ok(曲名命中)	200		https://www.qupu123.com/minge/wuzi/p335657.html	https://www.qupu123.com/minge/wuzi/p335657.html	寻一城莲香 _民歌曲谱_中国曲谱网	寻一城莲香
jianpucn-210554	jianpucn	ok(曲名命中)	200		http://www.jianpu.cn/pu/21/210554.htm	http://www.jianpu.cn/pu/21/210554.htm	将军行 歌谱简谱网	将军行
jianpujia-387907	jianpujia	ok(曲名命中)	200		https://www.jianpujia.com/jianpu/387907.html	https://www.jianpujia.com/jianpu/387907.html	小丑钢琴简谱_毛不易演唱-免费下载-简谱之家	小丑
qupu123-396475	qupu123	ok(曲名命中)	200		https://www.qupu123.com/puyou/shangchuan/p396475.html	https://www.qupu123.com/puyou/shangchuan/p396475.html	将军石 _崀Lang颂Song原创曲谱专栏_中国曲谱网	将军石
jianpucn-475628	jianpucn	ok(曲名命中)	200		http://www.jianpu.cn/pu/47/475628.htm	http://www.jianpu.cn/pu/47/475628.htm	小上海 朱国鑫词曲 歌谱简谱网	小上海
qupu123-382162	qupu123	ok(曲名命中)	200		https://www.qupu123.com/tongsu/sanzi/p382162.html	https://www.qupu123.com/tongsu/sanzi/p382162.html	将进酒 _通俗曲谱_中国曲谱网	将进酒
jianpucn-158118	jianpucn	ok(曲名命中)	200		http://www.jianpu.cn/pu/15/158118.htm	http://www.jianpu.cn/pu/15/158118.htm	小乖乖【彩谱】 歌谱简谱网	小乖乖
jianpucn-148589	jianpucn	ok(曲名命中)	200		http://www.jianpu.cn/pu/14/148589.htm	http://www.jianpu.cn/pu/14/148589.htm	小亲亲.费玉清【彩谱】 歌谱简谱网	小亲亲.费玉清【彩谱】
qupu123-382258	qupu123	ok(曲名命中)	200		https://www.qupu123.com/tongsu/erziyixia/p382258.html	https://www.qupu123.com/tongsu/erziyixia/p382258.html	小丑 _通俗曲谱_中国曲谱网	小丑
qupu123-321137	qupu123	ok(曲名命中)	200		https://www.qupu123.com/shaoer/sanzi/p321137.html	https://www.qupu123.com/shaoer/sanzi/p321137.html	小乌鸦 （刘志毅词 张朱论曲）_少儿曲谱_中国曲谱网	小乌鸦
jianpujia-13170	jianpujia	ok(曲名命中)	200		https://www.jianpujia.com/jianpu/13170.html	https://www.jianpujia.com/jianpu/13170.html	小儿语简谱(歌词)_小海龟演唱组演唱_桃李醉春风记谱-免费下载-简谱之家	小儿语
jianpujia-15776	jianpujia	ok(曲名命中)	200		https://www.jianpujia.com/jianpu/15776.html	https://www.jianpujia.com/jianpu/15776.html	小兔子乖乖简谱_儿歌_妈妈没回来_谁来也不开-免费下载-简谱之家	小兔子乖乖
qupu123-331154	qupu123	ok(曲名命中)	200		https://www.qupu123.com/shaoer/sanzi/p331154.html	https://www.qupu123.com/shaoer/sanzi/p331154.html	小乌龟 （王子仑词 张文曲）_少儿曲谱_中国曲谱网	小乌龟
qupu123-333939	qupu123	ok(曲名命中)	200		https://www.qupu123.com/minge/liuzi/p333939.html	https://www.qupu123.com/minge/liuzi/p333939.html	小人物的幸福 （赵大伟词 武俊毅曲）_民歌曲谱_中国曲谱网	小人物的幸福
qupu123-334932	qupu123	ok(曲名命中)	200		https://www.qupu123.com/shaoer/sanzi/p334932.html	https://www.qupu123.com/shaoer/sanzi/p334932.html	小伴龙 （声乐+伴奏）_少儿曲谱_中国曲谱网	小伴龙
qupu123-328406	qupu123	ok(曲名命中)	200		https://www.qupu123.com/shaoer/sanzi/p328406.html	https://www.qupu123.com/shaoer/sanzi/p328406.html	小企鹅 （千红词 罗晓航曲）_少儿曲谱_中国曲谱网	小企鹅
qupu123-327854	qupu123	ok(曲名命中)	200		https://www.qupu123.com/shaoer/liuzi/p327854.html	https://www.qupu123.com/shaoer/liuzi/p327854.html	小兔——菲菲 （电视动画片《小兔菲菲》主题歌）_少儿曲谱_中国曲谱网	小兔——菲菲
qupu123-328294	qupu123	ok(曲名命中)	200		https://www.qupu123.com/shaoer/sizi/p328294.html	https://www.qupu123.com/shaoer/sizi/p328294.html	小兔跳跳 （丁荣华词 罗晓航曲）_少儿曲谱_中国曲谱网	小兔跳跳
jianpucn-231999	jianpucn	ok(曲名命中)	200		http://www.jianpu.cn/pu/23/231999.htm	http://www.jianpu.cn/pu/23/231999.htm	小城故事 两版本— 歌谱简谱网	小城故事
qupu123-320481	qupu123	ok(曲名命中)	200		https://www.qupu123.com/shaoer/liuzi/p320481.html	https://www.qupu123.com/shaoer/liuzi/p320481.html	小刺猬摘草莓 _少儿曲谱_中国曲谱网	小刺猬摘草莓
qupu123-328282	qupu123	ok(曲名命中)	200		https://www.qupu123.com/shaoer/sanzi/p328282.html	https://www.qupu123.com/shaoer/sanzi/p328282.html	小刘栓 _少儿曲谱_中国曲谱网	小刘栓
jianpucn-472992	jianpucn	ok(曲名命中)	200		http://www.jianpu.cn/pu/47/472992.htm	http://www.jianpu.cn/pu/47/472992.htm	小城故事怀旧经典 邓丽君 歌谱简谱网	小城故事
qupu123-266452	qupu123	ok(曲名命中)	200		https://www.qupu123.com/jipu/p266452.html	https://www.qupu123.com/jipu/p266452.html	小半 _桃李醉春风个人制谱园地_中国曲谱网	小半
jianpujia-18149	jianpujia	ok(曲名命中)	200		https://www.jianpujia.com/jianpu/18149.html	https://www.jianpujia.com/jianpu/18149.html	小城故事简谱(歌词)_邓丽君演唱_君羊曲谱-免费下载-简谱之家	小城故事
jianpucn-469451	jianpucn	ok(曲名命中)	200		http://www.jianpu.cn/pu/46/469451.htm	http://www.jianpu.cn/pu/46/469451.htm	小城故事编号-004 邓丽君 歌谱简谱网	小城故事
jianpujia-148668	jianpujia	ok(曲名命中)	200		https://www.jianpujia.com/jianpu/148668.html	https://www.jianpujia.com/jianpu/148668.html	小城故事钢琴简谱_邓丽君演唱-免费下载-简谱之家	小城故事
jianpucn-147493	jianpucn	ok(曲名命中)	200		http://www.jianpu.cn/pu/14/147493.htm	http://www.jianpu.cn/pu/14/147493.htm	小太阳 歌谱简谱网	小太阳
jianpucn-234223	jianpucn	ok(曲名命中)	200		http://www.jianpu.cn/pu/23/234223.htm	http://www.jianpu.cn/pu/23/234223.htm	小孙子的吻 歌谱简谱网	小孙子的吻
jianpujia-18683	jianpujia	ok(曲名命中)	200		https://www.jianpujia.com/jianpu/18683.html	https://www.jianpujia.com/jianpu/18683.html	小媳妇回娘家简谱(歌词)_邓丽君演唱_王wzh曲谱-免费下载-简谱之家	小媳妇回娘家
jianpucn-224568	jianpucn	ok(曲名命中)	200		http://www.jianpu.cn/pu/22/224568.htm	http://www.jianpu.cn/pu/22/224568.htm	小孤山 歌谱简谱网	小孤山
jianpujia-406223	jianpujia	ok(曲名命中)	200		https://www.jianpujia.com/jianpu/406223.html	https://www.jianpujia.com/jianpu/406223.html	小小周杰伦词方文山曲小小周杰伦词_方文山曲简谱-免费下载-简谱之家	小小周杰伦词方文山曲
qupu123-277219	qupu123	ok(曲名命中)	200		https://www.qupu123.com/jipu/p277219.html	https://www.qupu123.com/jipu/p277219.html	小城大事 _岭南印象个人制谱园地_中国曲谱网	小城大事
jianpucn-238948	jianpucn	ok(曲名命中)	200		http://www.jianpu.cn/pu/23/238948.htm	http://www.jianpu.cn/pu/23/238948.htm	小小桂花香 殷秀梅 歌谱简谱网	小小桂花香
jianpucn-475912	jianpucn	ok(曲名命中)	200		http://www.jianpu.cn/pu/47/475912.htm	http://www.jianpu.cn/pu/47/475912.htm	小小的暖 歌谱简谱网	小小的暖
jianpujia-18352	jianpujia	ok(曲名命中)	200		https://www.jianpujia.com/jianpu/18352.html	https://www.jianpujia.com/jianpu/18352.html	小小的秘密简谱(歌词)_邓丽君演唱_王wzh曲谱-免费下载-简谱之家	小小的秘密
qupu123-319818	qupu123	ok(曲名命中)	200		https://www.qupu123.com/shaoer/sanzi/p319818.html	https://www.qupu123.com/shaoer/sanzi/p319818.html	小天使 （陈荣来词 陈龙龙曲）_少儿曲谱_中国曲谱网	小天使
qupu123-327863	qupu123	ok(曲名命中)	200		https://www.qupu123.com/shaoer/wuzi/p327863.html	https://www.qupu123.com/shaoer/wuzi/p327863.html	小小月亮船 （电视栏目主题歌、合唱）_少儿曲谱_中国曲谱网	小小月亮船
qupu123-331658	qupu123	ok(曲名命中)	200		https://www.qupu123.com/shaoer/sizi/p331658.html	https://www.qupu123.com/shaoer/sizi/p331658.html	小小的船 （叶圣陶词 唐楚林曲）_少儿曲谱_中国曲谱网	小小的船
qupu123-292846	qupu123	ok(曲名命中)	200		https://www.qupu123.com/tongsu/erziyixia/p292846.html	https://www.qupu123.com/tongsu/erziyixia/p292846.html	小小 （周杰伦词 方文山曲）_通俗曲谱_中国曲谱网	小小
qupu123-335613	qupu123	打不开:URLError	0		https://www.qupu123.com/tongsu/erziyixia/p335613.html	https://www.qupu123.com/tongsu/erziyixia/p335613.html		对你
qupu123-329538	qupu123	ok(曲名命中)	200		https://www.qupu123.com/shaoer/qizi/p329538.html	https://www.qupu123.com/shaoer/qizi/p329538.html	小小羊儿要回家 （故事影片《小小羊儿要回家》选用）_少儿曲谱_中国曲谱网	小小羊儿要回家
jianpucn-316312	jianpucn	ok(曲名命中)	200		http://www.jianpu.cn/pu/31/316312.htm	http://www.jianpu.cn/pu/31/316312.htm	小岛上的蔷薇花 阎维文 歌谱简谱网	小岛上的蔷薇花
jianpucn-159235	jianpucn	ok(曲名命中)	200		http://www.jianpu.cn/pu/15/159235.htm	http://www.jianpu.cn/pu/15/159235.htm	小岛的蔷薇花 歌谱简谱网	小岛的蔷薇花
qupu123-313058	qupu123	打不开:URLError	0		https://www.qupu123.com/meisheng/bazi/p313058.html	https://www.qupu123.com/meisheng/bazi/p313058.html		对岸
jianpujia-9238	jianpujia	ok(曲名命中)	200		https://www.jianpujia.com/jianpu/9238.html	https://www.jianpujia.com/jianpu/9238.html	小小雨点简谱(歌词)—少儿演唱—岭南印象曲谱-免费下载-简谱之家	小小雨点
jianpucn-432499	jianpucn	ok(曲名命中)	200		http://www.jianpu.cn/pu/43/432499.htm	http://www.jianpu.cn/pu/43/432499.htm	小岛蔷薇花（炽炎词 士心曲） 阎维文 歌谱简谱网	小岛蔷薇花
qupu123-321003	qupu123	ok(曲名命中)	200		https://www.qupu123.com/shaoer/sanzi/p321003.html	https://www.qupu123.com/shaoer/sanzi/p321003.html	小小花 _少儿曲谱_中国曲谱网	小小花
qupu123-329413	qupu123	ok(曲名命中)	200		https://www.qupu123.com/shaoer/sizi/p329413.html	https://www.qupu123.com/shaoer/sizi/p329413.html	小小英雄 （木偶影片《小小英雄》主题歌、合唱）_少儿曲谱_中国曲谱网	小小英雄
jianpucn-192023	jianpucn	ok(曲名命中)	200		http://www.jianpu.cn/pu/19/192023.htm	http://www.jianpu.cn/pu/19/192023.htm	小嶶 歌谱简谱网	小嶶
jianpucn-87230	jianpucn	ok(曲名命中)	200		http://www.jianpu.cn/pu/87/87230.htm	http://www.jianpu.cn/pu/87/87230.htm	小微 歌谱简谱网	小微
qupu123-328274	qupu123	ok(曲名命中)	200		https://www.qupu123.com/shaoer/sanzi/p328274.html	https://www.qupu123.com/shaoer/sanzi/p328274.html	小工人 _少儿曲谱_中国曲谱网	小工人
qupu123-321136	qupu123	ok(曲名命中)	200		https://www.qupu123.com/shaoer/jiuziyishang/p321136.html	https://www.qupu123.com/shaoer/jiuziyishang/p321136.html	小巴郎和小古丽 _少儿曲谱_中国曲谱网	小巴郎和小古丽
jianpucn-439529	jianpucn	ok(曲名命中)	200		http://www.jianpu.cn/pu/43/439529.htm	http://www.jianpu.cn/pu/43/439529.htm	小扁担 三尺三 宋祖英 歌谱简谱网	小扁担 三尺三
jianpucn-437160	jianpucn	ok(曲名命中)	200		http://www.jianpu.cn/pu/43/437160.htm	http://www.jianpu.cn/pu/43/437160.htm	小手拉大手( 简和谱 ) 梁静茹 歌谱简谱网	小手拉大手
jianpucn-68627	jianpucn	ok(曲名命中)	200		http://www.jianpu.cn/pu/68/68627.htm	http://www.jianpu.cn/pu/68/68627.htm	小曲好唱口难开 歌谱简谱网	小曲好唱口难开
qupu123-333165	qupu123	ok(曲名命中)	200		https://www.qupu123.com/shaoer/liuzi/p333165.html	https://www.qupu123.com/shaoer/liuzi/p333165.html	小布哨上学校 _少儿曲谱_中国曲谱网	小布哨上学校
qupu123-335980	qupu123	ok(曲名命中)	200		https://www.qupu123.com/shaoer/bazi/p335980.html	https://www.qupu123.com/shaoer/bazi/p335980.html	小巴郎纵情歌唱党 _少儿曲谱_中国曲谱网	小巴郎纵情歌唱党
jianpucn-125319	jianpucn	ok(曲名命中)	200		http://www.jianpu.cn/pu/12/125319.htm	http://www.jianpu.cn/pu/12/125319.htm	小村的故事 歌谱简谱网	小村的故事
qupu123-331660	qupu123	ok(曲名命中)	200		https://www.qupu123.com/shaoer/wuzi/p331660.html	https://www.qupu123.com/shaoer/wuzi/p331660.html	小小音乐家 （续正贵词 傅瑶华曲）_少儿曲谱_中国曲谱网	小小音乐家
jianpujia-148698	jianpujia	ok(曲名命中)	200		https://www.jianpujia.com/jianpu/148698.html	https://www.jianpujia.com/jianpu/148698.html	小星星广告版钢琴简谱_儿歌演唱-免费下载-简谱之家	小星星广告版
qupu123-334058	qupu123	ok(曲名命中)	200		https://www.qupu123.com/minge/jiuziyishang/p334058.html	https://www.qupu123.com/minge/jiuziyishang/p334058.html	小康幸福路，一个不能少 _民歌曲谱_中国曲谱网	小康幸福路，一个不能少
jianpujia-74558	jianpujia	ok(曲名命中)	200		https://www.jianpujia.com/jianpu/74558.html	https://www.jianpujia.com/jianpu/74558.html	小松树简谱_幼儿园儿歌演唱-免费下载-简谱之家	小松树
qupu123-331508	qupu123	打不开:URLError	0		https://www.qupu123.com/shaoer/sanzi/p331508.html	https://www.qupu123.com/shaoer/sanzi/p331508.html		小伙伴
qupu123-330350	qupu123	ok(曲名命中)	200		https://www.qupu123.com/shaoer/sanzi/p330350.html	https://www.qupu123.com/shaoer/sanzi/p330350.html	小木枪 _少儿曲谱_中国曲谱网	小木枪
qupu123-372657	qupu123	ok(曲名命中)	200		https://www.qupu123.com/shaoer/sanzi/p372657.html	https://www.qupu123.com/shaoer/sanzi/p372657.html	小木马 （儿童歌曲）_少儿曲谱_中国曲谱网	小木马
jianpujia-26515	jianpujia	ok(曲名命中)	200		https://www.jianpujia.com/jianpu/26515.html	https://www.jianpujia.com/jianpu/26515.html	小燕子简谱(歌词)_儿歌_陈洲宏记谱-免费下载-简谱之家	小燕子
qupu123-205393	qupu123	ok(曲名命中)	200		https://www.qupu123.com/jipu/p205393.html	https://www.qupu123.com/jipu/p205393.html	小星星 _桃李醉春风个人制谱园地_中国曲谱网	小星星
qupu123-328410	qupu123	打不开:URLError	0		https://www.qupu123.com/shaoer/wuzi/p328410.html	https://www.qupu123.com/shaoer/wuzi/p328410.html		小兔接妈妈
jianpujia-15773	jianpujia	ok(曲名命中)	200		https://www.jianpujia.com/jianpu/15773.html	https://www.jianpujia.com/jianpu/15773.html	小燕子简谱_儿歌经典何以不朽-免费下载-简谱之家	小燕子
qupu123-285697	qupu123	ok(曲名命中)	200		https://www.qupu123.com/jipu/p285697.html	https://www.qupu123.com/jipu/p285697.html	小李飞刀 （二胡谱A调）_松柏山林个人制谱园地_中国曲谱网	小李飞刀
jianpujia-74494	jianpujia	ok(曲名命中)	200		https://www.jianpujia.com/jianpu/74494.html	https://www.jianpujia.com/jianpu/74494.html	小燕子穿花衣简谱_儿歌_电影_护士日记_插曲-免费下载-简谱之家	小燕子穿花衣
qupu123-319817	qupu123	ok(曲名命中)	200		https://www.qupu123.com/shaoer/qizi/p319817.html	https://www.qupu123.com/shaoer/qizi/p319817.html	小树小树你几岁 （黄灿词 陈雄曲）_少儿曲谱_中国曲谱网	小树小树你几岁
qupu123-330643	qupu123	ok(曲名命中)	200		https://www.qupu123.com/shaoer/liuzi/p330643.html	https://www.qupu123.com/shaoer/liuzi/p330643.html	小格桑的歌唱 _少儿曲谱_中国曲谱网	小格桑的歌唱
jianpujia-26477	jianpujia	ok(曲名命中)	200		https://www.jianpujia.com/jianpu/26477.html	https://www.jianpujia.com/jianpu/26477.html	小猪吃得饱饱简谱(歌词)_儿歌_陈洲宏记谱-免费下载-简谱之家	小猪吃得饱饱
jianpujia-26275	jianpujia	ok(曲名命中)	200		https://www.jianpujia.com/jianpu/26275.html	https://www.jianpujia.com/jianpu/26275.html	小白船简谱(歌词)_儿歌_暖儿曲谱-免费下载-简谱之家	小白船
qupu123-335218	qupu123	ok(曲名命中)	200		https://www.qupu123.com/minge/sanzi/p335218.html	https://www.qupu123.com/minge/sanzi/p335218.html	小棉袄 （唐前华词 王志刚曲）_民歌曲谱_中国曲谱网	小棉袄
jianpujia-15564	jianpujia	ok(曲名命中)	200		https://www.jianpujia.com/jianpu/15564.html	https://www.jianpujia.com/jianpu/15564.html	小白船简谱_儿歌_朝鲜童谣一代人童年的回忆-免费下载-简谱之家	小白船
qupu123-372846	qupu123	ok(曲名命中)	200		https://www.qupu123.com/shaoer/sizi/p372846.html	https://www.qupu123.com/shaoer/sizi/p372846.html	小熊维尼 （儿童歌曲）_少儿曲谱_中国曲谱网	小熊维尼
qupu123-327853	qupu123	ok(曲名命中)	200		https://www.qupu123.com/shaoer/sanzi/p327853.html	https://www.qupu123.com/shaoer/sanzi/p327853.html	小狐狸 （动画片《三个小狐狸》主题歌）_少儿曲谱_中国曲谱网	小狐狸
jianpujia-26524	jianpujia	ok(曲名命中)	200		https://www.jianpujia.com/jianpu/26524.html	https://www.jianpujia.com/jianpu/26524.html	小笨象触了电简谱(歌词)_邓丽君演唱_陈洲宏_记谱-免费下载-简谱之家	小笨象触了电
qupu123-333797	qupu123	打不开:URLError	0		https://www.qupu123.com/shaoer/wuzi/p333797.html	https://www.qupu123.com/shaoer/wuzi/p333797.html		小卓玛的歌
jianpujia-15548	jianpujia	ok(曲名命中)	200		https://www.jianpujia.com/jianpu/15548.html	https://www.jianpujia.com/jianpu/15548.html	小红帽简谱_儿歌_小红帽的故事-免费下载-简谱之家	小红帽
qupu123-324638	qupu123	ok(曲名命中)	200		https://www.qupu123.com/shaoer/sizi/p324638.html	https://www.qupu123.com/shaoer/sizi/p324638.html	小猴摘果 _少儿曲谱_中国曲谱网	小猴摘果
qupu123-382733	qupu123	ok(曲名命中)	200		https://www.qupu123.com/jipu/p382733.html	https://www.qupu123.com/jipu/p382733.html	小白杨 _普通一兵个人制谱园地_中国曲谱网	小白杨
qupu123-328286	qupu123	打不开:URLError	0		https://www.qupu123.com/shaoer/sanzi/p328286.html	https://www.qupu123.com/shaoer/sanzi/p328286.html		小喜鹊
jianpujia-245722	jianpujia	ok(曲名命中)	200		https://www.jianpujia.com/jianpu/245722.html	https://www.jianpujia.com/jianpu/245722.html	小红帽钢琴简谱_儿歌演唱-免费下载-简谱之家	小红帽
jianpucn-419660	jianpucn	ok(曲名命中)	200		http://www.jianpu.cn/pu/41/419660.htm	http://www.jianpu.cn/pu/41/419660.htm	小背篓(民族声乐考级歌曲) 宋祖英 歌谱简谱网	小背篓
qupu123-327953	qupu123	ok(曲名命中)	200		https://www.qupu123.com/shaoer/sanzi/p327953.html	https://www.qupu123.com/shaoer/sanzi/p327953.html	小石榴 （左伯山词 谌丽君曲）_少儿曲谱_中国曲谱网	小石榴
jianpujia-74419	jianpujia	ok(曲名命中)	200		https://www.jianpujia.com/jianpu/74419.html	https://www.jianpujia.com/jianpu/74419.html	小红花简谱_儿歌-免费下载-简谱之家	小红花
jianpucn-88961	jianpucn	ok(曲名命中)	200		http://www.jianpu.cn/pu/88/88961.htm	http://www.jianpu.cn/pu/88/88961.htm	小船儿摇呀摇 歌谱简谱网	小船儿摇呀摇
jianpucn-222876	jianpucn	ok(曲名命中)	200		http://www.jianpu.cn/pu/22/222876.htm	http://www.jianpu.cn/pu/22/222876.htm	小草 歌剧 芳草心 主题歌 歌谱简谱网	小草 歌剧 芳草心 主题歌
qupu123-331655	qupu123	ok(曲名命中)	200		https://www.qupu123.com/shaoer/erziyixia/p331655.html	https://www.qupu123.com/shaoer/erziyixia/p331655.html	小河 （陈世慧词 覃家华 刘静曲）_少儿曲谱_中国曲谱网	小河
qupu123-319896	qupu123	HTTP502	502		https://www.qupu123.com/shaoer/sanzi/p319896.html	https://www.qupu123.com/shaoer/sanzi/p319896.html		小纸船
jianpucn-149202	jianpucn	ok(曲名命中)	200		http://www.jianpu.cn/pu/14/149202.htm	http://www.jianpu.cn/pu/14/149202.htm	小花夕阳下 歌谱简谱网	小花夕阳下
qupu123-388797	qupu123	ok(曲名命中)	200		https://www.qupu123.com/jipu/p388797.html	https://www.qupu123.com/jipu/p388797.html	小美满三声部合唱简谱 _球球584411678个人制谱园地_中国曲谱网	小美满三声部合唱
jianpucn-114937	jianpucn	ok(曲名命中)	200		http://www.jianpu.cn/pu/11/114937.htm	http://www.jianpu.cn/pu/11/114937.htm	小薇 歌曲类 简谱 歌谱简谱网	小薇 歌曲类
qupu123-391283	qupu123	ok(曲名命中)	200		https://www.qupu123.com/yuanchuang/p391283.html	https://www.qupu123.com/yuanchuang/p391283.html	小美满 （合唱谱）_小花儿357原创曲谱专栏_中国曲谱网	小美满
jianpujia-9850	jianpujia	ok(曲名命中)	200		https://www.jianpujia.com/jianpu/9850.html	https://www.jianpujia.com/jianpu/9850.html	小螺号（少儿歌曲）简谱(歌词)—程琳演唱—岭南印曲谱-免费下载-简谱之家	小螺号
jianpucn-135550	jianpucn	ok(曲名命中)	200		http://www.jianpu.cn/pu/13/135550.htm	http://www.jianpu.cn/pu/13/135550.htm	小酒窝—纯简谱 歌谱简谱网	小酒窝—纯
jianpujia-18880	jianpujia	ok(曲名命中)	200		https://www.jianpujia.com/jianpu/18880.html	https://www.jianpujia.com/jianpu/18880.html	小路简谱(歌词)_邓丽君演唱_王wzh曲谱-免费下载-简谱之家	小路
qupu123-322013	qupu123	ok(曲名命中)	200		https://www.qupu123.com/shaoer/liuzi/p322013.html	https://www.qupu123.com/shaoer/liuzi/p322013.html	小老鼠上登台 _少儿曲谱_中国曲谱网	小老鼠上登台
jianpucn-475594	jianpucn	ok(曲名命中)	200		http://www.jianpu.cn/pu/47/475594.htm	http://www.jianpu.cn/pu/47/475594.htm	小重山 winky诗 云之泣 歌谱简谱网	小重山
jianpujia-26605	jianpujia	ok(曲名命中)	200		https://www.jianpujia.com/jianpu/26605.html	https://www.jianpujia.com/jianpu/26605.html	小跳蛙简谱_青蛙乐队_快乐的一只小青蛙-免费下载-简谱之家	小跳蛙
qupu123-210703	qupu123	ok(曲名命中)	200		https://www.qupu123.com/puyou/jipu/p210703.html	https://www.qupu123.com/puyou/jipu/p210703.html	小苹果 （隆昌改编版）_谱友园地_中国曲谱网	小苹果
jianpucn-154344	jianpucn	ok(曲名命中)	200		http://www.jianpu.cn/pu/15/154344.htm	http://www.jianpu.cn/pu/15/154344.htm	小雨多美丽【彩谱】 歌谱简谱网	小雨多美丽
qupu123-321671	qupu123	ok(曲名命中)	200		https://www.qupu123.com/shaoer/liuzi/p321671.html	https://www.qupu123.com/shaoer/liuzi/p321671.html	小蚂蚁迷路了 _少儿曲谱_中国曲谱网	小蚂蚁迷路了
jianpujia-383628	jianpujia	ok(曲名命中)	200		https://www.jianpujia.com/jianpu/383628.html	https://www.jianpujia.com/jianpu/383628.html	小酒窝钢琴简谱_林俊杰_蔡卓妍演唱-免费下载-简谱之家	小酒窝
jianpujia-74220	jianpujia	ok(曲名命中)	200		https://www.jianpujia.com/jianpu/74220.html	https://www.jianpujia.com/jianpu/74220.html	小雨沙沙简谱_儿歌-免费下载-简谱之家	小雨沙沙
qupu123-323362	qupu123	ok(曲名命中)	200		https://www.qupu123.com/shaoer/sanzi/p323362.html	https://www.qupu123.com/shaoer/sanzi/p323362.html	小花猫 （张宾普词 铁源曲）_少儿曲谱_中国曲谱网	小花猫
qupu123-328394	qupu123	ok(曲名命中)	200		https://www.qupu123.com/shaoer/sanzi/p328394.html	https://www.qupu123.com/shaoer/sanzi/p328394.html	小蝌蚪 （张冰词 罗晓航曲）_少儿曲谱_中国曲谱网	小蝌蚪
jianpucn-188319	jianpucn	ok(曲名命中)	200		http://www.jianpu.cn/pu/18/188319.htm	http://www.jianpu.cn/pu/18/188319.htm	小鸟睡在我身旁 歌谱简谱网	小鸟睡在我身旁
qupu123-331679	qupu123	ok(曲名命中)	200		https://www.qupu123.com/shaoer/wuzi/p331679.html	https://www.qupu123.com/shaoer/wuzi/p331679.html	小警察之歌 _少儿曲谱_中国曲谱网	小警察之歌
jianpucn-152097	jianpucn	ok(曲名命中)	200		http://www.jianpu.cn/pu/15/152097.htm	http://www.jianpu.cn/pu/15/152097.htm	小鸟，请和我一起歌唱（蒋大为独唱系列68） 歌谱简谱网	小鸟，请和我一起歌唱
qupu123-329586	qupu123	ok(曲名命中)	200		https://www.qupu123.com/shaoer/sanzi/p329586.html	https://www.qupu123.com/shaoer/sanzi/p329586.html	小调羹 _少儿曲谱_中国曲谱网	小调羹
qupu123-88327	qupu123	ok(曲名命中)	200		https://www.qupu123.com/tongsu/sanzi/p88327.html	https://www.qupu123.com/tongsu/sanzi/p88327.html	小酒窝 （王雅君词 林俊杰曲）_通俗曲谱_中国曲谱网	小酒窝
qupu123-328273	qupu123	ok(曲名命中)	200		https://www.qupu123.com/shaoer/sanzi/p328273.html	https://www.qupu123.com/shaoer/sanzi/p328273.html	小野猫 （陈伯吹词 聂耳曲）_少儿曲谱_中国曲谱网	小野猫
qupu123-331665	qupu123	ok(曲名命中)	200		https://www.qupu123.com/shaoer/sanzi/p331665.html	https://www.qupu123.com/shaoer/sanzi/p331665.html	小雨点 （卢云生词 华建国曲）_少儿曲谱_中国曲谱网	小雨点
qupu123-328745	qupu123	ok(曲名命中)	200		https://www.qupu123.com/shaoer/sanzi/p328745.html	https://www.qupu123.com/shaoer/sanzi/p328745.html	小青蛙 （巩建华词 武秀林曲）_少儿曲谱_中国曲谱网	小青蛙
qupu123-333059	qupu123	ok(曲名命中)	200		https://www.qupu123.com/shaoer/wuzi/p333059.html	https://www.qupu123.com/shaoer/wuzi/p333059.html	小露珠说话 （丁恩昌词 陆有良曲）_少儿曲谱_中国曲谱网	小露珠说话
qupu123-328718	qupu123	ok(曲名命中)	200		https://www.qupu123.com/shaoer/liuzi/p328718.html	https://www.qupu123.com/shaoer/liuzi/p328718.html	小风车，大风车 （罗晓航词 武秀林曲）_少儿曲谱_中国曲谱网	小风车，大风车
qupu123-331630	qupu123	ok(曲名命中)	200		https://www.qupu123.com/shaoer/wuzi/p331630.html	https://www.qupu123.com/shaoer/wuzi/p331630.html	小鸭和乌鸦 _少儿曲谱_中国曲谱网	小鸭和乌鸦
jianpucn-409110	jianpucn	ok(曲名命中)	200		http://www.jianpu.cn/pu/40/409110.htm	http://www.jianpu.cn/pu/40/409110.htm	少年壮志不言愁（电视剧《便衣警察》主题曲） 刘欢 歌谱简谱网	少年壮志不言愁
qupu123-332297	qupu123	ok(曲名命中)	200		https://www.qupu123.com/shaoer/liuzi/p332297.html	https://www.qupu123.com/shaoer/liuzi/p332297.html	小鸭子最清洁 _少儿曲谱_中国曲谱网	小鸭子最清洁
jianpucn-472780	jianpucn	ok(曲名命中)	200		http://www.jianpu.cn/pu/47/472780.htm	http://www.jianpu.cn/pu/47/472780.htm	少年壮志不言愁怀旧经典 刘欢 歌谱简谱网	少年壮志不言愁怀旧经典
qupu123-329415	qupu123	ok(曲名命中)	200		https://www.qupu123.com/shaoer/wuzi/p329415.html	https://www.qupu123.com/shaoer/wuzi/p329415.html	小黄莺的歌 （动画影片《怕羞的黄莺》插曲）_少儿曲谱_中国曲谱网	小黄莺的歌
jianpucn-475749	jianpucn	ok(曲名命中)	200		http://www.jianpu.cn/pu/47/475749.htm	http://www.jianpu.cn/pu/47/475749.htm	少年游 孙艺桐 歌谱简谱网	少年游
qupu123-327850	qupu123	ok(曲名命中)	200		https://www.qupu123.com/shaoer/wuzi/p327850.html	https://www.qupu123.com/shaoer/wuzi/p327850.html	小龙人之歌 （同名电视剧主题歌、合唱）_少儿曲谱_中国曲谱网	小龙人之歌
qupu123-328270	qupu123	ok(曲名命中)	200		https://www.qupu123.com/shaoer/bazi/p328270.html	https://www.qupu123.com/shaoer/bazi/p328270.html	少共国际师出征歌 _少儿曲谱_中国曲谱网	少共国际师出征歌
jianpucn-475908	jianpucn	ok(曲名命中)	200		http://www.jianpu.cn/pu/47/475908.htm	http://www.jianpu.cn/pu/47/475908.htm	尖兵战歌 孟庆宇作曲 歌谱简谱网	尖兵战歌
qupu123-321437	qupu123	ok(曲名命中)	200		https://www.qupu123.com/shaoer/qizi/p321437.html	https://www.qupu123.com/shaoer/qizi/p321437.html	少年强则中国强 _少儿曲谱_中国曲谱网	少年强则中国强
qupu123-334871	qupu123	ok(曲名命中)	200		https://www.qupu123.com/tongsu/sanzi/p334871.html	https://www.qupu123.com/tongsu/sanzi/p334871.html	少年梦 （唐明辉词 周佳荣曲）_通俗曲谱_中国曲谱网	少年梦
qupu123-336033	qupu123	ok(曲名命中)	200		https://www.qupu123.com/minge/sanzi/p336033.html	https://www.qupu123.com/minge/sanzi/p336033.html	尕马儿 _民歌曲谱_中国曲谱网	尕马儿
jianpujia-384841	jianpujia	ok(曲名命中)	200		https://www.jianpujia.com/jianpu/384841.html	https://www.jianpujia.com/jianpu/384841.html	尘大师钢琴简谱_陈奕迅演唱-免费下载-简谱之家	尘大师
qupu123-329472	qupu123	ok(曲名命中)	200		https://www.qupu123.com/hechang/sanzi/p329472.html	https://www.qupu123.com/hechang/sanzi/p329472.html	少林寺 （故事影片《少林寺》主题歌）_合唱曲谱_中国曲谱网	少林寺
jianpucn-72040	jianpucn	ok(曲名命中)	200		http://www.jianpu.cn/pu/72/72040.htm	http://www.jianpu.cn/pu/72/72040.htm	就是我 歌谱简谱网	就是我
qupu123-336937	qupu123	ok(曲名命中)	200		https://www.qupu123.com/puyou/shangchuan/p336937.html	https://www.qupu123.com/puyou/shangchuan/p336937.html	少女的祈祷 （拇指琴卡林巴琴和弦简谱）_谱友园地_中国曲谱网	少女的祈祷
qupu123-333594	qupu123	ok(曲名命中)	200		https://www.qupu123.com/minge/sizi/p333594.html	https://www.qupu123.com/minge/sizi/p333594.html	尕马儿令 _民歌曲谱_中国曲谱网	尕马儿令
jianpucn-64265	jianpucn	ok(曲名命中)	200		http://www.jianpu.cn/pu/64/64265.htm	http://www.jianpu.cn/pu/64/64265.htm	就是这样 歌曲类 简谱 歌谱简谱网	就是这样 歌曲类
jianpujia-15246	jianpujia	ok(曲名命中)	200		https://www.jianpujia.com/jianpu/15246.html	https://www.jianpujia.com/jianpu/15246.html	就这样简谱_李荣浩_我是不喜欢你了_你是早已不喜欢我了的-免费下载-简谱之家	就这样
qupu123-335374	qupu123	ok(曲名命中)	200		https://www.qupu123.com/tongsu/erziyixia/p335374.html	https://www.qupu123.com/tongsu/erziyixia/p335374.html	尘埃 （秦秀干词 丁友强曲）_通俗曲谱_中国曲谱网	尘埃
qupu123-334358	qupu123	ok(曲名命中)	200		https://www.qupu123.com/minge/sizi/p334358.html	https://www.qupu123.com/minge/sizi/p334358.html	就在草原 _民歌曲谱_中国曲谱网	就在草原
jianpujia-149960	jianpujia	ok(曲名命中)	200		https://www.jianpujia.com/jianpu/149960.html	https://www.jianpujia.com/jianpu/149960.html	就这样钢琴简谱_李荣浩演唱-免费下载-简谱之家	就这样
jianpucn-151672	jianpucn	ok(曲名命中)	200		http://www.jianpu.cn/pu/15/151672.htm	http://www.jianpu.cn/pu/15/151672.htm	屋檐下的思念 歌谱简谱网	屋檐下的思念
jianpucn-38818	jianpucn	ok(曲名命中)	200		http://www.jianpu.cn/pu/38/38818.htm	http://www.jianpu.cn/pu/38/38818.htm	展翅悄翔 歌谱简谱网	展翅悄翔
jianpucn-91214	jianpucn	ok(原记录标题命中)	200		http://www.jianpu.cn/pu/91/91214.htm	http://www.jianpu.cn/pu/91/91214.htm	屋顶 歌谱简谱网	
jianpucn-301232	jianpucn	ok(曲名命中)	200		http://www.jianpu.cn/pu/30/301232.htm	http://www.jianpu.cn/pu/30/301232.htm	属于我的高原 刘欢 歌谱简谱网	属于我的高原
qupu123-320849	qupu123	ok(曲名命中)	200		https://www.qupu123.com/hechang/jiuziyishang/p320849.html	https://www.qupu123.com/hechang/jiuziyishang/p320849.html	就是你 （李严词 晓夜曲）_合唱曲谱_中国曲谱网	就是你
qupu123-325597	qupu123	ok(曲名命中)	200		https://www.qupu123.com/hechang/wuzi/p325597.html	https://www.qupu123.com/hechang/wuzi/p325597.html	就为打胜仗 _合唱曲谱_中国曲谱网	就为打胜仗
qupu123-319895	qupu123	ok(曲名命中)	200		https://www.qupu123.com/shaoer/sanzi/p319895.html	https://www.qupu123.com/shaoer/sanzi/p319895.html	小雪花 （赵国伟词 武庆森曲）_少儿曲谱_中国曲谱网	小雪花
jianpucn-45627	jianpucn	ok(曲名命中)	200		http://www.jianpu.cn/pu/45/45627.htm	http://www.jianpu.cn/pu/45/45627.htm	就是爱 歌谱简谱网	就是爱
jianpujia-420215	jianpujia	ok(曲名命中)	200		https://www.jianpujia.com/jianpu/420215.html	https://www.jianpujia.com/jianpu/420215.html	高高山上四川民歌、周亚平填词简谱_张爱演唱_周亚平/四川民歌词曲-免费下载-简谱之家	高高山上四川民歌、周亚平填词
qupu123-396119	qupu123	ok(曲名命中)	200		https://www.qupu123.com/puyou/shangchuan/p396119.html	https://www.qupu123.com/puyou/shangchuan/p396119.html	尺素迟 _............个人制谱园地_中国曲谱网	尺素迟
jianpucn-131933	jianpucn	ok(曲名命中)	200		http://www.jianpu.cn/pu/13/131933.htm	http://www.jianpu.cn/pu/13/131933.htm	山乡的早晨（蒋大为独唱系列12） 歌谱简谱网	山乡的早晨
qupu123-332510	qupu123	ok(曲名命中)	200		https://www.qupu123.com/hechang/wuzi/p332510.html	https://www.qupu123.com/hechang/wuzi/p332510.html	屯堡 屯堡 _合唱曲谱_中国曲谱网	屯堡_屯堡
jianpucn-121006	jianpucn	ok(曲名命中)	200		http://www.jianpu.cn/pu/12/121006.htm	http://www.jianpu.cn/pu/12/121006.htm	山前山后百花开 歌谱简谱网	山前山后百花开
qupu123-361314	qupu123	ok(曲名命中)	200		https://www.qupu123.com/yuanchuang/p361314.html	https://www.qupu123.com/yuanchuang/p361314.html	山不转水转 （乐队总谱）_琴音无邪原创曲谱专栏_中国曲谱网	山不转水转
jianpucn-243237	jianpucn	ok(曲名命中)	200		http://www.jianpu.cn/pu/24/243237.htm	http://www.jianpu.cn/pu/24/243237.htm	山南山北走一回（庄奴词 古月曲） 邓丽君 歌谱简谱网	山南山北走一回
qupu123-396313	qupu123	ok(曲名命中)	200		https://www.qupu123.com/puyou/shangchuan/p396313.html	https://www.qupu123.com/puyou/shangchuan/p396313.html	山不见我我自去看山 _............个人制谱园地_中国曲谱网	山不见我我自去看山
jianpucn-38108	jianpucn	ok(曲名命中)	200		http://www.jianpu.cn/pu/38/38108.htm	http://www.jianpu.cn/pu/38/38108.htm	山地小姑娘(台湾民歌) 歌谱简谱网	山地小姑娘
qupu123-311620	qupu123	ok(曲名命中)	200		https://www.qupu123.com/puyou/jipu/p311620.html	https://www.qupu123.com/puyou/jipu/p311620.html	山丘 _谱友园地_中国曲谱网	山丘
jianpujia-385162	jianpujia	ok(曲名命中)	200		https://www.jianpujia.com/jianpu/385162.html	https://www.jianpujia.com/jianpu/385162.html	山月不眠简谱(歌词)_毛不易演唱_影视剧_云之羽_插曲-免费下载-简谱之家	山月不眠
qupu123-334535	qupu123	打不开:URLError	0		https://www.qupu123.com/shaoer/liuzi/p334535.html	https://www.qupu123.com/shaoer/liuzi/p334535.html		小鸟唱，我也唱
qupu123-336030	qupu123	ok(曲名命中)	200		https://www.qupu123.com/minge/wuzi/p336030.html	https://www.qupu123.com/minge/wuzi/p336030.html	山丹红花开 （青海民歌、王云阶选编）_民歌曲谱_中国曲谱网	山丹红花开
jianpucn-473683	jianpucn	ok(曲名命中)	200		http://www.jianpu.cn/pu/47/473683.htm	http://www.jianpu.cn/pu/47/473683.htm	山月不眠 《云之羽》影视剧插曲 毛不易 歌谱简谱网	山月不眠 《云之羽》影视剧插曲
qupu123-331678	qupu123	打不开:URLError	0		https://www.qupu123.com/shaoer/wuzi/p331678.html	https://www.qupu123.com/shaoer/wuzi/p331678.html		小鸟在歌唱
jianpucn-37389	jianpucn	ok(曲名命中)	200		http://www.jianpu.cn/pu/37/37389.htm	http://www.jianpu.cn/pu/37/37389.htm	山村小会计 歌谱简谱网	山村小会计
qupu123-334193	qupu123	ok(曲名命中)	200		https://www.qupu123.com/minge/qizi/p334193.html	https://www.qupu123.com/minge/qizi/p334193.html	山地突击队之歌 _民歌曲谱_中国曲谱网	山地突击队之歌
qupu123-331661	qupu123	打不开:URLError	0		https://www.qupu123.com/shaoer/wuzi/p331661.html	https://www.qupu123.com/shaoer/wuzi/p331661.html		小鸟送春光
qupu123-324934	qupu123	ok(曲名命中)	200		https://www.qupu123.com/hechang/wuzi/p324934.html	https://www.qupu123.com/hechang/wuzi/p324934.html	山城破雾记 _合唱曲谱_中国曲谱网	山城破雾记
qupu123-331686	qupu123	打不开:URLError	0		https://www.qupu123.com/shaoer/liuzi/p331686.html	https://www.qupu123.com/shaoer/liuzi/p331686.html		小鸟，会飞的花
jianpucn-156527	jianpucn	ok(曲名命中)	200		http://www.jianpu.cn/pu/15/156527.htm	http://www.jianpu.cn/pu/15/156527.htm	山水是朋友-宋祖英 歌谱简谱网	山水是朋友-宋祖英
jianpucn-348757	jianpucn	ok(曲名命中)	200		http://www.jianpu.cn/pu/34/348757.htm	http://www.jianpu.cn/pu/34/348757.htm	山水贵客 韩红 歌谱简谱网	山水贵客
jianpucn-132833	jianpucn	ok(曲名命中)	200		http://www.jianpu.cn/pu/13/132833.htm	http://www.jianpu.cn/pu/13/132833.htm	山河情 歌谱简谱网	山河情
qupu123-396962	qupu123	ok(曲名命中)	200		https://www.qupu123.com/puyou/shangchuan/p396962.html	https://www.qupu123.com/puyou/shangchuan/p396962.html	山歌追上云朵 （合唱谱）_博声d个人制谱园地_中国曲谱网	山歌追上云朵
jianpucn-243227	jianpucn	ok(曲名命中)	200		http://www.jianpu.cn/pu/24/243227.htm	http://www.jianpu.cn/pu/24/243227.htm	】山南山北走一回】- 邓丽君 歌谱简谱网	山南山北走一回
qupu123-335843	qupu123	ok(曲名命中)	200		https://www.qupu123.com/minge/sizi/p335843.html	https://www.qupu123.com/minge/sizi/p335843.html	山水苗乡 _民歌曲谱_中国曲谱网	山水苗乡
jianpucn-44196	jianpucn	ok(曲名命中)	200		http://www.jianpu.cn/pu/44/44196.htm	http://www.jianpu.cn/pu/44/44196.htm	山西牧歌 歌谱简谱网	山西牧歌
jianpujia-18765	jianpujia	ok(曲名命中)	200		https://www.jianpujia.com/jianpu/18765.html	https://www.jianpujia.com/jianpu/18765.html	山茶花简谱(歌词)_邓丽君演唱_王wzh曲谱-免费下载-简谱之家	山茶花
jianpucn-164875	jianpucn	ok(曲名命中)	200		http://www.jianpu.cn/pu/16/164875.htm	http://www.jianpu.cn/pu/16/164875.htm	山西秧歌：万年欢 歌谱简谱网	山西秧歌：万年欢
qupu123-318155	qupu123	ok(曲名命中)	200		https://www.qupu123.com/hechang/bazi/p318155.html	https://www.qupu123.com/hechang/bazi/p318155.html	山河变全靠党领导 _合唱曲谱_中国曲谱网	山河变全靠党领导
qupu123-395901	qupu123	ok(曲名命中)	200		https://www.qupu123.com/puyou/shangchuan/p395901.html	https://www.qupu123.com/puyou/shangchuan/p395901.html	山河答卷 _明建音乐原创曲谱专栏_中国曲谱网	山河答卷
jianpucn-164918	jianpucn	ok(曲名命中)	200		http://www.jianpu.cn/pu/16/164918.htm	http://www.jianpu.cn/pu/16/164918.htm	山西秧歌：唿嗦步舞曲 歌谱简谱网	山西秧歌：唿嗦步舞曲
jianpucn-164876	jianpucn	ok(曲名命中)	200		http://www.jianpu.cn/pu/16/164876.htm	http://www.jianpu.cn/pu/16/164876.htm	山西秧歌：戴红花 歌谱简谱网	山西秧歌：戴红花
jianpucn-164874	jianpucn	ok(曲名命中)	200		http://www.jianpu.cn/pu/16/164874.htm	http://www.jianpu.cn/pu/16/164874.htm	山西秧歌：打秋千 歌谱简谱网	山西秧歌：打秋千
jianpucn-165067	jianpucn	ok(曲名命中)	200		http://www.jianpu.cn/pu/16/165067.htm	http://www.jianpu.cn/pu/16/165067.htm	山西秧歌：挑菜 歌谱简谱网	山西秧歌：挑菜
qupu123-336022	qupu123	ok(曲名命中)	200		https://www.qupu123.com/shaoer/qizi/p336022.html	https://www.qupu123.com/shaoer/qizi/p336022.html	山芋像个大南瓜 _少儿曲谱_中国曲谱网	山芋像个大南瓜
jianpucn-164878	jianpucn	ok(曲名命中)	200		http://www.jianpu.cn/pu/16/164878.htm	http://www.jianpu.cn/pu/16/164878.htm	山西秧歌：掐蒜苔·一苗 歌谱简谱网	山西秧歌：掐蒜苔·一苗
jianpucn-165065	jianpucn	ok(曲名命中)	200		http://www.jianpu.cn/pu/16/165065.htm	http://www.jianpu.cn/pu/16/165065.htm	山西秧歌：放风筝 歌谱简谱网	山西秧歌：放风筝
jianpucn-165066	jianpucn	ok(曲名命中)	200		http://www.jianpu.cn/pu/16/165066.htm	http://www.jianpu.cn/pu/16/165066.htm	山西秧歌：玉兰花开 歌谱简谱网	山西秧歌：玉兰花开
jianpucn-164909	jianpucn	ok(曲名命中)	200		http://www.jianpu.cn/pu/16/164909.htm	http://www.jianpu.cn/pu/16/164909.htm	山西秧歌：转扇曲 歌谱简谱网	山西秧歌：转扇曲
jianpucn-155071	jianpucn	ok(曲名命中)	200		http://www.jianpu.cn/pu/15/155071.htm	http://www.jianpu.cn/pu/15/155071.htm	山里的汉子都是山 歌谱简谱网	山里的汉子都是山
jianpucn-164919	jianpucn	ok(曲名命中)	200		http://www.jianpu.cn/pu/16/164919.htm	http://www.jianpu.cn/pu/16/164919.htm	山西秧歌：小跳步舞曲 歌谱简谱网	山西秧歌：小跳步舞曲
qupu123-329392	qupu123	ok(曲名命中)	200		https://www.qupu123.com/hechang/sizi/p329392.html	https://www.qupu123.com/hechang/sizi/p329392.html	山路弯弯 （故事影片《天云山传奇》序歌）_合唱曲谱_中国曲谱网	山路弯弯
qupu123-335056	qupu123	ok(曲名命中)	200		https://www.qupu123.com/minge/liuzi/p335056.html	https://www.qupu123.com/minge/liuzi/p335056.html	山那边的眷恋 _民歌曲谱_中国曲谱网	山那边的眷恋
jianpucn-450593	jianpucn	ok(原记录标题命中)	200		http://www.jianpu.cn/pu/45/450593.htm	http://www.jianpu.cn/pu/45/450593.htm	17岁（十七岁） 刘德华 歌谱简谱网	岁
jianpucn-165062	jianpucn	ok(曲名命中)	200		http://www.jianpu.cn/pu/16/165062.htm	http://www.jianpu.cn/pu/16/165062.htm	山西秧歌：撒扇舞曲 歌谱简谱网	山西秧歌：撒扇舞曲
qupu123-332400	qupu123	打不开:URLError	0		https://www.qupu123.com/tongsu/liuzi/p332400.html	https://www.qupu123.com/tongsu/liuzi/p332400.html		就这样爱着你
qupu123-335057	qupu123	ok(曲名命中)	200		https://www.qupu123.com/shaoer/bazi/p335057.html	https://www.qupu123.com/shaoer/bazi/p335057.html	山里的朋友都爱她 （120集动画片《人参娃》主题歌）_少儿曲谱_中国曲谱网	山里的朋友都爱她
qupu123-352436	qupu123	ok(曲名命中)	200		https://www.qupu123.com/jipu/p352436.html	https://www.qupu123.com/jipu/p352436.html	岁月如歌 _小弩个人制谱园地_中国曲谱网	岁月如歌
jianpucn-428954	jianpucn	ok(曲名命中)	200		http://www.jianpu.cn/pu/42/428954.htm	http://www.jianpu.cn/pu/42/428954.htm	岩石里的花 邓紫棋 歌谱简谱网	岩石里的花
jianpucn-54961	jianpucn	ok(曲名命中)	200		http://www.jianpu.cn/pu/54/54961.htm	http://www.jianpu.cn/pu/54/54961.htm	岭南步步高 歌谱简谱网	岭南步步高
jianpucn-283864	jianpucn	ok(曲名命中)	200		http://www.jianpu.cn/pu/28/283864.htm	http://www.jianpu.cn/pu/28/283864.htm	山间小路 蒋大为 歌谱简谱网	山间小路
qupu123-396401	qupu123	ok(曲名命中)	200		https://www.qupu123.com/puyou/shangchuan/p396401.html	https://www.qupu123.com/puyou/shangchuan/p396401.html	岁月如笔写春秋 _............个人制谱园地_中国曲谱网	岁月如笔写春秋
jianpucn-296244	jianpucn	ok(曲名命中)	200		http://www.jianpu.cn/pu/29/296244.htm	http://www.jianpu.cn/pu/29/296244.htm	岳西山歌 蒋大为 歌谱简谱网	岳西山歌
qupu123-334538	qupu123	ok(曲名命中)	200		https://www.qupu123.com/tongsu/sizi/p334538.html	https://www.qupu123.com/tongsu/sizi/p334538.html	岁月的源 _通俗曲谱_中国曲谱网	岁月的源
qupu123-335452	qupu123	ok(曲名命中)	200		https://www.qupu123.com/hechang/sizi/p335452.html	https://www.qupu123.com/hechang/sizi/p335452.html	岁月灿烂 _合唱曲谱_中国曲谱网	岁月灿烂
qupu123-333169	qupu123	打不开:URLError	0		https://www.qupu123.com/minge/sanzi/p333169.html	https://www.qupu123.com/minge/sanzi/p333169.html		山妹子
jianpucn-66563	jianpucn	ok(曲名命中)	200		http://www.jianpu.cn/pu/66/66563.htm	http://www.jianpu.cn/pu/66/66563.htm	峨眉酒家 歌谱简谱网	峨眉酒家
qupu123-394878	qupu123	打不开:URLError	0		https://www.qupu123.com/puyou/shangchuan/p394878.html	https://www.qupu123.com/puyou/shangchuan/p394878.html		山村处处换新装
qupu123-332953	qupu123	ok(曲名命中)	200		https://www.qupu123.com/minge/qizi/p332953.html	https://www.qupu123.com/minge/qizi/p332953.html	岩头山水等你来 _民歌曲谱_中国曲谱网	岩头山水等你来
jianpucn-31727	jianpucn	ok(曲名命中)	200		http://www.jianpu.cn/pu/31/31727.htm	http://www.jianpu.cn/pu/31/31727.htm	崇敬 歌谱简谱网	崇敬
qupu123-382215	qupu123	打不开:URLError	0		https://www.qupu123.com/tongsu/sizi/p382215.html	https://www.qupu123.com/tongsu/sizi/p382215.html		山村新歌
qupu123-370171	qupu123	ok(曲名命中)	200		https://www.qupu123.com/minge/qizi/p370171.html	https://www.qupu123.com/minge/qizi/p370171.html	岩缝里盛开的花 _天恩1950个人制谱园地_中国曲谱网	岩缝里盛开的花
qupu123-396349	qupu123	ok(曲名命中)	200		https://www.qupu123.com/puyou/shangchuan/p396349.html	https://www.qupu123.com/puyou/shangchuan/p396349.html	崀山姑娘 _崀Lang颂Song原创曲谱专栏_中国曲谱网	崀山姑娘
qupu123-332411	qupu123	ok(曲名命中)	200		https://www.qupu123.com/shaoer/liuzi/p332411.html	https://www.qupu123.com/shaoer/liuzi/p332411.html	​崇高的敬礼 _少儿曲谱_中国曲谱网	崇高的敬礼
qupu123-381440	qupu123	ok(曲名命中)	200		https://www.qupu123.com/tongsu/wuzi/p381440.html	https://www.qupu123.com/tongsu/wuzi/p381440.html	崭新的一天 _通俗曲谱_中国曲谱网	崭新的一天
qupu123-326610	qupu123	ok(曲名命中)	200		https://www.qupu123.com/hechang/wuzi/p326610.html	https://www.qupu123.com/hechang/wuzi/p326610.html	崭新的老家 _合唱曲谱_中国曲谱网	崭新的老家
qupu123-334879	qupu123	打不开:URLError	0		https://www.qupu123.com/minge/jiuziyishang/p334879.html	https://www.qupu123.com/minge/jiuziyishang/p334879.html		山湾湾里有咱好良田
qupu123-326614	qupu123	ok(曲名命中)	200		https://www.qupu123.com/hechang/sanzi/p326614.html	https://www.qupu123.com/hechang/sanzi/p326614.html	巢之湖 _合唱曲谱_中国曲谱网	巢之湖
qupu123-324414	qupu123	ok(曲名命中)	200		https://www.qupu123.com/hechang/sanzi/p324414.html	https://www.qupu123.com/hechang/sanzi/p324414.html	巢湖好 _合唱曲谱_中国曲谱网	巢湖好
jianpucn-441583	jianpucn	ok(曲名命中)	200		http://www.jianpu.cn/pu/44/441583.htm	http://www.jianpu.cn/pu/44/441583.htm	差不多姑娘 邓紫棋 歌谱简谱网	差不多姑娘
jianpucn-415871	jianpucn	ok(曲名命中)	200		http://www.jianpu.cn/pu/41/415871.htm	http://www.jianpu.cn/pu/41/415871.htm	岳阳楼 王宏伟 歌谱简谱网	岳阳楼
jianpucn-160119	jianpucn	ok(曲名命中)	200		http://www.jianpu.cn/pu/16/160119.htm	http://www.jianpu.cn/pu/16/160119.htm	巍巍太行 歌谱简谱网	巍巍太行
qupu123-326522	qupu123	ok(曲名命中)	200		https://www.qupu123.com/hechang/sizi/p326522.html	https://www.qupu123.com/hechang/sizi/p326522.html	巢湖情歌 _合唱曲谱_中国曲谱网	巢湖情歌
qupu123-324525	qupu123	ok(曲名命中)	200		https://www.qupu123.com/hechang/sanzi/p324525.html	https://www.qupu123.com/hechang/sanzi/p324525.html	巢湖美 （夏时林词 朱宝强 汪士淮曲）_合唱曲谱_中国曲谱网	巢湖美
qupu123-326516	qupu123	ok(曲名命中)	200		https://www.qupu123.com/hechang/liuzi/p326516.html	https://www.qupu123.com/hechang/liuzi/p326516.html	巢湖美 美在水 _合唱曲谱_中国曲谱网	巢湖美_美在水
qupu123-326624	qupu123	ok(曲名命中)	200		https://www.qupu123.com/shaoer/wuzi/p326624.html	https://www.qupu123.com/shaoer/wuzi/p326624.html	巢湖谜语歌 （少年对唱）_少儿曲谱_中国曲谱网	巢湖谜语歌
qupu123-331424	qupu123	ok(曲名命中)	200		https://www.qupu123.com/hechang/sizi/p331424.html	https://www.qupu123.com/hechang/sizi/p331424.html	巫山情歌 （梁上泉词 姚峰曲）_合唱曲谱_中国曲谱网	巫山情歌
qupu123-326613	qupu123	ok(曲名命中)	200		https://www.qupu123.com/hechang/sanzi/p326613.html	https://www.qupu123.com/hechang/sanzi/p326613.html	巢祖颂 _合唱曲谱_中国曲谱网	巢祖颂
qupu123-396339	qupu123	ok(曲名命中)	200		https://www.qupu123.com/puyou/shangchuan/p396339.html	https://www.qupu123.com/puyou/shangchuan/p396339.html	巴尔鲁克的风 _............个人制谱园地_中国曲谱网	巴尔鲁克的风
jianpucn-159718	jianpucn	ok(曲名命中)	200		http://www.jianpu.cn/pu/15/159718.htm	http://www.jianpu.cn/pu/15/159718.htm	布衣一生也风流（电视剧《绍兴师爷》主题歌） 歌谱简谱网	布衣一生也风流
qupu123-333035	qupu123	ok(曲名命中)	200		https://www.qupu123.com/hechang/wuzi/p333035.html	https://www.qupu123.com/hechang/wuzi/p333035.html	巴山红杜鹃 _合唱曲谱_中国曲谱网	巴山红杜鹃
jianpucn-109476	jianpucn	ok(曲名命中)	200		http://www.jianpu.cn/pu/10/109476.htm	http://www.jianpu.cn/pu/10/109476.htm	巴丁小夜曲 歌谱简谱网	巴丁小夜曲
qupu123-381844	qupu123	ok(曲名命中)	200		https://www.qupu123.com/tongsu/sizi/p381844.html	https://www.qupu123.com/tongsu/sizi/p381844.html	巴赫旧约 _通俗曲谱_中国曲谱网	巴赫旧约
qupu123-314954	qupu123	ok(曲名命中)	200		https://www.qupu123.com/meisheng/erziyixia/p314954.html	https://www.qupu123.com/meisheng/erziyixia/p314954.html	31巴郎（双谱） _美声曲谱_中国曲谱网	巴郎
qupu123-331784	qupu123	打不开:URLError	0		https://www.qupu123.com/shaoer/bazi/p331784.html	https://www.qupu123.com/shaoer/bazi/p331784.html		山里的孩子爱唱歌
qupu123-334469	qupu123	ok(曲名命中)	200		https://www.qupu123.com/minge/bazi/p334469.html	https://www.qupu123.com/minge/bazi/p334469.html	巴音那木山村之歌 _民歌曲谱_中国曲谱网	巴音那木山村之歌
qupu123-332502	qupu123	ok(曲名命中)	200		https://www.qupu123.com/hechang/qizi/p332502.html	https://www.qupu123.com/hechang/qizi/p332502.html	布依人的石板房 _合唱曲谱_中国曲谱网	布依人的石板房
jianpucn-61657	jianpucn	ok(曲名命中)	200		http://www.jianpu.cn/pu/61/61657.htm	http://www.jianpu.cn/pu/61/61657.htm	希望的中国走向未来 歌谱简谱网	希望的中国走向未来
qupu123-333595	qupu123	ok(曲名命中)	200		https://www.qupu123.com/minge/wuzi/p333595.html	https://www.qupu123.com/minge/wuzi/p333595.html	布依族山歌 _民歌曲谱_中国曲谱网	布依族山歌
qupu123-332661	qupu123	ok(曲名命中)	200		https://www.qupu123.com/tongsu/sanzi/p332661.html	https://www.qupu123.com/tongsu/sanzi/p332661.html	布娃娃 （翁东词 腾红雨曲）_通俗曲谱_中国曲谱网	布娃娃
jianpucn-166426	jianpucn	ok(曲名命中)	200		http://www.jianpu.cn/pu/16/166426.htm	http://www.jianpu.cn/pu/16/166426.htm	帕米尔的眼睛 歌谱简谱网	帕米尔的眼睛
qupu123-328712	qupu123	ok(曲名命中)	200		https://www.qupu123.com/shaoer/sanzi/p328712.html	https://www.qupu123.com/shaoer/sanzi/p328712.html	布谷鸟 （武秀林词 武秀林曲）_少儿曲谱_中国曲谱网	布谷鸟
qupu123-333880	qupu123	ok(曲名命中)	200		https://www.qupu123.com/minge/sanzi/p333880.html	https://www.qupu123.com/minge/sanzi/p333880.html	布鞋情 _民歌曲谱_中国曲谱网	布鞋情
qupu123-330993	qupu123	ok(曲名命中)	200		https://www.qupu123.com/tongsu/sanzi/p330993.html	https://www.qupu123.com/tongsu/sanzi/p330993.html	帆未收 _季司亦个人制谱园地_中国曲谱网	帆未收
qupu123-396351	qupu123	ok(原记录标题命中)	200		https://www.qupu123.com/puyou/shangchuan/p396351.html	https://www.qupu123.com/puyou/shangchuan/p396351.html	师兄妹 _谱天下个人制谱园地_中国曲谱网	
jianpucn-428092	jianpucn	ok(曲名命中)	200		http://www.jianpu.cn/pu/42/428092.htm	http://www.jianpu.cn/pu/42/428092.htm	带着地球去流浪（电影《流浪地球》主题曲） 刘欢 歌谱简谱网	带着地球去流浪
qupu123-335592	qupu123	ok(曲名命中)	200		https://www.qupu123.com/hechang/jiuziyishang/p335592.html	https://www.qupu123.com/hechang/jiuziyishang/p335592.html	希望与梦想一起远行 _合唱曲谱_中国曲谱网	希望与梦想一起远行
jianpucn-50824	jianpucn	ok(曲名命中)	200		http://www.jianpu.cn/pu/50/50824.htm	http://www.jianpu.cn/pu/50/50824.htm	帆对风的诉说 歌谱简谱网	帆对风的诉说
qupu123-380778	qupu123	ok(曲名命中)	200		https://www.qupu123.com/tongsu/wuzi/p380778.html	https://www.qupu123.com/tongsu/wuzi/p380778.html	帕米尔高原 _喧静斋主人个人制谱园地_中国曲谱网	帕米尔高原
qupu123-309988	qupu123	打不开:URLError	0		https://www.qupu123.com/jipu/p309988.html	https://www.qupu123.com/jipu/p309988.html		岁月
jianpucn-290853	jianpucn	ok(曲名命中)	200		http://www.jianpu.cn/pu/29/290853.htm	http://www.jianpu.cn/pu/29/290853.htm	帕米尔 我的家乡多么美 殷秀梅 歌谱简谱网	帕米尔 我的家乡多么美
qupu123-332039	qupu123	ok(曲名命中)	200		https://www.qupu123.com/tongsu/liuzi/p332039.html	https://www.qupu123.com/tongsu/liuzi/p332039.html	带上孝心回家 _通俗曲谱_中国曲谱网	带上孝心回家
jianpucn-302984	jianpucn	ok(曲名命中)	200		http://www.jianpu.cn/pu/30/302984.htm	http://www.jianpu.cn/pu/30/302984.htm	常言道 刘德华 歌谱简谱网	常言道
qupu123-319442	qupu123	ok(曲名命中)	200		https://www.qupu123.com/hechang/jiuziyishang/p319442.html	https://www.qupu123.com/hechang/jiuziyishang/p319442.html	带你到塞罕坝看星星 （儿童歌曲）_合唱曲谱_中国曲谱网	带你到塞罕坝看星星
qupu123-381374	qupu123	ok(曲名命中)	200		https://www.qupu123.com/tongsu/wuzi/p381374.html	https://www.qupu123.com/tongsu/wuzi/p381374.html	带你去旅行 _通俗曲谱_中国曲谱网	带你去旅行
jianpucn-401114	jianpucn	ok(曲名命中)	200		http://www.jianpu.cn/pu/40/401114.htm	http://www.jianpu.cn/pu/40/401114.htm	平凉之歌 又名 神仙留恋的地方 王宏伟 歌谱简谱网	平凉之歌 又名 神仙留恋的地方
qupu123-375483	qupu123	ok(曲名命中)	200		https://www.qupu123.com/waiguo/waiwen/p375483.html	https://www.qupu123.com/waiguo/waiwen/p375483.html	带我飞向月球 （Fly Me to the Moon）_外国曲谱_中国曲谱网	带我飞向月球
jianpucn-203494	jianpucn	ok(曲名命中)	200		http://www.jianpu.cn/pu/20/203494.htm	http://www.jianpu.cn/pu/20/203494.htm	平凡人生 歌谱简谱网	平凡人生
qupu123-334531	qupu123	ok(曲名命中)	200		https://www.qupu123.com/tongsu/sanzi/p334531.html	https://www.qupu123.com/tongsu/sanzi/p334531.html	帮一把 （李严词 胡守奋曲）_通俗曲谱_中国曲谱网	帮一把
jianpucn-148104	jianpucn	ok(曲名命中)	200		http://www.jianpu.cn/pu/14/148104.htm	http://www.jianpu.cn/pu/14/148104.htm	平凡人生《好人谢延信》片尾曲 歌谱简谱网	平凡人生《好人谢延信》片尾曲
jianpujia-14847	jianpujia	ok(原记录标题命中)	200		https://www.jianpujia.com/jianpu/14847.html	https://www.jianpujia.com/jianpu/14847.html	平凡的一天简谱__毛不易__寻找生活错过的美好，暖心治愈-免费下载-简谱之家	
jianpucn-26976	jianpucn	ok(曲名命中)	200		http://www.jianpu.cn/pu/26/26976.htm	http://www.jianpu.cn/pu/26/26976.htm	平凡的人【杜得民原创歌曲之17】 歌谱简谱网	平凡的人【杜得民原创歌曲之17】
qupu123-178034	qupu123	ok(曲名命中)	200		https://www.qupu123.com/jipu/p178034.html	https://www.qupu123.com/jipu/p178034.html	常回家看看 _王wzh个人制谱园地_中国曲谱网	常回家看看
jianpucn-151113	jianpucn	ok(曲名命中)	200		http://www.jianpu.cn/pu/15/151113.htm	http://www.jianpu.cn/pu/15/151113.htm	平凡的良心 歌谱简谱网	平凡的良心
qupu123-331141	qupu123	ok(曲名命中)	200		https://www.qupu123.com/hechang/wuzi/p331141.html	https://www.qupu123.com/hechang/wuzi/p331141.html	干杯吧同窗 _合唱曲谱_中国曲谱网	干杯吧同窗
jianpujia-14684	jianpujia	ok(曲名命中)	200		https://www.jianpujia.com/jianpu/14684.html	https://www.jianpujia.com/jianpu/14684.html	年少有为简谱_李荣浩_新歌来袭：假如他年少有为不自卑-免费下载-简谱之家	年少有为
jianpucn-34259	jianpucn	ok(曲名命中)	200		http://www.jianpu.cn/pu/34/34259.htm	http://www.jianpu.cn/pu/34/34259.htm	平平安安过日子 歌谱简谱网	平平安安过日子
qupu123-318463	qupu123	ok(曲名命中)	200		https://www.qupu123.com/jipu/p318463.html	https://www.qupu123.com/jipu/p318463.html	平凡之路 （朴树、韩寒词 朴树曲）_桃李醉春风个人制谱园地_中国曲谱网	平凡之路
qupu123-324586	qupu123	打不开:URLError	0		https://www.qupu123.com/hechang/qizi/p324586.html	https://www.qupu123.com/hechang/qizi/p324586.html		巢湖姑娘爱唱歌
qupu123-329432	qupu123	ok(曲名命中)	200		https://www.qupu123.com/shaoer/bazi/p329432.html	https://www.qupu123.com/shaoer/bazi/p329432.html	平安是福 文明是金 _少儿曲谱_中国曲谱网	平安是福_文明是金
jianpucn-233091	jianpucn	ok(曲名命中)	200		http://www.jianpu.cn/pu/23/233091.htm	http://www.jianpu.cn/pu/23/233091.htm	年轻的人们 歌谱简谱网	年轻的人们
qupu123-326378	qupu123	打不开:URLError	0		https://www.qupu123.com/hechang/wuzi/p326378.html	https://www.qupu123.com/hechang/wuzi/p326378.html		巢湖情
qupu123-369950	qupu123	ok(曲名命中)	200		https://www.qupu123.com/yuanchuang/p369950.html	https://www.qupu123.com/yuanchuang/p369950.html	帮助别人 快乐自己 _李锋(不老锋)原创曲谱专栏_中国曲谱网	帮助别人_快乐自己
qupu123-324391	qupu123	ok(曲名命中)	200		https://www.qupu123.com/hechang/jiuziyishang/p324391.html	https://www.qupu123.com/hechang/jiuziyishang/p324391.html	平谷儿女迎接新的胜利 _合唱曲谱_中国曲谱网	平谷儿女迎接新的胜利
jianpucn-34236	jianpucn	ok(曲名命中)	200		http://www.jianpu.cn/pu/34/34236.htm	http://www.jianpu.cn/pu/34/34236.htm	年轻的师长 歌谱简谱网	年轻的师长
qupu123-381927	qupu123	ok(曲名命中)	200		https://www.qupu123.com/tongsu/erziyixia/p381927.html	https://www.qupu123.com/tongsu/erziyixia/p381927.html	年岁 _通俗曲谱_中国曲谱网	年岁
jianpucn-119492	jianpucn	ok(曲名命中)	200		http://www.jianpu.cn/pu/11/119492.htm	http://www.jianpu.cn/pu/11/119492.htm	年青的朋友 歌谱简谱网	年青的朋友
jianpucn-115283	jianpucn	ok(曲名命中)	200		http://www.jianpu.cn/pu/11/115283.htm	http://www.jianpu.cn/pu/11/115283.htm	干脆 歌曲类 简谱 歌谱简谱网	干脆
jianpucn-466873	jianpucn	ok(曲名命中)	200		http://www.jianpu.cn/pu/46/466873.htm	http://www.jianpu.cn/pu/46/466873.htm	幸福 张也 歌谱简谱网	幸福
qupu123-335576	qupu123	ok(曲名命中)	200		https://www.qupu123.com/tongsu/bazi/p335576.html	https://www.qupu123.com/tongsu/bazi/p335576.html	年年岁岁都在心中 _通俗曲谱_中国曲谱网	年年岁岁都在心中
jianpucn-435256	jianpucn	ok(曲名命中)	200		http://www.jianpu.cn/pu/43/435256.htm	http://www.jianpu.cn/pu/43/435256.htm	幸福中国一起走 张也 歌谱简谱网	幸福中国一起走
jianpucn-46184	jianpucn	ok(曲名命中)	200		http://www.jianpu.cn/pu/46/46184.htm	http://www.jianpu.cn/pu/46/46184.htm	幸福在哪里 歌谱简谱网	幸福在哪里
qupu123-304904	qupu123	ok(曲名命中)	200		https://www.qupu123.com/meisheng/bazi/p304904.html	https://www.qupu123.com/meisheng/bazi/p304904.html	年轻的朋友来相会 （张枚同词 苏建洲曲）_美声曲谱_中国曲谱网	年轻的朋友来相会
qupu123-318614	qupu123	ok(曲名命中)	200		https://www.qupu123.com/jipu/p318614.html	https://www.qupu123.com/jipu/p318614.html	【日】幸せ （《伤心太平洋》原曲）_九日旭个人制谱园地_中国曲谱网	幸せ
jianpucn-70568	jianpucn	ok(曲名命中)	200		http://www.jianpu.cn/pu/70/70568.htm	http://www.jianpu.cn/pu/70/70568.htm	幸福年 歌谱简谱网	幸福年
jianpucn-85632	jianpucn	ok(曲名命中)	200		http://www.jianpu.cn/pu/85/85632.htm	http://www.jianpu.cn/pu/85/85632.htm	幸福感 歌谱简谱网	幸福感
qupu123-335663	qupu123	ok(曲名命中)	200		https://www.qupu123.com/hechang/sizi/p335663.html	https://www.qupu123.com/hechang/sizi/p335663.html	幸福之港 _合唱曲谱_中国曲谱网	幸福之港
jianpucn-49005	jianpucn	ok(曲名命中)	200		http://www.jianpu.cn/pu/49/49005.htm	http://www.jianpu.cn/pu/49/49005.htm	幸福泉 歌谱简谱网	幸福泉
jianpucn-445459	jianpucn	ok(曲名命中)	200		http://www.jianpu.cn/pu/44/445459.htm	http://www.jianpu.cn/pu/44/445459.htm	幸福消失了多久(电视剧《八方传奇》片尾曲) 刘欢 歌谱简谱网	幸福消失了多久
jianpucn-85423	jianpucn	ok(曲名命中)	200		http://www.jianpu.cn/pu/85/85423.htm	http://www.jianpu.cn/pu/85/85423.htm	年年红 歌谱简谱网	年年红
qupu123-335388	qupu123	ok(曲名命中)	200		https://www.qupu123.com/hechang/sizi/p335388.html	https://www.qupu123.com/hechang/sizi/p335388.html	幸福宁夏 _合唱曲谱_中国曲谱网	幸福宁夏
qupu123-324528	qupu123	ok(曲名命中)	200		https://www.qupu123.com/hechang/qizi/p324528.html	https://www.qupu123.com/hechang/qizi/p324528.html	幸福山歌滚滚来 _合唱曲谱_中国曲谱网	幸福山歌滚滚来
jianpucn-439335	jianpucn	ok(曲名命中)	200		http://www.jianpu.cn/pu/43/439335.htm	http://www.jianpu.cn/pu/43/439335.htm	幸福红（乔方词 栾凯曲） 张也 歌谱简谱网	幸福红
qupu123-320420	qupu123	ok(曲名命中)	200		https://www.qupu123.com/hechang/jiuziyishang/p320420.html	https://www.qupu123.com/hechang/jiuziyishang/p320420.html	幸福歌唱——声乐套曲《乐涌蒸水》之五 _合唱曲谱_中国曲谱网	幸福歌唱——声乐套曲《乐涌蒸水》之五
jianpucn-85063	jianpucn	ok(曲名命中)	200		http://www.jianpu.cn/pu/85/85063.htm	http://www.jianpu.cn/pu/85/85063.htm	年轻的向往 歌谱简谱网	年轻的向往
jianpucn-51401	jianpucn	ok(曲名命中)	200		http://www.jianpu.cn/pu/51/51401.htm	http://www.jianpu.cn/pu/51/51401.htm	幸福花儿开 歌谱简谱网	幸福花儿开
jianpucn-447847	jianpucn	ok(曲名命中)	200		http://www.jianpu.cn/pu/44/447847.htm	http://www.jianpu.cn/pu/44/447847.htm	幸福里（电视剧幸福里的故事片尾曲） 周深 歌谱简谱网	幸福里
qupu123-333455	qupu123	ok(曲名命中)	200		https://www.qupu123.com/minge/sizi/p333455.html	https://www.qupu123.com/minge/sizi/p333455.html	幸福水乡 （缪新华词 田智宏曲）_民歌曲谱_中国曲谱网	幸福水乡
qupu123-316438	qupu123	ok(曲名命中)	200		https://www.qupu123.com/meisheng/wuzi/p316438.html	https://www.qupu123.com/meisheng/wuzi/p316438.html	​16幸福的家园（双谱） _美声曲谱_中国曲谱网	幸福的家园
jianpucn-33554	jianpucn	打不开:TimeoutError	0		http://www.jianpu.cn/pu/33/33554.htm	http://www.jianpu.cn/pu/33/33554.htm		带兵的人
qupu123-335472	qupu123	ok(曲名命中)	200		https://www.qupu123.com/tongsu/wuzi/p335472.html	https://www.qupu123.com/tongsu/wuzi/p335472.html	幸福遇见你 _通俗曲谱_中国曲谱网	幸福遇见你
jianpucn-89384	jianpucn	ok(曲名命中)	200		http://www.jianpu.cn/pu/89/89384.htm	http://www.jianpu.cn/pu/89/89384.htm	幼稚园 歌谱简谱网	幼稚园
qupu123-332969	qupu123	ok(曲名命中)	200		https://www.qupu123.com/tongsu/liuzi/p332969.html	https://www.qupu123.com/tongsu/liuzi/p332969.html	幸福里欢迎你 _通俗曲谱_中国曲谱网	幸福里欢迎你
jianpucn-37390	jianpucn	ok(曲名命中)	200		http://www.jianpu.cn/pu/37/37390.htm	http://www.jianpu.cn/pu/37/37390.htm	幽歌 歌谱简谱网	幽歌
qupu123-335338	qupu123	ok(曲名命中)	200		https://www.qupu123.com/minge/sizi/p335338.html	https://www.qupu123.com/minge/sizi/p335338.html	幸福预报 _民歌曲谱_中国曲谱网	幸福预报
jianpucn-119069	jianpucn	ok(曲名命中)	200		http://www.jianpu.cn/pu/11/119069.htm	http://www.jianpu.cn/pu/11/119069.htm	广玉兰之恋 歌谱简谱网	广玉兰之恋
jianpucn-313428	jianpucn	ok(原记录标题命中)	200		http://www.jianpu.cn/pu/31/313428.htm	http://www.jianpu.cn/pu/31/313428.htm	序 梁静茹 歌谱简谱网	序
qupu123-381645	qupu123	ok(曲名命中)	200		https://www.qupu123.com/tongsu/erziyixia/p381645.html	https://www.qupu123.com/tongsu/erziyixia/p381645.html	幻听 _通俗曲谱_中国曲谱网	幻听
jianpujia-150660	jianpujia	ok(曲名命中)	200		https://www.jianpujia.com/jianpu/150660.html	https://www.jianpujia.com/jianpu/150660.html	庐州月完美版钢琴简谱_许嵩__Vae演唱-免费下载-简谱之家	庐州月完美版
jianpucn-35450	jianpucn	ok(曲名命中)	200		http://www.jianpu.cn/pu/35/35450.htm	http://www.jianpu.cn/pu/35/35450.htm	应该 歌谱简谱网	应该
jianpujia-299366	jianpujia	ok(曲名命中)	200		https://www.jianpujia.com/jianpu/299366.html	https://www.jianpujia.com/jianpu/299366.html	康定情歌简谱_梦之旅组合演唱_四川民歌/四川民歌词曲-免费下载-简谱之家	康定情歌
jianpucn-44104	jianpucn	ok(曲名命中)	200		http://www.jianpu.cn/pu/44/44104.htm	http://www.jianpu.cn/pu/44/44104.htm	康定情缘 歌谱简谱网	康定情缘
jianpucn-437533	jianpucn	ok(曲名命中)	200		http://www.jianpu.cn/pu/43/437533.htm	http://www.jianpu.cn/pu/43/437533.htm	延边人民热爱毛主席（纪念毛主席诞辰专辑） 张也 歌谱简谱网	延边人民热爱毛主席
qupu123-305181	qupu123	ok(曲名命中)	200		https://www.qupu123.com/tongsu/erziyixia/p305181.html	https://www.qupu123.com/tongsu/erziyixia/p305181.html	幻影 _通俗曲谱_中国曲谱网	幻影
jianpucn-35527	jianpucn	ok(曲名命中)	200		http://www.jianpu.cn/pu/35/35527.htm	http://www.jianpu.cn/pu/35/35527.htm	开不了口 歌谱简谱网	开不了口
jianpucn-64264	jianpucn	ok(曲名命中)	200		http://www.jianpu.cn/pu/64/64264.htm	http://www.jianpu.cn/pu/64/64264.htm	开始懂了 歌曲类 简谱 歌谱简谱网	开始懂了 歌曲类
qupu123-282461	qupu123	ok(曲名命中)	200		https://www.qupu123.com/jipu/p282461.html	https://www.qupu123.com/jipu/p282461.html	幻影幻灭 _桃李醉春风个人制谱园地_中国曲谱网	幻影幻灭
qupu123-395391	qupu123	ok(曲名命中)	200		https://www.qupu123.com/puyou/shangchuan/p395391.html	https://www.qupu123.com/puyou/shangchuan/p395391.html	康定溜溜的城 （改编歌曲）_幸福人生wsx个人制谱园地_中国曲谱网	康定溜溜的城
qupu123-333960	qupu123	ok(曲名命中)	200		https://www.qupu123.com/minge/sizi/p333960.html	https://www.qupu123.com/minge/sizi/p333960.html	康巴雄鹰 _民歌曲谱_中国曲谱网	康巴雄鹰
qupu123-381625	qupu123	ok(曲名命中)	200		https://www.qupu123.com/tongsu/sanzi/p381625.html	https://www.qupu123.com/tongsu/sanzi/p381625.html	延安颂 _通俗曲谱_中国曲谱网	延安颂
qupu123-394716	qupu123	ok(曲名命中)	200		https://www.qupu123.com/tongsu/bazi/p394716.html	https://www.qupu123.com/tongsu/bazi/p394716.html	开心做出戏 (国语版) _天恩原创曲谱专栏_中国曲谱网	开心做出戏
qupu123-335467	qupu123	ok(曲名命中)	200		https://www.qupu123.com/tongsu/wuzi/p335467.html	https://www.qupu123.com/tongsu/wuzi/p335467.html	开心干一杯 _通俗曲谱_中国曲谱网	开心干一杯
jianpucn-300839	jianpucn	ok(曲名命中)	200		http://www.jianpu.cn/pu/30/300839.htm	http://www.jianpu.cn/pu/30/300839.htm	开篇（电影《少林小子》插曲） 李谷一 歌谱简谱网	开篇
jianpucn-452791	jianpucn	ok(曲名命中)	200		http://www.jianpu.cn/pu/45/452791.htm	http://www.jianpu.cn/pu/45/452791.htm	开辟新天地 阎维文 歌谱简谱网	开辟新天地
jianpucn-163541	jianpucn	ok(曲名命中)	200		http://www.jianpu.cn/pu/16/163541.htm	http://www.jianpu.cn/pu/16/163541.htm	开门大吉 歌谱简谱网	开门大吉
qupu123-320979	qupu123	打不开:URLError	0		https://www.qupu123.com/hechang/sizi/p320979.html	https://www.qupu123.com/hechang/sizi/p320979.html		幸福歌谣
jianpucn-32718	jianpucn	ok(曲名命中)	200		http://www.jianpu.cn/pu/32/32718.htm	http://www.jianpu.cn/pu/32/32718.htm	异乡寒夜曲 歌谱简谱网	异乡寒夜曲
qupu123-331133	qupu123	打不开:URLError	0		https://www.qupu123.com/shaoer/bazi/p331133.html	https://www.qupu123.com/shaoer/bazi/p331133.html		幸福的童年党带来
jianpujia-12696	jianpujia	ok(曲名命中)	200		https://www.jianpujia.com/jianpu/12696.html	https://www.jianpujia.com/jianpu/12696.html	弟子规简谱(歌词)_金帆合唱团演唱_桃李醉春风记谱-免费下载-简谱之家	弟子规
qupu123-312866	qupu123	打不开:URLError	0		https://www.qupu123.com/meisheng/sizi/p312866.html	https://www.qupu123.com/meisheng/sizi/p312866.html		幸福花园
jianpucn-212967	jianpucn	ok(曲名命中)	200		http://www.jianpu.cn/pu/21/212967.htm	http://www.jianpu.cn/pu/21/212967.htm	张氏情歌 歌谱简谱网	张氏情歌
qupu123-329227	qupu123	ok(曲名命中)	200		https://www.qupu123.com/hechang/sanzi/p329227.html	https://www.qupu123.com/hechang/sanzi/p329227.html	开矿歌 （故事影片《母性之光》插曲）_合唱曲谱_中国曲谱网	开矿歌
qupu123-326524	qupu123	ok(曲名命中)	200		https://www.qupu123.com/hechang/liuzi/p326524.html	https://www.qupu123.com/hechang/liuzi/p326524.html	开秧门 唱秧歌 _合唱曲谱_中国曲谱网	开秧门_唱秧歌
jianpucn-46520	jianpucn	ok(曲名命中)	200		http://www.jianpu.cn/pu/46/46520.htm	http://www.jianpu.cn/pu/46/46520.htm	弯弯的情歌 歌谱简谱网	弯弯的情歌
qupu123-330631	qupu123	ok(曲名命中)	200		https://www.qupu123.com/tongsu/qizi/p330631.html	https://www.qupu123.com/tongsu/qizi/p330631.html	开网店的北京妹 _通俗曲谱_中国曲谱网	开网店的北京妹
qupu123-333821	qupu123	打不开:URLError	0		https://www.qupu123.com/hechang/sizi/p333821.html	https://www.qupu123.com/hechang/sizi/p333821.html		幺妹摘菜
jianpucn-401739	jianpucn	ok(曲名命中)	200		http://www.jianpu.cn/pu/40/401739.htm	http://www.jianpu.cn/pu/40/401739.htm	强军之歌 阎维文 歌谱简谱网	强军之歌
qupu123-381441	qupu123	ok(曲名命中)	200		https://www.qupu123.com/tongsu/sizi/p381441.html	https://www.qupu123.com/tongsu/sizi/p381441.html	张三的歌 _通俗曲谱_中国曲谱网	张三的歌
jianpucn-296411	jianpucn	ok(曲名命中)	200		http://www.jianpu.cn/pu/29/296411.htm	http://www.jianpu.cn/pu/29/296411.htm	强军战歌1 阎维文 歌谱简谱网	强军战歌1
qupu123-335539	qupu123	ok(曲名命中)	200		https://www.qupu123.com/minge/jiuziyishang/p335539.html	https://www.qupu123.com/minge/jiuziyishang/p335539.html	张家界的石头爱唱歌 _民歌曲谱_中国曲谱网	张家界的石头爱唱歌
jianpucn-296412	jianpucn	ok(曲名命中)	200		http://www.jianpu.cn/pu/29/296412.htm	http://www.jianpu.cn/pu/29/296412.htm	强军战歌2 阎维文 歌谱简谱网	强军战歌2
qupu123-334983	qupu123	ok(曲名命中)	200		https://www.qupu123.com/minge/sizi/p334983.html	https://www.qupu123.com/minge/sizi/p334983.html	强军 强军 （邬大为词 胡俊成曲）_民歌曲谱_中国曲谱网	强军_强军
jianpucn-449375	jianpucn	ok(曲名命中)	200		http://www.jianpu.cn/pu/44/449375.htm	http://www.jianpu.cn/pu/44/449375.htm	归处（电影《侍神令》主题曲） 周深 歌谱简谱网	归处
qupu123-328742	qupu123	ok(原记录标题命中)	200		https://www.qupu123.com/shaoer/erziyixia/p328742.html	https://www.qupu123.com/shaoer/erziyixia/p328742.html	弯 _少儿曲谱_中国曲谱网	弯
jianpucn-148322	jianpucn	ok(曲名命中)	200		http://www.jianpu.cn/pu/14/148322.htm	http://www.jianpu.cn/pu/14/148322.htm	张家港之恋 歌谱简谱网	张家港之恋
qupu123-335210	qupu123	ok(曲名命中)	200		https://www.qupu123.com/minge/qizi/p335210.html	https://www.qupu123.com/minge/qizi/p335210.html	强军思想领航向 _民歌曲谱_中国曲谱网	强军思想领航向
jianpucn-120933	jianpucn	ok(曲名命中)	200		http://www.jianpu.cn/pu/12/120933.htm	http://www.jianpu.cn/pu/12/120933.htm	归航 歌谱简谱网	归航
qupu123-333284	qupu123	ok(曲名命中)	200		https://www.qupu123.com/minge/qizi/p333284.html	https://www.qupu123.com/minge/qizi/p333284.html	强军战歌最嘹亮 _民歌曲谱_中国曲谱网	强军战歌最嘹亮
jianpucn-114053	jianpucn	ok(曲名命中)	200		http://www.jianpu.cn/pu/11/114053.htm	http://www.jianpu.cn/pu/11/114053.htm	弯弯的月亮 歌曲类 简谱 歌谱简谱网	弯弯的月亮 歌曲类
qupu123-333205	qupu123	ok(曲名命中)	200		https://www.qupu123.com/minge/qizi/p333205.html	https://www.qupu123.com/minge/qizi/p333205.html	强军重任我担当 _民歌曲谱_中国曲谱网	强军重任我担当
qupu123-333283	qupu123	ok(曲名命中)	200		https://www.qupu123.com/minge/sanzi/p333283.html	https://www.qupu123.com/minge/sanzi/p333283.html	强军梦 _民歌曲谱_中国曲谱网	强军梦
jianpucn-159583	jianpucn	ok(曲名命中)	200		http://www.jianpu.cn/pu/15/159583.htm	http://www.jianpu.cn/pu/15/159583.htm	当你的脚步自信稳健 歌谱简谱网	当你的脚步自信稳健
qupu123-382108	qupu123	ok(曲名命中)	200		https://www.qupu123.com/tongsu/sanzi/p382108.html	https://www.qupu123.com/tongsu/sanzi/p382108.html	归于尘 _通俗曲谱_中国曲谱网	归于尘
jianpucn-233157	jianpucn	打不开:TimeoutError	0		http://www.jianpu.cn/pu/23/233157.htm	http://www.jianpu.cn/pu/23/233157.htm		年轻的人们
jianpucn-475802	jianpucn	ok(曲名命中)	200		http://www.jianpu.cn/pu/47/475802.htm	http://www.jianpu.cn/pu/47/475802.htm	当兵乐 杨会林 歌谱简谱网	当兵乐
jianpucn-31728	jianpucn	ok(曲名命中)	200		http://www.jianpu.cn/pu/31/31728.htm	http://www.jianpu.cn/pu/31/31728.htm	当兵来到左右江 歌谱简谱网	当兵来到左右江
qupu123-47326	qupu123	ok(曲名命中)	200		https://www.qupu123.com/jipu/p47326.html	https://www.qupu123.com/jipu/p47326.html	归来简谱（韩红演唱版）_康兵辉个人制谱园地_中国曲谱网	归来
qupu123-331996	qupu123	打不开:URLError	0		https://www.qupu123.com/tongsu/sizi/p331996.html	https://www.qupu123.com/tongsu/sizi/p331996.html		开心舞曲
jianpucn-39014	jianpucn	ok(曲名命中)	200		http://www.jianpu.cn/pu/39/39014.htm	http://www.jianpu.cn/pu/39/39014.htm	当兵的天地 歌谱简谱网	当兵的天地
qupu123-369934	qupu123	ok(曲名命中)	200		https://www.qupu123.com/hechang/jiuziyishang/p369934.html	https://www.qupu123.com/hechang/jiuziyishang/p369934.html	当你的秀发拂过我的钢枪 （男声二重唱）_合唱曲谱_中国曲谱网	当你的秀发拂过我的钢枪
jianpucn-49505	jianpucn	ok(曲名命中)	200		http://www.jianpu.cn/pu/49/49505.htm	http://www.jianpu.cn/pu/49/49505.htm	当万绿飞翠的时候 歌谱简谱网	当万绿飞翠的时候
qupu123-333891	qupu123	ok(曲名命中)	200		https://www.qupu123.com/minge/wuzi/p333891.html	https://www.qupu123.com/minge/wuzi/p333891.html	当兵爽不爽 （韩雪词 胡苹曲）_民歌曲谱_中国曲谱网	当兵爽不爽
jianpujia-74561	jianpujia	ok(曲名命中)	200		https://www.jianpujia.com/jianpu/74561.html	https://www.jianpujia.com/jianpu/74561.html	当我们同在一起简谱__小蓓蕾组合演唱-免费下载-简谱之家	当我们同在一起
jianpucn-34019	jianpucn	ok(曲名命中)	200		http://www.jianpu.cn/pu/34/34019.htm	http://www.jianpu.cn/pu/34/34019.htm	当兵走天涯 歌谱简谱网	当兵走天涯
jianpucn-151589	jianpucn	ok(曲名命中)	200		http://www.jianpu.cn/pu/15/151589.htm	http://www.jianpu.cn/pu/15/151589.htm	当人民需要的时候 歌谱简谱网	当人民需要的时候
qupu123-333197	qupu123	ok(曲名命中)	200		https://www.qupu123.com/minge/qizi/p333197.html	https://www.qupu123.com/minge/qizi/p333197.html	当兵要当排头兵 _民歌曲谱_中国曲谱网	当兵要当排头兵
jianpucn-64493	jianpucn	ok(曲名命中)	200		http://www.jianpu.cn/pu/64/64493.htm	http://www.jianpu.cn/pu/64/64493.htm	当我爱上你 歌曲类 简谱 歌谱简谱网	当我爱上你 歌曲类
qupu123-333209	qupu123	ok(曲名命中)	200		https://www.qupu123.com/minge/wuzi/p333209.html	https://www.qupu123.com/minge/wuzi/p333209.html	当兵走高原 （赵济潮 邓革虎词 邓革虎曲）_民歌曲谱_中国曲谱网	当兵走高原
jianpucn-260283	jianpucn	ok(曲名命中)	200		http://www.jianpu.cn/pu/26/260283.htm	http://www.jianpu.cn/pu/26/260283.htm	当我遇到你 刘德华 歌谱简谱网	当我遇到你
qupu123-3251	qupu123	ok(曲名命中)	200		https://www.qupu123.com/tongsu/sanzi/p3251.html	https://www.qupu123.com/tongsu/sanzi/p3251.html	当年情简谱（电影《英雄本色》主题曲、粤语）_通俗曲谱_中国曲谱网	当年情
qupu123-328414	qupu123	打不开:URLError	0		https://www.qupu123.com/shaoer/sanzi/p328414.html	https://www.qupu123.com/shaoer/sanzi/p328414.html		开汽车
jianpucn-91269	jianpucn	ok(曲名命中)	200		http://www.jianpu.cn/pu/91/91269.htm	http://www.jianpu.cn/pu/91/91269.htm	当爱已成习惯 吉他类 流行 歌谱简谱网	当爱已成习惯 吉他类 流行
jianpucn-290492	jianpucn	ok(曲名命中)	200		http://www.jianpu.cn/pu/29/290492.htm	http://www.jianpu.cn/pu/29/290492.htm	当爱已成往事（林忆莲、 ） 李宗盛 歌谱简谱网	当爱已成往事
qupu123-363668	qupu123	ok(曲名命中)	200		https://www.qupu123.com/jipu/p363668.html	https://www.qupu123.com/jipu/p363668.html	当年情 -F- 首调简谱 （半音阶口琴）_望一望个人制谱园地_中国曲谱网	当年情 -F- 首调
jianpucn-31828	jianpucn	ok(曲名命中)	200		http://www.jianpu.cn/pu/31/31828.htm	http://www.jianpu.cn/pu/31/31828.htm	当兵的 歌谱简谱网	当兵的
jianpucn-134545	jianpucn	ok(曲名命中)	200		http://www.jianpu.cn/pu/13/134545.htm	http://www.jianpu.cn/pu/13/134545.htm	当秋天到来的时候 歌谱简谱网	当秋天到来的时候
qupu123-229116	qupu123	ok(曲名命中)	200		https://www.qupu123.com/jipu/p229116.html	https://www.qupu123.com/jipu/p229116.html	​当我想起你(张学友词/曲) _蔡少亮个人制谱园地_中国曲谱网	当我想起你
jianpucn-39999	jianpucn	ok(曲名命中)	200		http://www.jianpu.cn/pu/39/39999.htm	http://www.jianpu.cn/pu/39/39999.htm	当秋天来到的时候 歌谱简谱网	当秋天来到的时候
jianpucn-423973	jianpucn	ok(曲名命中)	200		http://www.jianpu.cn/pu/42/423973.htm	http://www.jianpu.cn/pu/42/423973.htm	当那枫叶红 费玉清 歌谱简谱网	当那枫叶红
qupu123-333206	qupu123	ok(曲名命中)	200		https://www.qupu123.com/minge/wuzi/p333206.html	https://www.qupu123.com/minge/wuzi/p333206.html	当过兵的人 _民歌曲谱_中国曲谱网	当过兵的人
qupu123-381073	qupu123	ok(曲名命中)	200		https://www.qupu123.com/tongsu/liuzi/p381073.html	https://www.qupu123.com/tongsu/liuzi/p381073.html	当那一天来临 _通俗曲谱_中国曲谱网	当那一天来临
jianpucn-475853	jianpucn	ok(曲名命中)	200		http://www.jianpu.cn/pu/47/475853.htm	http://www.jianpu.cn/pu/47/475853.htm	彝寨山茶红 蒋立德 歌谱简谱网	彝寨山茶红
qupu123-332883	qupu123	ok(曲名命中)	200		https://www.qupu123.com/shaoer/qizi/p332883.html	https://www.qupu123.com/shaoer/qizi/p332883.html	彝家娃娃乐呵呵 （合唱）_少儿曲谱_中国曲谱网	彝家娃娃乐呵呵
jianpucn-130077	jianpucn	ok(曲名命中)	200		http://www.jianpu.cn/pu/13/130077.htm	http://www.jianpu.cn/pu/13/130077.htm	当兵第一天 歌谱简谱网	当兵第一天
jianpucn-27115	jianpucn	ok(曲名命中)	200		http://www.jianpu.cn/pu/27/27115.htm	http://www.jianpu.cn/pu/27/27115.htm	彩凤高翔 歌谱简谱网	彩凤高翔
qupu123-333017	qupu123	ok(曲名命中)	200		https://www.qupu123.com/minge/qizi/p333017.html	https://www.qupu123.com/minge/qizi/p333017.html	彝家山寨多欢乐 _民歌曲谱_中国曲谱网	彝家山寨多欢乐
jianpucn-135240	jianpucn	ok(曲名命中)	200		http://www.jianpu.cn/pu/13/135240.htm	http://www.jianpu.cn/pu/13/135240.htm	彩色的河流（征歌获奖作品） 歌谱简谱网	彩色的河流
qupu123-333160	qupu123	ok(曲名命中)	200		https://www.qupu123.com/minge/sanzi/p333160.html	https://www.qupu123.com/minge/sanzi/p333160.html	彝家欢 _民歌曲谱_中国曲谱网	彝家欢
jianpujia-18367	jianpujia	ok(曲名命中)	200		https://www.jianpujia.com/jianpu/18367.html	https://www.jianpujia.com/jianpu/18367.html	彩霞回来吧简谱(歌词)_邓丽君演唱_王wzh曲谱-免费下载-简谱之家	彩霞回来吧
jianpucn-174925	jianpucn	ok(曲名命中)	200		http://www.jianpu.cn/pu/17/174925.htm	http://www.jianpu.cn/pu/17/174925.htm	彩虹-小兴安岭1943上传版 歌谱简谱网	彩虹-小兴安岭1943上传版
jianpujia-20884	jianpujia	ok(曲名命中)	200		https://www.jianpujia.com/jianpu/20884.html	https://www.jianpujia.com/jianpu/20884.html	彩霞归来吧简谱(歌词)_邓丽君演唱_岭南印象曲谱-免费下载-简谱之家	彩霞归来吧
jianpucn-9363	jianpucn	ok(曲名命中)	200		http://www.jianpu.cn/pu/93/9363.htm	http://www.jianpu.cn/pu/93/9363.htm	影子舞 歌谱简谱网	影子舞
jianpujia-18100	jianpujia	ok(曲名命中)	200		https://www.jianpujia.com/jianpu/18100.html	https://www.jianpujia.com/jianpu/18100.html	往事只能回味简谱(歌词)_邓丽君演唱_君羊曲谱-免费下载-简谱之家	往事只能回味
jianpucn-41550	jianpucn	ok(曲名命中)	200		http://www.jianpu.cn/pu/41/41550.htm	http://www.jianpu.cn/pu/41/41550.htm	影片《画皮》插曲---画心 歌谱简谱网	影片《画皮》插曲---画心
qupu123-331905	qupu123	ok(曲名命中)	200		https://www.qupu123.com/tongsu/sanzi/p331905.html	https://www.qupu123.com/tongsu/sanzi/p331905.html	彼之爱 _通俗曲谱_中国曲谱网	彼之爱
jianpucn-35135	jianpucn	ok(曲名命中)	200		http://www.jianpu.cn/pu/35/35135.htm	http://www.jianpu.cn/pu/35/35135.htm	往事 歌谱简谱网	往事
jianpucn-218726	jianpucn	ok(曲名命中)	200		http://www.jianpu.cn/pu/21/218726.htm	http://www.jianpu.cn/pu/21/218726.htm	往事常牵挂 歌谱简谱网	往事常牵挂
qupu123-334053	qupu123	ok(曲名命中)	200		https://www.qupu123.com/tongsu/sizi/p334053.html	https://www.qupu123.com/tongsu/sizi/p334053.html	往事如烟 （李欣瑶词 侯德炜曲）_通俗曲谱_中国曲谱网	往事如烟
jianpucn-109469	jianpucn	ok(曲名命中)	200		http://www.jianpu.cn/pu/10/109469.htm	http://www.jianpu.cn/pu/10/109469.htm	往日情怀（简谱版） 歌谱简谱网	往日情怀
qupu123-381719	qupu123	ok(曲名命中)	200		https://www.qupu123.com/tongsu/erziyixia/p381719.html	https://www.qupu123.com/tongsu/erziyixia/p381719.html	彩虹 _通俗曲谱_中国曲谱网	彩虹
jianpucn-265933	jianpucn	ok(曲名命中)	200		http://www.jianpu.cn/pu/26/265933.htm	http://www.jianpu.cn/pu/26/265933.htm	待嫁的新娘 凤凰传奇 歌谱简谱网	待嫁的新娘
jianpucn-114903	jianpucn	ok(曲名命中)	200		http://www.jianpu.cn/pu/11/114903.htm	http://www.jianpu.cn/pu/11/114903.htm	很爱很爱你 歌曲类 简谱 歌谱简谱网	很爱很爱你
jianpucn-345302	jianpucn	ok(曲名命中)	200		http://www.jianpu.cn/pu/34/345302.htm	http://www.jianpu.cn/pu/34/345302.htm	得民心者得天下--电视连续剧《雍正王朝》主题曲 刘欢 歌谱简谱网	得民心者得天下--电视连续剧《雍正王朝》主题曲
jianpucn-60012	jianpucn	ok(曲名命中)	200		http://www.jianpu.cn/pu/60/60012.htm	http://www.jianpu.cn/pu/60/60012.htm	得民心者得天下（《雍正王朝》主题歌） 歌谱简谱网	得民心者得天下
qupu123-373701	qupu123	ok(曲名命中)	200		https://www.qupu123.com/puyou/shangchuan/p373701.html	https://www.qupu123.com/puyou/shangchuan/p373701.html	征服天堂 _谱友园地_中国曲谱网	征服天堂
jianpucn-155903	jianpucn	ok(曲名命中)	200		http://www.jianpu.cn/pu/15/155903.htm	http://www.jianpu.cn/pu/15/155903.htm	御龙归字谣 歌谱简谱网	御龙归字谣
jianpucn-176520	jianpucn	ok(曲名命中)	200		http://www.jianpu.cn/pu/17/176520.htm	http://www.jianpu.cn/pu/17/176520.htm	微笑·微笑 歌谱简谱网	微笑·微笑
jianpucn-26323	jianpucn	ok(曲名命中)	200		http://www.jianpu.cn/pu/26/26323.htm	http://www.jianpu.cn/pu/26/26323.htm	心上人 ——电视剧《关东大先生》片尾曲 歌谱简谱网	心上人 ——电视剧《关东大先生》片尾曲
jianpucn-34354	jianpucn	ok(曲名命中)	200		http://www.jianpu.cn/pu/34/34354.htm	http://www.jianpu.cn/pu/34/34354.htm	心上人（电视剧《关东大先生》片尾曲 歌谱简谱网	心上人（电视剧《关东大先生》片尾曲
qupu123-328071	qupu123	ok(曲名命中)	200		https://www.qupu123.com/shaoer/liuzi/p328071.html	https://www.qupu123.com/shaoer/liuzi/p328071.html	微笑的萤火虫 _少儿曲谱_中国曲谱网	微笑的萤火虫
jianpucn-31980	jianpucn	ok(曲名命中)	200		http://www.jianpu.cn/pu/31/31980.htm	http://www.jianpu.cn/pu/31/31980.htm	很远很远的地方 歌谱简谱网	很远很远的地方
jianpucn-127047	jianpucn	ok(曲名命中)	200		http://www.jianpu.cn/pu/12/127047.htm	http://www.jianpu.cn/pu/12/127047.htm	心中的太阳月亮 歌谱简谱网	心中的太阳月亮
jianpucn-470565	jianpucn	ok(曲名命中)	200		http://www.jianpu.cn/pu/47/470565.htm	http://www.jianpu.cn/pu/47/470565.htm	心上人电视剧《关东大先生》片尾曲 宋祖英 歌谱简谱网	心上人电视剧《关东大先生》片尾曲
jianpucn-153607	jianpucn	ok(曲名命中)	200		http://www.jianpu.cn/pu/15/153607.htm	http://www.jianpu.cn/pu/15/153607.htm	微风轻轻吹（蒋大为独唱系列70） 歌谱简谱网	微风轻轻吹
jianpucn-35427	jianpucn	ok(曲名命中)	200		http://www.jianpu.cn/pu/35/35427.htm	http://www.jianpu.cn/pu/35/35427.htm	心中的歌 歌谱简谱网	心中的歌
qupu123-332868	qupu123	ok(曲名命中)	200		https://www.qupu123.com/tongsu/wuzi/p332868.html	https://www.qupu123.com/tongsu/wuzi/p332868.html	心上的姑娘 （杨东红词 周佳荣曲）_通俗曲谱_中国曲谱网	心上的姑娘
qupu123-381576	qupu123	ok(曲名命中)	200		https://www.qupu123.com/tongsu/wuzi/p381576.html	https://www.qupu123.com/tongsu/wuzi/p381576.html	心上的罗加 _通俗曲谱_中国曲谱网	心上的罗加
qupu123-331544	qupu123	ok(曲名命中)	200		https://www.qupu123.com/tongsu/bazi/p331544.html	https://www.qupu123.com/tongsu/bazi/p331544.html	心中的华尔兹之梦 _一门502原创曲谱专栏_中国曲谱网	心中的华尔兹之梦
jianpucn-39097	jianpucn	ok(曲名命中)	200		http://www.jianpu.cn/pu/39/39097.htm	http://www.jianpu.cn/pu/39/39097.htm	心中的海 歌谱简谱网	心中的海
jianpucn-51048	jianpucn	ok(曲名命中)	200		http://www.jianpu.cn/pu/51/51048.htm	http://www.jianpu.cn/pu/51/51048.htm	心中的红叶 歌谱简谱网	心中的红叶
jianpucn-273284	jianpucn	ok(曲名命中)	200		http://www.jianpu.cn/pu/27/273284.htm	http://www.jianpu.cn/pu/27/273284.htm	心中的遵义 王宏伟 歌谱简谱网	心中的遵义
qupu123-334055	qupu123	打不开:URLError	0		https://www.qupu123.com/tongsu/liuzi/p334055.html	https://www.qupu123.com/tongsu/liuzi/p334055.html		彩虹是我的家
jianpujia-18923	jianpujia	ok(曲名命中)	200		https://www.jianpujia.com/jianpu/18923.html	https://www.jianpujia.com/jianpu/18923.html	心事简谱(歌词)_邓丽君演唱_王wzh曲谱-免费下载-简谱之家	心事
jianpucn-283865	jianpucn	ok(曲名命中)	200		http://www.jianpu.cn/pu/28/283865.htm	http://www.jianpu.cn/pu/28/283865.htm	心中的故乡 蒋大为 歌谱简谱网	心中的故乡
jianpucn-138157	jianpucn	ok(曲名命中)	200		http://www.jianpu.cn/pu/13/138157.htm	http://www.jianpu.cn/pu/13/138157.htm	心中的高原 歌谱简谱网	心中的高原
jianpucn-459897	jianpucn	ok(曲名命中)	200		http://www.jianpu.cn/pu/45/459897.htm	http://www.jianpu.cn/pu/45/459897.htm	心中自有歌 阎维文 歌谱简谱网	心中自有歌
qupu123-332726	qupu123	打不开:URLError	0		https://www.qupu123.com/tongsu/sizi/p332726.html	https://www.qupu123.com/tongsu/sizi/p332726.html		彼此守候
jianpujia-18346	jianpujia	ok(曲名命中)	200		https://www.jianpujia.com/jianpu/18346.html	https://www.jianpujia.com/jianpu/18346.html	心事知多少简谱(歌词)_邓丽君演唱_王wzh曲谱-免费下载-简谱之家	心事知多少
jianpucn-416563	jianpucn	ok(曲名命中)	200		http://www.jianpu.cn/pu/41/416563.htm	http://www.jianpu.cn/pu/41/416563.htm	心之焰 邓紫棋 歌谱简谱网	心之焰
qupu123-396200	qupu123	ok(曲名命中)	200		https://www.qupu123.com/puyou/shangchuan/p396200.html	https://www.qupu123.com/puyou/shangchuan/p396200.html	心事寄流年 _绿荆学谱原创曲谱专栏_中国曲谱网	心事寄流年
jianpucn-221770	jianpucn	ok(曲名命中)	200		http://www.jianpu.cn/pu/22/221770.htm	http://www.jianpu.cn/pu/22/221770.htm	心事知多少1 歌谱简谱网	心事知多少
jianpucn-233366	jianpucn	ok(曲名命中)	200		http://www.jianpu.cn/pu/23/233366.htm	http://www.jianpu.cn/pu/23/233366.htm	心事知多少（ ） — 彩谱版 歌谱简谱网	心事知多少
qupu123-382097	qupu123	打不开:URLError	0		https://www.qupu123.com/tongsu/sizi/p382097.html	https://www.qupu123.com/tongsu/sizi/p382097.html		往日时光
jianpucn-291914	jianpucn	ok(曲名命中)	200		http://www.jianpu.cn/pu/29/291914.htm	http://www.jianpu.cn/pu/29/291914.htm	心儿啊 展翅飞向晴空（电影《她从雾中来》插曲） 李谷一 歌谱简谱网	心儿啊 展翅飞向晴空
jianpujia-243103	jianpujia	ok(曲名命中)	200		https://www.jianpujia.com/jianpu/243103.html	https://www.jianpujia.com/jianpu/243103.html	心在草原梦在草原简谱_袁冰演唱_李学亮/张志耕词曲-免费下载-简谱之家	心在草原梦在草原
jianpucn-61151	jianpucn	ok(曲名命中)	200		http://www.jianpu.cn/pu/61/61151.htm	http://www.jianpu.cn/pu/61/61151.htm	心只有你 歌谱简谱网	心只有你
qupu123-375494	qupu123	ok(曲名命中)	200		https://www.qupu123.com/waiguo/waiwen/p375494.html	https://www.qupu123.com/waiguo/waiwen/p375494.html	心儿永年轻 （Young at Heart）_外国曲谱_中国曲谱网	心儿永年轻
jianpucn-429418	jianpucn	ok(曲名命中)	200		http://www.jianpu.cn/pu/42/429418.htm	http://www.jianpu.cn/pu/42/429418.htm	心向阳光（刘新圈词 舒楠曲） 张也 歌谱简谱网	心向阳光
jianpucn-135258	jianpucn	ok(曲名命中)	200		http://www.jianpu.cn/pu/13/135258.htm	http://www.jianpu.cn/pu/13/135258.htm	心中的雪莲花 歌谱简谱网	心中的雪莲花
jianpucn-35390	jianpucn	ok(曲名命中)	200		http://www.jianpu.cn/pu/35/35390.htm	http://www.jianpu.cn/pu/35/35390.htm	心在歌唱 歌谱简谱网	心在歌唱
jianpujia-216188	jianpujia	ok(曲名命中)	200		https://www.jianpujia.com/jianpu/216188.html	https://www.jianpujia.com/jianpu/216188.html	心在草原王春明词姜振曲心在草原王春明词_姜振曲简谱-免费下载-简谱之家	心在草原王春明词姜振曲
qupu123-331961	qupu123	打不开:URLError	0		https://www.qupu123.com/tongsu/wuzi/p331961.html	https://www.qupu123.com/tongsu/wuzi/p331961.html		微信正能量
jianpujia-429407	jianpujia	ok(曲名命中)	200		https://www.jianpujia.com/jianpu/429407.html	https://www.jianpujia.com/jianpu/429407.html	心墙钢琴简谱_林俊杰演唱-免费下载-简谱之家	心墙
qupu123-325377	qupu123	ok(曲名命中)	200		https://www.qupu123.com/hechang/sizi/p325377.html	https://www.qupu123.com/hechang/sizi/p325377.html	心向太阳 _合唱曲谱_中国曲谱网	心向太阳
jianpucn-120171	jianpucn	ok(曲名命中)	200		http://www.jianpu.cn/pu/12/120171.htm	http://www.jianpu.cn/pu/12/120171.htm	心底的中国 歌谱简谱网	心底的中国
jianpujia-96227	jianpujia	ok(曲名命中)	200		https://www.jianpujia.com/jianpu/96227.html	https://www.jianpujia.com/jianpu/96227.html	心尖上的草原简谱_第二届国际草原游牧文化旅游艺术节节歌金高娃_-免费下载-简谱之家	心尖上的草原
jianpucn-55459	jianpucn	ok(曲名命中)	200		http://www.jianpu.cn/pu/55/55459.htm	http://www.jianpu.cn/pu/55/55459.htm	心想事成 歌谱简谱网	心想事成
jianpujia-232548	jianpujia	ok(曲名命中)	200		https://www.jianpujia.com/jianpu/232548.html	https://www.jianpujia.com/jianpu/232548.html	心归草原(心归草原陈金喻)简谱_陈金喻演唱_陈金喻曲谱-免费下载-简谱之家	心归草原
jianpucn-165210	jianpucn	ok(曲名命中)	200		http://www.jianpu.cn/pu/16/165210.htm	http://www.jianpu.cn/pu/16/165210.htm	心儿随歌飞 歌谱简谱网	心儿随歌飞
jianpucn-32278	jianpucn	ok(曲名命中)	200		http://www.jianpu.cn/pu/32/32278.htm	http://www.jianpu.cn/pu/32/32278.htm	心愿 歌谱简谱网	心愿
jianpucn-159408	jianpucn	ok(曲名命中)	200		http://www.jianpu.cn/pu/15/159408.htm	http://www.jianpu.cn/pu/15/159408.htm	心中的乌审 歌谱简谱网	心中的乌审
jianpucn-38395	jianpucn	ok(曲名命中)	200		http://www.jianpu.cn/pu/38/38395.htm	http://www.jianpu.cn/pu/38/38395.htm	心港 歌谱简谱网	心港
qupu123-376141	qupu123	ok(曲名命中)	200		https://www.qupu123.com/jipu/p376141.html	https://www.qupu123.com/jipu/p376141.html	心太软 （梦之旅组合）_小花儿357原创曲谱专栏_中国曲谱网	心太软
jianpucn-222694	jianpucn	ok(曲名命中)	200		http://www.jianpu.cn/pu/22/222694.htm	http://www.jianpu.cn/pu/22/222694.htm	心湖里起涟渏 歌谱简谱网	心湖里起涟渏
qupu123-37767	qupu123	ok(曲名命中)	200		https://www.qupu123.com/jipu/p37767.html	https://www.qupu123.com/jipu/p37767.html	心太软续集简谱_桃李醉春风个人制谱园地_中国曲谱网	心太软续集
jianpucn-293244	jianpucn	ok(曲名命中)	200		http://www.jianpu.cn/pu/29/293244.htm	http://www.jianpu.cn/pu/29/293244.htm	心湖里起涟漪（ 演唱） 邓丽君 歌谱简谱网	心湖里起涟漪
qupu123-335616	qupu123	ok(曲名命中)	200		https://www.qupu123.com/tongsu/sizi/p335616.html	https://www.qupu123.com/tongsu/sizi/p335616.html	心存感激 （宋青松词 黄格省曲）_通俗曲谱_中国曲谱网	心存感激
jianpujia-238959	jianpujia	ok(曲名命中)	200		https://www.jianpujia.com/jianpu/238959.html	https://www.jianpujia.com/jianpu/238959.html	心爱的姑娘草原丁喜萨克斯原创曲简谱_草原丁喜演唱_马正寿/草原丁喜词曲-免费下载-简谱之家	心爱的姑娘草原丁喜
jianpucn-253676	jianpucn	ok(曲名命中)	200		http://www.jianpu.cn/pu/25/253676.htm	http://www.jianpu.cn/pu/25/253676.htm	心甘情愿（） 阎维文 歌谱简谱网	心甘情愿
qupu123-334134	qupu123	ok(曲名命中)	200		https://www.qupu123.com/tongsu/erziyixia/p334134.html	https://www.qupu123.com/tongsu/erziyixia/p334134.html	心恋 _通俗曲谱_中国曲谱网	心恋
jianpucn-251960	jianpucn	ok(曲名命中)	200		http://www.jianpu.cn/pu/25/251960.htm	http://www.jianpu.cn/pu/25/251960.htm	心的旅途 孟庭苇 歌谱简谱网	心的旅途
qupu123-395898	qupu123	ok(曲名命中)	200		https://www.qupu123.com/puyou/shangchuan/p395898.html	https://www.qupu123.com/puyou/shangchuan/p395898.html	心栖雪山下 _先启个人制谱园地_中国曲谱网	心栖雪山下
jianpucn-86376	jianpucn	ok(曲名命中)	200		http://www.jianpu.cn/pu/86/86376.htm	http://www.jianpu.cn/pu/86/86376.htm	心肝宝贝 歌谱简谱网	心肝宝贝
jianpucn-244210	jianpucn	ok(曲名命中)	200		http://www.jianpu.cn/pu/24/244210.htm	http://www.jianpu.cn/pu/24/244210.htm	心语 韩红 歌谱简谱网	心语
qupu123-331565	qupu123	ok(曲名命中)	200		https://www.qupu123.com/hechang/sizi/p331565.html	https://www.qupu123.com/hechang/sizi/p331565.html	心比天高 （秦新民词 王黎光曲）_合唱曲谱_中国曲谱网	心比天高
jianpujia-18355	jianpujia	ok(曲名命中)	200		https://www.jianpujia.com/jianpu/18355.html	https://www.jianpujia.com/jianpu/18355.html	心里多轻松简谱(歌词)_邓丽君演唱_王wzh曲谱-免费下载-简谱之家	心里多轻松
jianpucn-62537	jianpucn	ok(曲名命中)	200		http://www.jianpu.cn/pu/62/62537.htm	http://www.jianpu.cn/pu/62/62537.htm	心里有话对你说 歌谱简谱网	心里有话对你说
jianpucn-35380	jianpucn	ok(曲名命中)	200		http://www.jianpu.cn/pu/35/35380.htm	http://www.jianpu.cn/pu/35/35380.htm	心里梦里 歌谱简谱网	心里梦里
qupu123-322853	qupu123	ok(曲名命中)	200		https://www.qupu123.com/meisheng/erziyixia/p322853.html	https://www.qupu123.com/meisheng/erziyixia/p322853.html	心湖 _美声曲谱_中国曲谱网	心湖
qupu123-396387	qupu123	ok(曲名命中)	200		https://www.qupu123.com/puyou/shangchuan/p396387.html	https://www.qupu123.com/puyou/shangchuan/p396387.html	心疼没人哄心碎没人懂 _谱天下个人制谱园地_中国曲谱网	心疼没人哄心碎没人懂
qupu123-319897	qupu123	ok(曲名命中)	200		https://www.qupu123.com/shaoer/sizi/p319897.html	https://www.qupu123.com/shaoer/sizi/p319897.html	心花怒放 （任韶华词 郭正萍 艺林曲）_少儿曲谱_中国曲谱网	心花怒放
jianpucn-63846	jianpucn	ok(曲名命中)	200		http://www.jianpu.cn/pu/63/63846.htm	http://www.jianpu.cn/pu/63/63846.htm	心雨 歌谱简谱网	心雨
jianpucn-33027	jianpucn	ok(曲名命中)	200		http://www.jianpu.cn/pu/33/33027.htm	http://www.jianpu.cn/pu/33/33027.htm	忆故园 歌谱简谱网	忆故园
jianpujia-379424	jianpujia	ok(曲名命中)	200		https://www.jianpujia.com/jianpu/379424.html	https://www.jianpujia.com/jianpu/379424.html	忆黄山简谱歌词_许嵩演唱-免费下载-简谱之家	忆黄山
jianpucn-71368	jianpucn	ok(曲名命中)	200		http://www.jianpu.cn/pu/71/71368.htm	http://www.jianpu.cn/pu/71/71368.htm	忘不了 歌谱简谱网	忘不了
jianpucn-204355	jianpucn	ok(曲名命中)	200		http://www.jianpu.cn/pu/20/204355.htm	http://www.jianpu.cn/pu/20/204355.htm	忘不了的一支歌 歌谱简谱网	忘不了的一支歌
qupu123-329976	qupu123	打不开:URLError	0		https://www.qupu123.com/meisheng/liuzi/p329976.html	https://www.qupu123.com/meisheng/liuzi/p329976.html		心中的那首歌
jianpucn-88759	jianpucn	ok(曲名命中)	200		http://www.jianpu.cn/pu/88/88759.htm	http://www.jianpu.cn/pu/88/88759.htm	忘了哭 歌谱简谱网	忘了哭
qupu123-396325	qupu123	ok(曲名命中)	200		https://www.qupu123.com/puyou/shangchuan/p396325.html	https://www.qupu123.com/puyou/shangchuan/p396325.html	忆秦娥·萧声咽 （素心引、霓裳弄）_刘禧峰原创曲谱专栏_中国曲谱网	忆秦娥·萧声咽
jianpujia-317126	jianpujia	ok(曲名命中)	200		https://www.jianpujia.com/jianpu/317126.html	https://www.jianpujia.com/jianpu/317126.html	忘不了草原歌曲简谱_草原丁喜演唱_齐宝力格/齐宝力格词曲-免费下载-简谱之家	忘不了草原歌曲
qupu123-334496	qupu123	ok(曲名命中)	200		https://www.qupu123.com/minge/qizi/p334496.html	https://www.qupu123.com/minge/qizi/p334496.html	忆秦娥·娄山关 （毛泽东词 陈东海曲）_民歌曲谱_中国曲谱网	忆秦娥·娄山关
jianpucn-254875	jianpucn	ok(曲名命中)	200		http://www.jianpu.cn/pu/25/254875.htm	http://www.jianpu.cn/pu/25/254875.htm	心里是花园 孟庭苇 歌谱简谱网	心里是花园
jianpucn-114049	jianpucn	ok(曲名命中)	200		http://www.jianpu.cn/pu/11/114049.htm	http://www.jianpu.cn/pu/11/114049.htm	忘情水 歌曲类 简谱 歌谱简谱网	忘情水 歌曲类
qupu123-323104	qupu123	ok(曲名命中)	200		https://www.qupu123.com/puyou/jipu/p323104.html	https://www.qupu123.com/puyou/jipu/p323104.html	忆难忘 （王菲儿词 王菲儿曲）_曲水悠悠个人制谱园地_中国曲谱网	忆难忘
qupu123-332393	qupu123	打不开:URLError	0		https://www.qupu123.com/tongsu/wuzi/p332393.html	https://www.qupu123.com/tongsu/wuzi/p332393.html		心会记得你
qupu123-315212	qupu123	ok(曲名命中)	200		https://www.qupu123.com/meisheng/sizi/p315212.html	https://www.qupu123.com/meisheng/sizi/p315212.html	忘不了你 （邹友开 曹山词 王咏梅曲）_美声曲谱_中国曲谱网	忘不了你
jianpucn-475596	jianpucn	ok(曲名命中)	200		http://www.jianpu.cn/pu/47/475596.htm	http://www.jianpu.cn/pu/47/475596.htm	忘情酒 戴尚辉 歌谱简谱网	忘情酒
jianpucn-33635	jianpucn	ok(曲名命中)	200		http://www.jianpu.cn/pu/33/33635.htm	http://www.jianpu.cn/pu/33/33635.htm	心里话 歌谱简谱网	心里话
qupu123-296299	qupu123	ok(曲名命中)	200		https://www.qupu123.com/tongsu/liuzi/p296299.html	https://www.qupu123.com/tongsu/liuzi/p296299.html	忘了你忘了我 （王文清词 王文清曲、编配乐谱）_通俗曲谱_中国曲谱网	忘了你忘了我
jianpucn-35131	jianpucn	ok(曲名命中)	200		http://www.jianpu.cn/pu/35/35131.htm	http://www.jianpu.cn/pu/35/35131.htm	忘记他 歌谱简谱网	忘记他
qupu123-364082	qupu123	ok(曲名命中)	200		https://www.qupu123.com/jipu/p364082.html	https://www.qupu123.com/jipu/p364082.html	忘情冷雨夜 _岭南印象个人制谱园地_中国曲谱网	忘情冷雨夜
qupu123-380948	qupu123	ok(曲名命中)	200		https://www.qupu123.com/tongsu/sizi/p380948.html	https://www.qupu123.com/tongsu/sizi/p380948.html	忧伤站台 _通俗曲谱_中国曲谱网	忧伤站台
jianpucn-113933	jianpucn	ok(曲名命中)	200		http://www.jianpu.cn/pu/11/113933.htm	http://www.jianpu.cn/pu/11/113933.htm	心如刀割 歌曲类 简谱 歌谱简谱网	心如刀割 歌曲类
qupu123-331380	qupu123	ok(曲名命中)	200		https://www.qupu123.com/tongsu/sizi/p331380.html	https://www.qupu123.com/tongsu/sizi/p331380.html	快乐中国 （徐锡怀词 张德龙曲）_通俗曲谱_中国曲谱网	快乐中国
qupu123-330386	qupu123	ok(曲名命中)	200		https://www.qupu123.com/shaoer/liuzi/p330386.html	https://www.qupu123.com/shaoer/liuzi/p330386.html	快乐的儿童节 （谢国超词 谢国超曲）_季司亦个人制谱园地_中国曲谱网	快乐的儿童节
jianpucn-53637	jianpucn	ok(曲名命中)	200		http://www.jianpu.cn/pu/53/53637.htm	http://www.jianpu.cn/pu/53/53637.htm	快有爱 歌谱简谱网	快有爱
qupu123-333733	qupu123	ok(曲名命中)	200		https://www.qupu123.com/tongsu/liuzi/p333733.html	https://www.qupu123.com/tongsu/liuzi/p333733.html	快乐的打工者 _通俗曲谱_中国曲谱网	快乐的打工者
qupu123-375482	qupu123	ok(曲名命中)	200		https://www.qupu123.com/waiguo/waiwen/p375482.html	https://www.qupu123.com/waiguo/waiwen/p375482.html	快乐的聊天 （Happy Talk）_外国曲谱_中国曲谱网	快乐的聊天
qupu123-396518	qupu123	打不开:URLError	0		https://www.qupu123.com/puyou/shangchuan/p396518.html	https://www.qupu123.com/puyou/shangchuan/p396518.html		心境如阳
jianpucn-447872	jianpucn	ok(原记录标题命中)	200		http://www.jianpu.cn/pu/44/447872.htm	http://www.jianpu.cn/pu/44/447872.htm	念（《剑网3 曲云传》宣传曲） 周深 歌谱简谱网	念
qupu123-332512	qupu123	ok(曲名命中)	200		https://www.qupu123.com/hechang/liuzi/p332512.html	https://www.qupu123.com/hechang/liuzi/p332512.html	快乐的芦笙手 _合唱曲谱_中国曲谱网	快乐的芦笙手
jianpucn-469290	jianpucn	ok(曲名命中)	200		http://www.jianpu.cn/pu/46/469290.htm	http://www.jianpu.cn/pu/46/469290.htm	念如娇 赤壁怀古 宋祖英 歌谱简谱网	念如娇 赤壁怀古
qupu123-335468	qupu123	ok(曲名命中)	200		https://www.qupu123.com/tongsu/wuzi/p335468.html	https://www.qupu123.com/tongsu/wuzi/p335468.html	快乐这辈子 _通俗曲谱_中国曲谱网	快乐这辈子
qupu123-335535	qupu123	ok(曲名命中)	200		https://www.qupu123.com/shaoer/sizi/p335535.html	https://www.qupu123.com/shaoer/sizi/p335535.html	快乐频道 （李亚娟词 张文曲）_少儿曲谱_中国曲谱网	快乐频道
jianpucn-255513	jianpucn	ok(曲名命中)	200		http://www.jianpu.cn/pu/25/255513.htm	http://www.jianpu.cn/pu/25/255513.htm	怀念（剧《粘豆包》主题曲）】彩谱】 韩磊 歌谱简谱网	怀念
qupu123-335531	qupu123	ok(曲名命中)	200		https://www.qupu123.com/shaoer/sizi/p335531.html	https://www.qupu123.com/shaoer/sizi/p335531.html	快乐飞翔 （邓成斌词 陈永勤曲）_少儿曲谱_中国曲谱网	快乐飞翔
jianpujia-101359	jianpujia	ok(曲名命中)	200		https://www.jianpujia.com/jianpu/101359.html	https://www.jianpujia.com/jianpu/101359.html	怀念你啊，草原简谱_孟庆良词/孟庆良曲-免费下载-简谱之家	怀念你啊，草原
jianpucn-114050	jianpucn	ok(曲名命中)	200		http://www.jianpu.cn/pu/11/114050.htm	http://www.jianpu.cn/pu/11/114050.htm	忘记你我做不到 歌曲类 简谱 歌谱简谱网	忘记你我做不到 歌曲类
jianpucn-449358	jianpucn	ok(曲名命中)	200		http://www.jianpu.cn/pu/44/449358.htm	http://www.jianpu.cn/pu/44/449358.htm	怀念战友（《歌声飘过60年》第二场） 王宏伟 歌谱简谱网	怀念战友
jianpujia-210468	jianpujia	ok(曲名命中)	200		https://www.jianpujia.com/jianpu/210468.html	https://www.jianpujia.com/jianpu/210468.html	怀念呼盟草原李一泉词于珂群曲怀念呼盟草原李一泉词_于珂群曲简谱-免费下载-简谱之家	怀念呼盟草原李一泉词于珂群曲
jianpucn-86737	jianpucn	ok(曲名命中)	200		http://www.jianpu.cn/pu/86/86737.htm	http://www.jianpu.cn/pu/86/86737.htm	怎么了 歌谱简谱网	怎么了
qupu123-334212	qupu123	ok(曲名命中)	200		https://www.qupu123.com/tongsu/qizi/p334212.html	https://www.qupu123.com/tongsu/qizi/p334212.html	快来简阳喝羊汤 _通俗曲谱_中国曲谱网	快来简阳喝羊汤
qupu123-367014	qupu123	ok(曲名命中)	200		https://www.qupu123.com/puyou/shangchuan/p367014.html	https://www.qupu123.com/puyou/shangchuan/p367014.html	念亲恩 （二胡）_谱友园地_中国曲谱网	念亲恩
jianpucn-117682	jianpucn	ok(曲名命中)	200		http://www.jianpu.cn/pu/11/117682.htm	http://www.jianpu.cn/pu/11/117682.htm	怎么舍得你 吉他类 流行 歌谱简谱网	怎么舍得你 吉他类 流行
jianpucn-213285	jianpucn	ok(曲名命中)	200		http://www.jianpu.cn/pu/21/213285.htm	http://www.jianpu.cn/pu/21/213285.htm	怎么舍得我难过 歌谱简谱网	怎么舍得我难过
qupu123-394558	qupu123	ok(曲名命中)	200		https://www.qupu123.com/tongsu/erziyixia/p394558.html	https://www.qupu123.com/tongsu/erziyixia/p394558.html	念归 _天恩原创曲谱专栏_中国曲谱网	念归
qupu123-335220	qupu123	ok(曲名命中)	200		https://www.qupu123.com/minge/qizi/p335220.html	https://www.qupu123.com/minge/qizi/p335220.html	念念不忘永远唱 _民歌曲谱_中国曲谱网	念念不忘永远唱
jianpucn-148018	jianpucn	ok(曲名命中)	200		http://www.jianpu.cn/pu/14/148018.htm	http://www.jianpu.cn/pu/14/148018.htm	怎样的我才是你的真爱 歌谱简谱网	怎样的我才是你的真爱
jianpucn-237016	jianpucn	ok(曲名命中)	200		http://www.jianpu.cn/pu/23/237016.htm	http://www.jianpu.cn/pu/23/237016.htm	怒放的生命（扫描谱） — 汪峰 歌谱简谱网	怒放的生命
qupu123-335502	qupu123	ok(曲名命中)	200		https://www.qupu123.com/minge/sizi/p335502.html	https://www.qupu123.com/minge/sizi/p335502.html	怀念妈妈 （陈天明词 邹兴淮曲）_民歌曲谱_中国曲谱网	怀念妈妈
jianpucn-69995	jianpucn	ok(曲名命中)	200		http://www.jianpu.cn/pu/69/69995.htm	http://www.jianpu.cn/pu/69/69995.htm	怕黑 歌谱简谱网	怕黑
qupu123-296446	qupu123	ok(曲名命中)	200		https://www.qupu123.com/meisheng/sanzi/p296446.html	https://www.qupu123.com/meisheng/sanzi/p296446.html	怀念曲 _美声曲谱_中国曲谱网	怀念曲
jianpucn-159003	jianpucn	ok(曲名命中)	200		http://www.jianpu.cn/pu/15/159003.htm	http://www.jianpu.cn/pu/15/159003.htm	思乡曲-李谷一 歌谱简谱网	思乡曲-李谷一
qupu123-333357	qupu123	ok(曲名命中)	200		https://www.qupu123.com/minge/sizi/p333357.html	https://www.qupu123.com/minge/sizi/p333357.html	怀念母亲 _一门502原创曲谱专栏_中国曲谱网	怀念母亲
jianpucn-462248	jianpucn	ok(曲名命中)	200		http://www.jianpu.cn/pu/46/462248.htm	http://www.jianpu.cn/pu/46/462248.htm	思念娘亲 王宏伟 歌谱简谱网	思念娘亲
qupu123-328392	qupu123	ok(曲名命中)	200		https://www.qupu123.com/shaoer/sanzi/p328392.html	https://www.qupu123.com/shaoer/sanzi/p328392.html	怎样叫 （寒枫词 罗晓航曲）_少儿曲谱_中国曲谱网	怎样叫
jianpucn-115056	jianpucn	ok(曲名命中)	200		http://www.jianpu.cn/pu/11/115056.htm	http://www.jianpu.cn/pu/11/115056.htm	忘忧草 歌曲类 简谱 歌谱简谱网	忘忧草 歌曲类
jianpucn-317059	jianpucn	ok(曲名命中)	200		http://www.jianpu.cn/pu/31/317059.htm	http://www.jianpu.cn/pu/31/317059.htm	思念母亲 降央卓玛 歌谱简谱网	思念母亲
qupu123-11666	qupu123	ok(曲名命中)	200		https://www.qupu123.com/tongsu/wuzi/p11666.html	https://www.qupu123.com/tongsu/wuzi/p11666.html	怒放的生命简谱（汪峰词 汪峰曲）_通俗曲谱_中国曲谱网	怒放的生命
qupu123-334487	qupu123	ok(曲名命中)	200		https://www.qupu123.com/minge/sanzi/p334487.html	https://www.qupu123.com/minge/sanzi/p334487.html	思乡吟 （老三 诸学之词 张犀剑曲）_民歌曲谱_中国曲谱网	思乡吟
jianpucn-412005	jianpucn	ok(曲名命中)	200		http://www.jianpu.cn/pu/41/412005.htm	http://www.jianpu.cn/pu/41/412005.htm	思美人（电视剧《思美人》主题曲） 张靓颖 歌谱简谱网	思美人
qupu123-321664	qupu123	ok(曲名命中)	200		https://www.qupu123.com/yuanchuang/p321664.html	https://www.qupu123.com/yuanchuang/p321664.html	思乡曲 （韩红梅词 黄进军曲）_黄进军作曲原创曲谱专栏_中国曲谱网	思乡曲
jianpucn-285477	jianpucn	ok(曲名命中)	200		http://www.jianpu.cn/pu/28/285477.htm	http://www.jianpu.cn/pu/28/285477.htm	总有爱（粤语歌曲） Beyond 歌谱简谱网	总有爱
jianpucn-283768	jianpucn	ok(曲名命中)	200		http://www.jianpu.cn/pu/28/283768.htm	http://www.jianpu.cn/pu/28/283768.htm	忘忧水 阎维文 歌谱简谱网	忘忧水
qupu123-334306	qupu123	ok(曲名命中)	200		https://www.qupu123.com/minge/erziyixia/p334306.html	https://www.qupu123.com/minge/erziyixia/p334306.html	思乡 （卫向东词 薛东福曲）_民歌曲谱_中国曲谱网	思乡
jianpucn-273294	jianpucn	ok(曲名命中)	200		http://www.jianpu.cn/pu/27/273294.htm	http://www.jianpu.cn/pu/27/273294.htm	总有爱国语版-一辈子陪你走 beyond 歌谱简谱网	总有爱国语版
qupu123-334489	qupu123	ok(曲名命中)	200		https://www.qupu123.com/minge/sizi/p334489.html	https://www.qupu123.com/minge/sizi/p334489.html	思念长长 _民歌曲谱_中国曲谱网	思念长长
jianpucn-451851	jianpucn	ok(曲名命中)	200		http://www.jianpu.cn/pu/45/451851.htm	http://www.jianpu.cn/pu/45/451851.htm	恋情1990 罗大佑 歌谱简谱网	恋情1990
qupu123-332526	qupu123	ok(曲名命中)	200		https://www.qupu123.com/tongsu/bazi/p332526.html	https://www.qupu123.com/tongsu/bazi/p332526.html	思恋牵挂在心灵上 _通俗曲谱_中国曲谱网	思恋牵挂在心灵上
jianpucn-64221	jianpucn	ok(曲名命中)	200		http://www.jianpu.cn/pu/64/64221.htm	http://www.jianpu.cn/pu/64/64221.htm	恋曲1980 歌曲类 简谱 歌谱简谱网	恋曲1980 歌曲类
qupu123-382712	qupu123	ok(曲名命中)	200		https://www.qupu123.com/tongsu/erziyixia/p382712.html	https://www.qupu123.com/tongsu/erziyixia/p382712.html	思念 _通俗曲谱_中国曲谱网	思念
jianpucn-114363	jianpucn	ok(曲名命中)	200		http://www.jianpu.cn/pu/11/114363.htm	http://www.jianpu.cn/pu/11/114363.htm	恋曲2000 歌曲类 简谱 歌谱简谱网	恋曲2000 歌曲类
jianpucn-54130	jianpucn	ok(曲名命中)	200		http://www.jianpu.cn/pu/54/54130.htm	http://www.jianpu.cn/pu/54/54130.htm	忘记 歌谱简谱网	忘记
jianpucn-114361	jianpucn	ok(曲名命中)	200		http://www.jianpu.cn/pu/11/114361.htm	http://www.jianpu.cn/pu/11/114361.htm	恋曲 歌曲类 简谱 歌谱简谱网	恋曲 歌曲类
qupu123-331950	qupu123	ok(曲名命中)	200		https://www.qupu123.com/tongsu/erziyixia/p331950.html	https://www.qupu123.com/tongsu/erziyixia/p331950.html	怪象 _通俗曲谱_中国曲谱网	怪象
jianpucn-109490	jianpucn	ok(曲名命中)	200		http://www.jianpu.cn/pu/10/109490.htm	http://www.jianpu.cn/pu/10/109490.htm	恋爱中的女人 歌谱简谱网	恋爱中的女人
qupu123-334873	qupu123	ok(曲名命中)	200		https://www.qupu123.com/tongsu/liuzi/p334873.html	https://www.qupu123.com/tongsu/liuzi/p334873.html	恋上你的温柔 _通俗曲谱_中国曲谱网	恋上你的温柔
jianpucn-37417	jianpucn	ok(曲名命中)	200		http://www.jianpu.cn/pu/37/37417.htm	http://www.jianpu.cn/pu/37/37417.htm	恋爱的人都一样 歌谱简谱网	恋爱的人都一样
jianpujia-382742	jianpujia	ok(曲名命中)	200		https://www.jianpujia.com/jianpu/382742.html	https://www.jianpujia.com/jianpu/382742.html	恨幸福来过钢琴简谱_林俊杰_金钟国演唱-免费下载-简谱之家	恨幸福来过
jianpucn-401511	jianpucn	ok(原记录标题命中)	200		http://www.jianpu.cn/pu/40/401511.htm	http://www.jianpu.cn/pu/40/401511.htm	恐龙进化论 陈奕迅 歌谱简谱网	
jianpucn-137923	jianpucn	ok(曲名命中)	200		http://www.jianpu.cn/pu/13/137923.htm	http://www.jianpu.cn/pu/13/137923.htm	恕放的生命 歌谱简谱网	恕放的生命
qupu123-379866	qupu123	ok(曲名命中)	200		https://www.qupu123.com/puyou/shangchuan/p379866.html	https://www.qupu123.com/puyou/shangchuan/p379866.html	恋曲1990 _谱友园地_中国曲谱网	恋曲1990
jianpucn-49796	jianpucn	ok(曲名命中)	200		http://www.jianpu.cn/pu/49/49796.htm	http://www.jianpu.cn/pu/49/49796.htm	恨不钟情在当年 歌谱简谱网	恨不钟情在当年
jianpucn-187592	jianpucn	ok(曲名命中)	200		http://www.jianpu.cn/pu/18/187592.htm	http://www.jianpu.cn/pu/18/187592.htm	恩怨豪门（电视剧《钻石豪门》片头曲） 歌谱简谱网	恩怨豪门
jianpujia-150326	jianpujia	ok(曲名命中)	200		https://www.jianpujia.com/jianpu/150326.html	https://www.jianpujia.com/jianpu/150326.html	恭喜恭喜钢琴简谱_邓丽君演唱-免费下载-简谱之家	恭喜恭喜
qupu123-335504	qupu123	ok(曲名命中)	200		https://www.qupu123.com/tongsu/sizi/p335504.html	https://www.qupu123.com/tongsu/sizi/p335504.html	恋爱人生 _通俗曲谱_中国曲谱网	恋爱人生
jianpucn-300594	jianpucn	ok(曲名命中)	200		http://www.jianpu.cn/pu/30/300594.htm	http://www.jianpu.cn/pu/30/300594.htm	恬美的月夜（电影《彩桥》插曲） 李谷一 歌谱简谱网	恬美的月夜
qupu123-334973	qupu123	ok(曲名命中)	200		https://www.qupu123.com/tongsu/wuzi/p334973.html	https://www.qupu123.com/tongsu/wuzi/p334973.html	恋爱的味道 _通俗曲谱_中国曲谱网	恋爱的味道
jianpucn-115214	jianpucn	ok(曲名命中)	200		http://www.jianpu.cn/pu/11/115214.htm	http://www.jianpu.cn/pu/11/115214.htm	忽然之间 歌曲类 简谱 歌谱简谱网	忽然之间 歌曲类
jianpucn-86325	jianpucn	ok(曲名命中)	200		http://www.jianpu.cn/pu/86/86325.htm	http://www.jianpu.cn/pu/86/86325.htm	恭喜发财(超完整版) 歌谱简谱网	恭喜发财
qupu123-318432	qupu123	ok(曲名命中)	200		https://www.qupu123.com/hechang/jiuziyishang/p318432.html	https://www.qupu123.com/hechang/jiuziyishang/p318432.html	恩施民歌：龙船来到这一弯 _合唱曲谱_中国曲谱网	恩施民歌：龙船来到这一弯
jianpucn-213341	jianpucn	ok(曲名命中)	200		http://www.jianpu.cn/pu/21/213341.htm	http://www.jianpu.cn/pu/21/213341.htm	恶狼传说 歌谱简谱网	恶狼传说
jianpucn-227513	jianpucn	ok(曲名命中)	200		http://www.jianpu.cn/pu/22/227513.htm	http://www.jianpu.cn/pu/22/227513.htm	悄悄地告诉你 歌谱简谱网	悄悄地告诉你
jianpucn-89179	jianpucn	ok(曲名命中)	200		http://www.jianpu.cn/pu/89/89179.htm	http://www.jianpu.cn/pu/89/89179.htm	悠远的天空 歌谱简谱网	悠远的天空
jianpujia-12677	jianpujia	ok(曲名命中)	200		https://www.jianpujia.com/jianpu/12677.html	https://www.jianpujia.com/jianpu/12677.html	悯农简谱(歌词)_中央银河少年艺术团演唱_桃李醉春风记谱-免费下载-简谱之家	悯农
jianpucn-471503	jianpucn	ok(曲名命中)	200		http://www.jianpu.cn/pu/47/471503.htm	http://www.jianpu.cn/pu/47/471503.htm	悬崖之上-C调- 周深 歌谱简谱网	悬崖之上-C调
jianpucn-450721	jianpucn	ok(曲名命中)	200		http://www.jianpu.cn/pu/45/450721.htm	http://www.jianpu.cn/pu/45/450721.htm	悬崖之上 周深 歌谱简谱网	悬崖之上
jianpucn-447940	jianpucn	ok(曲名命中)	200		http://www.jianpu.cn/pu/44/447940.htm	http://www.jianpu.cn/pu/44/447940.htm	情不由衷（颐和园 十七孔桥 景点主题曲） 周深 歌谱简谱网	情不由衷
qupu123-332341	qupu123	ok(曲名命中)	200		https://www.qupu123.com/tongsu/sizi/p332341.html	https://www.qupu123.com/tongsu/sizi/p332341.html	悠悠独山 _通俗曲谱_中国曲谱网	悠悠独山
qupu123-396474	qupu123	ok(曲名命中)	200		https://www.qupu123.com/puyou/shangchuan/p396474.html	https://www.qupu123.com/puyou/shangchuan/p396474.html	您最懂足球路 _崀Lang颂Song原创曲谱专栏_中国曲谱网	您最懂足球路
jianpucn-89864	jianpucn	ok(曲名命中)	200		http://www.jianpu.cn/pu/89/89864.htm	http://www.jianpu.cn/pu/89/89864.htm	情不禁 歌谱简谱网	情不禁
jianpucn-114210	jianpucn	ok(曲名命中)	200		http://www.jianpu.cn/pu/11/114210.htm	http://www.jianpu.cn/pu/11/114210.htm	情书 歌曲类 简谱 歌谱简谱网	情书 歌曲类
jianpucn-475851	jianpucn	ok(曲名命中)	200		http://www.jianpu.cn/pu/47/475851.htm	http://www.jianpu.cn/pu/47/475851.htm	思绪飞扬 蒋立德 歌谱简谱网	思绪飞扬
qupu123-396432	qupu123	ok(曲名命中)	200		https://www.qupu123.com/puyou/shangchuan/p396432.html	https://www.qupu123.com/puyou/shangchuan/p396432.html	您没眨眼 _崀Lang颂Song原创曲谱专栏_中国曲谱网	您没眨眼
jianpucn-172192	jianpucn	ok(曲名命中)	200		http://www.jianpu.cn/pu/17/172192.htm	http://www.jianpu.cn/pu/17/172192.htm	★情人★ 歌谱简谱网	情人
jianpujia-154231	jianpujia	ok(曲名命中)	200		https://www.jianpujia.com/jianpu/154231.html	https://www.jianpujia.com/jianpu/154231.html	情人的关怀简谱(歌词)_邓丽君歌曲_剁椒王曲谱-免费下载-简谱之家	情人的关怀
qupu123-332022	qupu123	ok(曲名命中)	200		https://www.qupu123.com/tongsu/wuzi/p332022.html	https://www.qupu123.com/tongsu/wuzi/p332022.html	悲伤的夏季 _通俗曲谱_中国曲谱网	悲伤的夏季
qupu123-333186	qupu123	ok(曲名命中)	200		https://www.qupu123.com/minge/erziyixia/p333186.html	https://www.qupu123.com/minge/erziyixia/p333186.html	情义 （荆小平词 惠培峰曲）_民歌曲谱_中国曲谱网	情义
jianpucn-115197	jianpucn	ok(曲名命中)	200		http://www.jianpu.cn/pu/11/115197.htm	http://www.jianpu.cn/pu/11/115197.htm	情人 歌曲类 简谱 歌谱简谱网	情人 歌曲类
jianpucn-150639	jianpucn	ok(曲名命中)	200		http://www.jianpu.cn/pu/15/150639.htm	http://www.jianpu.cn/pu/15/150639.htm	情人再见【彩谱】 歌谱简谱网	情人再见
jianpucn-408203	jianpucn	ok(曲名命中)	200		http://www.jianpu.cn/pu/40/408203.htm	http://www.jianpu.cn/pu/40/408203.htm	情人山（狄薏词 姚敏曲） 高胜美 歌谱简谱网	情人山
jianpucn-174413	jianpucn	ok(曲名命中)	200		http://www.jianpu.cn/pu/17/174413.htm	http://www.jianpu.cn/pu/17/174413.htm	情人恰恰 歌谱简谱网	情人恰恰
qupu123-306908	qupu123	ok(曲名命中)	200		https://www.qupu123.com/jipu/p306908.html	https://www.qupu123.com/jipu/p306908.html	情人知己 （Or 情非得已）_岭南印象个人制谱园地_中国曲谱网	情人知己
jianpucn-115198	jianpucn	ok(曲名命中)	200		http://www.jianpu.cn/pu/11/115198.htm	http://www.jianpu.cn/pu/11/115198.htm	情人的眼泪 歌曲类 简谱 歌谱简谱网	情人的眼泪 歌曲类
qupu123-335295	qupu123	ok(曲名命中)	200		https://www.qupu123.com/tongsu/sizi/p335295.html	https://www.qupu123.com/tongsu/sizi/p335295.html	情别军旅 _通俗曲谱_中国曲谱网	情别军旅
jianpucn-166635	jianpucn	ok(曲名命中)	200		http://www.jianpu.cn/pu/16/166635.htm	http://www.jianpu.cn/pu/16/166635.htm	情同骨肉（蒋大为独唱系列100） 歌谱简谱网	情同骨肉
jianpujia-153072	jianpujia	ok(曲名命中)	200		https://www.jianpujia.com/jianpu/153072.html	https://www.jianpujia.com/jianpu/153072.html	情惋惜简谱(歌词)_许嵩歌曲_季司亦曲谱-免费下载-简谱之家	情惋惜
qupu123-335294	qupu123	ok(曲名命中)	200		https://www.qupu123.com/minge/sizi/p335294.html	https://www.qupu123.com/minge/sizi/p335294.html	情在戈壁 _民歌曲谱_中国曲谱网	情在戈壁
qupu123-396320	qupu123	打不开:URLError	0		https://www.qupu123.com/puyou/shangchuan/p396320.html	https://www.qupu123.com/puyou/shangchuan/p396320.html		思故人
jianpucn-250422	jianpucn	ok(曲名命中)	200		http://www.jianpu.cn/pu/25/250422.htm	http://www.jianpu.cn/pu/25/250422.htm	情怀（） 阎维文 歌谱简谱网	情怀
jianpucn-184968	jianpucn	ok(曲名命中)	200		http://www.jianpu.cn/pu/18/184968.htm	http://www.jianpu.cn/pu/18/184968.htm	情人Happy Birthday 歌谱简谱网	情人Happy Birthday
jianpucn-475024	jianpucn	ok(曲名命中)	200		http://www.jianpu.cn/pu/47/475024.htm	http://www.jianpu.cn/pu/47/475024.htm	情怨（重编版） 刘欢 歌谱简谱网	情怨
qupu123-326528	qupu123	ok(曲名命中)	200		https://www.qupu123.com/shaoer/sizi/p326528.html	https://www.qupu123.com/shaoer/sizi/p326528.html	情暖草原 （童声领唱、合唱）_少儿曲谱_中国曲谱网	情暖草原
jianpucn-131604	jianpucn	ok(曲名命中)	200		http://www.jianpu.cn/pu/13/131604.htm	http://www.jianpu.cn/pu/13/131604.htm	情感的禁区 歌谱简谱网 刘德华	情感的禁区
jianpucn-51548	jianpucn	ok(曲名命中)	200		http://www.jianpu.cn/pu/51/51548.htm	http://www.jianpu.cn/pu/51/51548.htm	情歌 歌谱简谱网	情歌
jianpucn-166691	jianpucn	ok(曲名命中)	200		http://www.jianpu.cn/pu/16/166691.htm	http://www.jianpu.cn/pu/16/166691.htm	情歌天下唱 歌谱简谱网	情歌天下唱
qupu123-95573	qupu123	ok(曲名命中)	200		https://www.qupu123.com/puyou/jipu/p95573.html	https://www.qupu123.com/puyou/jipu/p95573.html	情未了 （香港电视剧《陆小凤》插曲）_谱友园地_中国曲谱网	情未了
jianpucn-137529	jianpucn	ok(曲名命中)	200		http://www.jianpu.cn/pu/13/137529.htm	http://www.jianpu.cn/pu/13/137529.htm	情歌没有告诉你 歌谱简谱网	情歌没有告诉你
jianpucn-250915	jianpucn	ok(曲名命中)	200		http://www.jianpu.cn/pu/25/250915.htm	http://www.jianpu.cn/pu/25/250915.htm	情动白云边 韩磊 歌谱简谱网	情动白云边
qupu123-316038	qupu123	ok(曲名命中)	200		https://www.qupu123.com/meisheng/liuzi/p316038.html	https://www.qupu123.com/meisheng/liuzi/p316038.html	​55情未了，情难断（双谱） _美声曲谱_中国曲谱网	情未了，情难断
jianpucn-37348	jianpucn	ok(曲名命中)	200		http://www.jianpu.cn/pu/37/37348.htm	http://www.jianpu.cn/pu/37/37348.htm	情洒乌苏里 歌谱简谱网	情洒乌苏里
jianpucn-32803	jianpucn	ok(曲名命中)	200		http://www.jianpu.cn/pu/32/32803.htm	http://www.jianpu.cn/pu/32/32803.htm	情在花溪 歌谱简谱网	情在花溪
jianpujia-154154	jianpujia	ok(曲名命中)	200		https://www.jianpujia.com/jianpu/154154.html	https://www.jianpujia.com/jianpu/154154.html	情湖简谱(歌词)_邓丽君演唱__王wzh曲谱-免费下载-简谱之家	情湖
jianpucn-45270	jianpucn	ok(曲名命中)	200		http://www.jianpu.cn/pu/45/45270.htm	http://www.jianpu.cn/pu/45/45270.htm	情深往事(费玉清深情演唱) 歌谱简谱网	情深往事
qupu123-115723	qupu123	ok(曲名命中)	200		https://www.qupu123.com/minge/sizi/p115723.html	https://www.qupu123.com/minge/sizi/p115723.html	情满空港 （李健词 李芬特曲）_民歌曲谱_中国曲谱网	情满空港
jianpucn-413881	jianpucn	ok(曲名命中)	200		http://www.jianpu.cn/pu/41/413881.htm	http://www.jianpu.cn/pu/41/413881.htm	情愿一个人 孟庭苇 歌谱简谱网	情愿一个人
jianpucn-133341	jianpucn	ok(曲名命中)	200		http://www.jianpu.cn/pu/13/133341.htm	http://www.jianpu.cn/pu/13/133341.htm	情姐下河洗衣裳 歌谱简谱网	情姐下河洗衣裳
jianpucn-64062	jianpucn	ok(曲名命中)	200		http://www.jianpu.cn/pu/64/64062.htm	http://www.jianpu.cn/pu/64/64062.htm	情满酒歌 歌谱简谱网	情满酒歌
jianpucn-204401	jianpucn	ok(曲名命中)	200		http://www.jianpu.cn/pu/20/204401.htm	http://www.jianpu.cn/pu/20/204401.htm	情爱洒人间 歌谱简谱网	情爱洒人间
jianpujia-18867	jianpujia	ok(曲名命中)	200		https://www.jianpujia.com/jianpu/18867.html	https://www.jianpujia.com/jianpu/18867.html	情话简谱(歌词)_邓丽君演唱_王wzh曲谱-免费下载-简谱之家	情话
jianpucn-421871	jianpucn	ok(曲名命中)	200		http://www.jianpu.cn/pu/42/421871.htm	http://www.jianpu.cn/pu/42/421871.htm	情牵梁家河 阎维文 歌谱简谱网	情牵梁家河
jianpujia-18916	jianpujia	ok(曲名命中)	200		https://www.jianpujia.com/jianpu/18916.html	https://www.jianpujia.com/jianpu/18916.html	情谜简谱(歌词)_邓丽君演唱_王wzh曲谱-免费下载-简谱之家	情谜
jianpucn-251372	jianpucn	ok(曲名命中)	200		http://www.jianpu.cn/pu/25/251372.htm	http://www.jianpu.cn/pu/25/251372.htm	情系半生 张学友 歌谱简谱网	情系半生
jianpucn-445645	jianpucn	ok(曲名命中)	200		http://www.jianpu.cn/pu/44/445645.htm	http://www.jianpu.cn/pu/44/445645.htm	情是何物（经典咏流传） 周深 歌谱简谱网	情是何物
jianpucn-475884	jianpucn	ok(曲名命中)	200		http://www.jianpu.cn/pu/47/475884.htm	http://www.jianpu.cn/pu/47/475884.htm	情系苏宿园 歌谱简谱网	情系苏宿园
qupu123-380553	qupu123	打不开:URLError	0		https://www.qupu123.com/puyou/shangchuan/p380553.html	https://www.qupu123.com/puyou/shangchuan/p380553.html		恰似你的温柔
jianpujia-18918	jianpujia	ok(曲名命中)	200		https://www.jianpujia.com/jianpu/18918.html	https://www.jianpujia.com/jianpu/18918.html	惜别简谱(歌词)_邓丽君演唱_王wzh曲谱-免费下载-简谱之家	惜别
jianpucn-114208	jianpucn	ok(曲名命中)	200		http://www.jianpu.cn/pu/11/114208.htm	http://www.jianpu.cn/pu/11/114208.htm	情网 歌曲类 简谱 歌谱简谱网	情网 歌曲类
qupu123-253467	qupu123	ok(曲名命中)	200		https://www.qupu123.com/jipu/p253467.html	https://www.qupu123.com/jipu/p253467.html	情非得已 （汤小康词 张国祥曲）__中国曲谱网	情非得已
jianpucn-462337	jianpucn	ok(曲名命中)	200		http://www.jianpu.cn/pu/46/462337.htm	http://www.jianpu.cn/pu/46/462337.htm	情话《尘埃落定》主题曲 王宏伟 歌谱简谱网	情话《尘埃落定》主题曲
qupu123-52998	qupu123	ok(曲名命中)	200		https://www.qupu123.com/tongsu/qizi/p52998.html	https://www.qupu123.com/tongsu/qizi/p52998.html	情非得已离开你简谱_通俗曲谱_中国曲谱网	情非得已离开你
jianpucn-128364	jianpucn	ok(曲名命中)	200		http://www.jianpu.cn/pu/12/128364.htm	http://www.jianpu.cn/pu/12/128364.htm	情难守 歌谱简谱网	情难守
qupu123-396371	qupu123	ok(曲名命中)	200		https://www.qupu123.com/puyou/shangchuan/p396371.html	https://www.qupu123.com/puyou/shangchuan/p396371.html	情飞拉萨 _谱天下个人制谱园地_中国曲谱网	情飞拉萨
jianpucn-89863	jianpucn	ok(曲名命中)	200		http://www.jianpu.cn/pu/89/89863.htm	http://www.jianpu.cn/pu/89/89863.htm	情飘飘 歌谱简谱网	情飘飘
qupu123-331597	qupu123	ok(曲名命中)	200		https://www.qupu123.com/tongsu/sizi/p331597.html	https://www.qupu123.com/tongsu/sizi/p331597.html	惟有追求 _通俗曲谱_中国曲谱网	惟有追求
jianpucn-36317	jianpucn	ok(曲名命中)	200		http://www.jianpu.cn/pu/36/36317.htm	http://www.jianpu.cn/pu/36/36317.htm	情深谊长 歌谱简谱网	情深谊长
jianpucn-86614	jianpucn	ok(曲名命中)	200		http://www.jianpu.cn/pu/86/86614.htm	http://www.jianpu.cn/pu/86/86614.htm	惠安之春 歌谱简谱网	惠安之春
qupu123-326132	qupu123	ok(曲名命中)	200		https://www.qupu123.com/hechang/qizi/p326132.html	https://www.qupu123.com/hechang/qizi/p326132.html	惠东“小草原” _合唱曲谱_中国曲谱网	惠东“小草原”
jianpujia-18630	jianpujia	ok(曲名命中)	200		https://www.jianpujia.com/jianpu/18630.html	https://www.jianpujia.com/jianpu/18630.html	想你想断肠简谱(歌词)_邓丽君演唱_王wzh曲谱-免费下载-简谱之家	想你想断肠
jianpucn-69715	jianpucn	ok(曲名命中)	200		http://www.jianpu.cn/pu/69/69715.htm	http://www.jianpu.cn/pu/69/69715.htm	惩罚 歌谱简谱网	惩罚
jianpucn-34244	jianpucn	ok(曲名命中)	200		http://www.jianpu.cn/pu/34/34244.htm	http://www.jianpu.cn/pu/34/34244.htm	惩罚1 歌谱简谱网	惩罚1
jianpujia-386769	jianpujia	ok(曲名命中)	200		https://www.jianpujia.com/jianpu/386769.html	https://www.jianpujia.com/jianpu/386769.html	想哭简谱_陈奕迅演唱_桃李醉春风制谱-免费下载-简谱之家	想哭
jianpucn-148718	jianpucn	ok(曲名命中)	200		http://www.jianpu.cn/pu/14/148718.htm	http://www.jianpu.cn/pu/14/148718.htm	想你.邓丽君【彩谱】 歌谱简谱网	想你.邓丽君【彩谱】
jianpucn-31685	jianpucn	ok(曲名命中)	200		http://www.jianpu.cn/pu/31/31685.htm	http://www.jianpu.cn/pu/31/31685.htm	想你在美好月夜里 歌谱简谱网	想你在美好月夜里
jianpucn-113965	jianpucn	ok(曲名命中)	200		http://www.jianpu.cn/pu/11/113965.htm	http://www.jianpu.cn/pu/11/113965.htm	想和你去吹吹风 歌曲类 简谱 歌谱简谱网	想和你去吹吹风 歌曲类
jianpucn-472988	jianpucn	ok(曲名命中)	200		http://www.jianpu.cn/pu/47/472988.htm	http://www.jianpu.cn/pu/47/472988.htm	想家的时候怀旧经典 阎维文 歌谱简谱网	想家的时候怀旧经典
jianpujia-18380	jianpujia	ok(曲名命中)	200		https://www.jianpujia.com/jianpu/18380.html	https://www.jianpujia.com/jianpu/18380.html	想把情人留简谱(歌词)_邓丽君演唱_王wzh曲谱-免费下载-简谱之家	想把情人留
jianpucn-304147	jianpucn	ok(曲名命中)	200		http://www.jianpu.cn/pu/30/304147.htm	http://www.jianpu.cn/pu/30/304147.htm	想延安（电影《山城雪》插曲） 李谷一 歌谱简谱网	想延安
jianpucn-163767	jianpucn	ok(曲名命中)	200		http://www.jianpu.cn/pu/16/163767.htm	http://www.jianpu.cn/pu/16/163767.htm	想延安《山城雪》插曲之二 歌谱简谱网	想延安《山城雪》插曲之二
jianpucn-114962	jianpucn	ok(曲名命中)	200		http://www.jianpu.cn/pu/11/114962.htm	http://www.jianpu.cn/pu/11/114962.htm	想念 歌曲类 简谱 歌谱简谱网	想念
qupu123-318072	qupu123	ok(曲名命中)	200		https://www.qupu123.com/hechang/jiuziyishang/p318072.html	https://www.qupu123.com/hechang/jiuziyishang/p318072.html	惨痛的历史再也不能重演了 （歌剧《贺龙之死》选曲）_合唱曲谱_中国曲谱网	惨痛的历史再也不能重演了
jianpucn-406072	jianpucn	ok(曲名命中)	200		http://www.jianpu.cn/pu/40/406072.htm	http://www.jianpu.cn/pu/40/406072.htm	想把你写成一首歌 五月天 歌谱简谱网	想把你写成一首歌
qupu123-381436	qupu123	ok(曲名命中)	200		https://www.qupu123.com/tongsu/sizi/p381436.html	https://www.qupu123.com/tongsu/sizi/p381436.html	想家的人 _通俗曲谱_中国曲谱网	想家的人
jianpucn-303719	jianpucn	ok(曲名命中)	200		http://www.jianpu.cn/pu/30/303719.htm	http://www.jianpu.cn/pu/30/303719.htm	想桂林 李谷一 歌谱简谱网	想桂林
jianpucn-309239	jianpucn	ok(曲名命中)	200		http://www.jianpu.cn/pu/30/309239.htm	http://www.jianpu.cn/pu/30/309239.htm	想着你的感觉 杜德伟 歌谱简谱网	想着你的感觉
jianpucn-114964	jianpucn	ok(曲名命中)	200		http://www.jianpu.cn/pu/11/114964.htm	http://www.jianpu.cn/pu/11/114964.htm	想见不如怀念 歌曲类 简谱 歌谱简谱网	想见不如怀念
jianpucn-413803	jianpucn	ok(曲名命中)	200		http://www.jianpu.cn/pu/41/413803.htm	http://www.jianpu.cn/pu/41/413803.htm	意外（尤克里里弹唱谱） 薛之谦 歌谱简谱网	意外
jianpucn-449186	jianpucn	ok(曲名命中)	200		http://www.jianpu.cn/pu/44/449186.htm	http://www.jianpu.cn/pu/44/449186.htm	意愿 刘德华 歌谱简谱网	意愿
qupu123-334130	qupu123	ok(曲名命中)	200		https://www.qupu123.com/minge/wuzi/p334130.html	https://www.qupu123.com/minge/wuzi/p334130.html	想起桂花树 _民歌曲谱_中国曲谱网	想起桂花树
jianpucn-475825	jianpucn	ok(曲名命中)	200		http://www.jianpu.cn/pu/47/475825.htm	http://www.jianpu.cn/pu/47/475825.htm	意难平 银临 歌谱简谱网	意难平
qupu123-333195	qupu123	ok(曲名命中)	200		https://www.qupu123.com/minge/wuzi/p333195.html	https://www.qupu123.com/minge/wuzi/p333195.html	想起老班长 _民歌曲谱_中国曲谱网	想起老班长
jianpucn-320213	jianpucn	ok(曲名命中)	200		http://www.jianpu.cn/pu/32/320213.htm	http://www.jianpu.cn/pu/32/320213.htm	感到幸福你就拍拍手 凤凰传奇 歌谱简谱网	感到幸福你就拍拍手
qupu123-327220	qupu123	ok(曲名命中)	200		https://www.qupu123.com/hechang/liuzi/p327220.html	https://www.qupu123.com/hechang/liuzi/p327220.html	想着你 爱着你 _合唱曲谱_中国曲谱网	想着你_爱着你
jianpucn-52140	jianpucn	ok(曲名命中)	200		http://www.jianpu.cn/pu/52/52140.htm	http://www.jianpu.cn/pu/52/52140.htm	感动中国 歌谱简谱网	感动中国
qupu123-371014	qupu123	ok(曲名命中)	200		https://www.qupu123.com/shaoer/liuzi/p371014.html	https://www.qupu123.com/shaoer/liuzi/p371014.html	愉快的春日（原：春日里的童年） （儿歌）_少儿曲谱_中国曲谱网	愉快的春日
jianpucn-452494	jianpucn	ok(原记录标题命中)	200		http://www.jianpu.cn/pu/45/452494.htm	http://www.jianpu.cn/pu/45/452494.htm	感谢大地（你的土地里） 殷秀梅 歌谱简谱网	
jianpujia-250631	jianpujia	ok(曲名命中)	200		https://www.jianpujia.com/jianpu/250631.html	https://www.jianpujia.com/jianpu/250631.html	感谢钢琴简谱_儿歌演唱-免费下载-简谱之家	感谢
qupu123-334662	qupu123	ok(曲名命中)	200		https://www.qupu123.com/minge/wuzi/p334662.html	https://www.qupu123.com/minge/wuzi/p334662.html	感动北大荒 _民歌曲谱_中国曲谱网	感动北大荒
jianpucn-44274	jianpucn	ok(曲名命中)	200		http://www.jianpu.cn/pu/44/44274.htm	http://www.jianpu.cn/pu/44/44274.htm	感谢老爸 歌谱简谱网	感谢老爸
qupu123-334102	qupu123	ok(曲名命中)	200		https://www.qupu123.com/tongsu/sizi/p334102.html	https://www.qupu123.com/tongsu/sizi/p334102.html	感受幸福 （李昌明词 周利曲）_通俗曲谱_中国曲谱网	感受幸福
jianpucn-448117	jianpucn	ok(原记录标题命中)	200		http://www.jianpu.cn/pu/44/448117.htm	http://www.jianpu.cn/pu/44/448117.htm	愿（《锦衣之下》主题曲） 周深 歌谱简谱网	愿
jianpujia-385669	jianpujia	ok(曲名命中)	200		https://www.jianpujia.com/jianpu/385669.html	https://www.jianpujia.com/jianpu/385669.html	愿与愁钢琴简谱_林俊杰演唱-免费下载-简谱之家	愿与愁
jianpucn-278405	jianpucn	ok(曲名命中)	200		http://www.jianpu.cn/pu/27/278405.htm	http://www.jianpu.cn/pu/27/278405.htm	愿作比翼鸟（华视《杨贵妃》插曲） 蔡幸娟 歌谱简谱网	愿作比翼鸟
qupu123-335669	qupu123	ok(曲名命中)	200		https://www.qupu123.com/minge/qizi/p335669.html	https://www.qupu123.com/minge/qizi/p335669.html	感谢父母养育恩 _民歌曲谱_中国曲谱网	感谢父母养育恩
jianpucn-163674	jianpucn	ok(曲名命中)	200		http://www.jianpu.cn/pu/16/163674.htm	http://www.jianpu.cn/pu/16/163674.htm	愿你学会这支歌 歌谱简谱网	愿你学会这支歌
jianpucn-441646	jianpucn	ok(曲名命中)	200		http://www.jianpu.cn/pu/44/441646.htm	http://www.jianpu.cn/pu/44/441646.htm	愿得一心人( 《鹤唳华亭》主题曲 ) 周深 歌谱简谱网	愿得一心人
qupu123-396403	qupu123	ok(曲名命中)	200		https://www.qupu123.com/jipu/p396403.html	https://www.qupu123.com/jipu/p396403.html	感恩有你 （潘九岭、李铭雪演唱）_先启个人制谱园地_中国曲谱网	感恩有你（潘九岭、李铭雪
jianpucn-70287	jianpucn	ok(曲名命中)	200		http://www.jianpu.cn/pu/70/70287.htm	http://www.jianpu.cn/pu/70/70287.htm	愿意 歌谱简谱网	愿意
qupu123-317912	qupu123	ok(曲名命中)	200		https://www.qupu123.com/hechang/bazi/p317912.html	https://www.qupu123.com/hechang/bazi/p317912.html	愿亲人早日养好伤 _合唱曲谱_中国曲谱网	愿亲人早日养好伤
jianpucn-152507	jianpucn	ok(曲名命中)	200		http://www.jianpu.cn/pu/15/152507.htm	http://www.jianpu.cn/pu/15/152507.htm	慈愿 歌谱简谱网	慈愿
qupu123-276532	qupu123	ok(曲名命中)	200		https://www.qupu123.com/minge/liuzi/p276532.html	https://www.qupu123.com/minge/liuzi/p276532.html	愿你飞得更高 _民歌曲谱_中国曲谱网	愿你飞得更高
jianpucn-150929	jianpucn	ok(曲名命中)	200		http://www.jianpu.cn/pu/15/150929.htm	http://www.jianpu.cn/pu/15/150929.htm	慈母颂 歌谱简谱网	慈母颂
qupu123-394911	qupu123	ok(曲名命中)	200		https://www.qupu123.com/tongsu/qizi/p394911.html	https://www.qupu123.com/tongsu/qizi/p394911.html	愿君能活一百岁 _天恩原创曲谱专栏_中国曲谱网	愿君能活一百岁
jianpujia-151387	jianpujia	ok(曲名命中)	200		https://www.jianpujia.com/jianpu/151387.html	https://www.jianpujia.com/jianpu/151387.html	慢半拍钢琴简谱_薛之谦演唱-免费下载-简谱之家	慢半拍
qupu123-333720	qupu123	ok(曲名命中)	200		https://www.qupu123.com/minge/jiuziyishang/p333720.html	https://www.qupu123.com/minge/jiuziyishang/p333720.html	愿是一缕不老的阳光 _民歌曲谱_中国曲谱网	愿是一缕不老的阳光
jianpucn-211035	jianpucn	ok(曲名命中)	200		http://www.jianpu.cn/pu/21/211035.htm	http://www.jianpu.cn/pu/21/211035.htm	慢慢来 歌谱简谱网	慢慢来
jianpucn-133216	jianpucn	ok(曲名命中)	200		http://www.jianpu.cn/pu/13/133216.htm	http://www.jianpu.cn/pu/13/133216.htm	憨过头 歌谱简谱网	憨过头
qupu123-395646	qupu123	ok(曲名命中)	200		https://www.qupu123.com/puyou/shangchuan/p395646.html	https://www.qupu123.com/puyou/shangchuan/p395646.html	愿来世今生都是你 _............个人制谱园地_中国曲谱网	愿来世今生都是你
qupu123-394874	qupu123	ok(曲名命中)	200		https://www.qupu123.com/tongsu/sizi/p394874.html	https://www.qupu123.com/tongsu/sizi/p394874.html	慢慢后退 _天恩原创曲谱专栏_中国曲谱网	慢慢后退
jianpucn-115329	jianpucn	ok(曲名命中)	200		http://www.jianpu.cn/pu/11/115329.htm	http://www.jianpu.cn/pu/11/115329.htm	懂事 歌曲类 简谱 歌谱简谱网	懂事 歌曲类
qupu123-224797	qupu123	ok(曲名命中)	200		https://www.qupu123.com/jipu/p224797.html	https://www.qupu123.com/jipu/p224797.html	慢慢爱 _桃李醉春风个人制谱园地_中国曲谱网	慢慢爱
jianpucn-89251	jianpucn	ok(曲名命中)	200		http://www.jianpu.cn/pu/89/89251.htm	http://www.jianpu.cn/pu/89/89251.htm	懒得去管 歌谱简谱网	懒得去管
qupu123-326026	qupu123	打不开:URLError	0		https://www.qupu123.com/meisheng/wuzi/p326026.html	https://www.qupu123.com/meisheng/wuzi/p326026.html		惠东迎宾曲
qupu123-239205	qupu123	ok(曲名命中)	200		https://www.qupu123.com/jipu/p239205.html	https://www.qupu123.com/jipu/p239205.html	慢慢走 _天之韵个人制谱园地_中国曲谱网	慢慢走
jianpucn-119000	jianpucn	ok(曲名命中)	200		http://www.jianpu.cn/pu/11/119000.htm	http://www.jianpu.cn/pu/11/119000.htm	懒得管 歌谱简谱网	懒得管
qupu123-373047	qupu123	ok(曲名命中)	200		https://www.qupu123.com/jipu/p373047.html	https://www.qupu123.com/jipu/p373047.html	懂你 _普通一兵个人制谱园地_中国曲谱网	懂你
jianpucn-1549	jianpucn	ok(曲名命中)	200		http://www.jianpu.cn/pu/15/1549.htm	http://www.jianpu.cn/pu/15/1549.htm	懒的去管 歌谱简谱网	懒的去管
jianpucn-151392	jianpucn	ok(曲名命中)	200		http://www.jianpu.cn/pu/15/151392.htm	http://www.jianpu.cn/pu/15/151392.htm	成吉思汗我的爱 歌谱简谱网	成吉思汗我的爱
qupu123-341743	qupu123	ok(曲名命中)	200		https://www.qupu123.com/puyou/shangchuan/p341743.html	https://www.qupu123.com/puyou/shangchuan/p341743.html	慢慢喜欢你 （拇指琴卡林巴琴和弦简谱）_谱友园地_中国曲谱网	慢慢喜欢你
qupu123-368984	qupu123	ok(曲名命中)	200		https://www.qupu123.com/jipu/p368984.html	https://www.qupu123.com/jipu/p368984.html	成全你忘了我 _岭南印象个人制谱园地_中国曲谱网	成全你忘了我
qupu123-332600	qupu123	打不开:URLError	0		https://www.qupu123.com/tongsu/wuzi/p332600.html	https://www.qupu123.com/tongsu/wuzi/p332600.html		想你的时候.
jianpucn-256973	jianpucn	ok(曲名命中)	200		http://www.jianpu.cn/pu/25/256973.htm	http://www.jianpu.cn/pu/25/256973.htm	成州颂 蒋大为 歌谱简谱网	成州颂
jianpucn-109485	jianpucn	ok(曲名命中)	200		http://www.jianpu.cn/pu/10/109485.htm	http://www.jianpu.cn/pu/10/109485.htm	我一见你就笑（邓丽君） 歌谱简谱网	我一见你就笑
qupu123-323657	qupu123	ok(曲名命中)	200		https://www.qupu123.com/jipu/p323657.html	https://www.qupu123.com/jipu/p323657.html	懂得 （李健 词曲）_韵文音乐个人制谱园地_中国曲谱网	懂得
jianpucn-221290	jianpucn	ok(曲名命中)	200		http://www.jianpu.cn/pu/22/221290.htm	http://www.jianpu.cn/pu/22/221290.htm	我不再迷 歌谱简谱网	我不再迷
qupu123-396519	qupu123	打不开:URLError	0		https://www.qupu123.com/puyou/shangchuan/p396519.html	https://www.qupu123.com/puyou/shangchuan/p396519.html		想去看您
qupu123-367638	qupu123	ok(曲名命中)	200		https://www.qupu123.com/puyou/shangchuan/p367638.html	https://www.qupu123.com/puyou/shangchuan/p367638.html	慢慢 （卡林巴拇指琴简谱）_谱友园地_中国曲谱网	慢慢
jianpucn-436181	jianpucn	ok(曲名命中)	200		http://www.jianpu.cn/pu/43/436181.htm	http://www.jianpu.cn/pu/43/436181.htm	慢半拍 薛之谦 歌谱简谱网	慢半拍
jianpucn-115044	jianpucn	ok(曲名命中)	200		http://www.jianpu.cn/pu/11/115044.htm	http://www.jianpu.cn/pu/11/115044.htm	我不够爱你 歌曲类 简谱 歌谱简谱网	我不够爱你 歌曲类
qupu123-326130	qupu123	ok(曲名命中)	200		https://www.qupu123.com/hechang/wuzi/p326130.html	https://www.qupu123.com/hechang/wuzi/p326130.html	成功的风采 _合唱曲谱_中国曲谱网	成功的风采
jianpucn-153250	jianpucn	ok(曲名命中)	200		http://www.jianpu.cn/pu/15/153250.htm	http://www.jianpu.cn/pu/15/153250.htm	我不愿让你一个人 歌谱简谱网	我不愿让你一个人
jianpujia-15276	jianpujia	ok(曲名命中)	200		https://www.jianpujia.com/jianpu/15276.html	https://www.jianpujia.com/jianpu/15276.html	我不愿让你一个人简谱_五月天_我不愿你独自走过这风雨的时刻-免费下载-简谱之家	我不愿让你一个人
jianpucn-151924	jianpucn	ok(曲名命中)	200		http://www.jianpu.cn/pu/15/151924.htm	http://www.jianpu.cn/pu/15/151924.htm	我不管【彩谱】 歌谱简谱网	我不管
qupu123-370062	qupu123	ok(曲名命中)	200		https://www.qupu123.com/meisheng/qizi/p370062.html	https://www.qupu123.com/meisheng/qizi/p370062.html	成吉思汗的传说 （混声重唱）_美声曲谱_中国曲谱网	成吉思汗的传说
jianpujia-148641	jianpujia	ok(曲名命中)	200		https://www.jianpujia.com/jianpu/148641.html	https://www.jianpujia.com/jianpu/148641.html	我不愿让你一个人钢琴简谱_五月天演唱-免费下载-简谱之家	我不愿让你一个人
qupu123-303434	qupu123	ok(曲名命中)	200		https://www.qupu123.com/puyou/jipu/p303434.html	https://www.qupu123.com/puyou/jipu/p303434.html	成都 _谱友园地_中国曲谱网	成都
jianpucn-132606	jianpucn	ok(曲名命中)	200		http://www.jianpu.cn/pu/13/132606.htm	http://www.jianpu.cn/pu/13/132606.htm	我不要别人的爱 歌谱简谱网	我不要别人的爱
jianpucn-115043	jianpucn	ok(曲名命中)	200		http://www.jianpu.cn/pu/11/115043.htm	http://www.jianpu.cn/pu/11/115043.htm	我不难过 歌曲类 简谱 歌谱简谱网	我不难过 歌曲类
jianpucn-31741	jianpucn	ok(曲名命中)	200		http://www.jianpu.cn/pu/31/31741.htm	http://www.jianpu.cn/pu/31/31741.htm	我为祖国骄傲 歌谱简谱网	我为祖国骄傲
qupu123-341730	qupu123	ok(曲名命中)	200		https://www.qupu123.com/puyou/shangchuan/p341730.html	https://www.qupu123.com/puyou/shangchuan/p341730.html	成全 （拇指琴卡林巴琴和弦简谱）_谱友园地_中国曲谱网	成全
jianpucn-115102	jianpucn	ok(曲名命中)	200		http://www.jianpu.cn/pu/11/115102.htm	http://www.jianpu.cn/pu/11/115102.htm	我也很想他 歌曲类 简谱 歌谱简谱网	我也很想他 歌曲类
jianpucn-35233	jianpucn	ok(曲名命中)	200		http://www.jianpu.cn/pu/35/35233.htm	http://www.jianpu.cn/pu/35/35233.htm	我了解你 歌谱简谱网	我了解你
jianpucn-48448	jianpucn	ok(曲名命中)	200		http://www.jianpu.cn/pu/48/48448.htm	http://www.jianpu.cn/pu/48/48448.htm	我亲爱的母亲(《青年一代》插曲) 歌谱简谱网	我亲爱的母亲
qupu123-333382	qupu123	ok(曲名命中)	200		https://www.qupu123.com/tongsu/wuzi/p333382.html	https://www.qupu123.com/tongsu/wuzi/p333382.html	我不是刘备 _通俗曲谱_中国曲谱网	我不是刘备
jianpujia-7077	jianpujia	ok(曲名命中)	200		https://www.jianpujia.com/jianpu/7077.html	https://www.jianpujia.com/jianpu/7077.html	我从草原来简谱_凤凰传奇_我的青青草原梦-免费下载-简谱之家	我从草原来
jianpucn-33225	jianpucn	ok(曲名命中)	200		http://www.jianpu.cn/pu/33/33225.htm	http://www.jianpu.cn/pu/33/33225.htm	我今天好快活 歌谱简谱网	我今天好快活
qupu123-335979	qupu123	ok(曲名命中)	200		https://www.qupu123.com/shaoer/wuzi/p335979.html	https://www.qupu123.com/shaoer/wuzi/p335979.html	我也上井冈 _少儿曲谱_中国曲谱网	我也上井冈
jianpucn-41475	jianpucn	ok(曲名命中)	200		http://www.jianpu.cn/pu/41/41475.htm	http://www.jianpu.cn/pu/41/41475.htm	我从新疆来 歌谱简谱网	我从新疆来
jianpucn-453155	jianpucn	ok(曲名命中)	200		http://www.jianpu.cn/pu/45/453155.htm	http://www.jianpu.cn/pu/45/453155.htm	我从草原来C调伴奏 凤凰传奇 歌谱简谱网	我从草原来C调伴奏
jianpujia-14837	jianpujia	ok(曲名命中)	200		https://www.jianpujia.com/jianpu/14837.html	https://www.jianpujia.com/jianpu/14837.html	我们简谱__陈奕迅__后来，我们什么都有了，却没了我们-免费下载-简谱之家	我们
jianpucn-40488	jianpucn	ok(曲名命中)	200		http://www.jianpu.cn/pu/40/40488.htm	http://www.jianpu.cn/pu/40/40488.htm	我们 歌谱简谱网	我们
jianpujia-15731	jianpujia	ok(曲名命中)	200		https://www.jianpujia.com/jianpu/15731.html	https://www.jianpujia.com/jianpu/15731.html	我们简谱_陈奕迅_后来的我们电影主题曲-免费下载-简谱之家	我们
jianpucn-288072	jianpucn	ok(曲名命中)	200		http://www.jianpu.cn/pu/28/288072.htm	http://www.jianpu.cn/pu/28/288072.htm	我们一起走 蒋大为 歌谱简谱网	我们一起走
qupu123-333191	qupu123	ok(曲名命中)	200		https://www.qupu123.com/minge/qizi/p333191.html	https://www.qupu123.com/minge/qizi/p333191.html	我从甲板上起飞 （陈道斌词 董文才曲）_民歌曲谱_中国曲谱网	我从甲板上起飞
qupu123-335260	qupu123	ok(曲名命中)	200		https://www.qupu123.com/minge/wuzi/p335260.html	https://www.qupu123.com/minge/wuzi/p335260.html	我从苗山归 _民歌曲谱_中国曲谱网	我从苗山归
jianpucn-157247	jianpucn	ok(曲名命中)	200		http://www.jianpu.cn/pu/15/157247.htm	http://www.jianpu.cn/pu/15/157247.htm	我们举起青春的火炬 歌谱简谱网	我们举起青春的火炬
qupu123-83291	qupu123	ok(曲名命中)	200		https://www.qupu123.com/minge/wuzi/p83291.html	https://www.qupu123.com/minge/wuzi/p83291.html	我从草原来 （纪征民词 王星铭曲）_民歌曲谱_中国曲谱网	我从草原来
jianpucn-341350	jianpucn	ok(曲名命中)	200		http://www.jianpu.cn/pu/34/341350.htm	http://www.jianpu.cn/pu/34/341350.htm	我们从古田再出发 阎维文 歌谱简谱网	我们从古田再出发
qupu123-19276	qupu123	ok(曲名命中)	200		https://www.qupu123.com/jipu/p19276.html	https://www.qupu123.com/jipu/p19276.html	我从草原来——凤凰传奇简谱（赵铁志词 郭永利曲）_桃李醉春风个人制谱园地_中国曲谱网	我从草原来——凤凰传奇
jianpucn-35957	jianpucn	ok(曲名命中)	200		http://www.jianpu.cn/pu/35/35957.htm	http://www.jianpu.cn/pu/35/35957.htm	我们俩的爱没有边边 歌谱简谱网	我们俩的爱没有边边
jianpujia-74588	jianpujia	ok(曲名命中)	200		https://www.jianpujia.com/jianpu/74588.html	https://www.jianpujia.com/jianpu/74588.html	我们多么幸福简谱_儿歌演唱-免费下载-简谱之家	我们多么幸福
qupu123-335367	qupu123	ok(曲名命中)	200		https://www.qupu123.com/tongsu/qizi/p335367.html	https://www.qupu123.com/tongsu/qizi/p335367.html	我以为你会等我 _通俗曲谱_中国曲谱网	我以为你会等我
qupu123-321139	qupu123	ok(曲名命中)	200		https://www.qupu123.com/shaoer/bazi/p321139.html	https://www.qupu123.com/shaoer/bazi/p321139.html	我们像花一样开放 _少儿曲谱_中国曲谱网	我们像花一样开放
jianpucn-68947	jianpucn	ok(曲名命中)	200		http://www.jianpu.cn/pu/68/68947.htm	http://www.jianpu.cn/pu/68/68947.htm	我们拥有一个名字－－中国 歌谱简谱网	我们拥有一个名字－－中国
qupu123-332220	qupu123	ok(曲名命中)	200		https://www.qupu123.com/shaoer/jiuziyishang/p332220.html	https://www.qupu123.com/shaoer/jiuziyishang/p332220.html	我们在校园昂首阔步 （合唱）_少儿曲谱_中国曲谱网	我们在校园昂首阔步
jianpucn-31036	jianpucn	ok(曲名命中)	200		http://www.jianpu.cn/pu/31/31036.htm	http://www.jianpu.cn/pu/31/31036.htm	我们是一家人(2008央视军民迎新春晚会歌曲) 歌谱简谱网	我们是一家人
qupu123-320432	qupu123	ok(曲名命中)	200		https://www.qupu123.com/hechang/jiuziyishang/p320432.html	https://www.qupu123.com/hechang/jiuziyishang/p320432.html	我们大邵阳 _合唱曲谱_中国曲谱网	我们大邵阳
qupu123-331677	qupu123	ok(曲名命中)	200		https://www.qupu123.com/shaoer/wuzi/p331677.html	https://www.qupu123.com/shaoer/wuzi/p331677.html	我们去春游 _少儿曲谱_中国曲谱网	我们去春游
jianpujia-26265	jianpujia	ok(曲名命中)	200		https://www.jianpujia.com/jianpu/26265.html	https://www.jianpujia.com/jianpu/26265.html	我们是共产主义接班人简谱(歌词)_儿歌_暖儿曲谱-免费下载-简谱之家	我们是共产主义接班人
qupu123-331506	qupu123	ok(曲名命中)	200		https://www.qupu123.com/shaoer/wuzi/p331506.html	https://www.qupu123.com/shaoer/wuzi/p331506.html	我们小伙伴 _少儿曲谱_中国曲谱网	我们小伙伴
jianpucn-433619	jianpucn	ok(曲名命中)	200		http://www.jianpu.cn/pu/43/433619.htm	http://www.jianpu.cn/pu/43/433619.htm	我们是明星 邓丽君 歌谱简谱网	我们是明星
jianpujia-21911	jianpujia	ok(曲名命中)	200		https://www.jianpujia.com/jianpu/21911.html	https://www.jianpujia.com/jianpu/21911.html	我们是快乐的好朋友简谱(歌词)_儿歌_暖儿曲谱-免费下载-简谱之家	我们是快乐的好朋友
qupu123-315407	qupu123	ok(曲名命中)	200		https://www.qupu123.com/meisheng/liuzi/p315407.html	https://www.qupu123.com/meisheng/liuzi/p315407.html	​6我们就是中国（双谱） _美声曲谱_中国曲谱网	我们就是中国
jianpujia-9230	jianpujia	ok(曲名命中)	200		https://www.jianpujia.com/jianpu/9230.html	https://www.jianpujia.com/jianpu/9230.html	我们是春天简谱(歌词)—少儿合唱演唱—岭南印象曲谱-免费下载-简谱之家	我们是春天
jianpucn-61181	jianpucn	ok(曲名命中)	200		http://www.jianpu.cn/pu/61/61181.htm	http://www.jianpu.cn/pu/61/61181.htm	我们是青年文明号 歌谱简谱网	我们是青年文明号
qupu123-335978	qupu123	ok(曲名命中)	200		https://www.qupu123.com/shaoer/wuzi/p335978.html	https://www.qupu123.com/shaoer/wuzi/p335978.html	我们心向党 _少儿曲谱_中国曲谱网	我们心向党
qupu123-335125	qupu123	ok(曲名命中)	200		https://www.qupu123.com/tongsu/jiuziyishang/p335125.html	https://www.qupu123.com/tongsu/jiuziyishang/p335125.html	我们把爱输给了距离 _通俗曲谱_中国曲谱网	我们把爱输给了距离
jianpucn-442816	jianpucn	ok(曲名命中)	200		http://www.jianpu.cn/pu/44/442816.htm	http://www.jianpu.cn/pu/44/442816.htm	我们爱过就好 薛之谦 歌谱简谱网	我们爱过就好
qupu123-334503	qupu123	ok(曲名命中)	200		https://www.qupu123.com/tongsu/qizi/p334503.html	https://www.qupu123.com/tongsu/qizi/p334503.html	我们握手成朋友 （王存词 成章曲）_通俗曲谱_中国曲谱网	我们握手成朋友
qupu123-333660	qupu123	ok(曲名命中)	200		https://www.qupu123.com/tongsu/jiuziyishang/p333660.html	https://www.qupu123.com/tongsu/jiuziyishang/p333660.html	我们是天生的好兄妹 _通俗曲谱_中国曲谱网	我们是天生的好兄妹
jianpucn-160344	jianpucn	ok(曲名命中)	200		http://www.jianpu.cn/pu/16/160344.htm	http://www.jianpu.cn/pu/16/160344.htm	我们的信念 歌谱简谱网	我们的信念
qupu123-331246	qupu123	ok(曲名命中)	200		https://www.qupu123.com/hechang/jiuziyishang/p331246.html	https://www.qupu123.com/hechang/jiuziyishang/p331246.html	我们是快乐的骑行者 _合唱曲谱_中国曲谱网	我们是快乐的骑行者
jianpucn-204302	jianpucn	ok(曲名命中)	200		http://www.jianpu.cn/pu/20/204302.htm	http://www.jianpu.cn/pu/20/204302.htm	我们的友谊春常在 歌谱简谱网	我们的友谊春常在
qupu123-335325	qupu123	ok(曲名命中)	200		https://www.qupu123.com/shaoer/qizi/p335325.html	https://www.qupu123.com/shaoer/qizi/p335325.html	我们是自由的风 _少儿曲谱_中国曲谱网	我们是自由的风
qupu123-274004	qupu123	打不开:URLError	0		https://www.qupu123.com/tongsu/liuzi/p274004.html	https://www.qupu123.com/tongsu/liuzi/p274004.html		成全你，成全她
jianpucn-46048	jianpucn	ok(曲名命中)	200		http://www.jianpu.cn/pu/46/46048.htm	http://www.jianpu.cn/pu/46/46048.htm	我们的梦 歌谱简谱网	我们的梦
qupu123-317909	qupu123	ok(曲名命中)	200		https://www.qupu123.com/hechang/qizi/p317909.html	https://www.qupu123.com/hechang/qizi/p317909.html	我们是黄河泰山 （冯晓阳编合唱版）_合唱曲谱_中国曲谱网	我们是黄河泰山
qupu123-381264	qupu123	ok(曲名命中)	200		https://www.qupu123.com/tongsu/wuzi/p381264.html	https://www.qupu123.com/tongsu/wuzi/p381264.html	我们来相会 _通俗曲谱_中国曲谱网	我们来相会
jianpujia-74532	jianpujia	ok(曲名命中)	200		https://www.jianpujia.com/jianpu/74532.html	https://www.jianpujia.com/jianpu/74532.html	我们的祖国是花园简谱_小伴龙儿歌演唱-免费下载-简谱之家	我们的祖国是花园
qupu123-331968	qupu123	ok(曲名命中)	200		https://www.qupu123.com/meisheng/wuzi/p331968.html	https://www.qupu123.com/meisheng/wuzi/p331968.html	我们爱唱歌 （赵亮词 任清彪曲）_美声曲谱_中国曲谱网	我们爱唱歌
jianpucn-449497	jianpucn	ok(曲名命中)	200		http://www.jianpu.cn/pu/44/449497.htm	http://www.jianpu.cn/pu/44/449497.htm	我们的祖国歌甜花香（《歌声飘过60年》第四场） 阎维文 歌谱简谱网	我们的祖国歌甜花香
qupu123-381458	qupu123	ok(曲名命中)	200		https://www.qupu123.com/tongsu/liuzi/p381458.html	https://www.qupu123.com/tongsu/liuzi/p381458.html	我们的亚细亚 _通俗曲谱_中国曲谱网	我们的亚细亚
jianpucn-156672	jianpucn	ok(曲名命中)	200		http://www.jianpu.cn/pu/15/156672.htm	http://www.jianpu.cn/pu/15/156672.htm	我们的草原鲜花盛开（蒋大为独唱系列89） 歌谱简谱网	我们的草原鲜花盛开
jianpucn-54095	jianpucn	ok(曲名命中)	200		http://www.jianpu.cn/pu/54/54095.htm	http://www.jianpu.cn/pu/54/54095.htm	我们相爱6年 歌谱简谱网	我们相爱6年
qupu123-316441	qupu123	ok(曲名命中)	200		https://www.qupu123.com/meisheng/wuzi/p316441.html	https://www.qupu123.com/meisheng/wuzi/p316441.html	19我们的天空（双谱） _美声曲谱_中国曲谱网	我们的天空
qupu123-331504	qupu123	ok(曲名命中)	200		https://www.qupu123.com/shaoer/wuzi/p331504.html	https://www.qupu123.com/shaoer/wuzi/p331504.html	我们的小伴 _少儿曲谱_中国曲谱网	我们的小伴
qupu123-369914	qupu123	打不开:URLError	0		https://www.qupu123.com/tongsu/jiuziyishang/p369914.html	https://www.qupu123.com/tongsu/jiuziyishang/p369914.html		我_心_FEARLESS
jianpucn-449392	jianpucn	ok(曲名命中)	200		http://www.jianpu.cn/pu/44/449392.htm	http://www.jianpu.cn/pu/44/449392.htm	我们走在大路上（《歌声飘过60年》第二场） 杨洪基 歌谱简谱网	我们走在大路上
jianpujia-20491	jianpujia	ok(曲名命中)	200		https://www.jianpujia.com/jianpu/20491.html	https://www.jianpujia.com/jianpu/20491.html	我们要做雷锋式的好少年简谱(歌词)_儿歌_小弩曲谱-免费下载-简谱之家	我们要做雷锋式的好少年
qupu123-334913	qupu123	ok(曲名命中)	200		https://www.qupu123.com/minge/bazi/p334913.html	https://www.qupu123.com/minge/bazi/p334913.html	我们的战车驶过来 _民歌曲谱_中国曲谱网	我们的战车驶过来
qupu123-335369	qupu123	打不开:URLError	0		https://www.qupu123.com/tongsu/bazi/p335369.html	https://www.qupu123.com/tongsu/bazi/p335369.html		我一直有一种勇气
jianpucn-312516	jianpucn	ok(曲名命中)	200		http://www.jianpu.cn/pu/31/312516.htm	http://www.jianpu.cn/pu/31/312516.htm	我们都是孤独的 华晨宇 歌谱简谱网	我们都是孤独的
qupu123-334274	qupu123	ok(曲名命中)	200		https://www.qupu123.com/tongsu/bazi/p334274.html	https://www.qupu123.com/tongsu/bazi/p334274.html	我们的港珠澳大桥 _通俗曲谱_中国曲谱网	我们的港珠澳大桥
jianpucn-135097	jianpucn	ok(曲名命中)	200		http://www.jianpu.cn/pu/13/135097.htm	http://www.jianpu.cn/pu/13/135097.htm	我们都辜负了爱 歌谱简谱网	我们都辜负了爱
qupu123-283583	qupu123	打不开:URLError	0		https://www.qupu123.com/tongsu/qizi/p283583.html	https://www.qupu123.com/tongsu/qizi/p283583.html		我不是个坏女孩
jianpucn-160066	jianpucn	ok(曲名命中)	200		http://www.jianpu.cn/pu/16/160066.htm	http://www.jianpu.cn/pu/16/160066.htm	我会再来 歌谱简谱网	我会再来
qupu123-381656	qupu123	ok(曲名命中)	200		https://www.qupu123.com/tongsu/wuzi/p381656.html	https://www.qupu123.com/tongsu/wuzi/p381656.html	我们的纪念 _通俗曲谱_中国曲谱网	我们的纪念
qupu123-334424	qupu123	ok(曲名命中)	200		https://www.qupu123.com/minge/liuzi/p334424.html	https://www.qupu123.com/minge/liuzi/p334424.html	我们的练兵场 （予子词 蔡立荣曲）_民歌曲谱_中国曲谱网	我们的练兵场
jianpucn-428335	jianpucn	ok(曲名命中)	200		http://www.jianpu.cn/pu/42/428335.htm	http://www.jianpu.cn/pu/42/428335.htm	我伴梅花报春来 张也 歌谱简谱网	我伴梅花报春来
jianpucn-285007	jianpucn	ok(曲名命中)	200		http://www.jianpu.cn/pu/28/285007.htm	http://www.jianpu.cn/pu/28/285007.htm	我像黄河 黄河像我 阎维文 歌谱简谱网	我像黄河 黄河像我
qupu123-333192	qupu123	ok(曲名命中)	200		https://www.qupu123.com/minge/bazi/p333192.html	https://www.qupu123.com/minge/bazi/p333192.html	我们的队伍向太阳 （杨瑞庆词 张新用曲）_民歌曲谱_中国曲谱网	我们的队伍向太阳
jianpujia-154200	jianpujia	ok(曲名命中)	200		https://www.jianpujia.com/jianpu/154200.html	https://www.jianpujia.com/jianpu/154200.html	我只在乎你简谱(歌词)_暖儿曲谱-免费下载-简谱之家	我只在乎你
jianpucn-205441	jianpucn	ok(曲名命中)	200		http://www.jianpu.cn/pu/20/205441.htm	http://www.jianpu.cn/pu/20/205441.htm	我又看见你 歌谱简谱网	我又看见你
qupu123-331970	qupu123	ok(曲名命中)	200		https://www.qupu123.com/tongsu/wuzi/p331970.html	https://www.qupu123.com/tongsu/wuzi/p331970.html	我们这一代 （赵亮词 任清彪曲）_通俗曲谱_中国曲谱网	我们这一代
jianpucn-178641	jianpucn	ok(曲名命中)	200		http://www.jianpu.cn/pu/17/178641.htm	http://www.jianpu.cn/pu/17/178641.htm	我只在乎你-版本二 歌谱简谱网	我只在乎你-版本二
qupu123-329351	qupu123	ok(曲名命中)	200		https://www.qupu123.com/hechang/qizi/p329351.html	https://www.qupu123.com/hechang/qizi/p329351.html	我们都是安全员 _王远飞原创曲谱专栏_中国曲谱网	我们都是安全员
jianpucn-275247	jianpucn	ok(曲名命中)	200		http://www.jianpu.cn/pu/27/275247.htm	http://www.jianpu.cn/pu/27/275247.htm	我吻别 张学友 歌谱简谱网	我吻别
jianpujia-74662	jianpujia	ok(曲名命中)	200		https://www.jianpujia.com/jianpu/74662.html	https://www.jianpujia.com/jianpu/74662.html	我只在乎你简谱_邓丽君演唱-免费下载-简谱之家	我只在乎你
jianpucn-59115	jianpucn	ok(曲名命中)	200		http://www.jianpu.cn/pu/59/59115.htm	http://www.jianpu.cn/pu/59/59115.htm	我和我追逐的梦 歌谱简谱网	我和我追逐的梦
qupu123-321528	qupu123	ok(曲名命中)	200		https://www.qupu123.com/hechang/qizi/p321528.html	https://www.qupu123.com/hechang/qizi/p321528.html	我像雪花天上来 （混声合唱）_合唱曲谱_中国曲谱网	我像雪花天上来
jianpucn-36958	jianpucn	ok(曲名命中)	200		http://www.jianpu.cn/pu/36/36958.htm	http://www.jianpu.cn/pu/36/36958.htm	我和腾飞的祖国 歌谱简谱网	我和腾飞的祖国
qupu123-297010	qupu123	ok(曲名命中)	200		https://www.qupu123.com/meisheng/qizi/p297010.html	https://www.qupu123.com/meisheng/qizi/p297010.html	我又来到大海旁 _美声曲谱_中国曲谱网	我又来到大海旁
qupu123-331701	qupu123	ok(曲名命中)	200		https://www.qupu123.com/shaoer/wuzi/p331701.html	https://www.qupu123.com/shaoer/wuzi/p331701.html	我叫小妮妮 _少儿曲谱_中国曲谱网	我叫小妮妮
jianpucn-464671	jianpucn	ok(曲名命中)	200		http://www.jianpu.cn/pu/46/464671.htm	http://www.jianpu.cn/pu/46/464671.htm	我唯有的你 李健 歌谱简谱网	我唯有的你
qupu123-323516	qupu123	ok(曲名命中)	200		https://www.qupu123.com/hechang/bazi/p323516.html	https://www.qupu123.com/hechang/bazi/p323516.html	我和夏天有个约会 _合唱曲谱_中国曲谱网	我和夏天有个约会
jianpucn-115006	jianpucn	ok(曲名命中)	200		http://www.jianpu.cn/pu/11/115006.htm	http://www.jianpu.cn/pu/11/115006.htm	我喜欢 歌曲类 简谱 歌谱简谱网	我喜欢 歌曲类
jianpucn-148457	jianpucn	ok(曲名命中)	200		http://www.jianpu.cn/pu/14/148457.htm	http://www.jianpu.cn/pu/14/148457.htm	我在你左右.费玉清【彩谱】 歌谱简谱网	我在你左右.费玉清【彩谱】
qupu123-333962	qupu123	ok(曲名命中)	200		https://www.qupu123.com/tongsu/liuzi/p333962.html	https://www.qupu123.com/tongsu/liuzi/p333962.html	我和我的哨所 _通俗曲谱_中国曲谱网	我和我的哨所
qupu123-381541	qupu123	ok(曲名命中)	200		https://www.qupu123.com/tongsu/liuzi/p381541.html	https://www.qupu123.com/tongsu/liuzi/p381541.html	我和我的祖国 _通俗曲谱_中国曲谱网	我和我的祖国
jianpucn-133330	jianpucn	ok(曲名命中)	200		http://www.jianpu.cn/pu/13/133330.htm	http://www.jianpu.cn/pu/13/133330.htm	我在贵州贵阳府 歌谱简谱网	我在贵州贵阳府
qupu123-333441	qupu123	ok(曲名命中)	200		https://www.qupu123.com/shaoer/bazi/p333441.html	https://www.qupu123.com/shaoer/bazi/p333441.html	我和春天有个约会 （张培莺词 李勇曲）_少儿曲谱_中国曲谱网	我和春天有个约会
jianpucn-441548	jianpucn	ok(曲名命中)	200		http://www.jianpu.cn/pu/44/441548.htm	http://www.jianpu.cn/pu/44/441548.htm	我在黑龙江等你 李健 歌谱简谱网	我在黑龙江等你
qupu123-335008	qupu123	ok(曲名命中)	200		https://www.qupu123.com/minge/jiuziyishang/p335008.html	https://www.qupu123.com/minge/jiuziyishang/p335008.html	我和西昌星有个约定 _民歌曲谱_中国曲谱网	我和西昌星有个约定
jianpucn-292471	jianpucn	ok(曲名命中)	200		http://www.jianpu.cn/pu/29/292471.htm	http://www.jianpu.cn/pu/29/292471.htm	我好像不懂（电视剧《东边日出西边雨》插曲） 刘欢 歌谱简谱网	我好像不懂
qupu123-395340	qupu123	ok(曲名命中)	200		https://www.qupu123.com/puyou/shangchuan/p395340.html	https://www.qupu123.com/puyou/shangchuan/p395340.html	我在梦里与你再相见 _............个人制谱园地_中国曲谱网	我在梦里与你再相见
jianpujia-15359	jianpujia	ok(曲名命中)	200		https://www.jianpujia.com/jianpu/15359.html	https://www.jianpujia.com/jianpu/15359.html	我好像在哪见过你简谱_薛之谦_我听见了你的声音___也藏着颗不敢见的心-免费下载-简谱之家	我好像在哪见过你
qupu123-332340	qupu123	ok(曲名命中)	200		https://www.qupu123.com/tongsu/qizi/p332340.html	https://www.qupu123.com/tongsu/qizi/p332340.html	​我在独山等你玩 _通俗曲谱_中国曲谱网	我在独山等你玩
qupu123-369993	qupu123	ok(曲名命中)	200		https://www.qupu123.com/minge/bazi/p369993.html	https://www.qupu123.com/minge/bazi/p369993.html	我在草原你在哪里 _张遇良原创曲谱专栏_中国曲谱网	我在草原你在哪里
jianpujia-149003	jianpujia	ok(曲名命中)	200		https://www.jianpujia.com/jianpu/149003.html	https://www.jianpujia.com/jianpu/149003.html	我好像在哪见过你钢琴简谱_薛之谦演唱-免费下载-简谱之家	我好像在哪见过你
jianpucn-34205	jianpucn	ok(曲名命中)	200		http://www.jianpu.cn/pu/34/34205.htm	http://www.jianpu.cn/pu/34/34205.htm	我家就在长江边 歌谱简谱网	我家就在长江边
qupu123-369981	qupu123	ok(曲名命中)	200		https://www.qupu123.com/minge/qizi/p369981.html	https://www.qupu123.com/minge/qizi/p369981.html	我在草原等你来 _袁龙（1）原创曲谱专栏_中国曲谱网	我在草原等你来
jianpujia-149708	jianpujia	ok(曲名命中)	200		https://www.jianpujia.com/jianpu/149708.html	https://www.jianpujia.com/jianpu/149708.html	我害怕钢琴简谱_薛之谦演唱-免费下载-简谱之家	我害怕
qupu123-395056	qupu123	ok(曲名命中)	200		https://www.qupu123.com/puyou/shangchuan/p395056.html	https://www.qupu123.com/puyou/shangchuan/p395056.html	我在莲乡等你来 _王壮光原创曲谱专栏_中国曲谱网	我在莲乡等你来
jianpucn-205561	jianpucn	ok(曲名命中)	200		http://www.jianpu.cn/pu/20/205561.htm	http://www.jianpu.cn/pu/20/205561.htm	我已坠入情网 歌谱简谱网	我已坠入情网
jianpucn-160116	jianpucn	ok(曲名命中)	200		http://www.jianpu.cn/pu/16/160116.htm	http://www.jianpu.cn/pu/16/160116.htm	我已经爱上了你（故事片《苦果》插曲） 歌谱简谱网	我已经爱上了你
qupu123-335823	qupu123	ok(曲名命中)	200		https://www.qupu123.com/tongsu/bazi/p335823.html	https://www.qupu123.com/tongsu/bazi/p335823.html	我在西安城遇上了她 _通俗曲谱_中国曲谱网	我在西安城遇上了她
jianpucn-114832	jianpucn	ok(曲名命中)	200		http://www.jianpu.cn/pu/11/114832.htm	http://www.jianpu.cn/pu/11/114832.htm	我很想爱他 歌曲类 简谱 歌谱简谱网	我很想爱他 歌曲类
qupu123-331671	qupu123	ok(曲名命中)	200		https://www.qupu123.com/shaoer/sanzi/p331671.html	https://www.qupu123.com/shaoer/sanzi/p331671.html	我多想 （肖正民词 兰毕博曲）_少儿曲谱_中国曲谱网	我多想
jianpucn-281469	jianpucn	ok(曲名命中)	200		http://www.jianpu.cn/pu/28/281469.htm	http://www.jianpu.cn/pu/28/281469.htm	我心已许（电视连续剧《梅花三弄-水云间》片尾曲） 蔡幸娟 歌谱简谱网	我心已许
qupu123-350317	qupu123	ok(曲名命中)	200		https://www.qupu123.com/jipu/p350317.html	https://www.qupu123.com/jipu/p350317.html	我太傻 _岭南印象个人制谱园地_中国曲谱网	我太傻
qupu123-335584	qupu123	ok(曲名命中)	200		https://www.qupu123.com/tongsu/wuzi/p335584.html	https://www.qupu123.com/tongsu/wuzi/p335584.html	我嫁给了他 _通俗曲谱_中国曲谱网	我嫁给了他
jianpucn-109444	jianpucn	ok(曲名命中)	200		http://www.jianpu.cn/pu/10/109444.htm	http://www.jianpu.cn/pu/10/109444.htm	我心永恒（简谱版） 歌谱简谱网	我心永恒
jianpucn-223037	jianpucn	ok(曲名命中)	200		http://www.jianpu.cn/pu/22/223037.htm	http://www.jianpu.cn/pu/22/223037.htm	我心里边 歌谱简谱网	我心里边
jianpucn-84675	jianpucn	ok(曲名命中)	200		http://www.jianpu.cn/pu/84/84675.htm	http://www.jianpu.cn/pu/84/84675.htm	我怀念的 歌谱简谱网	我怀念的
qupu123-333692	qupu123	HTTP502	502		https://www.qupu123.com/hechang/wuzi/p333692.html	https://www.qupu123.com/hechang/wuzi/p333692.html		我家在中国
jianpucn-240300	jianpucn	ok(曲名命中)	200		http://www.jianpu.cn/pu/24/240300.htm	http://www.jianpu.cn/pu/24/240300.htm	我怕你不肯（萨克斯伴唱） 陈奕迅 歌谱简谱网	我怕你不肯
qupu123-334370	qupu123	ok(曲名命中)	200		https://www.qupu123.com/minge/qizi/p334370.html	https://www.qupu123.com/minge/qizi/p334370.html	我家就在雪山下 （丁育政词 武俊毅曲）_民歌曲谱_中国曲谱网	我家就在雪山下
jianpujia-17996	jianpujia	ok(曲名命中)	200		https://www.jianpujia.com/jianpu/17996.html	https://www.jianpujia.com/jianpu/17996.html	我怎能离开你简谱(歌词)_邓丽君演唱_君羊曲谱-免费下载-简谱之家	我怎能离开你
qupu123-54033	qupu123	ok(曲名命中)	200		https://www.qupu123.com/tongsu/jiuziyishang/p54033.html	https://www.qupu123.com/tongsu/jiuziyishang/p54033.html	我很丑可是我很温柔简谱（带和弦）_通俗曲谱_中国曲谱网	我很丑可是我很温柔
jianpucn-51172	jianpucn	ok(曲名命中)	200		http://www.jianpu.cn/pu/51/51172.htm	http://www.jianpu.cn/pu/51/51172.htm	我情愿孤寂 歌谱简谱网	我情愿孤寂
jianpujia-444728	jianpujia	ok(曲名命中)	200		https://www.jianpujia.com/jianpu/444728.html	https://www.jianpujia.com/jianpu/444728.html	我思念草原草原歌曲简谱_玛西演唱-免费下载-简谱之家	我思念草原草原歌曲
qupu123-317053	qupu123	ok(曲名命中)	200		https://www.qupu123.com/meisheng/qizi/p317053.html	https://www.qupu123.com/meisheng/qizi/p317053.html	46我心中的好儿郎（双谱） （歌剧《红河谷》选段）_美声曲谱_中国曲谱网	我心中的好儿郎
jianpucn-27239	jianpucn	ok(曲名命中)	200		http://www.jianpu.cn/pu/27/27239.htm	http://www.jianpu.cn/pu/27/27239.htm	我想出去闯闯(薛优军原创歌曲之十三) 歌谱简谱网	我想出去闯闯
qupu123-316442	qupu123	ok(曲名命中)	200		https://www.qupu123.com/meisheng/qizi/p316442.html	https://www.qupu123.com/meisheng/qizi/p316442.html	​20我心伴你去护航（双谱） _美声曲谱_中国曲谱网	我心伴你去护航
qupu123-317913	qupu123	打不开:URLError	0		https://www.qupu123.com/hechang/jiuziyishang/p317913.html	https://www.qupu123.com/hechang/jiuziyishang/p317913.html		我们的生活充满阳光
jianpucn-274342	jianpucn	ok(曲名命中)	200		http://www.jianpu.cn/pu/27/274342.htm	http://www.jianpu.cn/pu/27/274342.htm	我想有个家 视频 我想有个家 本（） 潘美辰 歌谱简谱网	我想有个家
jianpucn-88664	jianpucn	ok(曲名命中)	200		http://www.jianpu.cn/pu/88/88664.htm	http://www.jianpu.cn/pu/88/88664.htm	我想有个家 歌谱简谱网	我想有个家
qupu123-319815	qupu123	ok(曲名命中)	200		https://www.qupu123.com/shaoer/qizi/p319815.html	https://www.qupu123.com/shaoer/qizi/p319815.html	我怕小草也会疼 _少儿曲谱_中国曲谱网	我怕小草也会疼
jianpucn-166432	jianpucn	ok(曲名命中)	200		http://www.jianpu.cn/pu/16/166432.htm	http://www.jianpu.cn/pu/16/166432.htm	我愿跟着你 歌谱简谱网	我愿跟着你
jianpucn-146031	jianpucn	ok(曲名命中)	200		http://www.jianpu.cn/pu/14/146031.htm	http://www.jianpu.cn/pu/14/146031.htm	我把青春献森林（蒋大为独唱系列51） 歌谱简谱网	我把青春献森林
jianpucn-253548	jianpucn	ok(曲名命中)	200		http://www.jianpu.cn/pu/25/253548.htm	http://www.jianpu.cn/pu/25/253548.htm	我把青春献森林 — （扫描版） 蒋大为 歌谱简谱网	我把青春献森林
qupu123-334911	qupu123	打不开:URLError	0		https://www.qupu123.com/minge/wuzi/p334911.html	https://www.qupu123.com/minge/wuzi/p334911.html		我们这个班
qupu123-395909	qupu123	ok(曲名命中)	200		https://www.qupu123.com/jipu/p395909.html	https://www.qupu123.com/jipu/p395909.html	我想和你去一个地方 （稳 稳 演唱）_先启个人制谱园地_中国曲谱网	我想和你去一个地方
jianpucn-115013	jianpucn	ok(曲名命中)	200		http://www.jianpu.cn/pu/11/115013.htm	http://www.jianpu.cn/pu/11/115013.htm	我拿什么爱你 歌曲类 简谱 歌谱简谱网	我拿什么爱你
qupu123-336176	qupu123	ok(曲名命中)	200		https://www.qupu123.com/minge/qizi/p336176.html	https://www.qupu123.com/minge/qizi/p336176.html	我把微笑带回家 （石作良词 武俊毅曲）_民歌曲谱_中国曲谱网	我把微笑带回家
jianpucn-63181	jianpucn	ok(曲名命中)	200		http://www.jianpu.cn/pu/63/63181.htm	http://www.jianpu.cn/pu/63/63181.htm	我想去个地方 歌谱简谱网	我想去个地方
qupu123-380898	qupu123	ok(曲名命中)	200		https://www.qupu123.com/tongsu/bazi/p380898.html	https://www.qupu123.com/tongsu/bazi/p380898.html	我把来生许给了你 （钰柃）_通俗曲谱_中国曲谱网	我把来生许给了你
qupu123-295198	qupu123	ok(曲名命中)	200		https://www.qupu123.com/jipu/p295198.html	https://www.qupu123.com/jipu/p295198.html	我愿意 （严艺丹 词曲）_桃李醉春风个人制谱园地_中国曲谱网	我愿意
qupu123-297123	qupu123	ok(曲名命中)	200		https://www.qupu123.com/jipu/p297123.html	https://www.qupu123.com/jipu/p297123.html	我把自己活成了你的样子 _桃李醉春风个人制谱园地_中国曲谱网	我把自己活成了你的样子
qupu123-95335	qupu123	ok(曲名命中)	200		https://www.qupu123.com/shaoer/qizi/p95335.html	https://www.qupu123.com/shaoer/qizi/p95335.html	我放船儿出清江 _少儿曲谱_中国曲谱网	我放船儿出清江
qupu123-327864	qupu123	ok(曲名命中)	200		https://www.qupu123.com/shaoer/qizi/p327864.html	https://www.qupu123.com/shaoer/qizi/p327864.html	我是一个小歌手 _少儿曲谱_中国曲谱网	我是一个小歌手
qupu123-353670	qupu123	ok(曲名命中)	200		https://www.qupu123.com/jipu/p353670.html	https://www.qupu123.com/jipu/p353670.html	我是一只小小鸟 （简和谱）_写轮指钢琴即兴个人制谱园地_中国曲谱网	我是一只小小鸟
jianpucn-120934	jianpucn	ok(曲名命中)	200		http://www.jianpu.cn/pu/12/120934.htm	http://www.jianpu.cn/pu/12/120934.htm	我是个需要很多爱的人 歌谱简谱网	我是个需要很多爱的人
qupu123-335977	qupu123	ok(曲名命中)	200		https://www.qupu123.com/shaoer/qizi/p335977.html	https://www.qupu123.com/shaoer/qizi/p335977.html	我是一朵小梅花 _少儿曲谱_中国曲谱网	我是一朵小梅花
jianpucn-443527	jianpucn	ok(曲名命中)	200		http://www.jianpu.cn/pu/44/443527.htm	http://www.jianpu.cn/pu/44/443527.htm	我是中国人(二重唱) 杨洪基 歌谱简谱网	我是中国人
qupu123-370241	qupu123	ok(曲名命中)	200		https://www.qupu123.com/tongsu/liuzi/p370241.html	https://www.qupu123.com/tongsu/liuzi/p370241.html	我是一条小河 _通俗曲谱_中国曲谱网	我是一条小河
jianpucn-151414	jianpucn	ok(曲名命中)	200		http://www.jianpu.cn/pu/15/151414.htm	http://www.jianpu.cn/pu/15/151414.htm	我是你天边的雨花 歌谱简谱网	我是你天边的雨花
qupu123-316429	qupu123	打不开:URLError	0		https://www.qupu123.com/meisheng/wuzi/p316429.html	https://www.qupu123.com/meisheng/wuzi/p316429.html		我在何处？
jianpucn-201062	jianpucn	ok(曲名命中)	200		http://www.jianpu.cn/pu/20/201062.htm	http://www.jianpu.cn/pu/20/201062.htm	我是你的知音【彩谱】 歌谱简谱网	我是你的知音【彩谱】
qupu123-328701	qupu123	ok(曲名命中)	200		https://www.qupu123.com/shaoer/liuzi/p328701.html	https://www.qupu123.com/shaoer/liuzi/p328701.html	我是一棵小树 （龙步云词 王柏清曲）_王柏清原创曲谱专栏_中国曲谱网	我是一棵小树
jianpucn-27704	jianpucn	ok(曲名命中)	200		http://www.jianpu.cn/pu/27/27704.htm	http://www.jianpu.cn/pu/27/27704.htm	我是天津人 歌谱简谱网	我是天津人
qupu123-327222	qupu123	ok(曲名命中)	200		https://www.qupu123.com/hechang/liuzi/p327222.html	https://www.qupu123.com/hechang/liuzi/p327222.html	​我是一颗星 （朱维平词 童方曲）_合唱曲谱_中国曲谱网	我是一颗星
jianpujia-26495	jianpujia	ok(曲名命中)	200		https://www.jianpujia.com/jianpu/26495.html	https://www.jianpujia.com/jianpu/26495.html	我是好宝宝简谱(歌词)_儿歌_陈洲宏_记谱-免费下载-简谱之家	我是好宝宝
qupu123-261350	qupu123	ok(曲名命中)	200		https://www.qupu123.com/jipu/p261350.html	https://www.qupu123.com/jipu/p261350.html	我是不是该安静的走开 _岭南印象个人制谱园地_中国曲谱网	我是不是该安静的走开
qupu123-396571	qupu123	ok(曲名命中)	200		https://www.qupu123.com/puyou/shangchuan/p396571.html	https://www.qupu123.com/puyou/shangchuan/p396571.html	我是丹霞石 _崀Lang颂Song原创曲谱专栏_中国曲谱网	我是丹霞石
qupu123-382309	qupu123	ok(曲名命中)	200		https://www.qupu123.com/yuanchuang/p382309.html	https://www.qupu123.com/yuanchuang/p382309.html	我是一片云 _陈国祥原创曲谱专栏_中国曲谱网	我是一片云
qupu123-335702	qupu123	ok(曲名命中)	200		https://www.qupu123.com/meisheng/jiuziyishang/p335702.html	https://www.qupu123.com/meisheng/jiuziyishang/p335702.html	我是你渴望中的一缕春风 _美声曲谱_中国曲谱网	我是你渴望中的一缕春风
qupu123-324832	qupu123	ok(曲名命中)	200		https://www.qupu123.com/hechang/wuzi/p324832.html	https://www.qupu123.com/hechang/wuzi/p324832.html	我是八一人 （混声合唱谱）_合唱曲谱_中国曲谱网	我是八一人
qupu123-333201	qupu123	ok(曲名命中)	200		https://www.qupu123.com/minge/bazi/p333201.html	https://www.qupu123.com/minge/bazi/p333201.html	我是光荣的汽车兵 _民歌曲谱_中国曲谱网	我是光荣的汽车兵
jianpucn-475857	jianpucn	ok(曲名命中)	200		http://www.jianpu.cn/pu/47/475857.htm	http://www.jianpu.cn/pu/47/475857.htm	我是有钱人 任贤齐 歌谱简谱网	我是有钱人
qupu123-320331	qupu123	ok(曲名命中)	200		https://www.qupu123.com/shaoer/wuzi/p320331.html	https://www.qupu123.com/shaoer/wuzi/p320331.html	我是小星星 （李环宇词 李晓阳曲）_少儿曲谱_中国曲谱网	我是小星星
jianpucn-115007	jianpucn	ok(曲名命中)	200		http://www.jianpu.cn/pu/11/115007.htm	http://www.jianpu.cn/pu/11/115007.htm	我是真地付出我的爱 歌曲类 简谱 歌谱简谱网	我是真地付出我的爱 歌曲类
qupu123-328302	qupu123	ok(曲名命中)	200		https://www.qupu123.com/shaoer/wuzi/p328302.html	https://www.qupu123.com/shaoer/wuzi/p328302.html	我是小风筝 _少儿曲谱_中国曲谱网	我是小风筝
qupu123-325587	qupu123	打不开:URLError	0		https://www.qupu123.com/shaoer/wuzi/p325587.html	https://www.qupu123.com/shaoer/wuzi/p325587.html		我家两警察
jianpujia-21028	jianpujia	ok(曲名命中)	200		https://www.jianpujia.com/jianpu/21028.html	https://www.jianpujia.com/jianpu/21028.html	我是祖国好娃娃简谱(歌词)_儿童歌曲演唱_谱友天恩上传-免费下载-简谱之家	我是祖国好娃娃
qupu123-326283	qupu123	ok(曲名命中)	200		https://www.qupu123.com/shaoer/bazi/p326283.html	https://www.qupu123.com/shaoer/bazi/p326283.html	我是快乐的小茶壶 _少儿曲谱_中国曲谱网	我是快乐的小茶壶
jianpucn-132325	jianpucn	ok(曲名命中)	200		http://www.jianpu.cn/pu/13/132325.htm	http://www.jianpu.cn/pu/13/132325.htm	我欲成仙 《西游记后传》主题曲 歌谱简谱网	我欲成仙 《西游记后传》主题曲
qupu123-323226	qupu123	ok(曲名命中)	200		https://www.qupu123.com/shaoer/bazi/p323226.html	https://www.qupu123.com/shaoer/bazi/p323226.html	我是新时代好少年 _少儿曲谱_中国曲谱网	我是新时代好少年
jianpucn-29752	jianpucn	ok(曲名命中)	200		http://www.jianpu.cn/pu/29/29752.htm	http://www.jianpu.cn/pu/29/29752.htm	我深爱的家园 歌谱简谱网	我深爱的家园
jianpucn-146905	jianpucn	ok(曲名命中)	200		http://www.jianpu.cn/pu/14/146905.htm	http://www.jianpu.cn/pu/14/146905.htm	我热爱今天的好时代（蒋大为独唱系列55） 歌谱简谱网	我热爱今天的好时代
qupu123-335410	qupu123	ok(曲名命中)	200		https://www.qupu123.com/tongsu/jiuziyishang/p335410.html	https://www.qupu123.com/tongsu/jiuziyishang/p335410.html	我是菩萨身边那朵莲 _通俗曲谱_中国曲谱网	我是菩萨身边那朵莲
qupu123-330784	qupu123	ok(曲名命中)	200		https://www.qupu123.com/shaoer/bazi/p330784.html	https://www.qupu123.com/shaoer/bazi/p330784.html	我是西藏有志的娃 _少儿曲谱_中国曲谱网	我是西藏有志的娃
qupu123-333893	qupu123	打不开:URLError	0		https://www.qupu123.com/tongsu/sizi/p333893.html	https://www.qupu123.com/tongsu/sizi/p333893.html		我心激荡
jianpucn-290016	jianpucn	ok(曲名命中)	200		http://www.jianpu.cn/pu/29/290016.htm	http://www.jianpu.cn/pu/29/290016.htm	我爱你（林夕、 词） 刘德华 歌谱简谱网	我爱你
qupu123-320102	qupu123	ok(曲名命中)	200		https://www.qupu123.com/shaoer/wuzi/p320102.html	https://www.qupu123.com/shaoer/wuzi/p320102.html	我有一个家 （白传英词 孙树臣曲）_少儿曲谱_中国曲谱网	我有一个家
qupu123-178363	qupu123	打不开:URLError	0		https://www.qupu123.com/shaoer/bazi/p178363.html	https://www.qupu123.com/shaoer/bazi/p178363.html		我想有个温暖的家
qupu123-334249	qupu123	ok(曲名命中)	200		https://www.qupu123.com/tongsu/qizi/p334249.html	https://www.qupu123.com/tongsu/qizi/p334249.html	我有一双双天眼 _通俗曲谱_中国曲谱网	我有一双双天眼
jianpucn-458031	jianpucn	ok(曲名命中)	200		http://www.jianpu.cn/pu/45/458031.htm	http://www.jianpu.cn/pu/45/458031.htm	我爱你中国（石头打谱13709671385） 殷秀梅 歌谱简谱网	我爱你中国
qupu123-332770	qupu123	打不开:URLError	0		https://www.qupu123.com/tongsu/qizi/p332770.html	https://www.qupu123.com/tongsu/qizi/p332770.html		我想活成这个样
qupu123-335139	qupu123	ok(曲名命中)	200		https://www.qupu123.com/minge/jiuziyishang/p335139.html	https://www.qupu123.com/minge/jiuziyishang/p335139.html	我有一双闪电的翅膀 _民歌曲谱_中国曲谱网	我有一双闪电的翅膀
jianpucn-152075	jianpucn	ok(曲名命中)	200		http://www.jianpu.cn/pu/15/152075.htm	http://www.jianpu.cn/pu/15/152075.htm	我爱你，蓝色的海洋 歌谱简谱网	我爱你，蓝色的海洋
qupu123-319828	qupu123	ok(曲名命中)	200		https://www.qupu123.com/meisheng/wuzi/p319828.html	https://www.qupu123.com/meisheng/wuzi/p319828.html	5我深深地爱你（双谱） _美声曲谱_中国曲谱网	我深深地爱你
qupu123-370212	qupu123	ok(曲名命中)	200		https://www.qupu123.com/meisheng/jiuziyishang/p370212.html	https://www.qupu123.com/meisheng/jiuziyishang/p370212.html	我爱五指山，我爱万泉河 _落红个人制谱园地_中国曲谱网	我爱五指山，我爱万泉河
jianpucn-131892	jianpucn	ok(曲名命中)	200		http://www.jianpu.cn/pu/13/131892.htm	http://www.jianpu.cn/pu/13/131892.htm	我爱军港的早晨 歌谱简谱网	我爱军港的早晨
qupu123-322879	qupu123	ok(曲名命中)	200		https://www.qupu123.com/meisheng/qizi/p322879.html	https://www.qupu123.com/meisheng/qizi/p322879.html	我爱你五星红旗 （韩胜桥词 林文彬曲）_美声曲谱_中国曲谱网	我爱你五星红旗
qupu123-335651	qupu123	ok(曲名命中)	200		https://www.qupu123.com/minge/jiuziyishang/p335651.html	https://www.qupu123.com/minge/jiuziyishang/p335651.html	我爱你啊，美丽的喀什 _民歌曲谱_中国曲谱网	我爱你啊，美丽的喀什
jianpujia-9335	jianpujia	ok(曲名命中)	200		https://www.jianpujia.com/jianpu/9335.html	https://www.jianpujia.com/jianpu/9335.html	我爱北京天安门简谱(歌词)_金铭与少儿演唱_岭南印象曲谱-免费下载-简谱之家	我爱北京天安门
jianpucn-475740	jianpucn	ok(曲名命中)	200		http://www.jianpu.cn/pu/47/475740.htm	http://www.jianpu.cn/pu/47/475740.htm	我爱我们家 歌谱简谱网	我爱我们家
jianpujia-74423	jianpujia	ok(曲名命中)	200		https://www.jianpujia.com/jianpu/74423.html	https://www.jianpujia.com/jianpu/74423.html	我爱北京天安门简谱_儿歌-免费下载-简谱之家	我爱北京天安门
jianpucn-153813	jianpucn	ok(曲名命中)	200		http://www.jianpu.cn/pu/15/153813.htm	http://www.jianpu.cn/pu/15/153813.htm	我爱故乡的路（蒋大为独唱系列73） 歌谱简谱网	我爱故乡的路
qupu123-370293	qupu123	ok(曲名命中)	200		https://www.qupu123.com/meisheng/qizi/p370293.html	https://www.qupu123.com/meisheng/qizi/p370293.html	我爱你，塞北的雪 _美声曲谱_中国曲谱网	我爱你，塞北的雪
jianpucn-159228	jianpucn	ok(曲名命中)	200		http://www.jianpu.cn/pu/15/159228.htm	http://www.jianpu.cn/pu/15/159228.htm	我爱你沈阳 歌谱简谱网	我爱你沈阳
qupu123-370002	qupu123	ok(曲名命中)	200		https://www.qupu123.com/meisheng/liuzi/p370002.html	https://www.qupu123.com/meisheng/liuzi/p370002.html	我爱你，拉萨河 _美声曲谱_中国曲谱网	我爱你，拉萨河
jianpucn-211654	jianpucn	ok(曲名命中)	200		http://www.jianpu.cn/pu/21/211654.htm	http://www.jianpu.cn/pu/21/211654.htm	我爱李时珍 歌谱简谱网	我爱李时珍
qupu123-336146	qupu123	ok(曲名命中)	200		https://www.qupu123.com/minge/wuzi/p336146.html	https://www.qupu123.com/minge/wuzi/p336146.html	我爱你，未央 _袁浩201666原创曲谱专栏_中国曲谱网	我爱你，未央
jianpucn-147746	jianpucn	ok(曲名命中)	200		http://www.jianpu.cn/pu/14/147746.htm	http://www.jianpu.cn/pu/14/147746.htm	我爱桃花我爱家（蒋大为独唱系列61） 歌谱简谱网	我爱桃花我爱家
jianpucn-52552	jianpucn	ok(曲名命中)	200		http://www.jianpu.cn/pu/52/52552.htm	http://www.jianpu.cn/pu/52/52552.htm	我爱玫瑰园(同名电视剧主题歌) 歌谱简谱网	我爱玫瑰园
qupu123-333326	qupu123	ok(曲名命中)	200		https://www.qupu123.com/hechang/qizi/p333326.html	https://www.qupu123.com/hechang/qizi/p333326.html	我爱家乡一幅画 _合唱曲谱_中国曲谱网	我爱家乡一幅画
jianpucn-130377	jianpucn	ok(曲名命中)	200		http://www.jianpu.cn/pu/13/130377.htm	http://www.jianpu.cn/pu/13/130377.htm	我爱的中国 歌谱简谱网	我爱的中国
qupu123-370596	qupu123	ok(曲名命中)	200		https://www.qupu123.com/tongsu/wuzi/p370596.html	https://www.qupu123.com/tongsu/wuzi/p370596.html	我爱我的家 _通俗曲谱_中国曲谱网	我爱我的家
jianpucn-250545	jianpucn	ok(曲名命中)	200		http://www.jianpu.cn/pu/25/250545.htm	http://www.jianpu.cn/pu/25/250545.htm	我爱秋莲 高胜美 歌谱简谱网	我爱秋莲
qupu123-334165	qupu123	ok(曲名命中)	200		https://www.qupu123.com/minge/qizi/p334165.html	https://www.qupu123.com/minge/qizi/p334165.html	我爱新蔡我的家 _民歌曲谱_中国曲谱网	我爱新蔡我的家
jianpucn-50780	jianpucn	ok(曲名命中)	200		http://www.jianpu.cn/pu/50/50780.htm	http://www.jianpu.cn/pu/50/50780.htm	我爱老山兰 歌谱简谱网	我爱老山兰
qupu123-319835	qupu123	ok(曲名命中)	200		https://www.qupu123.com/meisheng/sizi/p319835.html	https://www.qupu123.com/meisheng/sizi/p319835.html	12我爱朝霞（双谱） _美声曲谱_中国曲谱网	我爱朝霞
jianpucn-34004	jianpucn	ok(曲名命中)	200		http://www.jianpu.cn/pu/34/34004.htm	http://www.jianpu.cn/pu/34/34004.htm	我爱这美丽的田野 歌谱简谱网	我爱这美丽的田野
qupu123-332412	qupu123	ok(曲名命中)	200		https://www.qupu123.com/shaoer/sizi/p332412.html	https://www.qupu123.com/shaoer/sizi/p332412.html	我爱祖国 _少儿曲谱_中国曲谱网	我爱祖国
jianpucn-298055	jianpucn	ok(曲名命中)	200		http://www.jianpu.cn/pu/29/298055.htm	http://www.jianpu.cn/pu/29/298055.htm	我爱这蓝色的海洋1 杨洪基 歌谱简谱网	我爱这蓝色的海洋1
qupu123-317908	qupu123	ok(曲名命中)	200		https://www.qupu123.com/hechang/qizi/p317908.html	https://www.qupu123.com/hechang/qizi/p317908.html	我爱祖国的蓝天 （冯晓阳编合唱版）_合唱曲谱_中国曲谱网	我爱祖国的蓝天
jianpucn-133512	jianpucn	ok(曲名命中)	200		http://www.jianpu.cn/pu/13/133512.htm	http://www.jianpu.cn/pu/13/133512.htm	我爱雪山（蒋大为独唱系列33） 歌谱简谱网	我爱雪山
jianpucn-85639	jianpucn	ok(曲名命中)	200		http://www.jianpu.cn/pu/85/85639.htm	http://www.jianpu.cn/pu/85/85639.htm	我用所有报答爱 歌谱简谱网	我用所有报答爱
qupu123-331667	qupu123	ok(曲名命中)	200		https://www.qupu123.com/shaoer/liuzi/p331667.html	https://www.qupu123.com/shaoer/liuzi/p331667.html	我爱美丽中国 （李严词 王玉新曲）_少儿曲谱_中国曲谱网	我爱美丽中国
jianpucn-35246	jianpucn	ok(曲名命中)	200		http://www.jianpu.cn/pu/35/35246.htm	http://www.jianpu.cn/pu/35/35246.htm	我的世界变美丽 歌谱简谱网	我的世界变美丽
qupu123-370141	qupu123	ok(曲名命中)	200		https://www.qupu123.com/meisheng/liuzi/p370141.html	https://www.qupu123.com/meisheng/liuzi/p370141.html	我爱蓝天白云 _有缘相约个人制谱园地_中国曲谱网	我爱蓝天白云
jianpucn-32583	jianpucn	ok(曲名命中)	200		http://www.jianpu.cn/pu/32/32583.htm	http://www.jianpu.cn/pu/32/32583.htm	我的中华 歌谱简谱网	我的中华
jianpucn-130114	jianpucn	ok(曲名命中)	200		http://www.jianpu.cn/pu/13/130114.htm	http://www.jianpu.cn/pu/13/130114.htm	我的九洲江 歌谱简谱网	我的九洲江
qupu123-334422	qupu123	ok(曲名命中)	200		https://www.qupu123.com/minge/wuzi/p334422.html	https://www.qupu123.com/minge/wuzi/p334422.html	我爱边防线 _民歌曲谱_中国曲谱网	我爱边防线
jianpucn-154191	jianpucn	ok(曲名命中)	200		http://www.jianpu.cn/pu/15/154191.htm	http://www.jianpu.cn/pu/15/154191.htm	我的吉他两根弦（董文华独唱系列47） 歌谱简谱网	我的吉他两根弦
jianpucn-115108	jianpucn	ok(曲名命中)	200		http://www.jianpu.cn/pu/11/115108.htm	http://www.jianpu.cn/pu/11/115108.htm	我的地盘 歌曲类 简谱 歌谱简谱网	我的地盘 歌曲类
qupu123-335130	qupu123	ok(曲名命中)	200		https://www.qupu123.com/minge/qizi/p335130.html	https://www.qupu123.com/minge/qizi/p335130.html	我爱那棵老槐树 _民歌曲谱_中国曲谱网	我爱那棵老槐树
qupu123-333889	qupu123	打不开:URLError	0		https://www.qupu123.com/minge/bazi/p333889.html	https://www.qupu123.com/minge/bazi/p333889.html		我是最普通的一个
jianpucn-35179	jianpucn	ok(曲名命中)	200		http://www.jianpu.cn/pu/35/35179.htm	http://www.jianpu.cn/pu/35/35179.htm	我的失败与伟大 歌谱简谱网	我的失败与伟大
qupu123-381169	qupu123	ok(曲名命中)	200		https://www.qupu123.com/tongsu/sizi/p381169.html	https://www.qupu123.com/tongsu/sizi/p381169.html	我的中国心 _通俗曲谱_中国曲谱网	我的中国心
qupu123-334195	qupu123	打不开:URLError	0		https://www.qupu123.com/minge/sizi/p334195.html	https://www.qupu123.com/minge/sizi/p334195.html		我是猎鹰
jianpucn-136257	jianpucn	ok(曲名命中)	200		http://www.jianpu.cn/pu/13/136257.htm	http://www.jianpu.cn/pu/13/136257.htm	我的她 歌谱简谱网	我的她
jianpujia-15536	jianpujia	ok(曲名命中)	200		https://www.jianpujia.com/jianpu/15536.html	https://www.jianpujia.com/jianpu/15536.html	我的好妈妈简谱_儿歌_和宝贝一起学首儿歌吧!-免费下载-简谱之家	我的好妈妈
qupu123-91974	qupu123	ok(曲名命中)	200		https://www.qupu123.com/tongsu/qizi/p91974.html	https://www.qupu123.com/tongsu/qizi/p91974.html	我的人生我喝采 _通俗曲谱_中国曲谱网	我的人生我喝采
jianpucn-147584	jianpucn	ok(曲名命中)	200		http://www.jianpu.cn/pu/14/147584.htm	http://www.jianpu.cn/pu/14/147584.htm	我的家乡兴安岭（蒋大为独唱系列59） 歌谱简谱网	我的家乡兴安岭
qupu123-375489	qupu123	ok(曲名命中)	200		https://www.qupu123.com/waiguo/waiwen/p375489.html	https://www.qupu123.com/waiguo/waiwen/p375489.html	我的唐人街 （Chinatown My Chinatown）_外国曲谱_中国曲谱网	我的唐人街
jianpucn-55282	jianpucn	ok(曲名命中)	200		http://www.jianpu.cn/pu/55/55282.htm	http://www.jianpu.cn/pu/55/55282.htm	我的家乡在浦东 歌谱简谱网	我的家乡在浦东
qupu123-334226	qupu123	ok(曲名命中)	200		https://www.qupu123.com/tongsu/wuzi/p334226.html	https://www.qupu123.com/tongsu/wuzi/p334226.html	我的大上海 _通俗曲谱_中国曲谱网	我的大上海
jianpucn-28931	jianpucn	ok(曲名命中)	200		http://www.jianpu.cn/pu/28/28931.htm	http://www.jianpu.cn/pu/28/28931.htm	我的小凉山 歌谱简谱网	我的小凉山
qupu123-331740	qupu123	ok(曲名命中)	200		https://www.qupu123.com/shaoer/wuzi/p331740.html	https://www.qupu123.com/shaoer/wuzi/p331740.html	我的好爸爸 _少儿曲谱_中国曲谱网	我的好爸爸
jianpucn-232440	jianpucn	ok(曲名命中)	200		http://www.jianpu.cn/pu/23/232440.htm	http://www.jianpu.cn/pu/23/232440.htm	我的小城（扫描谱） 歌谱简谱网	我的小城
qupu123-333818	qupu123	ok(曲名命中)	200		https://www.qupu123.com/tongsu/sizi/p333818.html	https://www.qupu123.com/tongsu/sizi/p333818.html	我的安顺 _通俗曲谱_中国曲谱网	我的安顺
jianpucn-232448	jianpucn	ok(曲名命中)	200		http://www.jianpu.cn/pu/23/232448.htm	http://www.jianpu.cn/pu/23/232448.htm	我的小城 — （两版本合一） 歌谱简谱网	我的小城
qupu123-334325	qupu123	ok(曲名命中)	200		https://www.qupu123.com/minge/sizi/p334325.html	https://www.qupu123.com/minge/sizi/p334325.html	我的客家 _民歌曲谱_中国曲谱网	我的客家
qupu123-335654	qupu123	打不开:URLError	0		https://www.qupu123.com/tongsu/jiuziyishang/p335654.html	https://www.qupu123.com/tongsu/jiuziyishang/p335654.html		我来寻找我那千年心愿
jianpucn-49766	jianpucn	ok(曲名命中)	200		http://www.jianpu.cn/pu/49/49766.htm	http://www.jianpu.cn/pu/49/49766.htm	我的心也有寂寞的时候 歌谱简谱网	我的心也有寂寞的时候
qupu123-336084	qupu123	ok(曲名命中)	200		https://www.qupu123.com/minge/qizi/p336084.html	https://www.qupu123.com/minge/qizi/p336084.html	我的家乡叫大方 _民歌曲谱_中国曲谱网	我的家乡叫大方
jianpucn-178118	jianpucn	ok(曲名命中)	200		http://www.jianpu.cn/pu/17/178118.htm	http://www.jianpu.cn/pu/17/178118.htm	我的心儿这样回答 歌谱简谱网	我的心儿这样回答
qupu123-394875	qupu123	ok(曲名命中)	200		https://www.qupu123.com/minge/qizi/p394875.html	https://www.qupu123.com/minge/qizi/p394875.html	我的家乡在陕西 _天恩原创曲谱专栏_中国曲谱网	我的家乡在陕西
jianpucn-131961	jianpucn	ok(曲名命中)	200		http://www.jianpu.cn/pu/13/131961.htm	http://www.jianpu.cn/pu/13/131961.htm	我的心只可容纳你 歌谱简谱网	我的心只可容纳你
qupu123-381465	qupu123	ok(曲名命中)	200		https://www.qupu123.com/tongsu/qizi/p381465.html	https://www.qupu123.com/tongsu/qizi/p381465.html	我的家乡沈阳城 _通俗曲谱_中国曲谱网	我的家乡沈阳城
qupu123-375486	qupu123	打不开:URLError	0		https://www.qupu123.com/waiguo/waiwen/p375486.html	https://www.qupu123.com/waiguo/waiwen/p375486.html		我爱人的肖像
jianpucn-120902	jianpucn	ok(曲名命中)	200		http://www.jianpu.cn/pu/12/120902.htm	http://www.jianpu.cn/pu/12/120902.htm	我的心让你牵 歌谱简谱网	我的心让你牵
qupu123-333576	qupu123	ok(曲名命中)	200		https://www.qupu123.com/hechang/qizi/p333576.html	https://www.qupu123.com/hechang/qizi/p333576.html	我的家乡长临河 _合唱曲谱_中国曲谱网	我的家乡长临河
jianpucn-41085	jianpucn	ok(曲名命中)	200		http://www.jianpu.cn/pu/41/41085.htm	http://www.jianpu.cn/pu/41/41085.htm	我的思念 歌谱简谱网	我的思念
qupu123-322205	qupu123	ok(曲名命中)	200		https://www.qupu123.com/meisheng/liuzi/p322205.html	https://www.qupu123.com/meisheng/liuzi/p322205.html	我的家，我的国 _美声曲谱_中国曲谱网	我的家，我的国
jianpucn-55988	jianpucn	ok(曲名命中)	200		http://www.jianpu.cn/pu/55/55988.htm	http://www.jianpu.cn/pu/55/55988.htm	我的朋友 歌谱简谱网	我的朋友
qupu123-326519	qupu123	ok(曲名命中)	200		https://www.qupu123.com/hechang/wuzi/p326519.html	https://www.qupu123.com/hechang/wuzi/p326519.html	我的小情哥 _合唱曲谱_中国曲谱网	我的小情哥
jianpucn-52295	jianpucn	ok(曲名命中)	200		http://www.jianpu.cn/pu/52/52295.htm	http://www.jianpu.cn/pu/52/52295.htm	我的未来不是梦 2 歌谱简谱网	我的未来不是梦 2
qupu123-396348	qupu123	ok(曲名命中)	200		https://www.qupu123.com/puyou/shangchuan/p396348.html	https://www.qupu123.com/puyou/shangchuan/p396348.html	我的崀山大哥哥 _崀Lang颂Song原创曲谱专栏_中国曲谱网	我的崀山大哥哥
jianpucn-475668	jianpucn	ok(曲名命中)	200		http://www.jianpu.cn/pu/47/475668.htm	http://www.jianpu.cn/pu/47/475668.htm	我的梦 张靓颖 歌谱简谱网	我的梦
qupu123-394807	qupu123	ok(曲名命中)	200		https://www.qupu123.com/tongsu/liuzi/p394807.html	https://www.qupu123.com/tongsu/liuzi/p394807.html	我的山东老家 _天恩原创曲谱专栏_中国曲谱网	我的山东老家
jianpucn-260800	jianpucn	ok(曲名命中)	200		http://www.jianpu.cn/pu/26/260800.htm	http://www.jianpu.cn/pu/26/260800.htm	我的梦中国梦 阎维文 歌谱简谱网	我的梦中国梦
qupu123-335537	qupu123	ok(曲名命中)	200		https://www.qupu123.com/minge/wuzi/p335537.html	https://www.qupu123.com/minge/wuzi/p335537.html	我的张家界 _民歌曲谱_中国曲谱网	我的张家界
qupu123-381985	qupu123	ok(曲名命中)	200		https://www.qupu123.com/tongsu/qizi/p381985.html	https://www.qupu123.com/tongsu/qizi/p381985.html	我的心里没有他 （混声合唱）_岳亮柳个人制谱园地_中国曲谱网	我的心里没有他
jianpucn-249101	jianpucn	ok(曲名命中)	200		http://www.jianpu.cn/pu/24/249101.htm	http://www.jianpu.cn/pu/24/249101.htm	我的母亲（莱达布尔吉词 色斯仁其木曲） 降央卓玛 歌谱简谱网	我的母亲
jianpucn-115109	jianpucn	ok(曲名命中)	200		http://www.jianpu.cn/pu/11/115109.htm	http://www.jianpu.cn/pu/11/115109.htm	我的爱 歌曲类 简谱 歌谱简谱网	我的爱 歌曲类
qupu123-376392	qupu123	ok(曲名命中)	200		https://www.qupu123.com/jipu/p376392.html	https://www.qupu123.com/jipu/p376392.html	我的快乐就是想你 _岭南印象个人制谱园地_中国曲谱网	我的快乐就是想你
qupu123-369987	qupu123	ok(曲名命中)	200		https://www.qupu123.com/minge/bazi/p369987.html	https://www.qupu123.com/minge/bazi/p369987.html	我的故乡巴彦淖尔 _天恩1950个人制谱园地_中国曲谱网	我的故乡巴彦淖尔
jianpucn-468924	jianpucn	ok(曲名命中)	200		http://www.jianpu.cn/pu/46/468924.htm	http://www.jianpu.cn/pu/46/468924.htm	我的爱人你可听见歌剧《长征》咏叹调 阎维文 歌谱简谱网	我的爱人你可听见歌剧《长征》咏叹调
jianpucn-32970	jianpucn	ok(曲名命中)	200		http://www.jianpu.cn/pu/32/32970.htm	http://www.jianpu.cn/pu/32/32970.htm	我的爱永远年轻 歌谱简谱网	我的爱永远年轻
qupu123-286062	qupu123	ok(曲名命中)	200		https://www.qupu123.com/jipu/p286062.html	https://www.qupu123.com/jipu/p286062.html	我的未来不是梦 _岭南印象个人制谱园地_中国曲谱网	我的未来不是梦
qupu123-328559	qupu123	ok(曲名命中)	200		https://www.qupu123.com/shaoer/wuzi/p328559.html	https://www.qupu123.com/shaoer/wuzi/p328559.html	我的橘子船 _少儿曲谱_中国曲谱网	我的橘子船
jianpucn-153696	jianpucn	ok(曲名命中)	200		http://www.jianpu.cn/pu/15/153696.htm	http://www.jianpu.cn/pu/15/153696.htm	我的爱象天上的白云（蒋大为独唱系列71） 歌谱简谱网	我的爱象天上的白云
qupu123-334007	qupu123	ok(曲名命中)	200		https://www.qupu123.com/tongsu/bazi/p334007.html	https://www.qupu123.com/tongsu/bazi/p334007.html	我的泪落进夜的黑 _通俗曲谱_中国曲谱网	我的泪落进夜的黑
jianpucn-53375	jianpucn	ok(曲名命中)	200		http://www.jianpu.cn/pu/53/53375.htm	http://www.jianpu.cn/pu/53/53375.htm	我的爸和妈 歌谱简谱网	我的爸和妈
jianpucn-473129	jianpucn	ok(曲名命中)	200		http://www.jianpu.cn/pu/47/473129.htm	http://www.jianpu.cn/pu/47/473129.htm	我的祁连山 王宏伟 歌谱简谱网	我的祁连山
qupu123-380189	qupu123	ok(曲名命中)	200		https://www.qupu123.com/puyou/shangchuan/p380189.html	https://www.qupu123.com/puyou/shangchuan/p380189.html	我的歌声里 _谱友园地_中国曲谱网	我的歌声里
jianpucn-294385	jianpucn	ok(曲名命中)	200		http://www.jianpu.cn/pu/29/294385.htm	http://www.jianpu.cn/pu/29/294385.htm	我的祖国很美 张也 歌谱简谱网	我的祖国很美
qupu123-335341	qupu123	ok(曲名命中)	200		https://www.qupu123.com/minge/qizi/p335341.html	https://www.qupu123.com/minge/qizi/p335341.html	我的海湾我的家 _民歌曲谱_中国曲谱网	我的海湾我的家
jianpucn-475865	jianpucn	ok(曲名命中)	200		http://www.jianpu.cn/pu/47/475865.htm	http://www.jianpu.cn/pu/47/475865.htm	我的老师 蔡献华 歌谱简谱网	我的老师
qupu123-370394	qupu123	ok(曲名命中)	200		https://www.qupu123.com/tongsu/bazi/p370394.html	https://www.qupu123.com/tongsu/bazi/p370394.html	我的深情为你守候 （王佳佳）_心之歌个人制谱园地_中国曲谱网	我的深情为你守候
qupu123-333031	qupu123	ok(曲名命中)	200		https://www.qupu123.com/minge/sizi/p333031.html	https://www.qupu123.com/minge/sizi/p333031.html	我的漓江 （刘续红词 刘安华曲）_民歌曲谱_中国曲谱网	我的漓江
jianpujia-349651	jianpujia	ok(曲名命中)	200		https://www.jianpujia.com/jianpu/349651.html	https://www.jianpujia.com/jianpu/349651.html	我的草原我的缘草原歌曲100首简谱-免费下载-简谱之家	我的草原我的缘草原歌曲100首
jianpucn-40268	jianpucn	ok(曲名命中)	200		http://www.jianpu.cn/pu/40/40268.htm	http://www.jianpu.cn/pu/40/40268.htm	我的衣食父母 歌谱简谱网	我的衣食父母
qupu123-396408	qupu123	ok(曲名命中)	200		https://www.qupu123.com/puyou/shangchuan/p396408.html	https://www.qupu123.com/puyou/shangchuan/p396408.html	我的爱你再也不配 _谱天下个人制谱园地_中国曲谱网	我的爱你再也不配
jianpujia-309930	jianpujia	ok(曲名命中)	200		https://www.jianpujia.com/jianpu/309930.html	https://www.jianpujia.com/jianpu/309930.html	我的草原梦我的草原魂简谱-免费下载-简谱之家	我的草原梦我的草原魂
qupu123-373259	qupu123	ok(曲名命中)	200		https://www.qupu123.com/jipu/p373259.html	https://www.qupu123.com/jipu/p373259.html	我的祖国 _普通一兵个人制谱园地_中国曲谱网	我的祖国
qupu123-333157	qupu123	ok(曲名命中)	200		https://www.qupu123.com/minge/qizi/p333157.html	https://www.qupu123.com/minge/qizi/p333157.html	我的生命属于你 （林红词 罗亦欢曲）_民歌曲谱_中国曲谱网	我的生命属于你
qupu123-333795	qupu123	ok(曲名命中)	200		https://www.qupu123.com/shaoer/qizi/p333795.html	https://www.qupu123.com/shaoer/qizi/p333795.html	我的祖籍中国强 _少儿曲谱_中国曲谱网	我的祖籍中国强
qupu123-331674	qupu123	ok(曲名命中)	200		https://www.qupu123.com/shaoer/sizi/p331674.html	https://www.qupu123.com/shaoer/sizi/p331674.html	我的童年 （余莠词 陈雄曲）_少儿曲谱_中国曲谱网	我的童年
jianpucn-134362	jianpucn	ok(曲名命中)	200		http://www.jianpu.cn/pu/13/134362.htm	http://www.jianpu.cn/pu/13/134362.htm	我相信你呀，伟大的党（蒋大为独唱系列43） 歌谱简谱网	我相信你呀，伟大的党
qupu123-319814	qupu123	ok(曲名命中)	200		https://www.qupu123.com/shaoer/sizi/p319814.html	https://www.qupu123.com/shaoer/sizi/p319814.html	我的童话 （梁和平词 刘磬声曲）_少儿曲谱_中国曲谱网	我的童话
jianpucn-214318	jianpucn	ok(曲名命中)	200		http://www.jianpu.cn/pu/21/214318.htm	http://www.jianpu.cn/pu/21/214318.htm	我真的受伤了 Ver4 歌谱简谱网	我真的受伤了 Ver4
qupu123-336173	qupu123	ok(曲名命中)	200		https://www.qupu123.com/minge/sizi/p336173.html	https://www.qupu123.com/minge/sizi/p336173.html	我的襄阳 _民歌曲谱_中国曲谱网	我的襄阳
qupu123-371080	qupu123	ok(曲名命中)	200		https://www.qupu123.com/tongsu/liuzi/p371080.html	https://www.qupu123.com/tongsu/liuzi/p371080.html	我的老爸老妈 _通俗曲谱_中国曲谱网	我的老爸老妈
jianpucn-416867	jianpucn	ok(曲名命中)	200		http://www.jianpu.cn/pu/41/416867.htm	http://www.jianpu.cn/pu/41/416867.htm	我的身边有个你 邓丽君 歌谱简谱网	我的身边有个你
jianpucn-166837	jianpucn	ok(曲名命中)	200		http://www.jianpu.cn/pu/16/166837.htm	http://www.jianpu.cn/pu/16/166837.htm	我知道你也很难过 歌谱简谱网	我知道你也很难过
jianpucn-60482	jianpucn	ok(曲名命中)	200		http://www.jianpu.cn/pu/60/60482.htm	http://www.jianpu.cn/pu/60/60482.htm	我知道你很难过 歌谱简谱网	我知道你很难过
qupu123-48515	qupu123	ok(曲名命中)	200		https://www.qupu123.com/meisheng/qizi/p48515.html	https://www.qupu123.com/meisheng/qizi/p48515.html	我的骄傲就是你简谱_美声曲谱_中国曲谱网	我的骄傲就是你
qupu123-286540	qupu123	ok(曲名命中)	200		https://www.qupu123.com/minge/bazi/p286540.html	https://www.qupu123.com/minge/bazi/p286540.html	我的骄傲 我的爱恋 _民歌曲谱_中国曲谱网	我的骄傲 我的爱恋
jianpucn-60118	jianpucn	ok(曲名命中)	200		http://www.jianpu.cn/pu/60/60118.htm	http://www.jianpu.cn/pu/60/60118.htm	我祈祷 歌谱简谱网	我祈祷
jianpucn-59388	jianpucn	ok(曲名命中)	200		http://www.jianpu.cn/pu/59/59388.htm	http://www.jianpu.cn/pu/59/59388.htm	我站在全世界的屋顶 歌谱简谱网	我站在全世界的屋顶
qupu123-333257	qupu123	ok(曲名命中)	200		https://www.qupu123.com/minge/wuzi/p333257.html	https://www.qupu123.com/minge/wuzi/p333257.html	我的高原梦 _民歌曲谱_中国曲谱网	我的高原梦
jianpucn-42586	jianpucn	ok(曲名命中)	200		http://www.jianpu.cn/pu/42/42586.htm	http://www.jianpu.cn/pu/42/42586.htm	我等到花儿也谢了（粤语） 歌谱简谱网	我等到花儿也谢了
jianpucn-121272	jianpucn	ok(曲名命中)	200		http://www.jianpu.cn/pu/12/121272.htm	http://www.jianpu.cn/pu/12/121272.htm	我等到花儿都谢了 歌谱简谱网	我等到花儿都谢了
qupu123-382836	qupu123	ok(曲名命中)	200		https://www.qupu123.com/tongsu/liuzi/p382836.html	https://www.qupu123.com/tongsu/liuzi/p382836.html	我真的受伤了 _通俗曲谱_中国曲谱网	我真的受伤了
jianpujia-384854	jianpujia	ok(曲名命中)	200		https://www.jianpujia.com/jianpu/384854.html	https://www.jianpujia.com/jianpu/384854.html	我落泪情绪零碎钢琴简谱_周杰伦演唱-免费下载-简谱之家	我落泪情绪零碎
qupu123-334420	qupu123	ok(曲名命中)	200		https://www.qupu123.com/minge/sanzi/p334420.html	https://www.qupu123.com/minge/sanzi/p334420.html	我看见 （林春莉词 胡云曲）_民歌曲谱_中国曲谱网	我看见
jianpucn-120851	jianpucn	ok(曲名命中)	200		http://www.jianpu.cn/pu/12/120851.htm	http://www.jianpu.cn/pu/12/120851.htm	我要为你歌唱 歌谱简谱网	我要为你歌唱
jianpucn-153590	jianpucn	ok(曲名命中)	200		http://www.jianpu.cn/pu/15/153590.htm	http://www.jianpu.cn/pu/15/153590.htm	我要你忘了我 歌谱简谱网	我要你忘了我
qupu123-331252	qupu123	ok(曲名命中)	200		https://www.qupu123.com/tongsu/sanzi/p331252.html	https://www.qupu123.com/tongsu/sanzi/p331252.html	我知道 （丁杰词 肖矿曲）_通俗曲谱_中国曲谱网	我知道
jianpucn-434010	jianpucn	ok(曲名命中)	200		http://www.jianpu.cn/pu/43/434010.htm	http://www.jianpu.cn/pu/43/434010.htm	我要咖啡 邓丽君 歌谱简谱网	我要咖啡
qupu123-324751	qupu123	ok(曲名命中)	200		https://www.qupu123.com/shaoer/liuzi/p324751.html	https://www.qupu123.com/shaoer/liuzi/p324751.html	我种的那棵树 _少儿曲谱_中国曲谱网	我种的那棵树
jianpucn-47356	jianpucn	ok(曲名命中)	200		http://www.jianpu.cn/pu/47/47356.htm	http://www.jianpu.cn/pu/47/47356.htm	我要回到家乡去 歌谱简谱网	我要回到家乡去
qupu123-331688	qupu123	ok(曲名命中)	200		https://www.qupu123.com/shaoer/qizi/p331688.html	https://www.qupu123.com/shaoer/qizi/p331688.html	我给家乡画幅画 _少儿曲谱_中国曲谱网	我给家乡画幅画
jianpucn-115004	jianpucn	ok(曲名命中)	200		http://www.jianpu.cn/pu/11/115004.htm	http://www.jianpu.cn/pu/11/115004.htm	我要的幸福 歌曲类 简谱 歌谱简谱网	我要的幸福 歌曲类
qupu123-332732	qupu123	ok(曲名命中)	200		https://www.qupu123.com/hechang/jiuziyishang/p332732.html	https://www.qupu123.com/hechang/jiuziyishang/p332732.html	我给祖国唱支最美的歌 _合唱曲谱_中国曲谱网	我给祖国唱支最美的歌
jianpucn-148855	jianpucn	ok(曲名命中)	200		http://www.jianpu.cn/pu/14/148855.htm	http://www.jianpu.cn/pu/14/148855.htm	我要睡在草原的身旁 歌谱简谱网	我要睡在草原的身旁
jianpucn-114000	jianpucn	ok(曲名命中)	200		http://www.jianpu.cn/pu/11/114000.htm	http://www.jianpu.cn/pu/11/114000.htm	我要飞 歌曲类 简谱 歌谱简谱网	我要飞
jianpucn-115011	jianpucn	ok(曲名命中)	200		http://www.jianpu.cn/pu/11/115011.htm	http://www.jianpu.cn/pu/11/115011.htm	我试着假装 歌曲类 简谱 歌谱简谱网	我试着假装 歌曲类
qupu123-335716	qupu123	ok(曲名命中)	200		https://www.qupu123.com/tongsu/liuzi/p335716.html	https://www.qupu123.com/tongsu/liuzi/p335716.html	我跟你去流浪 （又名：没有车 没有房）_通俗曲谱_中国曲谱网	我跟你去流浪
jianpucn-115017	jianpucn	ok(曲名命中)	200		http://www.jianpu.cn/pu/11/115017.htm	http://www.jianpu.cn/pu/11/115017.htm	我该用什么样的心来对你 歌曲类 简谱 歌谱简谱网	我该用什么样的心来对你 歌曲类
jianpujia-15311	jianpujia	ok(曲名命中)	200		https://www.jianpujia.com/jianpu/15311.html	https://www.jianpujia.com/jianpu/15311.html	戒烟简谱_李荣浩_唱出现代人的难忍之“瘾”-免费下载-简谱之家	戒烟
jianpucn-119323	jianpucn	ok(曲名命中)	200		http://www.jianpu.cn/pu/11/119323.htm	http://www.jianpu.cn/pu/11/119323.htm	我送报刊走得忙 歌谱简谱网	我送报刊走得忙
qupu123-370200	qupu123	ok(曲名命中)	200		https://www.qupu123.com/tongsu/qizi/p370200.html	https://www.qupu123.com/tongsu/qizi/p370200.html	我还是忘不了你 （DJ默涵版）_天恩1950个人制谱园地_中国曲谱网	我还是忘不了你
jianpucn-205461	jianpucn	ok(曲名命中)	200		http://www.jianpu.cn/pu/20/205461.htm	http://www.jianpu.cn/pu/20/205461.htm	我送报刊走的忙 歌谱简谱网	我送报刊走的忙
qupu123-315664	qupu123	打不开:URLError	0		https://www.qupu123.com/meisheng/bazi/p315664.html	https://www.qupu123.com/meisheng/bazi/p315664.html		我的深情为你守候
jianpucn-154333	jianpucn	ok(曲名命中)	200		http://www.jianpu.cn/pu/15/154333.htm	http://www.jianpu.cn/pu/15/154333.htm	我问白云-邓丽君 歌谱简谱网	我问白云-邓丽君
jianpucn-424441	jianpucn	ok(曲名命中)	200		http://www.jianpu.cn/pu/42/424441.htm	http://www.jianpu.cn/pu/42/424441.htm	戒烟（拇指琴卡林巴琴弹唱谱） 李荣浩 歌谱简谱网	戒烟
qupu123-335976	qupu123	ok(曲名命中)	200		https://www.qupu123.com/shaoer/qizi/p335976.html	https://www.qupu123.com/shaoer/qizi/p335976.html	我跟爷爷学书法 _少儿曲谱_中国曲谱网	我跟爷爷学书法
jianpucn-475834	jianpucn	ok(曲名命中)	200		http://www.jianpu.cn/pu/47/475834.htm	http://www.jianpu.cn/pu/47/475834.htm	战位有我在 歌谱简谱网	战位有我在
qupu123-304889	qupu123	ok(曲名命中)	200		https://www.qupu123.com/meisheng/jiuziyishang/p304889.html	https://www.qupu123.com/meisheng/jiuziyishang/p304889.html	我随着小溪信步走去 _美声曲谱_中国曲谱网	我随着小溪信步走去
jianpucn-146510	jianpucn	ok(曲名命中)	200		http://www.jianpu.cn/pu/14/146510.htm	http://www.jianpu.cn/pu/14/146510.htm	战友啊！请到边卡来安家（蒋大为独唱系列52） 歌谱简谱网	战友啊！请到边卡来安家
qupu123-334546	qupu123	打不开:URLError	0		https://www.qupu123.com/tongsu/sizi/p334546.html	https://www.qupu123.com/tongsu/sizi/p334546.html		我的爱恋
jianpucn-462980	jianpucn	ok(曲名命中)	200		http://www.jianpu.cn/pu/46/462980.htm	http://www.jianpu.cn/pu/46/462980.htm	战友 等着你的消息 阎维文 歌谱简谱网	战友 等着你的消息
jianpucn-134114	jianpucn	ok(曲名命中)	200		http://www.jianpu.cn/pu/13/134114.htm	http://www.jianpu.cn/pu/13/134114.htm	战友啊，请你干一杯（蒋大为独唱系列41） 歌谱简谱网	战友啊，请你干一杯
qupu123-329285	qupu123	ok(曲名命中)	200		https://www.qupu123.com/hechang/sizi/p329285.html	https://www.qupu123.com/hechang/sizi/p329285.html	战士哀歌 （故事影片《青年进行曲》插曲）_合唱曲谱_中国曲谱网	战士哀歌
qupu123-370473	qupu123	打不开:URLError	0		https://www.qupu123.com/hechang/bazi/p370473.html	https://www.qupu123.com/hechang/bazi/p370473.html		我的祖国越变越美
jianpucn-33624	jianpucn	ok(曲名命中)	200		http://www.jianpu.cn/pu/33/33624.htm	http://www.jianpu.cn/pu/33/33624.htm	战士与梅花 歌谱简谱网	战士与梅花
qupu123-333700	qupu123	ok(曲名命中)	200		https://www.qupu123.com/minge/qizi/p333700.html	https://www.qupu123.com/minge/qizi/p333700.html	战士唱首西沙谣 _民歌曲谱_中国曲谱网	战士唱首西沙谣
jianpucn-32933	jianpucn	ok(曲名命中)	200		http://www.jianpu.cn/pu/32/32933.htm	http://www.jianpu.cn/pu/32/32933.htm	战士放歌走高原 歌谱简谱网	战士放歌走高原
qupu123-333253	qupu123	ok(曲名命中)	200		https://www.qupu123.com/minge/wuzi/p333253.html	https://www.qupu123.com/minge/wuzi/p333253.html	战士的思念 （郑浩词 刘剑锋曲）_民歌曲谱_中国曲谱网	战士的思念
jianpucn-29489	jianpucn	ok(曲名命中)	200		http://www.jianpu.cn/pu/29/29489.htm	http://www.jianpu.cn/pu/29/29489.htm	战士的爱 歌谱简谱网	战士的爱
qupu123-334084	qupu123	ok(曲名命中)	200		https://www.qupu123.com/tongsu/wuzi/p334084.html	https://www.qupu123.com/tongsu/wuzi/p334084.html	手心里的爱 （黄小名词 廖建芳曲）_通俗曲谱_中国曲谱网	手心里的爱
jianpucn-273359	jianpucn	ok(曲名命中)	200		http://www.jianpu.cn/pu/27/273359.htm	http://www.jianpu.cn/pu/27/273359.htm	《开国元勋朱德》片尾曲《扁担歌》 韩磊 歌谱简谱网	扁担歌
jianpucn-119945	jianpucn	ok(曲名命中)	200		http://www.jianpu.cn/pu/11/119945.htm	http://www.jianpu.cn/pu/11/119945.htm	手挽手,心连心 歌谱简谱网	手挽手,心连心
qupu123-326252	qupu123	ok(曲名命中)	200		https://www.qupu123.com/shaoer/sanzi/p326252.html	https://www.qupu123.com/shaoer/sanzi/p326252.html	手指歌 （李亚娟词 许德清曲）_少儿曲谱_中国曲谱网	手指歌
qupu123-332670	qupu123	ok(曲名命中)	200		https://www.qupu123.com/tongsu/erziyixia/p332670.html	https://www.qupu123.com/tongsu/erziyixia/p332670.html	扑蝶 （黄霑词 顾嘉辉曲）_通俗曲谱_中国曲谱网	扑蝶
jianpucn-89046	jianpucn	ok(曲名命中)	200		http://www.jianpu.cn/pu/89/89046.htm	http://www.jianpu.cn/pu/89/89046.htm	手挽手 歌谱简谱网	手挽手
qupu123-333900	qupu123	ok(曲名命中)	200		https://www.qupu123.com/tongsu/bazi/p333900.html	https://www.qupu123.com/tongsu/bazi/p333900.html	打仗时再喊我回来 _通俗曲谱_中国曲谱网	打仗时再喊我回来
jianpucn-63187	jianpucn	ok(曲名命中)	200		http://www.jianpu.cn/pu/63/63187.htm	http://www.jianpu.cn/pu/63/63187.htm	手机留言 歌谱简谱网	手机留言
qupu123-336038	qupu123	ok(曲名命中)	200		https://www.qupu123.com/minge/sizi/p336038.html	https://www.qupu123.com/minge/sizi/p336038.html	打哦号子 _民歌曲谱_中国曲谱网	打哦号子
jianpucn-147719	jianpucn	ok(曲名命中)	200		http://www.jianpu.cn/pu/14/147719.htm	http://www.jianpu.cn/pu/14/147719.htm	打了一把钥匙给你 歌谱简谱网	打了一把钥匙给你
qupu123-333293	qupu123	打不开:URLError	0		https://www.qupu123.com/minge/wuzi/p333293.html	https://www.qupu123.com/minge/wuzi/p333293.html		我的青春照
jianpujia-42563	jianpujia	ok(曲名命中)	200		https://www.jianpujia.com/jianpu/42563.html	https://www.jianpujia.com/jianpu/42563.html	打电话简谱_儿歌演唱-免费下载-简谱之家	打电话
qupu123-329250	qupu123	ok(曲名命中)	200		https://www.qupu123.com/hechang/wuzi/p329250.html	https://www.qupu123.com/hechang/wuzi/p329250.html	打回东北去 （故事影片《联华交响曲》插曲）_合唱曲谱_中国曲谱网	打回东北去
jianpucn-474978	jianpucn	ok(曲名命中)	200		http://www.jianpu.cn/pu/47/474978.htm	http://www.jianpu.cn/pu/47/474978.htm	打起手鼓唱起歌（混声合唱） 歌谱简谱网	打起手鼓唱起歌
qupu123-331960	qupu123	ok(曲名命中)	200		https://www.qupu123.com/tongsu/qizi/p331960.html	https://www.qupu123.com/tongsu/qizi/p331960.html	打工日子好心酸 _通俗曲谱_中国曲谱网	打工日子好心酸
qupu123-336116	qupu123	ok(曲名命中)	200		https://www.qupu123.com/minge/sanzi/p336116.html	https://www.qupu123.com/minge/sanzi/p336116.html	打戒指 _民歌曲谱_中国曲谱网	打戒指
jianpujia-313397	jianpujia	ok(曲名命中)	200		https://www.jianpujia.com/jianpu/313397.html	https://www.jianpujia.com/jianpu/313397.html	打酸枣晋北民歌简谱_邓玉华演唱_晋北民歌词曲-免费下载-简谱之家	打酸枣晋北民歌
jianpucn-294439	jianpucn	ok(曲名命中)	200		http://www.jianpu.cn/pu/29/294439.htm	http://www.jianpu.cn/pu/29/294439.htm	托起彩虹 阎维文 歌谱简谱网	托起彩虹
qupu123-336110	qupu123	ok(曲名命中)	200		https://www.qupu123.com/minge/sanzi/p336110.html	https://www.qupu123.com/minge/sanzi/p336110.html	打扮歌 （2首）_民歌曲谱_中国曲谱网	打扮歌
qupu123-335780	qupu123	ok(曲名命中)	200		https://www.qupu123.com/jipu/p335780.html	https://www.qupu123.com/jipu/p335780.html	打樱桃1 （张新政制谱版一）_张xz个人制谱园地_中国曲谱网	打樱桃1
qupu123-335781	qupu123	ok(曲名命中)	200		https://www.qupu123.com/jipu/p335781.html	https://www.qupu123.com/jipu/p335781.html	打樱桃2 （张新政制谱版二）_张xz个人制谱园地_中国曲谱网	打樱桃2
qupu123-335782	qupu123	ok(曲名命中)	200		https://www.qupu123.com/jipu/p335782.html	https://www.qupu123.com/jipu/p335782.html	打樱桃3 （张新政制谱版三）_张xz个人制谱园地_中国曲谱网	打樱桃3
jianpujia-152519	jianpujia	ok(曲名命中)	200		https://www.jianpujia.com/jianpu/152519.html	https://www.jianpujia.com/jianpu/152519.html	执着简谱_许巍歌曲-免费下载-简谱之家	执着
jianpucn-26975	jianpucn	ok(曲名命中)	200		http://www.jianpu.cn/pu/26/26975.htm	http://www.jianpu.cn/pu/26/26975.htm	扫大街的老大妈【杜得民原创歌曲之18】 歌谱简谱网	扫大街的老大妈【杜得民原创歌曲之18】
qupu123-331498	qupu123	ok(曲名命中)	200		https://www.qupu123.com/shaoer/sanzi/p331498.html	https://www.qupu123.com/shaoer/sanzi/p331498.html	打秋千 （云南大姚县彝族民歌）_少儿曲谱_中国曲谱网	打秋千
qupu123-336035	qupu123	ok(曲名命中)	200		https://www.qupu123.com/minge/sizi/p336035.html	https://www.qupu123.com/minge/sizi/p336035.html	打肩号子 _民歌曲谱_中国曲谱网	打肩号子
qupu123-335943	qupu123	ok(曲名命中)	200		https://www.qupu123.com/minge/sanzi/p335943.html	https://www.qupu123.com/minge/sanzi/p335943.html	打连城 （二人台传统曲目）_张xz个人制谱园地_中国曲谱网	打连城
qupu123-334103	qupu123	ok(曲名命中)	200		https://www.qupu123.com/minge/wuzi/p334103.html	https://www.qupu123.com/minge/wuzi/p334103.html	打马走草原 _民歌曲谱_中国曲谱网	打马走草原
jianpucn-414894	jianpucn	ok(曲名命中)	200		http://www.jianpu.cn/pu/41/414894.htm	http://www.jianpu.cn/pu/41/414894.htm	扭的节日 宋祖英 歌谱简谱网	扭的节日
qupu123-329135	qupu123	ok(曲名命中)	200		https://www.qupu123.com/hechang/sizi/p329135.html	https://www.qupu123.com/hechang/sizi/p329135.html	打麦号子 （《槐树庄》选曲）_合唱曲谱_中国曲谱网	打麦号子
jianpucn-472550	jianpucn	ok(曲名命中)	200		http://www.jianpu.cn/pu/47/472550.htm	http://www.jianpu.cn/pu/47/472550.htm	扯开嗓子一声喊 王宏伟 歌谱简谱网	扯开嗓子一声喊
qupu123-333108	qupu123	ok(曲名命中)	200		https://www.qupu123.com/tongsu/qizi/p333108.html	https://www.qupu123.com/tongsu/qizi/p333108.html	打黑除恶摆战场 _通俗曲谱_中国曲谱网	打黑除恶摆战场
jianpucn-153741	jianpucn	ok(曲名命中)	200		http://www.jianpu.cn/pu/15/153741.htm	http://www.jianpu.cn/pu/15/153741.htm	扯片树叶吹口弦（蒋大为独唱系列72） 歌谱简谱网	扯片树叶吹口弦
qupu123-331415	qupu123	ok(曲名命中)	200		https://www.qupu123.com/hechang/bazi/p331415.html	https://www.qupu123.com/hechang/bazi/p331415.html	托起梦中的太阳· （艺术片《三峡梦》学区）_合唱曲谱_中国曲谱网	托起梦中的太阳
jianpucn-132879	jianpucn	ok(曲名命中)	200		http://www.jianpu.cn/pu/13/132879.htm	http://www.jianpu.cn/pu/13/132879.htm	找个人来爱我 歌谱简谱网	找个人来爱我
qupu123-335755	qupu123	ok(曲名命中)	200		https://www.qupu123.com/minge/wuzi/p335755.html	https://www.qupu123.com/minge/wuzi/p335755.html	扛过革命枪 _民歌曲谱_中国曲谱网	扛过革命枪
jianpucn-159584	jianpucn	ok(曲名命中)	200		http://www.jianpu.cn/pu/15/159584.htm	http://www.jianpu.cn/pu/15/159584.htm	承德、承德 歌谱简谱网	承德
qupu123-279788	qupu123	ok(曲名命中)	200		https://www.qupu123.com/tongsu/qizi/p279788.html	https://www.qupu123.com/tongsu/qizi/p279788.html	执子之手到永远 _通俗曲谱_中国曲谱网	执子之手到永远
jianpucn-39162	jianpucn	ok(曲名命中)	200		http://www.jianpu.cn/pu/39/39162.htm	http://www.jianpu.cn/pu/39/39162.htm	把一切献给党 歌谱简谱网	把一切献给党
qupu123-267417	qupu123	ok(曲名命中)	200		https://www.qupu123.com/yuanchuang/p267417.html	https://www.qupu123.com/yuanchuang/p267417.html	执子之手 （孙国良词 黄永杰曲）_孙国良s88原创曲谱专栏_中国曲谱网	执子之手
jianpucn-51382	jianpucn	ok(曲名命中)	200		http://www.jianpu.cn/pu/51/51382.htm	http://www.jianpu.cn/pu/51/51382.htm	把他换作你 歌谱简谱网	把他换作你
qupu123-335201	qupu123	ok(曲名命中)	200		https://www.qupu123.com/tongsu/liuzi/p335201.html	https://www.qupu123.com/tongsu/liuzi/p335201.html	扫黑除恶之歌 _通俗曲谱_中国曲谱网	扫黑除恶之歌
jianpucn-64612	jianpucn	ok(曲名命中)	200		http://www.jianpu.cn/pu/64/64612.htm	http://www.jianpu.cn/pu/64/64612.htm	把你宠坏 歌曲类 简谱 歌谱简谱网	把你宠坏 歌曲类
qupu123-334386	qupu123	ok(曲名命中)	200		https://www.qupu123.com/tongsu/qizi/p334386.html	https://www.qupu123.com/tongsu/qizi/p334386.html	扫黑除恶得民心 _通俗曲谱_中国曲谱网	扫黑除恶得民心
jianpucn-475702	jianpucn	ok(曲名命中)	200		http://www.jianpu.cn/pu/47/475702.htm	http://www.jianpu.cn/pu/47/475702.htm	把幸福托起 歌谱简谱网	把幸福托起
qupu123-333036	qupu123	ok(曲名命中)	200		https://www.qupu123.com/minge/wuzi/p333036.html	https://www.qupu123.com/minge/wuzi/p333036.html	扬帆新航程 （路玉刚 丁恩昌词 张国良 张艺曲）_民歌曲谱_中国曲谱网	扬帆新航程
qupu123-371032	qupu123	ok(曲名命中)	200		https://www.qupu123.com/shaoer/sizi/p371032.html	https://www.qupu123.com/shaoer/sizi/p371032.html	扬帆起航 _少儿曲谱_中国曲谱网	扬帆起航
qupu123-322219	qupu123	ok(曲名命中)	200		https://www.qupu123.com/shaoer/qizi/p322219.html	https://www.qupu123.com/shaoer/qizi/p322219.html	扬起希望的风帆 _少儿曲谱_中国曲谱网	扬起希望的风帆
jianpucn-221268	jianpucn	ok(曲名命中)	200		http://www.jianpu.cn/pu/22/221268.htm	http://www.jianpu.cn/pu/22/221268.htm	把春天留在心中 歌谱简谱网	把春天留在心中
qupu123-334480	qupu123	ok(曲名命中)	200		https://www.qupu123.com/minge/qizi/p334480.html	https://www.qupu123.com/minge/qizi/p334480.html	扶贫国策春意浓 _民歌曲谱_中国曲谱网	扶贫国策春意浓
qupu123-328408	qupu123	ok(曲名命中)	200		https://www.qupu123.com/shaoer/sanzi/p328408.html	https://www.qupu123.com/shaoer/sanzi/p328408.html	找宝宝 _少儿曲谱_中国曲谱网	找宝宝
jianpucn-149258	jianpucn	ok(曲名命中)	200		http://www.jianpu.cn/pu/14/149258.htm	http://www.jianpu.cn/pu/14/149258.htm	把爱埋藏在心窝 歌谱简谱网	把爱埋藏在心窝
qupu123-370113	qupu123	ok(曲名命中)	200		https://www.qupu123.com/minge/qizi/p370113.html	https://www.qupu123.com/minge/qizi/p370113.html	承蒙相公来动问 _黄叶知秋个人制谱园地_中国曲谱网	承蒙相公来动问
jianpujia-217566	jianpujia	ok(曲名命中)	200		https://www.jianpujia.com/jianpu/217566.html	https://www.jianpujia.com/jianpu/217566.html	把爱留在草原高佳词车若娟曲_把爱留在草原高佳词_车若娟曲简谱-免费下载-简谱之家	把爱留在草原高佳词车若娟曲
qupu123-312119	qupu123	ok(曲名命中)	200		https://www.qupu123.com/minge/wuzi/p312119.html	https://www.qupu123.com/minge/wuzi/p312119.html	把命运征服 _民歌曲谱_中国曲谱网	把命运征服
jianpucn-89829	jianpucn	ok(曲名命中)	200		http://www.jianpu.cn/pu/89/89829.htm	http://www.jianpu.cn/pu/89/89829.htm	把窗儿打开 歌谱简谱网	把窗儿打开
qupu123-380861	qupu123	ok(曲名命中)	200		https://www.qupu123.com/tongsu/jiuziyishang/p380861.html	https://www.qupu123.com/tongsu/jiuziyishang/p380861.html	把幸福和快乐存储在心里 _峰峰矿区峭峰原创曲谱专栏_中国曲谱网	把幸福和快乐存储在心里
qupu123-331041	qupu123	ok(曲名命中)	200		https://www.qupu123.com/hechang/liuzi/p331041.html	https://www.qupu123.com/hechang/liuzi/p331041.html	把幸福带回家 _合唱曲谱_中国曲谱网	把幸福带回家
qupu123-396129	qupu123	ok(曲名命中)	200		https://www.qupu123.com/puyou/shangchuan/p396129.html	https://www.qupu123.com/puyou/shangchuan/p396129.html	把悲伤留给自己 _先启个人制谱园地_中国曲谱网	把悲伤留给自己
qupu123-335301	qupu123	ok(曲名命中)	200		https://www.qupu123.com/tongsu/jiuziyishang/p335301.html	https://www.qupu123.com/tongsu/jiuziyishang/p335301.html	把你爱到我的心里面 _通俗曲谱_中国曲谱网	把你爱到我的心里面
qupu123-332406	qupu123	ok(曲名命中)	200		https://www.qupu123.com/tongsu/sizi/p332406.html	https://www.qupu123.com/tongsu/sizi/p332406.html	把你挽留 _通俗曲谱_中国曲谱网	把你挽留
jianpucn-39729	jianpucn	ok(曲名命中)	200		http://www.jianpu.cn/pu/39/39729.htm	http://www.jianpu.cn/pu/39/39729.htm	报告祖国 歌谱简谱网	报告祖国
qupu123-332407	qupu123	ok(曲名命中)	200		https://www.qupu123.com/tongsu/jiuziyishang/p332407.html	https://www.qupu123.com/tongsu/jiuziyishang/p332407.html	把我的思念寄给秋天 _通俗曲谱_中国曲谱网	把我的思念寄给秋天
jianpucn-133821	jianpucn	ok(曲名命中)	200		http://www.jianpu.cn/pu/13/133821.htm	http://www.jianpu.cn/pu/13/133821.htm	报告祖国1 歌谱简谱网	报告祖国1
qupu123-297706	qupu123	ok(曲名命中)	200		https://www.qupu123.com/tongsu/jiuziyishang/p297706.html	https://www.qupu123.com/tongsu/jiuziyishang/p297706.html	把我的浪漫绣进你的迷彩 _通俗曲谱_中国曲谱网	把我的浪漫绣进你的迷彩
qupu123-332342	qupu123	ok(曲名命中)	200		https://www.qupu123.com/shaoer/jiuziyishang/p332342.html	https://www.qupu123.com/shaoer/jiuziyishang/p332342.html	把梦想种成美妙诗篇 _少儿曲谱_中国曲谱网	把梦想种成美妙诗篇
jianpucn-126219	jianpucn	ok(曲名命中)	200		http://www.jianpu.cn/pu/12/126219.htm	http://www.jianpu.cn/pu/12/126219.htm	报效国家歌（宋祖英） 歌谱简谱网	报效国家歌
jianpucn-119452	jianpucn	ok(曲名命中)	200		http://www.jianpu.cn/pu/11/119452.htm	http://www.jianpu.cn/pu/11/119452.htm	报答一生 歌谱简谱网	报答一生
qupu123-308163	qupu123	ok(曲名命中)	200		https://www.qupu123.com/meisheng/jiuziyishang/p308163.html	https://www.qupu123.com/meisheng/jiuziyishang/p308163.html	把深情颂歌献给惠达 _美声曲谱_中国曲谱网	把深情颂歌献给惠达
jianpucn-401659	jianpucn	ok(曲名命中)	200		http://www.jianpu.cn/pu/40/401659.htm	http://www.jianpu.cn/pu/40/401659.htm	拉住老区人民的手 阎维文 歌谱简谱网	拉住老区人民的手
qupu123-335380	qupu123	ok(曲名命中)	200		https://www.qupu123.com/shaoer/wuzi/p335380.html	https://www.qupu123.com/shaoer/wuzi/p335380.html	把爱带回家 （胡泽民词 林泉曲）_少儿曲谱_中国曲谱网	把爱带回家
qupu123-327590	qupu123	ok(曲名命中)	200		https://www.qupu123.com/shaoer/jiuziyishang/p327590.html	https://www.qupu123.com/shaoer/jiuziyishang/p327590.html	抗战十四年 爷爷是好样 _少儿曲谱_中国曲谱网	抗战十四年_爷爷是好样
qupu123-329298	qupu123	ok(曲名命中)	200		https://www.qupu123.com/hechang/wuzi/p329298.html	https://www.qupu123.com/hechang/wuzi/p329298.html	抗战的烈火 （故事影片《火的洗礼》插曲）_合唱曲谱_中国曲谱网	抗战的烈火
jianpujia-74409	jianpujia	ok(曲名命中)	200		https://www.jianpujia.com/jianpu/74409.html	https://www.jianpujia.com/jianpu/74409.html	拉拉勾简谱_儿歌-免费下载-简谱之家	拉拉勾
qupu123-371794	qupu123	ok(曲名命中)	200		https://www.qupu123.com/meisheng/wuzi/p371794.html	https://www.qupu123.com/meisheng/wuzi/p371794.html	折柳思雁归 _美声曲谱_中国曲谱网	折柳思雁归
jianpucn-37377	jianpucn	ok(曲名命中)	200		http://www.jianpu.cn/pu/37/37377.htm	http://www.jianpu.cn/pu/37/37377.htm	拉纤 歌谱简谱网	拉纤
qupu123-379982	qupu123	ok(曲名命中)	200		https://www.qupu123.com/tongsu/sizi/p379982.html	https://www.qupu123.com/tongsu/sizi/p379982.html	护花使者 _通俗曲谱_中国曲谱网	护花使者
jianpucn-260111	jianpucn	ok(曲名命中)	200		http://www.jianpu.cn/pu/26/260111.htm	http://www.jianpu.cn/pu/26/260111.htm	拉萨雄鹰 凤凰传奇 歌谱简谱网	拉萨雄鹰
qupu123-396512	qupu123	ok(曲名命中)	200		https://www.qupu123.com/puyou/shangchuan/p396512.html	https://www.qupu123.com/puyou/shangchuan/p396512.html	报春大使叫玉兰 _崀Lang颂Song原创曲谱专栏_中国曲谱网	报春大使叫玉兰
jianpucn-48874	jianpucn	ok(曲名命中)	200		http://www.jianpu.cn/pu/48/48874.htm	http://www.jianpu.cn/pu/48/48874.htm	拉骆驼的黑小伙 歌谱简谱网	拉骆驼的黑小伙
qupu123-370009	qupu123	ok(曲名命中)	200		https://www.qupu123.com/tongsu/bazi/p370009.html	https://www.qupu123.com/tongsu/bazi/p370009.html	抬头仰望夜黑的天 （歌剧《同心结》黄继光唱段）_通俗曲谱_中国曲谱网	抬头仰望夜黑的天
jianpucn-221965	jianpucn	ok(曲名命中)	200		http://www.jianpu.cn/pu/22/221965.htm	http://www.jianpu.cn/pu/22/221965.htm	拉骆驼的黑小伙其他 歌谱简谱网	拉骆驼的黑小伙其他
qupu123-321112	qupu123	ok(曲名命中)	200		https://www.qupu123.com/hechang/qizi/p321112.html	https://www.qupu123.com/hechang/qizi/p321112.html	抬工号子走起来 _合唱曲谱_中国曲谱网	抬工号子走起来
jianpucn-89324	jianpucn	ok(曲名命中)	200		http://www.jianpu.cn/pu/89/89324.htm	http://www.jianpu.cn/pu/89/89324.htm	招牌动作 歌谱简谱网	招牌动作
jianpujia-15218	jianpujia	ok(曲名命中)	200		https://www.jianpujia.com/jianpu/15218.html	https://www.jianpujia.com/jianpu/15218.html	拔萝卜简谱_儿歌_留给童年的记忆-免费下载-简谱之家	拔萝卜
qupu123-336037	qupu123	ok(曲名命中)	200		https://www.qupu123.com/minge/sizi/p336037.html	https://www.qupu123.com/minge/sizi/p336037.html	抬杠号子 _民歌曲谱_中国曲谱网	抬杠号子
jianpucn-148719	jianpucn	ok(曲名命中)	200		http://www.jianpu.cn/pu/14/148719.htm	http://www.jianpu.cn/pu/14/148719.htm	拜新年 歌谱简谱网	拜新年
jianpujia-380006	jianpujia	ok(曲名命中)	200		https://www.jianpujia.com/jianpu/380006.html	https://www.jianpujia.com/jianpu/380006.html	拔萝卜钢琴简谱_儿歌演唱-免费下载-简谱之家	拔萝卜
qupu123-334307	qupu123	ok(曲名命中)	200		https://www.qupu123.com/tongsu/sizi/p334307.html	https://www.qupu123.com/tongsu/sizi/p334307.html	抱团取暖 _通俗曲谱_中国曲谱网	抱团取暖
jianpucn-41533	jianpucn	ok(曲名命中)	200		http://www.jianpu.cn/pu/41/41533.htm	http://www.jianpu.cn/pu/41/41533.htm	拥军爱民歌 歌谱简谱网	拥军爱民歌
qupu123-328303	qupu123	ok(曲名命中)	200		https://www.qupu123.com/shaoer/sanzi/p328303.html	https://www.qupu123.com/shaoer/sanzi/p328303.html	拉圆圈 _少儿曲谱_中国曲谱网	拉圆圈
jianpucn-114884	jianpucn	ok(曲名命中)	200		http://www.jianpu.cn/pu/11/114884.htm	http://www.jianpu.cn/pu/11/114884.htm	拥抱 歌曲类 简谱 歌谱简谱网	拥抱 歌曲类
qupu123-321113	qupu123	ok(曲名命中)	200		https://www.qupu123.com/hechang/sizi/p321113.html	https://www.qupu123.com/hechang/sizi/p321113.html	拉姆拉错 _合唱曲谱_中国曲谱网	拉姆拉错
jianpujia-150412	jianpujia	ok(曲名命中)	200		https://www.jianpujia.com/jianpu/150412.html	https://www.jianpujia.com/jianpu/150412.html	拥抱钢琴简谱_五月天演唱-免费下载-简谱之家	拥抱
jianpucn-86656	jianpucn	ok(曲名命中)	200		http://www.jianpu.cn/pu/86/86656.htm	http://www.jianpu.cn/pu/86/86656.htm	拥抱大海 歌谱简谱网	拥抱大海
qupu123-336040	qupu123	ok(曲名命中)	200		https://www.qupu123.com/minge/sizi/p336040.html	https://www.qupu123.com/minge/sizi/p336040.html	拉滚号子 _民歌曲谱_中国曲谱网	拉滚号子
jianpucn-63843	jianpucn	ok(曲名命中)	200		http://www.jianpu.cn/pu/63/63843.htm	http://www.jianpu.cn/pu/63/63843.htm	拥抱我 歌谱简谱网	拥抱我
qupu123-328301	qupu123	ok(曲名命中)	200		https://www.qupu123.com/shaoer/sanzi/p328301.html	https://www.qupu123.com/shaoer/sanzi/p328301.html	拉皮球 _少儿曲谱_中国曲谱网	拉皮球
jianpucn-51732	jianpucn	ok(曲名命中)	200		http://www.jianpu.cn/pu/51/51732.htm	http://www.jianpu.cn/pu/51/51732.htm	拥抱阳光 歌谱简谱网	拥抱阳光
qupu123-336036	qupu123	ok(曲名命中)	200		https://www.qupu123.com/minge/sizi/p336036.html	https://www.qupu123.com/minge/sizi/p336036.html	拉车号子 _民歌曲谱_中国曲谱网	拉车号子
jianpucn-300631	jianpucn	ok(曲名命中)	200		http://www.jianpu.cn/pu/30/300631.htm	http://www.jianpu.cn/pu/30/300631.htm	拥有自己的节奏（带和弦） 周传雄 歌谱简谱网	拥有自己的节奏
qupu123-331500	qupu123	ok(曲名命中)	200		https://www.qupu123.com/shaoer/liuzi/p331500.html	https://www.qupu123.com/shaoer/liuzi/p331500.html	拍拍手，伸伸脚 _少儿曲谱_中国曲谱网	拍拍手，伸伸脚
jianpucn-205439	jianpucn	ok(曲名命中)	200		http://www.jianpu.cn/pu/20/205439.htm	http://www.jianpu.cn/pu/20/205439.htm	挂牵 歌谱简谱网	挂牵
jianpujia-18921	jianpujia	ok(曲名命中)	200		https://www.jianpujia.com/jianpu/18921.html	https://www.jianpujia.com/jianpu/18921.html	挥别简谱(歌词)_邓丽君演唱_王wzh曲谱-免费下载-简谱之家	挥别
jianpucn-69502	jianpucn	ok(曲名命中)	200		http://www.jianpu.cn/pu/69/69502.htm	http://www.jianpu.cn/pu/69/69502.htm	挣扎 歌谱简谱网	挣扎
qupu123-380888	qupu123	ok(曲名命中)	200		https://www.qupu123.com/tongsu/erziyixia/p380888.html	https://www.qupu123.com/tongsu/erziyixia/p380888.html	拯救 _通俗曲谱_中国曲谱网	拯救
jianpucn-304363	jianpucn	ok(曲名命中)	200		http://www.jianpu.cn/pu/30/304363.htm	http://www.jianpu.cn/pu/30/304363.htm	捎句话儿给边防军 李谷一 歌谱简谱网	捎句话儿给边防军
qupu123-394966	qupu123	ok(曲名命中)	200		https://www.qupu123.com/minge/qizi/p394966.html	https://www.qupu123.com/minge/qizi/p394966.html	挂红灯 - 白嘉妮 _天恩原创曲谱专栏_中国曲谱网	挂红灯_-_白嘉妮
jianpucn-121839	jianpucn	ok(曲名命中)	200		http://www.jianpu.cn/pu/12/121839.htm	http://www.jianpu.cn/pu/12/121839.htm	拥抱一个健康的世界 歌谱简谱网	拥抱一个健康的世界
jianpucn-433192	jianpucn	ok(曲名命中)	200		http://www.jianpu.cn/pu/43/433192.htm	http://www.jianpu.cn/pu/43/433192.htm	换个地方去战斗（退役军人之歌） 阎维文 歌谱简谱网	换个地方去战斗
qupu123-334258	qupu123	ok(曲名命中)	200		https://www.qupu123.com/minge/liuzi/p334258.html	https://www.qupu123.com/minge/liuzi/p334258.html	指尖上的中国 _民歌曲谱_中国曲谱网	指尖上的中国
jianpucn-114252	jianpucn	ok(曲名命中)	200		http://www.jianpu.cn/pu/11/114252.htm	http://www.jianpu.cn/pu/11/114252.htm	排山倒海 歌曲类 简谱 歌谱简谱网	排山倒海
qupu123-98901	qupu123	ok(曲名命中)	200		https://www.qupu123.com/minge/erziyixia/p98901.html	https://www.qupu123.com/minge/erziyixia/p98901.html	指纹 （何也词 邓融和曲）_叶金剑个人制谱园地_中国曲谱网	指纹
qupu123-320438	qupu123	ok(曲名命中)	200		https://www.qupu123.com/shaoer/sanzi/p320438.html	https://www.qupu123.com/shaoer/sanzi/p320438.html	挤油榨 （邝厚勤词 杨晓伟曲）_少儿曲谱_中国曲谱网	挤油榨
jianpucn-64302	jianpucn	ok(曲名命中)	200		http://www.jianpu.cn/pu/64/64302.htm	http://www.jianpu.cn/pu/64/64302.htm	接下来 歌曲类 简谱 歌谱简谱网	接下来 歌曲类
jianpucn-49793	jianpucn	ok(曲名命中)	200		http://www.jianpu.cn/pu/49/49793.htm	http://www.jianpu.cn/pu/49/49793.htm	推搪(粤语) 歌谱简谱网	推搪
qupu123-381442	qupu123	ok(曲名命中)	200		https://www.qupu123.com/tongsu/qizi/p381442.html	https://www.qupu123.com/tongsu/qizi/p381442.html	挥着翅膀的女孩 _通俗曲谱_中国曲谱网	挥着翅膀的女孩
jianpucn-475917	jianpucn	ok(曲名命中)	200		http://www.jianpu.cn/pu/47/475917.htm	http://www.jianpu.cn/pu/47/475917.htm	推车歌 焦阳 歌谱简谱网	推车歌
qupu123-381925	qupu123	ok(曲名命中)	200		https://www.qupu123.com/tongsu/wuzi/p381925.html	https://www.qupu123.com/tongsu/wuzi/p381925.html	挪威的森林 _通俗曲谱_中国曲谱网	挪威的森林
jianpucn-279895	jianpucn	ok(曲名命中)	200		http://www.jianpu.cn/pu/27/279895.htm	http://www.jianpu.cn/pu/27/279895.htm	援藏大哥 降央卓玛 歌谱简谱网	援藏大哥
qupu123-319902	qupu123	ok(曲名命中)	200		https://www.qupu123.com/shaoer/sanzi/p319902.html	https://www.qupu123.com/shaoer/sanzi/p319902.html	捉蝈蝈 _少儿曲谱_中国曲谱网	捉蝈蝈
jianpucn-278849	jianpucn	ok(曲名命中)	200		http://www.jianpu.cn/pu/27/278849.htm	http://www.jianpu.cn/pu/27/278849.htm	援藏大哥 记谱 简谱 降央卓玛 歌谱简谱网	援藏大哥 记谱
qupu123-335378	qupu123	ok(曲名命中)	200		https://www.qupu123.com/minge/wuzi/p335378.html	https://www.qupu123.com/minge/wuzi/p335378.html	捍卫毛泽东 _民歌曲谱_中国曲谱网	捍卫毛泽东
qupu123-328305	qupu123	ok(曲名命中)	200		https://www.qupu123.com/shaoer/sanzi/p328305.html	https://www.qupu123.com/shaoer/sanzi/p328305.html	捏泥巴 （程宏明词 罗晓航曲）_少儿曲谱_中国曲谱网	捏泥巴
jianpucn-278074	jianpucn	ok(曲名命中)	200		http://www.jianpu.cn/pu/27/278074.htm	http://www.jianpu.cn/pu/27/278074.htm	摆渡人的歌 周华健 歌谱简谱网	摆渡人的歌
jianpujia-15532	jianpujia	ok(曲名命中)	200		https://www.jianpujia.com/jianpu/15532.html	https://www.jianpujia.com/jianpu/15532.html	摇篮曲简谱_舒伯特_渗透进灵魂的温暖吟唱,放松疲惫-免费下载-简谱之家	摇篮曲
jianpucn-118650	jianpucn	ok(曲名命中)	200		http://www.jianpu.cn/pu/11/118650.htm	http://www.jianpu.cn/pu/11/118650.htm	摘一朵玫瑰送给你 歌谱简谱网	摘一朵玫瑰送给你
qupu123-328194	qupu123	ok(曲名命中)	200		https://www.qupu123.com/shaoer/wuzi/p328194.html	https://www.qupu123.com/shaoer/wuzi/p328194.html	捡秋的日子 _少儿曲谱_中国曲谱网	捡秋的日子
jianpucn-115094	jianpucn	ok(曲名命中)	200		http://www.jianpu.cn/pu/11/115094.htm	http://www.jianpu.cn/pu/11/115094.htm	撕夜 歌曲类 简谱 歌谱简谱网	撕夜 歌曲类
qupu123-380818	qupu123	ok(曲名命中)	200		https://www.qupu123.com/tongsu/wuzi/p380818.html	https://www.qupu123.com/tongsu/wuzi/p380818.html	掌声响起来 _通俗曲谱_中国曲谱网	掌声响起来
jianpucn-28928	jianpucn	ok(曲名命中)	200		http://www.jianpu.cn/pu/28/28928.htm	http://www.jianpu.cn/pu/28/28928.htm	收获 歌谱简谱网	收获
qupu123-334980	qupu123	ok(曲名命中)	200		https://www.qupu123.com/minge/sanzi/p334980.html	https://www.qupu123.com/minge/sanzi/p334980.html	探天宫 _民歌曲谱_中国曲谱网	探天宫
qupu123-334225	qupu123	ok(曲名命中)	200		https://www.qupu123.com/shaoer/sanzi/p334225.html	https://www.qupu123.com/shaoer/sanzi/p334225.html	接雪花 _少儿曲谱_中国曲谱网	接雪花
qupu123-334373	qupu123	ok(曲名命中)	200		https://www.qupu123.com/tongsu/erziyixia/p334373.html	https://www.qupu123.com/tongsu/erziyixia/p334373.html	搜心 _通俗曲谱_中国曲谱网	搜心
qupu123-317212	qupu123	ok(曲名命中)	200		https://www.qupu123.com/meisheng/qizi/p317212.html	https://www.qupu123.com/meisheng/qizi/p317212.html	54携手再看旭日红（双谱） （歌剧《永不消逝的电波》选段）_美声曲谱_中国曲谱网	携手再看旭日红
qupu123-318945	qupu123	ok(曲名命中)	200		https://www.qupu123.com/hechang/wuzi/p318945.html	https://www.qupu123.com/hechang/wuzi/p318945.html	携手创辉煌 （范修奎词 刘北休曲）_合唱曲谱_中国曲谱网	携手创辉煌
qupu123-331003	qupu123	ok(曲名命中)	200		https://www.qupu123.com/shaoer/erziyixia/p331003.html	https://www.qupu123.com/shaoer/erziyixia/p331003.html	摇篮 （张宾普词 陈涤非曲）_少儿曲谱_中国曲谱网	摇篮
qupu123-319900	qupu123	ok(曲名命中)	200		https://www.qupu123.com/shaoer/qizi/p319900.html	https://www.qupu123.com/shaoer/qizi/p319900.html	摘棉花的小姑娘 _少儿曲谱_中国曲谱网	摘棉花的小姑娘
qupu123-271960	qupu123	ok(曲名命中)	200		https://www.qupu123.com/minge/qizi/p271960.html	https://www.qupu123.com/minge/qizi/p271960.html	播种太阳遍中华 （青年变电工之歌）_民歌曲谱_中国曲谱网	播种太阳遍中华
jianpucn-134857	jianpucn	ok(曲名命中)	200		http://www.jianpu.cn/pu/13/134857.htm	http://www.jianpu.cn/pu/13/134857.htm	放心吧,母亲(蒋大为独唱系列46) 歌谱简谱网	放心吧,母亲
jianpucn-442404	jianpucn	ok(曲名命中)	200		http://www.jianpu.cn/pu/44/442404.htm	http://www.jianpu.cn/pu/44/442404.htm	放心吧妈妈 王宏伟 歌谱简谱网	放心吧妈妈
qupu123-334476	qupu123	ok(曲名命中)	200		https://www.qupu123.com/minge/qizi/p334476.html	https://www.qupu123.com/minge/qizi/p334476.html	摇篮里的宝贝 _民歌曲谱_中国曲谱网	摇篮里的宝贝
jianpucn-31961	jianpucn	ok(曲名命中)	200		http://www.jianpu.cn/pu/31/31961.htm	http://www.jianpu.cn/pu/31/31961.htm	放歌十八湾 歌谱简谱网	放歌十八湾
jianpucn-208211	jianpucn	ok(曲名命中)	200		http://www.jianpu.cn/pu/20/208211.htm	http://www.jianpu.cn/pu/20/208211.htm	放肆 歌谱简谱网	放肆
qupu123-319669	qupu123	ok(曲名命中)	200		https://www.qupu123.com/shaoer/sizi/p319669.html	https://www.qupu123.com/shaoer/sizi/p319669.html	收藏阳光 （李严词 王正荣曲）_少儿曲谱_中国曲谱网	收藏阳光
jianpucn-118692	jianpucn	ok(曲名命中)	200		http://www.jianpu.cn/pu/11/118692.htm	http://www.jianpu.cn/pu/11/118692.htm	放飞三十万只和平鸽 歌谱简谱网	放飞三十万只和平鸽
qupu123-333884	qupu123	ok(曲名命中)	200		https://www.qupu123.com/minge/qizi/p333884.html	https://www.qupu123.com/minge/qizi/p333884.html	改革强军打头阵 _民歌曲谱_中国曲谱网	改革强军打头阵
qupu123-333079	qupu123	ok(曲名命中)	200		https://www.qupu123.com/tongsu/liuzi/p333079.html	https://www.qupu123.com/tongsu/liuzi/p333079.html	放不下的思念 _通俗曲谱_中国曲谱网	放不下的思念
jianpucn-205254	jianpucn	ok(曲名命中)	200		http://www.jianpu.cn/pu/20/205254.htm	http://www.jianpu.cn/pu/20/205254.htm	放飞梦想的海岸 歌谱简谱网	放飞梦想的海岸
qupu123-325389	qupu123	打不开:URLError	0		https://www.qupu123.com/hechang/sanzi/p325389.html	https://www.qupu123.com/hechang/sanzi/p325389.html		拉手手
qupu123-224574	qupu123	ok(曲名命中)	200		https://www.qupu123.com/jipu/p224574.html	https://www.qupu123.com/jipu/p224574.html	​放不低 （粤语歌曲）_蔡少亮个人制谱园地_中国曲谱网	放不低
jianpucn-446836	jianpucn	ok(曲名命中)	200		http://www.jianpu.cn/pu/44/446836.htm	http://www.jianpu.cn/pu/44/446836.htm	放鹤图（电视剧《鹤唳华亭》萧定权人物曲） 周深 歌谱简谱网	放鹤图
qupu123-332499	qupu123	ok(曲名命中)	200		https://www.qupu123.com/shaoer/qizi/p332499.html	https://www.qupu123.com/shaoer/qizi/p332499.html	放学回家割篮草 _少儿曲谱_中国曲谱网	放学回家割篮草
jianpucn-24994	jianpucn	ok(曲名命中)	200		http://www.jianpu.cn/pu/24/24994.htm	http://www.jianpu.cn/pu/24/24994.htm	故乡 歌谱简谱网	故乡
qupu123-370049	qupu123	ok(曲名命中)	200		https://www.qupu123.com/tongsu/qizi/p370049.html	https://www.qupu123.com/tongsu/qizi/p370049.html	放宽心态笑一笑 _曲水悠悠个人制谱园地_中国曲谱网	放宽心态笑一笑
jianpucn-121921	jianpucn	ok(曲名命中)	200		http://www.jianpu.cn/pu/12/121921.htm	http://www.jianpu.cn/pu/12/121921.htm	故乡在我心中央 歌谱简谱网	故乡在我心中央
jianpucn-132300	jianpucn	ok(曲名命中)	200		http://www.jianpu.cn/pu/13/132300.htm	http://www.jianpu.cn/pu/13/132300.htm	故乡山川 歌谱简谱网	故乡山川
jianpucn-34103	jianpucn	ok(曲名命中)	200		http://www.jianpu.cn/pu/34/34103.htm	http://www.jianpu.cn/pu/34/34103.htm	故乡情 歌谱简谱网	故乡情
qupu123-332854	qupu123	打不开:URLError	0		https://www.qupu123.com/tongsu/sizi/p332854.html	https://www.qupu123.com/tongsu/sizi/p332854.html		拥抱世界
jianpucn-462598	jianpucn	ok(曲名命中)	200		http://www.jianpu.cn/pu/46/462598.htm	http://www.jianpu.cn/pu/46/462598.htm	故乡是北京- （伴奏） 李谷一 歌谱简谱网	故乡是北京
jianpucn-293770	jianpucn	ok(曲名命中)	200		http://www.jianpu.cn/pu/29/293770.htm	http://www.jianpu.cn/pu/29/293770.htm	故乡是北京（京歌伴奏谱、老熊制谱版） 李谷一 歌谱简谱网	故乡是北京（京歌伴奏谱、老熊
qupu123-335880	qupu123	ok(曲名命中)	200		https://www.qupu123.com/shaoer/qizi/p335880.html	https://www.qupu123.com/shaoer/qizi/p335880.html	放飞梦想的地方 （春凤 李咏词 波音 会营曲、合唱）_少儿曲谱_中国曲谱网	放飞梦想的地方
jianpucn-30975	jianpucn	ok(曲名命中)	200		http://www.jianpu.cn/pu/30/30975.htm	http://www.jianpu.cn/pu/30/30975.htm	故乡的小屋 歌谱简谱网	故乡的小屋
qupu123-66974	qupu123	ok(曲名命中)	200		https://www.qupu123.com/shaoer/jiuziyishang/p66974.html	https://www.qupu123.com/shaoer/jiuziyishang/p66974.html	故乡啊，我怀念的天堂简谱_少儿曲谱_中国曲谱网	故乡啊，我怀念的天堂
jianpucn-349163	jianpucn	ok(曲名命中)	200		http://www.jianpu.cn/pu/34/349163.htm	http://www.jianpu.cn/pu/34/349163.htm	故乡的歌谣--电视剧《安居》片尾曲 降央卓玛 歌谱简谱网	故乡的歌谣--电视剧《安居》片尾曲
jianpucn-157083	jianpucn	ok(曲名命中)	200		http://www.jianpu.cn/pu/15/157083.htm	http://www.jianpu.cn/pu/15/157083.htm	故乡的河（蒋大为独唱系列95） 歌谱简谱网	故乡的河
jianpucn-55927	jianpucn	ok(曲名命中)	200		http://www.jianpu.cn/pu/55/55927.htm	http://www.jianpu.cn/pu/55/55927.htm	故事的启迪 歌谱简谱网	故事的启迪
jianpucn-49433	jianpucn	ok(曲名命中)	200		http://www.jianpu.cn/pu/49/49433.htm	http://www.jianpu.cn/pu/49/49433.htm	故乡谣 歌谱简谱网	故乡谣
jianpujia-152901	jianpujia	ok(曲名命中)	200		https://www.jianpujia.com/jianpu/152901.html	https://www.jianpujia.com/jianpu/152901.html	故乡钢琴简谱_数字双手_许巍-免费下载-简谱之家	故乡
jianpucn-119367	jianpucn	ok(曲名命中)	200		http://www.jianpu.cn/pu/11/119367.htm	http://www.jianpu.cn/pu/11/119367.htm	故园恋 歌谱简谱网	故园恋
qupu123-334394	qupu123	ok(曲名命中)	200		https://www.qupu123.com/minge/wuzi/p334394.html	https://www.qupu123.com/minge/wuzi/p334394.html	故乡新倩影 _民歌曲谱_中国曲谱网	故乡新倩影
jianpucn-313194	jianpucn	ok(曲名命中)	200		http://www.jianpu.cn/pu/31/313194.htm	http://www.jianpu.cn/pu/31/313194.htm	故园情 根据原唱标注和声 王宏伟 歌谱简谱网	故园情 根据原唱标注和声
qupu123-330655	qupu123	ok(曲名命中)	200		https://www.qupu123.com/hechang/sizi/p330655.html	https://www.qupu123.com/hechang/sizi/p330655.html	故乡的云 （小轩词 谭健常曲、男声四重唱）_吴赣成个人制谱园地_中国曲谱网	故乡的云
jianpucn-85534	jianpucn	ok(曲名命中)	200		http://www.jianpu.cn/pu/85/85534.htm	http://www.jianpu.cn/pu/85/85534.htm	故土情 歌谱简谱网	故土情
jianpucn-32738	jianpucn	ok(曲名命中)	200		http://www.jianpu.cn/pu/32/32738.htm	http://www.jianpu.cn/pu/32/32738.htm	故土难离 歌谱简谱网	故土难离
qupu123-308794	qupu123	ok(曲名命中)	200		https://www.qupu123.com/meisheng/sizi/p308794.html	https://www.qupu123.com/meisheng/sizi/p308794.html	故乡的海 _美声曲谱_中国曲谱网	故乡的海
jianpucn-464187	jianpucn	ok(曲名命中)	200		http://www.jianpu.cn/pu/46/464187.htm	http://www.jianpu.cn/pu/46/464187.htm	敖包相会 阎维文 歌谱简谱网	敖包相会
qupu123-335345	qupu123	ok(曲名命中)	200		https://www.qupu123.com/minge/liuzi/p335345.html	https://www.qupu123.com/minge/liuzi/p335345.html	故乡神奇的海 _民歌曲谱_中国曲谱网	故乡神奇的海
jianpucn-472614	jianpucn	ok(曲名命中)	200		http://www.jianpu.cn/pu/47/472614.htm	http://www.jianpu.cn/pu/47/472614.htm	敖包相会编号-033 降央卓玛 歌谱简谱网	敖包相会编号-033
jianpucn-232647	jianpucn	ok(曲名命中)	200		http://www.jianpu.cn/pu/23/232647.htm	http://www.jianpu.cn/pu/23/232647.htm	敢不做个好儿郎（电视剧《好爹好娘》主题曲） 歌谱简谱网	敢不做个好儿郎
jianpucn-279541	jianpucn	ok(曲名命中)	200		http://www.jianpu.cn/pu/27/279541.htm	http://www.jianpu.cn/pu/27/279541.htm	敢为天下先（《武媚娘传奇》插曲） 张靓颖 歌谱简谱网	敢为天下先
qupu123-328267	qupu123	ok(曲名命中)	200		https://www.qupu123.com/shaoer/sanzi/p328267.html	https://www.qupu123.com/shaoer/sanzi/p328267.html	教子歌 （选自儿童歌舞剧《小小画家》）_少儿曲谱_中国曲谱网	教子歌
jianpucn-472223	jianpucn	ok(曲名命中)	200		http://www.jianpu.cn/pu/47/472223.htm	http://www.jianpu.cn/pu/47/472223.htm	敢问路在何方历史经典 蒋大为 歌谱简谱网	敢问路在何方历史经典
jianpucn-434388	jianpucn	ok(曲名命中)	200		http://www.jianpu.cn/pu/43/434388.htm	http://www.jianpu.cn/pu/43/434388.htm	敦煌故事（亦弛整理版） 王宏伟 歌谱简谱网	敦煌故事
qupu123-371054	qupu123	ok(曲名命中)	200		https://www.qupu123.com/meisheng/liuzi/p371054.html	https://www.qupu123.com/meisheng/liuzi/p371054.html	敢问路在何方 _落红个人制谱园地_中国曲谱网	敢问路在何方
qupu123-334096	qupu123	ok(曲名命中)	200		https://www.qupu123.com/minge/sizi/p334096.html	https://www.qupu123.com/minge/sizi/p334096.html	敬爱的人 （2首）_民歌曲谱_中国曲谱网	敬爱的人
qupu123-332866	qupu123	ok(曲名命中)	200		https://www.qupu123.com/shaoer/erziyixia/p332866.html	https://www.qupu123.com/shaoer/erziyixia/p332866.html	敬礼！ _少儿曲谱_中国曲谱网	敬礼！
qupu123-334415	qupu123	打不开:URLError	0		https://www.qupu123.com/minge/qizi/p334415.html	https://www.qupu123.com/minge/qizi/p334415.html		撸起袖子加油干
qupu123-333719	qupu123	ok(曲名命中)	200		https://www.qupu123.com/minge/liuzi/p333719.html	https://www.qupu123.com/minge/liuzi/p333719.html	敬礼，五星红旗 （赵天铭词 陈元绍曲）_民歌曲谱_中国曲谱网	敬礼，五星红旗
jianpucn-120523	jianpucn	ok(曲名命中)	200		http://www.jianpu.cn/pu/12/120523.htm	http://www.jianpu.cn/pu/12/120523.htm	数风流人物 歌谱简谱网	数风流人物
qupu123-327229	qupu123	ok(曲名命中)	200		https://www.qupu123.com/puyou/jipu/p327229.html	https://www.qupu123.com/puyou/jipu/p327229.html	数字人生 _谱友园地_中国曲谱网	数字人生
qupu123-331502	qupu123	ok(曲名命中)	200		https://www.qupu123.com/shaoer/sanzi/p331502.html	https://www.qupu123.com/shaoer/sanzi/p331502.html	数指头 _少儿曲谱_中国曲谱网	数指头
jianpucn-90507	jianpucn	ok(曲名命中)	200		http://www.jianpu.cn/pu/90/90507.htm	http://www.jianpu.cn/pu/90/90507.htm	斗牛 歌谱简谱网	斗牛
qupu123-328740	qupu123	ok(曲名命中)	200		https://www.qupu123.com/shaoer/wuzi/p328740.html	https://www.qupu123.com/shaoer/wuzi/p328740.html	数数手和脚 （希普词 武秀林曲）_少儿曲谱_中国曲谱网	数数手和脚
jianpucn-119723	jianpucn	ok(曲名命中)	200		http://www.jianpu.cn/pu/11/119723.htm	http://www.jianpu.cn/pu/11/119723.htm	斜当 歌谱简谱网	斜当
qupu123-321000	qupu123	ok(曲名命中)	200		https://www.qupu123.com/shaoer/sanzi/p321000.html	https://www.qupu123.com/shaoer/sanzi/p321000.html	数星星 （武冬菊词 彭海沧曲）_少儿曲谱_中国曲谱网	数星星
qupu123-333250	qupu123	ok(曲名命中)	200		https://www.qupu123.com/tongsu/sizi/p333250.html	https://www.qupu123.com/tongsu/sizi/p333250.html	数羊的夜 _通俗曲谱_中国曲谱网	数羊的夜
qupu123-320444	qupu123	打不开:URLError	0		https://www.qupu123.com/shaoer/jiuziyishang/p320444.html	https://www.qupu123.com/shaoer/jiuziyishang/p320444.html		放歌新时代
qupu123-339898	qupu123	ok(曲名命中)	200		https://www.qupu123.com/jipu/p339898.html	https://www.qupu123.com/jipu/p339898.html	数鸭子 （简和谱）_写轮指钢琴即兴个人制谱园地_中国曲谱网	数鸭子
jianpucn-37737	jianpucn	ok(曲名命中)	200		http://www.jianpu.cn/pu/37/37737.htm	http://www.jianpu.cn/pu/37/37737.htm	断点 歌谱简谱网	断点
qupu123-336115	qupu123	打不开:URLError	0		https://www.qupu123.com/minge/sanzi/p336115.html	https://www.qupu123.com/minge/sanzi/p336115.html		放羊调
jianpujia-150254	jianpujia	ok(曲名命中)	200		https://www.jianpujia.com/jianpu/150254.html	https://www.jianpujia.com/jianpu/150254.html	断桥残雪钢琴简谱_许嵩演唱-免费下载-简谱之家	断桥残雪
qupu123-328743	qupu123	ok(曲名命中)	200		https://www.qupu123.com/shaoer/sizi/p328743.html	https://www.qupu123.com/shaoer/sizi/p328743.html	文明儿歌 _少儿曲谱_中国曲谱网	文明儿歌
jianpucn-109474	jianpucn	ok(曲名命中)	200		http://www.jianpu.cn/pu/10/109474.htm	http://www.jianpu.cn/pu/10/109474.htm	新不了情 歌谱简谱网	新不了情
qupu123-318157	qupu123	打不开:URLError	0		https://www.qupu123.com/hechang/sanzi/p318157.html	https://www.qupu123.com/hechang/sanzi/p318157.html		放风筝
jianpucn-32621	jianpucn	ok(曲名命中)	200		http://www.jianpu.cn/pu/32/32621.htm	http://www.jianpu.cn/pu/32/32621.htm	新军容新风貌 歌谱简谱网	新军容新风貌
qupu123-251917	qupu123	ok(曲名命中)	200		https://www.qupu123.com/jipu/p251917.html	https://www.qupu123.com/jipu/p251917.html	斑马斑马 __中国曲谱网	斑马斑马
qupu123-328298	qupu123	ok(曲名命中)	200		https://www.qupu123.com/shaoer/erziyixia/p328298.html	https://www.qupu123.com/shaoer/erziyixia/p328298.html	斗鸡 _少儿曲谱_中国曲谱网	斗鸡
jianpucn-447876	jianpucn	ok(曲名命中)	200		http://www.jianpu.cn/pu/44/447876.htm	http://www.jianpu.cn/pu/44/447876.htm	新婚高歌（《婚礼组歌》选曲） 阎维文 歌谱简谱网	新婚高歌
qupu123-334190	qupu123	ok(曲名命中)	200		https://www.qupu123.com/minge/wuzi/p334190.html	https://www.qupu123.com/minge/wuzi/p334190.html	新世宝之歌 _民歌曲谱_中国曲谱网	新世宝之歌
jianpujia-15563	jianpujia	ok(曲名命中)	200		https://www.jianpujia.com/jianpu/15563.html	https://www.jianpujia.com/jianpu/15563.html	新年好简谱_儿歌_一份真诚的祝福，祝您新年快乐-免费下载-简谱之家	新年好
qupu123-333861	qupu123	ok(曲名命中)	200		https://www.qupu123.com/minge/liuzi/p333861.html	https://www.qupu123.com/minge/liuzi/p333861.html	新使命 新召唤 _民歌曲谱_中国曲谱网	新使命_新召唤
jianpucn-475826	jianpucn	ok(曲名命中)	200		http://www.jianpu.cn/pu/47/475826.htm	http://www.jianpu.cn/pu/47/475826.htm	新年祝福 蒋立德 歌谱简谱网	新年祝福
qupu123-333819	qupu123	打不开:URLError	0		https://www.qupu123.com/minge/qizi/p333819.html	https://www.qupu123.com/minge/qizi/p333819.html		故乡处处有美景
jianpujia-387554	jianpujia	ok(曲名命中)	200		https://www.jianpujia.com/jianpu/387554.html	https://www.jianpujia.com/jianpu/387554.html	新年好钢琴简谱_儿歌演唱-免费下载-简谱之家	新年好
qupu123-328283	qupu123	ok(曲名命中)	200		https://www.qupu123.com/shaoer/sanzi/p328283.html	https://www.qupu123.com/shaoer/sanzi/p328283.html	新儿童 _少儿曲谱_中国曲谱网	新儿童
qupu123-333202	qupu123	ok(曲名命中)	200		https://www.qupu123.com/minge/sizi/p333202.html	https://www.qupu123.com/minge/sizi/p333202.html	新兵小调 _民歌曲谱_中国曲谱网	新兵小调
jianpucn-145757	jianpucn	ok(曲名命中)	200		http://www.jianpu.cn/pu/14/145757.htm	http://www.jianpu.cn/pu/14/145757.htm	新康定情歌 歌谱简谱网	新康定情歌
jianpucn-69629	jianpucn	ok(曲名命中)	200		http://www.jianpu.cn/pu/69/69629.htm	http://www.jianpu.cn/pu/69/69629.htm	新星-同名电视剧主题歌 歌谱简谱网	新星-同名电视剧主题歌
qupu123-334967	qupu123	ok(曲名命中)	200		https://www.qupu123.com/minge/sanzi/p334967.html	https://www.qupu123.com/minge/sanzi/p334967.html	新农家 _民歌曲谱_中国曲谱网	新农家
jianpucn-36686	jianpucn	ok(曲名命中)	200		http://www.jianpu.cn/pu/36/36686.htm	http://www.jianpu.cn/pu/36/36686.htm	新星赞 歌谱简谱网	新星赞
qupu123-344848	qupu123	ok(曲名命中)	200		https://www.qupu123.com/yuanchuang/p344848.html	https://www.qupu123.com/yuanchuang/p344848.html	新年到来喜羊羊（紫萍词孙卫东曲） _兵团音乐人孙卫东原创曲谱专栏_中国曲谱网	新年到来喜羊羊
jianpucn-27478	jianpucn	ok(曲名命中)	200		http://www.jianpu.cn/pu/27/27478.htm	http://www.jianpu.cn/pu/27/27478.htm	新的起点新的航向 歌谱简谱网	新的起点新的航向
qupu123-369999	qupu123	ok(曲名命中)	200		https://www.qupu123.com/hechang/wuzi/p369999.html	https://www.qupu123.com/hechang/wuzi/p369999.html	新时代之歌 （合唱）_交流原创曲谱专栏_中国曲谱网	新时代之歌
jianpucn-158085	jianpucn	ok(曲名命中)	200		http://www.jianpu.cn/pu/15/158085.htm	http://www.jianpu.cn/pu/15/158085.htm	新纪元 歌谱简谱网	新纪元
qupu123-328262	qupu123	ok(曲名命中)	200		https://www.qupu123.com/shaoer/erziyixia/p328262.html	https://www.qupu123.com/shaoer/erziyixia/p328262.html	新年 _少儿曲谱_中国曲谱网	新年
jianpucn-118622	jianpucn	ok(曲名命中)	200		http://www.jianpu.cn/pu/11/118622.htm	http://www.jianpu.cn/pu/11/118622.htm	新美人主义 歌谱简谱网	新美人主义
qupu123-326352	qupu123	ok(曲名命中)	200		https://www.qupu123.com/shaoer/qizi/p326352.html	https://www.qupu123.com/shaoer/qizi/p326352.html	新时代的好娃娃 _少儿曲谱_中国曲谱网	新时代的好娃娃
jianpucn-114932	jianpucn	ok(曲名命中)	200		http://www.jianpu.cn/pu/11/114932.htm	http://www.jianpu.cn/pu/11/114932.htm	新鲜 歌曲类 简谱 歌谱简谱网	新鲜 歌曲类
qupu123-336170	qupu123	ok(曲名命中)	200		https://www.qupu123.com/shaoer/sizi/p336170.html	https://www.qupu123.com/shaoer/sizi/p336170.html	新月光光 （任若锦词 郭瑞峰曲）_少儿曲谱_中国曲谱网	新月光光
jianpujia-150136	jianpujia	ok(曲名命中)	200		https://www.jianpujia.com/jianpu/150136.html	https://www.jianpujia.com/jianpu/150136.html	方圆几里钢琴简谱_薛之谦演唱-免费下载-简谱之家	方圆几里
qupu123-326255	qupu123	ok(曲名命中)	200		https://www.qupu123.com/shaoer/sanzi/p326255.html	https://www.qupu123.com/shaoer/sanzi/p326255.html	新玩具 _少儿曲谱_中国曲谱网	新玩具
jianpucn-237162	jianpucn	ok(曲名命中)	200		http://www.jianpu.cn/pu/23/237162.htm	http://www.jianpu.cn/pu/23/237162.htm	方岩之歌 宋祖英 歌谱简谱网	方岩之歌
qupu123-318779	qupu123	ok(曲名命中)	200		https://www.qupu123.com/hechang/sizi/p318779.html	https://www.qupu123.com/hechang/sizi/p318779.html	新疆赞歌 （新疆歌舞《欢庆》插曲，领唱及合唱）_合唱曲谱_中国曲谱网	新疆赞歌
jianpucn-34731	jianpucn	ok(曲名命中)	200		http://www.jianpu.cn/pu/34/34731.htm	http://www.jianpu.cn/pu/34/34731.htm	旅程 歌谱简谱网	旅程
qupu123-352874	qupu123	ok(曲名命中)	200		https://www.qupu123.com/yuanchuang/p352874.html	https://www.qupu123.com/yuanchuang/p352874.html	新石头记（崔吉熹张景川词孙卫东曲） _兵团音乐人孙卫东原创曲谱专栏_中国曲谱网	新石头记
jianpujia-18985	jianpujia	ok(曲名命中)	200		https://www.jianpujia.com/jianpu/18985.html	https://www.jianpujia.com/jianpu/18985.html	旅愁简谱(歌词)_邓丽君演唱_王wzh曲谱-免费下载-简谱之家	旅愁
jianpucn-114992	jianpucn	ok(曲名命中)	200		http://www.jianpu.cn/pu/11/114992.htm	http://www.jianpu.cn/pu/11/114992.htm	旅行 歌曲类 简谱 歌谱简谱网	旅行 歌曲类
jianpujia-150100	jianpujia	ok(曲名命中)	200		https://www.jianpujia.com/jianpu/150100.html	https://www.jianpujia.com/jianpu/150100.html	旅行钢琴简谱_许巍演唱-免费下载-简谱之家	旅行
qupu123-327704	qupu123	ok(曲名命中)	200		https://www.qupu123.com/shaoer/wuzi/p327704.html	https://www.qupu123.com/shaoer/wuzi/p327704.html	新花献祖国 _少儿曲谱_中国曲谱网	新花献祖国
jianpucn-160893	jianpucn	ok(曲名命中)	200		http://www.jianpu.cn/pu/16/160893.htm	http://www.jianpu.cn/pu/16/160893.htm	旗帜高扬领航程 歌谱简谱网	旗帜高扬领航程
qupu123-324350	qupu123	打不开:URLError	0		https://www.qupu123.com/hechang/sanzi/p324350.html	https://www.qupu123.com/hechang/sanzi/p324350.html		教师颂
qupu123-334527	qupu123	ok(曲名命中)	200		https://www.qupu123.com/minge/wuzi/p334527.html	https://www.qupu123.com/minge/wuzi/p334527.html	新视野之歌 _民歌曲谱_中国曲谱网	新视野之歌
jianpucn-188468	jianpucn	ok(曲名命中)	200		http://www.jianpu.cn/pu/18/188468.htm	http://www.jianpu.cn/pu/18/188468.htm	无名（电视剧《密战》主题曲） 歌谱简谱网	无名
qupu123-333080	qupu123	ok(曲名命中)	200		https://www.qupu123.com/shaoer/wuzi/p333080.html	https://www.qupu123.com/shaoer/wuzi/p333080.html	新课堂歌谣 _少儿曲谱_中国曲谱网	新课堂歌谣
qupu123-347540	qupu123	ok(曲名命中)	200		https://www.qupu123.com/yuanchuang/p347540.html	https://www.qupu123.com/yuanchuang/p347540.html	新鸳鸯蝴蝶梦 （乐队总谱）_琴音无邪原创曲谱专栏_中国曲谱网	新鸳鸯蝴蝶梦
jianpucn-268478	jianpucn	ok(曲名命中)	200		http://www.jianpu.cn/pu/26/268478.htm	http://www.jianpu.cn/pu/26/268478.htm	无处可藏 孟庭苇 歌谱简谱网	无处可藏
qupu123-333207	qupu123	打不开:URLError	0		https://www.qupu123.com/minge/wuzi/p333207.html	https://www.qupu123.com/minge/wuzi/p333207.html		敬一个军礼
qupu123-382702	qupu123	ok(曲名命中)	200		https://www.qupu123.com/tongsu/wuzi/p382702.html	https://www.qupu123.com/tongsu/wuzi/p382702.html	新黄河谣 _通俗曲谱_中国曲谱网	新黄河谣
jianpujia-73777	jianpujia	ok(曲名命中)	200		https://www.jianpujia.com/jianpu/73777.html	https://www.jianpujia.com/jianpu/73777.html	无奈简谱(歌词)_邓丽君演唱_潘明记谱-免费下载-简谱之家	无奈
jianpucn-278952	jianpucn	ok(曲名命中)	200		http://www.jianpu.cn/pu/27/278952.htm	http://www.jianpu.cn/pu/27/278952.htm	无字碑（电视剧《武则天传奇》主题曲） 张靓颖 歌谱简谱网	无字碑
qupu123-334715	qupu123	ok(曲名命中)	200		https://www.qupu123.com/tongsu/sizi/p334715.html	https://www.qupu123.com/tongsu/sizi/p334715.html	旅途人生 _通俗曲谱_中国曲谱网	旅途人生
jianpucn-8494	jianpucn	ok(曲名命中)	200		http://www.jianpu.cn/pu/84/8494.htm	http://www.jianpu.cn/pu/84/8494.htm	无尽的思念 歌谱简谱网	无尽的思念
jianpucn-471701	jianpucn	ok(曲名命中)	200		http://www.jianpu.cn/pu/47/471701.htm	http://www.jianpu.cn/pu/47/471701.htm	无情荒地有情天 邓丽君 歌谱简谱网	无情荒地有情天
qupu123-332021	qupu123	ok(曲名命中)	200		https://www.qupu123.com/tongsu/wuzi/p332021.html	https://www.qupu123.com/tongsu/wuzi/p332021.html	无名指之歌 _通俗曲谱_中国曲谱网	无名指之歌
jianpucn-449377	jianpucn	ok(曲名命中)	200		http://www.jianpu.cn/pu/44/449377.htm	http://www.jianpu.cn/pu/44/449377.htm	无所畏惧（球球大作战2021年度资料片主题曲） 周深 歌谱简谱网	无所畏惧
jianpucn-287417	jianpucn	ok(曲名命中)	200		http://www.jianpu.cn/pu/28/287417.htm	http://www.jianpu.cn/pu/28/287417.htm	无条件 陈奕迅 歌谱简谱网	无条件
qupu123-385188	qupu123	ok(曲名命中)	200		https://www.qupu123.com/puyou/shangchuan/p385188.html	https://www.qupu123.com/puyou/shangchuan/p385188.html	无名的人 _谱友园地_中国曲谱网	无名的人
jianpucn-61631	jianpucn	ok(曲名命中)	200		http://www.jianpu.cn/pu/61/61631.htm	http://www.jianpu.cn/pu/61/61631.htm	无条件为你 歌谱简谱网	无条件为你
qupu123-389824	qupu123	ok(曲名命中)	200		https://www.qupu123.com/jipu/p389824.html	https://www.qupu123.com/jipu/p389824.html	无名的人二部合唱简谱 _球球584411678个人制谱园地_中国曲谱网	无名的人二部合唱
jianpucn-57887	jianpucn	ok(曲名命中)	200		http://www.jianpu.cn/pu/57/57887.htm	http://www.jianpu.cn/pu/57/57887.htm	无法阻挡 歌谱简谱网	无法阻挡
qupu123-361857	qupu123	ok(曲名命中)	200		https://www.qupu123.com/yuanchuang/p361857.html	https://www.qupu123.com/yuanchuang/p361857.html	无地自容 （乐队总谱）_琴音无邪原创曲谱专栏_中国曲谱网	无地自容
qupu123-355969	qupu123	ok(曲名命中)	200		https://www.qupu123.com/puyou/shangchuan/p355969.html	https://www.qupu123.com/puyou/shangchuan/p355969.html	无心快语（Careless Whisper） （萨克斯谱）_阙义123个人制谱园地_中国曲谱网	无心快语
jianpucn-451885	jianpucn	ok(曲名命中)	200		http://www.jianpu.cn/pu/45/451885.htm	http://www.jianpu.cn/pu/45/451885.htm	无烟之火 李健 歌谱简谱网	无烟之火
jianpucn-301980	jianpucn	ok(曲名命中)	200		http://www.jianpu.cn/pu/30/301980.htm	http://www.jianpu.cn/pu/30/301980.htm	无私的奉献（电视连续剧《铁人》主题歌） 刘欢 歌谱简谱网	无私的奉献
qupu123-332416	qupu123	ok(曲名命中)	200		https://www.qupu123.com/tongsu/sizi/p332416.html	https://www.qupu123.com/tongsu/sizi/p332416.html	无所适从 （黄强词 廖伟鉴曲）_通俗曲谱_中国曲谱网	无所适从
jianpucn-36776	jianpucn	ok(曲名命中)	200		http://www.jianpu.cn/pu/36/36776.htm	http://www.jianpu.cn/pu/36/36776.htm	无言 歌谱简谱网	无言
jianpucn-278957	jianpucn	ok(曲名命中)	200		http://www.jianpu.cn/pu/27/278957.htm	http://www.jianpu.cn/pu/27/278957.htm	无字碑- （《武则天传奇》主题曲 ） 张靓颖 歌谱简谱网	无字碑
jianpucn-134176	jianpucn	ok(曲名命中)	200		http://www.jianpu.cn/pu/13/134176.htm	http://www.jianpu.cn/pu/13/134176.htm	无言花 歌谱简谱网	无言花
jianpucn-240622	jianpucn	ok(曲名命中)	200		http://www.jianpu.cn/pu/24/240622.htm	http://www.jianpu.cn/pu/24/240622.htm	无论在天边无论在眼前 李谷一 歌谱简谱网	无论在天边无论在眼前
jianpucn-293601	jianpucn	ok(曲名命中)	200		http://www.jianpu.cn/pu/29/293601.htm	http://www.jianpu.cn/pu/29/293601.htm	无论天边 无论眼前（ 词曲唱） 李谷一 歌谱简谱网	无论天边 无论眼前
jianpujia-26203	jianpujia	ok(曲名命中)	200		https://www.jianpujia.com/jianpu/26203.html	https://www.jianpujia.com/jianpu/26203.html	无问简谱_毛不易演唱_电影_无问西东_宣传曲-免费下载-简谱之家	无问
jianpucn-245704	jianpucn	ok(曲名命中)	200		http://www.jianpu.cn/pu/24/245704.htm	http://www.jianpu.cn/pu/24/245704.htm	无语问苍天（扫描谱） — 邓丽君 歌谱简谱网	无语问苍天
jianpucn-239508	jianpucn	ok(曲名命中)	200		http://www.jianpu.cn/pu/23/239508.htm	http://www.jianpu.cn/pu/23/239508.htm	无题（电视剧《鲁迅与许广平》片尾歌） 杨洪基 歌谱简谱网	无题
jianpucn-45275	jianpucn	ok(曲名命中)	200		http://www.jianpu.cn/pu/45/45275.htm	http://www.jianpu.cn/pu/45/45275.htm	日不落（和弦标记谱） 歌谱简谱网	日不落
jianpucn-49861	jianpucn	ok(曲名命中)	200		http://www.jianpu.cn/pu/49/49861.htm	http://www.jianpu.cn/pu/49/49861.htm	日以继夜的想你(《再生花》主题歌) 歌谱简谱网	日以继夜的想你
qupu123-320186	qupu123	ok(曲名命中)	200		https://www.qupu123.com/meisheng/erziyixia/p320186.html	https://www.qupu123.com/meisheng/erziyixia/p320186.html	41无题（双谱） _美声曲谱_中国曲谱网	无题
jianpucn-56696	jianpucn	ok(曲名命中)	200		http://www.jianpu.cn/pu/56/56696.htm	http://www.jianpu.cn/pu/56/56696.htm	日光城之恋 歌谱简谱网	日光城之恋
jianpucn-259887	jianpucn	ok(曲名命中)	200		http://www.jianpu.cn/pu/25/259887.htm	http://www.jianpu.cn/pu/25/259887.htm	日月潭风光 费玉清 歌谱简谱网	日月潭风光
jianpucn-317417	jianpucn	ok(曲名命中)	200		http://www.jianpu.cn/pu/31/317417.htm	http://www.jianpu.cn/pu/31/317417.htm	日落之前 李健 歌谱简谱网	日落之前
jianpucn-163866	jianpucn	ok(曲名命中)	200		http://www.jianpu.cn/pu/16/163866.htm	http://www.jianpu.cn/pu/16/163866.htm	旧情绵绵（国语填词） 歌谱简谱网	旧情绵绵
jianpucn-246119	jianpucn	ok(曲名命中)	200		http://www.jianpu.cn/pu/24/246119.htm	http://www.jianpu.cn/pu/24/246119.htm	旧梦已远（电视剧《千年等一回》片尾曲） 杨洪基 歌谱简谱网	旧梦已远
qupu123-326625	qupu123	ok(曲名命中)	200		https://www.qupu123.com/hechang/wuzi/p326625.html	https://www.qupu123.com/hechang/wuzi/p326625.html	日子比蜜甜 （靳晓苏词 高光仁曲）_合唱曲谱_中国曲谱网	日子比蜜甜
qupu123-296447	qupu123	ok(曲名命中)	200		https://www.qupu123.com/meisheng/sizi/p296447.html	https://www.qupu123.com/meisheng/sizi/p296447.html	日月之恋 （王光池词 朱嘉琪曲）_美声曲谱_中国曲谱网	日月之恋
jianpujia-377941	jianpujia	ok(曲名命中)	200		https://www.jianpujia.com/jianpu/377941.html	https://www.jianpujia.com/jianpu/377941.html	早发白帝城简谱_许嵩演唱_桃李醉春风制作曲谱-免费下载-简谱之家	早发白帝城
jianpucn-49497	jianpucn	ok(曲名命中)	200		http://www.jianpu.cn/pu/49/49497.htm	http://www.jianpu.cn/pu/49/49497.htm	时光 歌谱简谱网	时光
qupu123-321819	qupu123	ok(曲名命中)	200		https://www.qupu123.com/hechang/qizi/p321819.html	https://www.qupu123.com/hechang/qizi/p321819.html	日落西山刚过岗 _合唱曲谱_中国曲谱网	日落西山刚过岗
jianpucn-89332	jianpucn	ok(曲名命中)	200		http://www.jianpu.cn/pu/89/89332.htm	http://www.jianpu.cn/pu/89/89332.htm	时光机 歌谱简谱网	时光机
jianpujia-74378	jianpujia	ok(曲名命中)	200		https://www.jianpujia.com/jianpu/74378.html	https://www.jianpujia.com/jianpu/74378.html	时光机简谱_五月天演唱-免费下载-简谱之家	时光机
jianpujia-13086	jianpujia	ok(曲名命中)	200		https://www.jianpujia.com/jianpu/13086.html	https://www.jianpujia.com/jianpu/13086.html	时光隧道简谱(歌词)_陈奕迅演唱_桃李醉春风记谱-免费下载-简谱之家	时光隧道
jianpucn-147387	jianpucn	ok(曲名命中)	200		http://www.jianpu.cn/pu/14/147387.htm	http://www.jianpu.cn/pu/14/147387.htm	时间海 歌谱简谱网	时间海
jianpucn-38820	jianpucn	ok(曲名命中)	200		http://www.jianpu.cn/pu/38/38820.htm	http://www.jianpu.cn/pu/38/38820.htm	昆玉河上走一走 歌谱简谱网	昆玉河上走一走
jianpujia-13932	jianpujia	ok(曲名命中)	200		https://www.jianpujia.com/jianpu/13932.html	https://www.jianpujia.com/jianpu/13932.html	无问简谱(歌词)_毛不易演唱_电影_无问西东_宣传曲-免费下载-简谱之家	无问
jianpucn-462031	jianpucn	ok(曲名命中)	200		http://www.jianpu.cn/pu/46/462031.htm	http://www.jianpu.cn/pu/46/462031.htm	明天会更好 罗大佑 歌谱简谱网	明天会更好
qupu123-333159	qupu123	打不开:URLError	0		https://www.qupu123.com/tongsu/erziyixia/p333159.html	https://www.qupu123.com/tongsu/erziyixia/p333159.html		旋涡
jianpucn-474583	jianpucn	ok(曲名命中)	200		http://www.jianpu.cn/pu/47/474583.htm	http://www.jianpu.cn/pu/47/474583.htm	明天女声合唱谱 歌谱简谱网	明天女声合唱谱
qupu123-353995	qupu123	ok(曲名命中)	200		https://www.qupu123.com/jipu/p353995.html	https://www.qupu123.com/jipu/p353995.html	旧欢如梦 _岭南印象个人制谱园地_中国曲谱网	旧欢如梦
jianpucn-64178	jianpucn	ok(曲名命中)	200		http://www.jianpu.cn/pu/64/64178.htm	http://www.jianpu.cn/pu/64/64178.htm	明天我要嫁给你了 歌曲类 简谱 歌谱简谱网	明天我要嫁给你了 歌曲类
qupu123-329305	qupu123	打不开:URLError	0		https://www.qupu123.com/hechang/sanzi/p329305.html	https://www.qupu123.com/hechang/sanzi/p329305.html		无名氏
jianpucn-205110	jianpucn	ok(曲名命中)	200		http://www.jianpu.cn/pu/20/205110.htm	http://www.jianpu.cn/pu/20/205110.htm	明天的记忆 歌谱简谱网	明天的记忆
qupu123-331625	qupu123	ok(曲名命中)	200		https://www.qupu123.com/tongsu/liuzi/p331625.html	https://www.qupu123.com/tongsu/liuzi/p331625.html	时代人生说爱 _通俗曲谱_中国曲谱网	时代人生说爱
jianpucn-61388	jianpucn	ok(曲名命中)	200		http://www.jianpu.cn/pu/61/61388.htm	http://www.jianpu.cn/pu/61/61388.htm	明年今日(《精贼先生》主题歌、粤语) 歌谱简谱网	明年今日
jianpujia-12688	jianpujia	ok(曲名命中)	200		https://www.jianpujia.com/jianpu/12688.html	https://www.jianpujia.com/jianpu/12688.html	明日歌简谱(歌词)_银河少年艺术团演唱_桃李醉春风记谱-免费下载-简谱之家	明日歌
qupu123-334473	qupu123	ok(曲名命中)	200		https://www.qupu123.com/tongsu/sizi/p334473.html	https://www.qupu123.com/tongsu/sizi/p334473.html	时间宝贵 _通俗曲谱_中国曲谱网	时间宝贵
jianpucn-35642	jianpucn	ok(曲名命中)	200		http://www.jianpu.cn/pu/35/35642.htm	http://www.jianpu.cn/pu/35/35642.htm	明明很爱你 歌谱简谱网	明明很爱你
qupu123-335815	qupu123	ok(曲名命中)	200		https://www.qupu123.com/minge/liuzi/p335815.html	https://www.qupu123.com/minge/liuzi/p335815.html	昆仑铁骑之歌 _高占祥业余爱乐角原创曲谱专栏_中国曲谱网	昆仑铁骑之歌
jianpucn-153892	jianpucn	ok(曲名命中)	200		http://www.jianpu.cn/pu/15/153892.htm	http://www.jianpu.cn/pu/15/153892.htm	明月之夜 歌谱简谱网	明月之夜
jianpucn-449469	jianpucn	ok(曲名命中)	200		http://www.jianpu.cn/pu/44/449469.htm	http://www.jianpu.cn/pu/44/449469.htm	明月传说（电视剧《风起霓裳》主题曲） 周深 歌谱简谱网	明月传说
jianpujia-7603	jianpujia	ok(曲名命中)	200		https://www.jianpujia.com/jianpu/7603.html	https://www.jianpujia.com/jianpu/7603.html	明月逐人归简谱(歌词)_五色石南叶/贰婶演唱_天之韵记谱-免费下载-简谱之家	明月逐人归
jianpucn-129279	jianpucn	ok(曲名命中)	200		http://www.jianpu.cn/pu/12/129279.htm	http://www.jianpu.cn/pu/12/129279.htm	明月山的月亮船 歌谱简谱网	明月山的月亮船
qupu123-226855	qupu123	打不开:URLError	0		https://www.qupu123.com/minge/sizi/p226855.html	https://www.qupu123.com/minge/sizi/p226855.html		无言感激
jianpucn-228891	jianpucn	ok(曲名命中)	200		http://www.jianpu.cn/pu/22/228891.htm	http://www.jianpu.cn/pu/22/228891.htm	明月来看我 歌谱简谱网	明月来看我
jianpujia-19023	jianpujia	ok(原记录标题命中)	200		https://www.jianpujia.com/jianpu/19023.html	https://www.jianpujia.com/jianpu/19023.html	星简谱(歌词)_邓丽君演唱_王wzh曲谱-免费下载-简谱之家	星
jianpucn-109470	jianpucn	ok(曲名命中)	200		http://www.jianpu.cn/pu/10/109470.htm	http://www.jianpu.cn/pu/10/109470.htm	明知故犯（简谱版） 歌谱简谱网	明知故犯
qupu123-315082	qupu123	ok(曲名命中)	200		https://www.qupu123.com/meisheng/sizi/p315082.html	https://www.qupu123.com/meisheng/sizi/p315082.html	​41明月千里（双谱） _美声曲谱_中国曲谱网	明月千里
jianpucn-177896	jianpucn	打不开:URLError	0		http://www.jianpu.cn/pu/17/177896.htm	http://www.jianpu.cn/pu/17/177896.htm		无论今宵或明天
qupu123-320187	qupu123	打不开:URLError	0		https://www.qupu123.com/meisheng/sanzi/p320187.html	https://www.qupu123.com/meisheng/sanzi/p320187.html		无词歌
jianpucn-234615	jianpucn	ok(曲名命中)	200		http://www.jianpu.cn/pu/23/234615.htm	http://www.jianpu.cn/pu/23/234615.htm	昔日舞曲（扫描谱）吉他 — Beyond 歌谱简谱网	昔日舞曲
jianpucn-288989	jianpucn	ok(曲名命中)	200		http://www.jianpu.cn/pu/28/288989.htm	http://www.jianpu.cn/pu/28/288989.htm	星光（电影《今夜星光灿烂》插曲） — 李谷一 歌谱简谱网	星光
jianpucn-109468	jianpucn	ok(曲名命中)	200		http://www.jianpu.cn/pu/10/109468.htm	http://www.jianpu.cn/pu/10/109468.htm	昔日重来 歌谱简谱网	昔日重来
jianpucn-69223	jianpucn	ok(原记录标题命中)	200		http://www.jianpu.cn/pu/69/69223.htm	http://www.jianpu.cn/pu/69/69223.htm	星 歌谱简谱网	星
qupu123-382399	qupu123	ok(曲名命中)	200		https://www.qupu123.com/tongsu/qizi/p382399.html	https://www.qupu123.com/tongsu/qizi/p382399.html	明月千里寄相思 _通俗曲谱_中国曲谱网	明月千里寄相思
jianpucn-63151	jianpucn	ok(曲名命中)	200		http://www.jianpu.cn/pu/63/63151.htm	http://www.jianpu.cn/pu/63/63151.htm	星光游乐园 歌谱简谱网	星光游乐园
jianpucn-417422	jianpucn	ok(曲名命中)	200		http://www.jianpu.cn/pu/41/417422.htm	http://www.jianpu.cn/pu/41/417422.htm	星光满天 王宏伟 歌谱简谱网	星光满天
jianpujia-74180	jianpujia	ok(曲名命中)	200		https://www.jianpujia.com/jianpu/74180.html	https://www.jianpujia.com/jianpu/74180.html	星座书上简谱_许嵩演唱-免费下载-简谱之家	星座书上
jianpucn-68144	jianpucn	ok(曲名命中)	200		http://www.jianpu.cn/pu/68/68144.htm	http://www.jianpu.cn/pu/68/68144.htm	星心相印 歌谱简谱网	星心相印
qupu123-315824	qupu123	ok(曲名命中)	200		https://www.qupu123.com/meisheng/jiuziyishang/p315824.html	https://www.qupu123.com/meisheng/jiuziyishang/p315824.html	​37星夜摇篮（双谱） （选自交响合唱《春潮》）_美声曲谱_中国曲谱网	星夜摇篮
jianpucn-35366	jianpucn	ok(曲名命中)	200		http://www.jianpu.cn/pu/35/35366.htm	http://www.jianpu.cn/pu/35/35366.htm	星月泪痕 歌谱简谱网	星月泪痕
qupu123-334404	qupu123	ok(曲名命中)	200		https://www.qupu123.com/meisheng/qizi/p334404.html	https://www.qupu123.com/meisheng/qizi/p334404.html	星星像天使一样 _美声曲谱_中国曲谱网	星星像天使一样
qupu123-394635	qupu123	ok(原记录标题命中)	200		https://www.qupu123.com/puyou/shangchuan/p394635.html	https://www.qupu123.com/puyou/shangchuan/p394635.html	星 （日本歌曲）_岳亮柳个人制谱园地_中国曲谱网	星
jianpucn-114931	jianpucn	ok(曲名命中)	200		http://www.jianpu.cn/pu/11/114931.htm	http://www.jianpu.cn/pu/11/114931.htm	星晴 歌曲类 简谱 歌谱简谱网	星晴 歌曲类
qupu123-346996	qupu123	ok(曲名命中)	200		https://www.qupu123.com/yuanchuang/p346996.html	https://www.qupu123.com/yuanchuang/p346996.html	星星点灯 （乐队总谱）_琴音无邪原创曲谱专栏_中国曲谱网	星星点灯
jianpucn-109494	jianpucn	ok(曲名命中)	200		http://www.jianpu.cn/pu/10/109494.htm	http://www.jianpu.cn/pu/10/109494.htm	星期天不约会（美国歌曲） 歌谱简谱网	星期天不约会
qupu123-320433	qupu123	ok(曲名命中)	200		https://www.qupu123.com/shaoer/jiuziyishang/p320433.html	https://www.qupu123.com/shaoer/jiuziyishang/p320433.html	星星的海 （合唱）_少儿曲谱_中国曲谱网	星星的海
jianpucn-34849	jianpucn	ok(曲名命中)	200		http://www.jianpu.cn/pu/34/34849.htm	http://www.jianpu.cn/pu/34/34849.htm	星空 歌谱简谱网	星空
qupu123-331196	qupu123	ok(曲名命中)	200		https://www.qupu123.com/tongsu/wuzi/p331196.html	https://www.qupu123.com/tongsu/wuzi/p331196.html	星星的眼睛 _通俗曲谱_中国曲谱网	星星的眼睛
qupu123-327954	qupu123	ok(曲名命中)	200		https://www.qupu123.com/shaoer/sizi/p327954.html	https://www.qupu123.com/shaoer/sizi/p327954.html	星星花儿 _少儿曲谱_中国曲谱网	星星花儿
jianpucn-275430	jianpucn	ok(曲名命中)	200		http://www.jianpu.cn/pu/27/275430.htm	http://www.jianpu.cn/pu/27/275430.htm	春天 你在哪里 殷秀梅 歌谱简谱网	春天 你在哪里
qupu123-320332	qupu123	ok(曲名命中)	200		https://www.qupu123.com/shaoer/sizi/p320332.html	https://www.qupu123.com/shaoer/sizi/p320332.html	星空童话 （合唱）_少儿曲谱_中国曲谱网	星空童话
qupu123-334522	qupu123	ok(曲名命中)	200		https://www.qupu123.com/minge/sizi/p334522.html	https://www.qupu123.com/minge/sizi/p334522.html	星耀西昌 _民歌曲谱_中国曲谱网	星耀西昌
qupu123-264305	qupu123	打不开:URLError	0		https://www.qupu123.com/jipu/p264305.html	https://www.qupu123.com/jipu/p264305.html		旧伤痕
qupu123-381608	qupu123	ok(曲名命中)	200		https://www.qupu123.com/tongsu/sanzi/p381608.html	https://www.qupu123.com/tongsu/sanzi/p381608.html	春之歌 _通俗曲谱_中国曲谱网	春之歌
jianpujia-15770	jianpujia	ok(曲名命中)	200		https://www.jianpujia.com/jianpu/15770.html	https://www.jianpujia.com/jianpu/15770.html	春天在哪里简谱_儿歌_快来儿歌里找春天-免费下载-简谱之家	春天在哪里
qupu123-333212	qupu123	ok(曲名命中)	200		https://www.qupu123.com/minge/sizi/p333212.html	https://www.qupu123.com/minge/sizi/p333212.html	春到边防 _民歌曲谱_中国曲谱网	春到边防
jianpucn-243231	jianpucn	ok(曲名命中)	200		http://www.jianpu.cn/pu/24/243231.htm	http://www.jianpu.cn/pu/24/243231.htm	春天在车厢里( 演唱) 邓丽君 歌谱简谱网	春天在车厢里
qupu123-332014	qupu123	ok(曲名命中)	200		https://www.qupu123.com/shaoer/sizi/p332014.html	https://www.qupu123.com/shaoer/sizi/p332014.html	春华秋实 （杨显群词 薛东福曲、合唱）_少儿曲谱_中国曲谱网	春华秋实
jianpucn-234305	jianpucn	ok(曲名命中)	200		http://www.jianpu.cn/pu/23/234305.htm	http://www.jianpu.cn/pu/23/234305.htm	春天永留我心间 歌谱简谱网	春天永留我心间
qupu123-334406	qupu123	ok(曲名命中)	200		https://www.qupu123.com/shaoer/qizi/p334406.html	https://www.qupu123.com/shaoer/qizi/p334406.html	春天可以种出来 _少儿曲谱_中国曲谱网	春天可以种出来
qupu123-329452	qupu123	ok(曲名命中)	200		https://www.qupu123.com/shaoer/liuzi/p329452.html	https://www.qupu123.com/shaoer/liuzi/p329452.html	春天啊，多么好 （科教影片《种子的旅行》插曲、合唱）_少儿曲谱_中国曲谱网	春天啊，多么好
qupu123-328953	qupu123	ok(曲名命中)	200		https://www.qupu123.com/shaoer/wuzi/p328953.html	https://www.qupu123.com/shaoer/wuzi/p328953.html	春天哪里寻 _王柏清原创曲谱专栏_中国曲谱网	春天哪里寻
jianpucn-472170	jianpucn	ok(曲名命中)	200		http://www.jianpu.cn/pu/47/472170.htm	http://www.jianpu.cn/pu/47/472170.htm	春天的故事历史经典 董文华 歌谱简谱网	春天的故事
jianpujia-154234	jianpujia	ok(曲名命中)	200		https://www.jianpujia.com/jianpu/154234.html	https://www.jianpujia.com/jianpu/154234.html	春天的怀抱简谱(歌词)_邓丽君歌曲_剁椒王曲谱-免费下载-简谱之家	春天的怀抱
qupu123-339885	qupu123	ok(曲名命中)	200		https://www.qupu123.com/jipu/p339885.html	https://www.qupu123.com/jipu/p339885.html	春天在哪里 （简和谱）_写轮指钢琴即兴个人制谱园地_中国曲谱网	春天在哪里
qupu123-327859	qupu123	ok(曲名命中)	200		https://www.qupu123.com/shaoer/wuzi/p327859.html	https://www.qupu123.com/shaoer/wuzi/p327859.html	春天就是我 （电影《小歌星》插曲、合唱）_少儿曲谱_中国曲谱网	春天就是我
jianpucn-182828	jianpucn	ok(曲名命中)	200		http://www.jianpu.cn/pu/18/182828.htm	http://www.jianpu.cn/pu/18/182828.htm	春天的贺卡 歌谱简谱网	春天的贺卡
qupu123-335376	qupu123	打不开:URLError	0		https://www.qupu123.com/minge/sizi/p335376.html	https://www.qupu123.com/minge/sizi/p335376.html		昆嵛论道
jianpucn-428332	jianpucn	ok(曲名命中)	200		http://www.jianpu.cn/pu/42/428332.htm	http://www.jianpu.cn/pu/42/428332.htm	春天里的花园花儿美丽 殷秀梅 歌谱简谱网	春天里的花园花儿美丽
jianpucn-475718	jianpucn	ok(曲名命中)	200		http://www.jianpu.cn/pu/47/475718.htm	http://www.jianpu.cn/pu/47/475718.htm	春日肆意游 歌谱简谱网	春日肆意游
qupu123-333937	qupu123	ok(曲名命中)	200		https://www.qupu123.com/minge/qizi/p333937.html	https://www.qupu123.com/minge/qizi/p333937.html	春天栖息的地方 （倪永东词 张朱论曲）_民歌曲谱_中国曲谱网	春天栖息的地方
qupu123-334387	qupu123	ok(曲名命中)	200		https://www.qupu123.com/tongsu/wuzi/p334387.html	https://www.qupu123.com/tongsu/wuzi/p334387.html	春天的情义 _通俗曲谱_中国曲谱网	春天的情义
qupu123-370499	qupu123	ok(曲名命中)	200		https://www.qupu123.com/meisheng/wuzi/p370499.html	https://www.qupu123.com/meisheng/wuzi/p370499.html	春天的故事 _普通一兵个人制谱园地_中国曲谱网	春天的故事
qupu123-24509	qupu123	ok(曲名命中)	200		https://www.qupu123.com/meisheng/wuzi/p24509.html	https://www.qupu123.com/meisheng/wuzi/p24509.html	春天的芭蕾简谱_美声曲谱_中国曲谱网	春天的芭蕾
jianpujia-12596	jianpujia	ok(曲名命中)	200		https://www.jianpujia.com/jianpu/12596.html	https://www.jianpujia.com/jianpu/12596.html	春晓简谱(歌词)_戴梓伊演唱_桃李醉春风记谱-免费下载-简谱之家	春晓
qupu123-328333	qupu123	ok(曲名命中)	200		https://www.qupu123.com/meisheng/sanzi/p328333.html	https://www.qupu123.com/meisheng/sanzi/p328333.html	春姑娘 （朱红霞词 林文彬曲）_美声曲谱_中国曲谱网	春姑娘
jianpucn-409715	jianpucn	ok(曲名命中)	200		http://www.jianpu.cn/pu/40/409715.htm	http://www.jianpu.cn/pu/40/409715.htm	春来人不来 费玉清 歌谱简谱网	春来人不来
jianpucn-118735	jianpucn	ok(曲名命中)	200		http://www.jianpu.cn/pu/11/118735.htm	http://www.jianpu.cn/pu/11/118735.htm	春来沙家浜 歌谱简谱网	春来沙家浜
qupu123-331690	qupu123	ok(曲名命中)	200		https://www.qupu123.com/shaoer/bazi/p331690.html	https://www.qupu123.com/shaoer/bazi/p331690.html	春姑娘和我捉迷藏 _少儿曲谱_中国曲谱网	春姑娘和我捉迷藏
qupu123-331085	qupu123	ok(曲名命中)	200		https://www.qupu123.com/meisheng/sanzi/p331085.html	https://www.qupu123.com/meisheng/sanzi/p331085.html	春来了 （贺东久 陈亦兵词 聂希玲 孟宪斌曲）_美声曲谱_中国曲谱网	春来了
jianpucn-35851	jianpucn	ok(曲名命中)	200		http://www.jianpu.cn/pu/35/35851.htm	http://www.jianpu.cn/pu/35/35851.htm	春神 歌谱简谱网	春神
qupu123-381808	qupu123	ok(曲名命中)	200		https://www.qupu123.com/tongsu/sizi/p381808.html	https://www.qupu123.com/tongsu/sizi/p381808.html	春暖花开 _通俗曲谱_中国曲谱网	春暖花开
qupu123-10705	qupu123	ok(曲名命中)	200		https://www.qupu123.com/jipu/p10705.html	https://www.qupu123.com/jipu/p10705.html	春天里简谱（汪峰词曲）_桃李醉春风个人制谱园地_中国曲谱网	春天里
jianpucn-121838	jianpucn	ok(曲名命中)	200		http://www.jianpu.cn/pu/12/121838.htm	http://www.jianpu.cn/pu/12/121838.htm	春秋淹城（同名电视剧主题曲） 歌谱简谱网	春秋淹城
jianpucn-463358	jianpucn	ok(曲名命中)	200		http://www.jianpu.cn/pu/46/463358.htm	http://www.jianpu.cn/pu/46/463358.htm	春是你我冬奥歌曲 杨洪基 歌谱简谱网	春是你我冬奥歌曲
qupu123-333138	qupu123	ok(曲名命中)	200		https://www.qupu123.com/meisheng/qizi/p333138.html	https://www.qupu123.com/meisheng/qizi/p333138.html	春来百灵鸟儿唱 _美声曲谱_中国曲谱网	春来百灵鸟儿唱
jianpucn-33529	jianpucn	ok(曲名命中)	200		http://www.jianpu.cn/pu/33/33529.htm	http://www.jianpu.cn/pu/33/33529.htm	春茶花 歌谱简谱网	春茶花
qupu123-358908	qupu123	ok(曲名命中)	200		https://www.qupu123.com/puyou/shangchuan/p358908.html	https://www.qupu123.com/puyou/shangchuan/p358908.html	春泥 _杰之音原创曲谱专栏_中国曲谱网	春泥
qupu123-328265	qupu123	ok(曲名命中)	200		https://www.qupu123.com/shaoer/erziyixia/p328265.html	https://www.qupu123.com/shaoer/erziyixia/p328265.html	春游 （三部合唱）_少儿曲谱_中国曲谱网	春游
qupu123-334187	qupu123	ok(曲名命中)	200		https://www.qupu123.com/minge/wuzi/p334187.html	https://www.qupu123.com/minge/wuzi/p334187.html	春满新时代 _民歌曲谱_中国曲谱网	春满新时代
qupu123-394900	qupu123	ok(曲名命中)	200		https://www.qupu123.com/minge/qizi/p394900.html	https://www.qupu123.com/minge/qizi/p394900.html	春节序曲(口琴曲) _天恩原创曲谱专栏_中国曲谱网	春节序曲
qupu123-334217	qupu123	ok(曲名命中)	200		https://www.qupu123.com/tongsu/erziyixia/p334217.html	https://www.qupu123.com/tongsu/erziyixia/p334217.html	春花 （向琳词 李怀东曲）_通俗曲谱_中国曲谱网	春花
qupu123-333435	qupu123	ok(曲名命中)	200		https://www.qupu123.com/shaoer/sizi/p333435.html	https://www.qupu123.com/shaoer/sizi/p333435.html	春花之恋 _少儿曲谱_中国曲谱网	春花之恋
jianpucn-462610	jianpucn	ok(曲名命中)	200		http://www.jianpu.cn/pu/46/462610.htm	http://www.jianpu.cn/pu/46/462610.htm	春风十里不如你尤克里里谱（ G调尤克里里弹唱谱） 李健 歌谱简谱网	春风十里不如你尤克里里谱
qupu123-333596	qupu123	ok(曲名命中)	200		https://www.qupu123.com/minge/qizi/p333596.html	https://www.qupu123.com/minge/qizi/p333596.html	春花开在竹帽里 _民歌曲谱_中国曲谱网	春花开在竹帽里
jianpucn-138114	jianpucn	ok(曲名命中)	200		http://www.jianpu.cn/pu/13/138114.htm	http://www.jianpu.cn/pu/13/138114.htm	春风吻上我的脸--费玉清 歌谱简谱网	春风吻上我的脸--费玉清
qupu123-326129	qupu123	ok(曲名命中)	200		https://www.qupu123.com/hechang/sanzi/p326129.html	https://www.qupu123.com/hechang/sanzi/p326129.html	春雨吟 _合唱曲谱_中国曲谱网	春雨吟
jianpucn-151242	jianpucn	ok(曲名命中)	200		http://www.jianpu.cn/pu/15/151242.htm	http://www.jianpu.cn/pu/15/151242.htm	春风又一年 歌谱简谱网	春风又一年
qupu123-373042	qupu123	ok(曲名命中)	200		https://www.qupu123.com/shaoer/erziyixia/p373042.html	https://www.qupu123.com/shaoer/erziyixia/p373042.html	春雨 （少儿歌曲）_少儿曲谱_中国曲谱网	春雨
jianpucn-158767	jianpucn	ok(曲名命中)	200		http://www.jianpu.cn/pu/15/158767.htm	http://www.jianpu.cn/pu/15/158767.htm	春风啊请你快点刮 歌谱简谱网	春风啊请你快点刮
jianpujia-17817	jianpujia	ok(曲名命中)	200		https://www.jianpujia.com/jianpu/17817.html	https://www.jianpujia.com/jianpu/17817.html	春风吻上我的脸简谱(歌词)_邓丽君演唱_君羊曲谱-免费下载-简谱之家	春风吻上我的脸
qupu123-375116	qupu123	打不开:URLError	0		https://www.qupu123.com/puyou/shangchuan/p375116.html	https://www.qupu123.com/puyou/shangchuan/p375116.html		映山红
jianpucn-291811	jianpucn	ok(曲名命中)	200		http://www.jianpu.cn/pu/29/291811.htm	http://www.jianpu.cn/pu/29/291811.htm	春风悄悄地吹来（电视剧《白纱巾》插曲） 殷秀梅 歌谱简谱网	春风悄悄地吹来
jianpucn-45180	jianpucn	ok(曲名命中)	200		http://www.jianpu.cn/pu/45/45180.htm	http://www.jianpu.cn/pu/45/45180.htm	春雨恋春风 歌谱简谱网	春雨恋春风
qupu123-336167	qupu123	打不开:URLError	0		https://www.qupu123.com/minge/sizi/p336167.html	https://www.qupu123.com/minge/sizi/p336167.html		春和景明
jianpujia-379443	jianpujia	ok(曲名命中)	200		https://www.jianpujia.com/jianpu/379443.html	https://www.jianpujia.com/jianpu/379443.html	昨夜书简谱歌词_许嵩演唱-免费下载-简谱之家	昨夜书
jianpucn-245788	jianpucn	ok(曲名命中)	200		http://www.jianpu.cn/pu/24/245788.htm	http://www.jianpu.cn/pu/24/245788.htm	昨夜又东风（电视剧《戊戌风云》主题歌） 那英 歌谱简谱网	昨夜又东风
jianpucn-143773	jianpucn	ok(曲名命中)	200		http://www.jianpu.cn/pu/14/143773.htm	http://www.jianpu.cn/pu/14/143773.htm	昨夜小楼又东风 歌谱简谱网	昨夜小楼又东风
qupu123-331886	qupu123	ok(曲名命中)	200		https://www.qupu123.com/meisheng/sizi/p331886.html	https://www.qupu123.com/meisheng/sizi/p331886.html	春风荡漾 （钱建隆词 杨盛柱曲）_美声曲谱_中国曲谱网	春风荡漾
qupu123-331144	qupu123	打不开:URLError	0		https://www.qupu123.com/shaoer/erziyixia/p331144.html	https://www.qupu123.com/shaoer/erziyixia/p331144.html		春天
jianpucn-90368	jianpucn	ok(曲名命中)	200		http://www.jianpu.cn/pu/90/90368.htm	http://www.jianpu.cn/pu/90/90368.htm	昨天下了一夜雨 歌谱简谱网	昨天下了一夜雨
jianpucn-318566	jianpucn	ok(曲名命中)	200		http://www.jianpu.cn/pu/31/318566.htm	http://www.jianpu.cn/pu/31/318566.htm	昨天的故事（电视连续剧《方城之误》主题歌） 刘欢 歌谱简谱网	昨天的故事
